,label,area,area_convex,perimeter_crofton,orientation,ell: b-axis (px),ell: a-axis (px),centerpoint y,centerpoint x,convexity,eccentricity,local centerpoint y,local centerpoint x,bbox y1,bbox x1,bbox y2,bbox x2,IR,IRn,b axis azimuth (deg)
0,135,25967.0,26196.0,592.611303796346,0.23396122642794398,165.53675133868742,202.52920312989002,539.2525513151307,313.96834443717023,0.9912582073599022,0.5761449083460994,92.25255131513075,78.96834443717026,447,235,632,392,0.93,0.94,76.5950091559742
1,136,19478.0,19743.0,521.7647911842924,-0.015114776130070309,139.06220584324024,181.00281576405246,544.1372317486395,2111.980388130198,0.9865775211467356,0.6401048934894124,84.1372317486395,63.98038813019817,460,2048,629,2181,0.9,0.92,90.86601288053811
2,139,18802.0,21459.0,589.0558754770639,0.5448629093657122,132.20343411621593,209.15840454983245,740.0827039676631,985.5680246782257,0.8761824875343679,0.7749086378658484,81.08270396766301,98.56802467822573,659,887,857,1049,0.68,0.74,58.78165488012559
3,141,1049.0,1081.0,118.09838375654911,-0.26194051715627276,32.46195910423844,41.64374945985165,689.0285986653956,1911.4003813155387,0.9703977798334875,0.6263826117979642,19.028598665395617,16.40038131553861,670,1895,711,1928,0.95,0.97,105.00808611652856
4,145,742.0,769.0,101.12859845013024,0.028229061769782227,25.922340801538493,36.72018282115082,696.5485175202157,1785.0687331536387,0.9648894668400521,0.7082690632443455,16.548517520215633,13.068733153638814,680,1772,716,1798,0.91,0.95,88.38259390097737
5,146,1472.0,1519.0,139.87584281836718,-0.1887704503336447,40.004894152851605,47.44062285770781,704.0978260869565,1817.7010869565217,0.9690585911784069,0.5375020940683646,24.097826086956523,20.70108695652174,680,1797,728,1838,0.95,0.96,100.81575010090177
6,148,26750.0,27213.0,615.404198817689,1.5556874270852554,182.0915115071907,191.57421509251952,771.0218691588785,2300.638691588785,0.9829860728328372,0.3107210426017441,87.0218691588785,84.63869158878505,684,2216,854,2391,0.89,0.89,0.8656761864488658
7,151,657.0,690.0,96.45567771584423,-1.1026280759512068,23.181171425935617,36.408162849370385,716.9132420091324,1724.4870624048706,0.9521739130434783,0.7711094717305028,12.91324200913242,16.487062404870624,704,1708,731,1743,0.89,0.96,153.17593512463452
8,154,20982.0,21886.0,589.499602786502,0.5332913131543501,113.84701543951503,238.5235674108908,822.7964922314364,822.7948717948718,0.9586950562003107,0.8787410561377222,110.79649223143647,84.7948717948718,712,738,933,901,0.76,0.92,59.44465850526622
9,155,1245.0,1314.0,136.86900318589053,-1.2478303710894336,34.03771111760564,47.38952534040725,732.1759036144579,1858.6554216867469,0.9474885844748858,0.6957811031784632,20.17590361445783,22.655421686746987,712,1836,750,1883,0.84,0.87,161.4954138116679
10,158,485.0,503.0,80.04125277669516,1.0156326701339697,22.492965817297534,27.740106403948996,743.020618556701,1714.620618556701,0.9642147117296223,0.5852589956479579,12.02061855670103,13.62061855670103,731,1701,755,1728,0.95,0.97,31.808534465721003
11,163,27013.0,28227.0,633.7378626180567,1.4012059895883424,163.44488576347845,215.02994276366377,843.3526080035539,1867.5535853107763,0.9569915329294647,0.649802710405753,73.35260800355384,106.5535853107763,770,1761,926,1974,0.85,0.87,9.716810568136012
12,167,20174.0,20744.0,533.7989213946634,1.3723422390564715,157.92790602934076,166.83189391942363,873.4942004560326,1687.592743134728,0.9725221750867721,0.32232525349218,74.49420045603252,80.59274313472787,799,1607,964,1777,0.89,0.89,11.370581654530696
13,169,34106.0,39192.0,801.9833240937465,-1.3237393403602782,161.71602799801914,294.635580869032,912.1089837565238,1489.2892746144373,0.8702286180853236,0.8359090684669821,111.10898375652378,152.28927461443735,801,1337,1005,1618,0.67,0.76,165.84467737807552
14,175,33036.0,34323.0,762.3948650331963,-0.33300949146833625,138.87693159616228,309.61442205257447,1012.5473725632643,988.0594805666545,0.962503277685517,0.8937587406240917,163.5473725632643,90.05948056665456,849,898,1157,1075,0.71,0.9,109.08003839893347
15,178,15190.0,15865.0,481.11185131576576,0.1294975086550002,125.55529178505101,159.91435308040295,956.2810401579986,725.3755760368664,0.9574535140245825,0.619317236140758,91.28104015799869,69.37557603686636,865,656,1042,796,0.82,0.84,82.58033929660964
16,181,12796.0,15157.0,500.128856824052,0.5833730439331579,124.13257921329057,155.14965473157926,958.1222256955299,2087.40082838387,0.8442303885993271,0.5998895064453934,74.12222569552985,79.40082838386996,884,2008,1035,2150,0.64,0.65,56.5751867009301
17,183,17493.0,18668.0,515.3930927825627,0.4231257048082694,137.58471814929345,166.96554078633912,997.8843537414966,1299.7771108443378,0.9370580672809085,0.5665452645153876,83.8843537414966,73.77711084433774,914,1226,1086,1373,0.83,0.84,65.75668291098785
18,184,15532.0,16199.0,475.51877939696914,-0.6498662624446988,119.00149141261146,169.29650370684197,999.1961112541849,2318.0783543651814,0.9588246188036299,0.7112712936021219,84.19611125418491,75.07835436518157,915,2243,1074,2394,0.86,0.9,127.23459408602235
19,186,16621.0,19336.0,577.5511807487928,-0.42516073399351517,109.97109308900188,225.9394547788431,1033.794176042356,869.443053967872,0.8595883326437733,0.8735534940172479,110.79417604235606,85.44305396787198,923,784,1141,951,0.63,0.75,114.35991567251268
20,189,10985.0,11525.0,410.5906612748544,0.8867048925972207,97.84040354642471,148.79854047369076,990.5949021392809,2669.0123805188896,0.9531453362255965,0.753423089511891,60.59490213928084,75.0123805188894,930,2594,1057,2742,0.82,0.87,39.1955519805783
21,190,15382.0,16095.0,483.38910931376074,1.0820066255765997,107.64764255465533,185.01152559249235,1012.0152125861397,1994.9069041737096,0.9557005281143213,0.8133011987604397,71.01521258613964,86.90690417370953,941,1908,1076,2081,0.83,0.92,28.005586949268924
22,195,12035.0,12352.0,443.58696073990006,-1.3779510057174171,106.60666585897071,155.94745485923295,1019.5122559202326,1590.3713336103033,0.974336139896373,0.7298509424002986,63.512255920232654,92.37133361030328,956,1498,1075,1654,0.77,0.81,168.95077700341517
23,200,3916.0,4094.0,239.56839796281565,0.11310592261503519,61.85922020534375,82.35796876459588,1016.4302860061287,1690.0140449438202,0.9565217391304348,0.6601863800876218,43.4302860061287,32.014044943820224,973,1658,1060,1723,0.86,0.88,83.51950799622519
24,202,14162.0,14439.0,440.58012110742345,-1.0528321012214221,117.71739797118724,155.4142719785509,1061.9914560090383,2413.9737325236547,0.9808158459727128,0.6529017019356873,64.99145600903827,78.97373252365485,997,2335,1125,2482,0.92,0.94,150.32283593587778
25,203,9915.0,15470.0,536.5593749481952,1.1655682075224196,103.41896641475476,191.2535387996976,1058.5935451336359,1796.1212304589008,0.640917905623788,0.8411880096598943,54.59354513363591,73.12123045890065,1004,1723,1131,1901,0.43,0.5,23.21786097433686
26,206,3000.0,3126.0,208.54038220744008,-1.104594770373293,54.75035195405069,72.00918646963518,1060.4466666666667,2104.7026666666666,0.9596928982725528,0.6495433672503247,25.446666666666665,34.702666666666666,1035,2070,1095,2142,0.87,0.89,153.288618414612
27,207,36807.0,37688.0,727.2492889108046,-0.4595100209110552,179.3345126109012,266.1179296519096,1170.599940228761,1221.8117205966257,0.9766238590532795,0.738830659533269,123.59994022876083,97.81172059662565,1047,1124,1312,1330,0.87,0.93,116.32798484217167
28,208,19076.0,21141.0,593.6960996457155,-0.703114124416558,118.35489369550267,219.09982245693686,1133.1023799538686,1078.0252149297546,0.90232250130079,0.8415449582506167,85.10237995386873,95.02521492975467,1048,983,1243,1183,0.68,0.78,130.28547184510504
29,210,9919.0,10276.0,386.7592103307046,-1.562634970763925,90.55657732973138,140.8458643334082,1101.9777195281783,1540.4232281479988,0.965258855585831,0.7659097681790339,45.97771952817824,70.42322814799878,1056,1470,1147,1610,0.83,0.9,179.53238874432168
30,211,13313.0,14054.0,453.0117387006694,-0.9250985666093936,109.57690971561216,158.217279637428,1121.904304063697,1656.5034177120108,0.9472747972107585,0.7213484388627525,63.90430406369714,84.50341771201082,1058,1572,1185,1730,0.82,0.86,143.0042435003203
31,213,22289.0,24600.0,607.5964571102777,-0.6631337071530131,150.86628573690237,196.9836611824014,1154.3099735295436,1394.010722778052,0.9060569105691056,0.6429808780071299,95.30997352954373,98.01072277805196,1059,1296,1244,1473,0.76,0.78,127.99476267273195
32,217,17616.0,18129.0,507.0626872735158,-0.7749818316797208,145.5828266848027,160.8763823273989,1158.2850249772935,2589.2217870118075,0.9717027966241932,0.42554773207688285,90.28502497729338,84.22178701180745,1068,2505,1227,2669,0.86,0.86,134.40318815456595
33,218,12797.0,13164.0,434.20165102522935,-1.3738378513323486,114.77897131944518,147.66777916821408,1121.3503164804251,2229.969289677268,0.972120935885749,0.6291568396985031,52.3503164804251,69.96928967726811,1069,2160,1187,2308,0.85,0.87,168.71511061666502
34,220,29328.0,32283.0,740.9032602964216,-1.065517394893592,154.42463356643123,259.5700893568244,1175.2793917075833,1768.3153300600109,0.9084657559706347,0.8037815071404588,104.2793917075832,137.31533006001092,1071,1631,1264,1885,0.67,0.74,151.04964972517712
35,221,8644.0,8839.0,352.3990323717103,1.4693177456424666,91.2934421209102,123.68800323444246,1118.0664044423877,2010.1833641832484,0.9779386808462496,0.67469728243817,44.066404442387785,57.18336418324849,1074,1953,1168,2077,0.87,0.91,5.814294411010053
36,230,12189.0,15247.0,526.8650909451995,-0.8148558636148119,119.65151136063947,149.91211853316074,1201.7601115760112,1910.8053983099517,0.7994359546140224,0.602466253307355,69.76011157601116,95.8053983099516,1132,1815,1269,1971,0.55,0.56,136.68780189661655
37,232,3566.0,3771.0,229.39769008474752,-1.494963269619862,61.131824003152296,76.91240344925744,1167.0448681996636,1501.0880538418396,0.9456377618668788,0.6068400219565776,33.04486819966349,35.088053841839596,1134,1466,1200,1541,0.85,0.87,175.65508587629625
38,233,5080.0,5527.0,297.96694469880595,-1.2649889897919344,72.50746858711396,98.27541585660882,1173.0984251968505,910.9917322834646,0.9191242988963271,0.6750208592834313,36.09842519685039,39.991732283464565,1137,871,1226,974,0.72,0.74,162.47853024559544
39,234,2312.0,2404.0,179.27373232888834,0.9525331378222395,52.204812321730095,57.843988966559536,1168.5804498269897,835.3252595155709,0.961730449251248,0.43066767226993324,25.580449826989618,26.325259515570934,1143,809,1197,865,0.9,0.91,35.423871356432514
40,237,1774.0,1830.0,156.15551473640306,-1.3896808340095703,46.41096937656437,49.79158209701956,1180.3906426155581,2279.5670800450957,0.9693989071038251,0.3621888529584694,22.39064261555806,25.567080045095828,1158,2254,1205,2304,0.91,0.92,169.62284665896868
41,240,1565.0,1633.0,150.92723363484725,0.17597014742156136,35.92168181379867,55.783438540732874,1189.9386581469648,1986.7220447284344,0.9583588487446417,0.7650685342129253,26.938658146964855,18.722044728434504,1163,1968,1219,2006,0.86,0.93,79.91765323244962
42,242,20536.0,21836.0,558.7969096022686,0.537416897263759,141.5789943477031,191.6639892663112,1260.7611998441762,978.7399688352162,0.9404652866825426,0.6740526196132659,94.76119984417608,92.7399688352162,1166,886,1357,1057,0.83,0.86,59.20827994777085
43,243,17009.0,20151.0,592.6180754768103,-0.567971724781299,120.41370490253364,191.63090470552712,1244.8801222882003,1561.1626197895232,0.8440772170115627,0.7779205411102923,78.88012228820037,77.16261978952319,1166,1484,1343,1639,0.61,0.66,122.54238271273438
44,248,17313.0,17919.0,508.51507886201466,1.4463461726227742,119.17462197227597,187.64927089204278,1234.6065961993877,2397.2961936117367,0.9661811485015905,0.7724361911726312,57.606596199387745,90.29619361173684,1177,2307,1301,2491,0.84,0.91,7.130468593815024
45,249,3513.0,3606.0,226.75564126951167,-0.2518463158029293,52.65947551667341,85.97325174532683,1224.6088812980358,2028.5388556789069,0.9742096505823628,0.7904628472385101,44.60888129803587,30.538855678906916,1180,1998,1268,2058,0.86,0.94,104.42973098142674
46,250,8214.0,9067.0,408.76670718865034,0.3621811082015647,65.46272834068682,171.3749190968171,1259.4080837594352,860.9724859995131,0.9059225763758685,0.9241683308389422,77.40808375943512,53.972485999513026,1182,807,1338,907,0.62,0.85,69.24855108067933
47,253,5035.0,5322.0,292.73866359725014,-0.2587794275657809,62.00343417145735,109.04847447388605,1247.8166832174777,647.2335650446872,0.9460729049229613,0.822623837914176,60.81668321747765,39.23356504468719,1187,608,1305,681,0.74,0.83,104.82696902433064
48,254,13113.0,13339.0,444.3396623376632,0.5684254539380877,97.85792686102668,174.40404505043134,1277.5169678944558,789.2355677571875,0.9830572006897069,0.8277487338138584,83.51696789445589,69.23556775718752,1194,720,1360,856,0.83,0.94,57.43162052153959
49,255,4915.0,5336.0,279.791153882833,-1.2296735769063643,67.22514809483333,95.86758608770224,1239.6976602238046,1467.7377416073246,0.9211019490254873,0.7129359348163598,40.69766022380468,54.737741607324516,1199,1413,1278,1515,0.79,0.83,160.45510613549033
50,256,2123.0,2521.0,203.50267065591322,0.18946817197783974,40.24696162044045,75.97534427009215,1236.7979274611398,2501.2727272727275,0.8421261404204681,0.8481618725211637,36.7979274611399,24.272727272727273,1200,2477,1272,2526,0.64,0.75,79.14427339361093
51,257,7299.0,7853.0,362.7044932708916,-0.22626394518831505,71.91057313476989,136.54729649319367,1265.955473352514,1086.3274421153583,0.9294537119572138,0.850091566872712,64.95547335251405,41.32744211535827,1201,1045,1340,1131,0.7,0.81,102.96396911526985
52,258,4021.0,4430.0,265.3286643705368,-1.1970416024209911,60.04232154425404,91.56455796768824,1239.7908480477493,2085.1330514797314,0.9076749435665914,0.7549888924806363,33.790848047749314,48.13305147973141,1206,2037,1274,2125,0.72,0.77,158.58543172029985
53,259,607.0,652.0,101.2633514712434,-0.47656153768774706,19.938254047377193,40.56474159499122,1229.4744645799012,1287.171334431631,0.9309815950920245,0.8708680642073565,20.474464579901152,15.171334431630973,1209,1272,1248,1299,0.74,0.89,117.30496478777263
54,260,7233.0,7834.0,336.0635439247586,-0.8537461638768902,88.55552172627692,108.03082591820902,1257.3795105765244,2176.5147241808377,0.9232831248404391,0.5727579230243691,48.37951057652426,57.514724180837824,1209,2119,1316,2230,0.8,0.82,138.91605196563015
55,262,8817.0,11189.0,442.0951009053025,1.2392620589128054,97.42999348482441,134.04854862093643,1267.0336849268458,1361.667006918453,0.7880060773974439,0.6868214581582479,45.033684926845865,73.66700691845298,1222,1288,1355,1433,0.57,0.59,18.995514313603465
56,267,2090.0,2177.0,180.78871212676745,-0.8335907612919357,41.46197142952501,66.95907183696278,1270.4311004784688,1268.463157894737,0.9600367478180983,0.7852225498255863,32.4311004784689,31.46315789473684,1238,1237,1297,1299,0.8,0.87,137.76123246312517
57,268,2701.0,2913.0,224.95480714658913,-0.4245489020051313,44.32154385576878,82.73012143670613,1287.094779711218,1129.7808219178082,0.9272227943700653,0.8443852358331534,45.09477971121807,27.78082191780822,1242,1102,1329,1159,0.67,0.77,114.32486028180719
58,270,6862.0,10677.0,474.503343437444,-0.6578914714670179,84.98701985350777,171.10259099807922,1306.7312736811425,1882.9793063246866,0.6426898941650276,0.8679210810991742,63.731273681142525,72.97930632468668,1243,1810,1384,1940,0.38,0.46,127.69440469271154
59,271,3867.0,4277.0,262.78190033031547,-1.4894449872406257,63.766194545693004,87.12693128805115,1275.5696922679078,1770.5557279544867,0.9041384147767126,0.6814367906277957,26.56969226790794,43.555727954486684,1249,1727,1316,1821,0.7,0.73,175.33891158580462
60,272,7195.0,7506.0,332.5966287000266,-0.7620229557601039,75.44518793752192,123.97802272681906,1306.056428075052,1827.374704656011,0.958566480149214,0.7935256616144301,53.05642807505212,53.37470465601112,1253,1774,1359,1882,0.82,0.89,133.6606992571382
61,274,6343.0,6514.0,296.58671792204007,0.7471596542449136,80.10463973037773,102.05802748992663,1305.3589784013873,1703.771559199117,0.973748848633712,0.6196312209431168,47.358978401387354,43.771559199117135,1258,1660,1352,1749,0.91,0.93,47.19090518931261
62,275,36668.0,37931.0,763.4892374849187,-0.9811408907086494,182.0939539546215,267.48344398079684,1362.7409185120541,2256.804816188502,0.9667026970024518,0.7324998469417076,101.74091851205411,125.80481618850223,1261,2131,1493,2401,0.79,0.83,146.21523214531197
63,276,2297.0,2435.0,218.02097669712526,0.5389082027435014,35.18802144154993,88.88400204953858,1303.9447104919461,920.2333478450153,0.9433264887063655,0.9182992315033202,41.94471049194602,27.23334784501524,1262,893,1339,955,0.61,0.82,59.12283443781688
64,277,13809.0,14934.0,482.2783885792211,1.4381572607960662,112.26416808440518,165.11557332554293,1314.438482149323,2073.983851111594,0.9246685415829651,0.733293106180159,51.43848214932291,88.98385111159389,1263,1985,1382,2159,0.75,0.79,7.599658680290162
65,278,129.0,138.0,43.65020289865059,1.3986390495320487,12.649634481488203,13.999792818467588,1274.9457364341085,2584.5658914728683,0.9347826086956522,0.428464340248691,5.945736434108527,5.565891472868217,1269,2579,1283,2593,0.85,0.85,9.86388539962472
66,279,3216.0,3482.0,223.9788394331627,-0.5583905729227402,59.229546385855535,71.7799588339712,1307.553171641791,1296.2782960199006,0.9236071223434807,0.5649073137503354,37.553171641791046,34.278296019900495,1270,1262,1347,1330,0.81,0.82,121.99342314836504
67,280,4616.0,4808.0,260.65574363625075,0.7999087559803786,64.84845583886185,93.71814494233458,1306.7339688041595,1625.7133882149046,0.9600665557404326,0.7219435290143789,36.733968804159446,41.71338821490468,1270,1584,1352,1666,0.85,0.9,44.16860428676426
68,281,12996.0,14231.0,465.7686788650576,-0.7991291927299049,97.64015571893839,173.06488704164963,1349.5577100646353,2429.9756848261004,0.9132176234979973,0.8256502099153483,79.55771006463527,73.97568482610033,1270,2356,1416,2502,0.75,0.85,135.7867300291201
69,284,720.0,766.0,103.81011551146474,0.21723344791542362,24.591416578854744,38.13736189906871,1295.7027777777778,2532.759722222222,0.9399477806788512,0.7643414755087916,18.70277777777778,11.759722222222223,1277,2521,1314,2549,0.84,0.9,77.55344026537124
70,285,16949.0,17696.0,493.1392098456723,-0.04371336300798634,126.91448516938767,171.48799117895456,1368.371762345861,1429.8230574075167,0.9577870705244123,0.6725210714937269,90.37176234586111,64.82305740751667,1278,1365,1456,1501,0.88,0.91,92.50459120868092
71,287,1377.0,1642.0,158.87650004383624,0.19824462133024753,36.31975503369529,52.24250011552861,1317.885984023239,1340.4255628177198,0.8386114494518879,0.7188021247823788,27.885984023238926,23.42556281771968,1290,1317,1345,1361,0.69,0.72,78.64141988660764
72,288,607.0,743.0,118.55845934880442,1.075041529625571,19.95324503366607,43.461752192847214,1305.166392092257,1249.5354200988468,0.8169582772543742,0.888385135572835,14.166392092257002,20.53542009884679,1291,1229,1322,1269,0.54,0.67,28.404657551166522
73,289,300.0,323.0,70.65594306202445,-1.2610231007558115,15.049095868785319,26.27714009000763,1302.3833333333334,1158.8866666666668,0.9287925696594427,0.8197603079191962,9.383333333333333,13.886666666666667,1293,1145,1310,1172,0.76,0.85,162.25130154180837
74,291,1892.0,2495.0,222.50332788138235,1.1219678314071744,37.11181759055724,80.81697741177445,1330.0845665961945,1588.1474630021141,0.7583166332665331,0.8883286790169935,31.084566596194502,31.147463002114165,1299,1557,1358,1637,0.48,0.6,25.71597851092342
75,292,210.0,225.0,55.25695408240048,1.3515825643281545,15.729862584895054,17.75224795382433,1308.1285714285714,1752.642857142857,0.9333333333333333,0.46353765034468697,8.128571428571428,7.642857142857143,1300,1745,1316,1764,0.86,0.87,12.560023400527655
76,294,2777.0,2885.0,201.97134257521702,-0.3844551488046743,49.27723197289578,73.68086695856451,1336.6935541951746,718.9513863881887,0.9625649913344887,0.7434488651660934,32.69355419517465,27.95138638818869,1304,691,1377,750,0.86,0.91,112.02765743858187
77,296,25510.0,26869.0,627.747303316385,0.9162641811825271,140.67092227167146,237.73470027152075,1396.0606036848294,1223.4380635045081,0.9494212661431389,0.8061480524112796,90.06060368482947,108.43806350450804,1306,1115,1493,1329,0.81,0.9,37.50192949923102
78,297,627.0,717.0,110.41862338978646,0.9550642980879872,21.261929168189404,42.769402752696344,1320.842105263158,1242.170653907496,0.8744769874476988,0.8676763921791101,12.842105263157896,23.170653907496014,1308,1219,1341,1258,0.65,0.77,35.27884655593395
79,298,6619.0,8073.0,373.60478278344146,0.860326682125341,66.11797307839798,141.2926582502506,1357.298232361384,1995.5511406556882,0.8198934720673852,0.8837546659863315,48.298232361383896,76.55114065568817,1309,1919,1422,2051,0.6,0.73,40.7069121117248
80,300,602.0,658.0,106.39634779778473,-0.7098870946824077,28.201710053255102,29.926659192266943,1330.9750830564783,1053.6112956810632,0.9148936170212766,0.3345984916536445,17.975083056478404,18.611295681063122,1313,1035,1344,1068,0.67,0.67,130.6735344561058
81,301,3287.0,3550.0,236.1014827380837,-0.1675816473941353,47.20748775281555,92.4089535988236,1360.4341344691209,1759.0727106784302,0.9259154929577464,0.8596674616195463,47.43413446912078,25.07271067843018,1313,1734,1404,1787,0.74,0.87,99.60172111953348
82,303,164.0,185.0,53.59087298059109,-0.9422153555014727,12.135311926588678,18.04057489265467,1321.5121951219512,1495.8536585365853,0.8864864864864865,0.7399447089626034,7.512195121951219,7.853658536585366,1314,1488,1330,1505,0.72,0.76,143.98496326265285
83,304,1953.0,2729.0,238.68771502440376,1.080973118410838,29.15271795895994,103.74873773008625,1352.584229390681,1291.7347670250897,0.7156467570538659,0.9597096795804092,32.584229390681,39.7347670250896,1320,1252,1384,1333,0.43,0.73,28.064802547963595
84,305,1648.0,2100.0,209.42106514585203,-0.07623622950564647,29.946171770927876,84.41606683649697,1360.2081310679612,1504.2251213592233,0.7847619047619048,0.9349631191752374,37.20813106796116,14.225121359223301,1323,1490,1408,1526,0.47,0.68,94.36801419666426
85,307,650.0,680.0,95.34495698130465,-0.8741324526940585,28.055105418572733,30.330005797374106,1340.6538461538462,1319.6953846153847,0.9558823529411765,0.3799791387892506,16.653846153846153,14.695384615384615,1324,1305,1355,1336,0.9,0.9,140.08410027478863
86,309,566.0,602.0,92.85400946999914,0.2952381061002184,25.527608707458516,29.531265074206914,1340.9434628975266,1103.8056537102473,0.9401993355481728,0.5027591779796031,14.943462897526501,12.80565371024735,1326,1091,1354,1117,0.83,0.83,73.08410256902188
87,310,19725.0,20343.0,531.8864542139091,-0.19660007659402237,146.7163800654421,177.49332930675246,1417.7295817490494,1917.7737389100128,0.9696209998525291,0.5627866111196331,91.72958174904943,66.77373891001267,1326,1851,1517,2006,0.88,0.89,101.2643546407862
88,312,11751.0,12947.0,435.2565552308531,0.11732462175124961,108.49703572895176,142.9013622917242,1405.550676538167,767.098629903838,0.9076233876573724,0.650805799850301,77.55067653816697,57.098629903837974,1328,710,1472,830,0.78,0.8,83.27779434068462
89,315,379.0,422.0,81.05668873622027,-0.7205156040472787,17.609986967739015,30.00875223316289,1343.8891820580475,1665.263852242744,0.8981042654028436,0.809711350811222,13.889182058047494,10.263852242744063,1330,1655,1359,1679,0.72,0.8,131.2825031852282
90,316,2388.0,3111.0,234.1495473112309,1.3360745265698517,46.12184394181998,73.42213190005499,1359.0544388609715,904.7432998324958,0.7675988428158148,0.7780732259376945,27.054438860971523,45.743299832495815,1332,859,1394,944,0.55,0.59,13.44856851260792
91,317,821.0,890.0,119.89921787947168,-0.09724615228077249,28.634989081756903,40.898152764804856,1353.7990255785628,950.8355663824605,0.9224719101123595,0.7139922477851147,18.799025578562727,11.835566382460414,1335,939,1380,971,0.72,0.75,95.57179409957477
92,319,19352.0,22565.0,612.5947004157058,0.3743511767295842,118.40584414737582,234.1465331718677,1434.098336089293,1094.5778214138074,0.8576113450033237,0.8627145519213862,94.0983360892931,88.57782141380736,1340,1006,1554,1162,0.65,0.77,68.55125751763883
93,320,30613.0,32372.0,683.4412130277592,1.5583507396396823,184.12687166324608,217.25092116401365,1431.6019664848268,1606.6753340084279,0.9456629185716051,0.5307460322384064,89.6019664848267,99.6753340084278,1342,1507,1529,1718,0.82,0.83,0.713079617556005
94,321,1443.0,1605.0,164.295350695421,1.4105600139311991,28.371692978591273,66.84327870631579,1359.2959112959113,1706.5440055440056,0.8990654205607477,0.9054509336213101,17.295911295911296,32.54400554400554,1342,1674,1376,1739,0.67,0.87,9.180864451827688
95,322,949.0,977.0,113.29071000114993,0.3351635156001912,29.22797871572462,41.63816874855827,1362.7839831401475,1346.3266596417282,0.9713408393039918,0.712224660281468,18.783983140147523,15.326659641728135,1344,1331,1383,1362,0.93,0.97,70.79654510934192
96,323,14895.0,15333.0,475.57459592588486,-0.3639129486681695,110.9779114418409,177.1764803570517,1436.3722725746895,2498.308761329305,0.971434161612209,0.7795264431205224,90.37227257468949,57.308761329305135,1346,2441,1524,2565,0.83,0.9,110.85067606884708
97,327,12864.0,13464.0,421.52364735303854,0.31844422276729534,118.40636029045257,142.24637553323956,1429.9210199004974,989.6652674129353,0.9554367201426025,0.5541702390805486,75.92101990049751,58.66526741293532,1354,931,1497,1055,0.91,0.92,71.75449002511017
98,328,8956.0,9308.0,366.956806659021,0.2075945944547358,91.22101897045845,128.01653685625791,1413.9033050468959,857.1281822242072,0.9621830683283197,0.7015988385792999,57.90330504689594,47.12818222420724,1356,810,1494,905,0.84,0.87,78.10570588801372
99,329,3212.0,4467.0,299.9583483717575,-1.0377124100369532,42.04902352936136,132.54825777222126,1400.3029265255293,1766.3287671232877,0.7190508171032013,0.9483467648058626,43.302926525529266,50.32876712328767,1357,1716,1439,1812,0.45,0.7,149.45654144346656
100,331,1679.0,1758.0,160.1777903284048,-0.21615738820243197,38.26354423928112,57.352142468513556,1400.3740321620012,923.5378201310303,0.9550625711035268,0.7449068133505661,28.374032162001193,19.537820131030376,1372,904,1431,944,0.82,0.87,102.38490605457028
101,332,361.0,399.0,77.45502049037516,-0.11977794190246385,19.89017692864277,23.784705599801143,1384.5567867036011,1841.404432132964,0.9047619047619048,0.5483344667543973,11.556786703601109,10.404432132963988,1373,1831,1397,1851,0.76,0.77,96.86277054977435
102,333,12166.0,15825.0,564.7316523750244,0.7220289893518966,128.84041945712,156.70172675950997,1468.2068058523755,1359.6299523261548,0.768783570300158,0.5691963058467499,94.20680585237547,81.62995232615486,1374,1278,1525,1440,0.48,0.49,48.630786224040065
103,334,597.0,650.0,99.00244175606554,0.25039517872732314,26.72447415360773,31.157967922895903,1386.4237855946399,1721.3651591289781,0.9184615384615384,0.5141352114157952,12.423785594639867,15.365159128978224,1374,1706,1406,1735,0.77,0.77,75.65341304850045
104,336,27570.0,28875.0,661.1709818080516,1.1072652663657834,143.140894884381,252.19086766935771,1473.2074356184257,2110.6094305404426,0.9548051948051948,0.8233116850163663,91.20743561842582,128.6094305404425,1382,1982,1557,2235,0.79,0.89,26.55837343581171
105,337,2331.0,2573.0,213.34805596283925,-0.8507065424202844,38.22656844928368,86.7995472525155,1422.148005148005,685.3852423852423,0.9059463661095997,0.8978014003941883,38.14800514800515,40.385242385242385,1384,645,1449,717,0.64,0.82,138.74189448484924
106,342,14027.0,14899.0,460.0803221712465,0.35640315257258204,127.92174898866855,146.83214232119076,1468.8293291509233,1805.2955015327582,0.9414725820524867,0.49090908764835345,73.82932915092321,74.29550153275825,1395,1731,1549,1874,0.83,0.84,69.5796035524339
107,343,291.0,313.0,66.53838269500822,-0.005471335634804775,17.108552497380597,22.15067864054852,1409.656357388316,1502.3230240549829,0.9297124600638977,0.6351710739652248,10.65635738831615,9.323024054982818,1399,1493,1422,1511,0.83,0.85,90.31348444017384
108,344,3071.0,3253.0,216.3548955953159,0.3437515805387015,52.64670089772599,76.17216887673037,1440.308694236405,2336.282644089873,0.9440516446357209,0.7227074910481811,40.30869423640508,29.282644089873006,1400,2307,1481,2364,0.82,0.87,70.304485234181
109,347,2126.0,2305.0,187.08824571676416,0.049171605086430724,46.596758141995146,62.568120430810744,1445.7845719661336,1484.725305738476,0.9223427331887202,0.6673587204200871,37.78457196613358,25.72530573847601,1408,1459,1475,1509,0.76,0.79,87.18267455666351
110,349,4782.0,5001.0,284.36878984210455,1.089335923705166,60.2589715025675,108.10438361471712,1454.3061480552071,557.7961104140527,0.9562087582483503,0.8302342218566618,38.306148055207025,55.7961104140527,1416,502,1492,611,0.74,0.84,27.585649099708938
111,353,339.0,376.0,72.456777184947,-0.12399604192198109,17.237913988520226,26.520755144790385,1433.1002949852507,908.6253687315634,0.901595744680851,0.7599528116644533,12.100294985250738,9.625368731563421,1421,899,1447,918,0.81,0.87,97.10444987845673
112,355,227.0,256.0,65.42766196046863,-0.5626284734161033,12.868624654490691,24.6707741544273,1438.511013215859,2301.0176211453745,0.88671875,0.8531815097009479,12.51101321585903,9.017621145374449,1426,2292,1449,2311,0.67,0.78,122.23623696063115
113,357,1482.0,2096.0,197.8537822082008,0.6406093020249262,34.94900029195985,68.10245390787435,1463.8272604588394,724.7591093117409,0.7070610687022901,0.858279400719726,36.827260458839405,21.75910931174089,1427,703,1497,763,0.48,0.56,53.29579067715027
114,359,601.0,666.0,103.81011551146474,-1.3699098099743017,23.796711809984497,35.41648317571052,1454.800332778702,1448.4226289517471,0.9024024024024024,0.740632226143942,15.800332778702163,19.42262895174709,1439,1429,1466,1465,0.7,0.74,168.4900504250961
115,361,6832.0,7178.0,311.56509955550735,-0.24103018789970523,84.93659525212311,104.22978626873648,1499.8733899297424,909.8924180327868,0.951797157982725,0.5796050531556539,57.87338992974239,42.892418032786885,1442,867,1551,955,0.88,0.9,103.81001250189831
116,362,2120.0,2318.0,192.45127983943314,0.8519428630382483,42.38558949307447,71.35686763053405,1470.2778301886792,692.5099056603774,0.91458153580673,0.8044690739620595,27.277830188679246,29.50990566037736,1443,663,1501,726,0.72,0.79,41.18726956161643
117,363,349.0,368.0,75.13829424628148,-0.8024298877375879,16.984783529436903,27.870226035907255,1457.8424068767908,2288.65329512894,0.9483695652173914,0.7928445222296372,12.84240687679083,14.653295128939828,1445,2274,1468,2300,0.78,0.85,135.97584592252025
118,364,5456.0,6918.0,363.7593974765154,1.0544128044094694,49.80560154746748,161.9017299322167,1499.95784457478,1222.9791055718474,0.7886672448684591,0.9515065150302574,51.95784457478006,67.97910557184751,1448,1155,1547,1284,0.52,0.83,29.58659644278425
119,366,228.0,240.0,59.50926747052986,-0.28351577862375404,12.051376354482635,24.224921359659128,1462.438596491228,1706.280701754386,0.95,0.8674763344059542,11.43859649122807,6.280701754385965,1451,1700,1476,1714,0.81,0.96,106.24425754050647
120,368,32692.0,35834.0,731.3273810317221,-0.5740434229660748,182.84091115286665,232.64209526900086,1569.8735776336719,777.6025021411966,0.9123179103644583,0.6183126996376188,114.87357763367184,104.60250214119662,1455,673,1691,897,0.77,0.78,122.89026539319929
121,369,5648.0,6159.0,318.0783226588146,0.43094231110636094,71.59948337749825,103.89414145556297,1514.688385269122,1726.590828611898,0.9170319857119662,0.7246110608289954,59.68838526912181,41.59082861189802,1455,1685,1565,1768,0.7,0.74,65.30882435999182
122,370,5024.0,6573.0,353.26336702730504,-1.1913431728881478,62.093913242904996,119.43979412045127,1501.4542197452229,1959.8067277070063,0.7643389624220295,0.8542415795312993,46.45421974522293,83.80672770700637,1455,1876,1538,2013,0.51,0.59,158.25893575821522
123,371,1190.0,1453.0,156.84562812478603,-0.4733425761017711,35.31211589790599,49.55410815458367,1486.3394957983194,1053.301680672269,0.8189951823812801,0.7015734542447442,30.339495798319327,17.30168067226891,1456,1036,1514,1075,0.61,0.63,117.12053187448147
124,372,1509.0,2262.0,220.14713339118998,-0.32550057432262225,35.598828658380825,75.95286679687537,1489.5268389662028,1446.8919814446654,0.6671087533156499,0.8833593639190477,30.526838966202785,21.89198144466534,1459,1425,1537,1473,0.39,0.48,108.64980913777063
125,373,706.0,736.0,106.49163257279922,-0.30985920977468945,27.80762176862581,35.83353469667309,1480.1813031161473,2431.14164305949,0.9592391304347826,0.6307054783835578,20.18130311614731,16.141643059490086,1460,2415,1499,2443,0.78,0.8,107.75362496334853
126,375,962.0,1035.0,127.71373126734748,-0.8853760843547341,24.83234188456187,51.209898904307025,1483.4199584199584,2381.238045738046,0.9294685990338164,0.8745624362094281,17.41995841995842,20.238045738045738,1466,2361,1507,2402,0.74,0.89,140.72831291534501
127,377,2915.0,3006.0,209.32578037083752,-0.8734266445625752,49.820924528949696,77.21304651578451,1503.6833619210977,2537.720754716981,0.9697272122421823,0.7639801721822819,34.68336192109777,37.72075471698113,1469,2500,1531,2570,0.84,0.9,140.04366044770865
128,378,563.0,633.0,112.50531183775249,-0.39283262685089015,17.203822373705304,46.567237775848874,1493.1278863232683,1467.6500888099467,0.8894154818325435,0.9292543981799525,23.127886323268207,13.650088809946714,1470,1454,1512,1480,0.56,0.79,112.50765157359355
129,379,2794.0,3049.0,218.84584310662137,0.7231671444232409,52.90217843762113,71.26636760788399,1507.9001431639226,677.3571939871152,0.9163660216464414,0.6700497555416266,35.90014316392269,28.357193987115245,1472,649,1547,717,0.73,0.76,48.56557474202063
130,380,1459.0,1500.0,148.5710391446549,0.13366708107207095,32.65974356120323,57.78756116930346,1501.0274160383824,1489.9712131596984,0.9726666666666667,0.8249750879637252,29.027416038382455,16.971213159698422,1472,1473,1531,1507,0.83,0.94,82.34144039473732
131,384,2161.0,2390.0,194.11736094124257,0.05051508624241394,40.07029940564055,72.3517431643692,1519.568718186025,1521.0037019898195,0.90418410041841,0.8326322184522084,38.56871818602499,20.00370198981953,1481,1501,1554,1549,0.72,0.82,87.10569875657032
132,385,2054.0,2212.0,189.1749341647302,-1.2780437629408117,35.41591052898725,75.41426390854942,1506.1290165530672,1002.2273612463486,0.9285714285714286,0.8828696112614997,23.129016553067185,34.227361246348586,1483,968,1528,1037,0.72,0.88,163.2265136495268
133,386,469.0,485.0,78.93053204215556,0.923091828710949,23.307625555129416,25.988990874213073,1496.9253731343283,1165.0085287846482,0.9670103092783505,0.4423816795607731,11.925373134328359,11.008528784648188,1485,1154,1510,1179,0.95,0.95,37.11073411184951
134,387,2135.0,2279.0,179.54323837111468,-1.2743361333624617,50.916440198229864,56.29868255001481,1512.7306791569088,2394.913817330211,0.9368143922773147,0.42668896980869114,26.730679156908664,31.913817330210772,1486,2363,1545,2423,0.83,0.84,163.01408212268947
135,388,454.0,499.0,88.50641130685526,-0.03375765936079729,19.453022091834484,31.87660580171686,1503.9030837004404,960.2643171806168,0.9098196392785571,0.7922010823776241,16.90308370044053,8.26431718061674,1487,952,1521,972,0.73,0.8,91.93417140761399
136,389,16611.0,17926.0,529.7208292737458,0.40405710618927165,126.81313070935687,178.25927980397068,1574.1960146890615,2307.398109686352,0.9266428651121277,0.7027902944466151,84.19601468906147,83.39810968635241,1490,2224,1664,2378,0.74,0.78,66.8492331330854
137,390,1721.0,1775.0,154.25939583846602,-1.316375665970332,40.16117541873122,54.93594085731559,1509.767576990122,2710.62870424172,0.9695774647887324,0.6823189049053138,19.767576990122024,27.62870424171993,1490,2683,1530,2738,0.91,0.94,165.42276991382306
138,391,415.0,430.0,73.79753571561423,0.30877947261364525,20.827935433702223,25.510379001932787,1504.6192771084338,2354.4265060240964,0.9651162790697675,0.5774168873350937,11.619277108433735,10.426506024096385,1493,2344,1519,2366,0.96,0.97,72.30823941896274
139,392,12119.0,12515.0,453.8366051101656,-0.34340488053111057,84.91280351380539,182.93287960648559,1585.6450202161896,434.3610033831174,0.9683579704354774,0.8857437009039272,91.64502021618945,53.36100338311742,1494,381,1683,486,0.74,0.91,109.67565031862688
140,393,684.0,765.0,104.46076065374902,-0.2144174622778816,24.56441653602527,37.764163363527196,1513.390350877193,1060.43567251462,0.8941176470588236,0.7595328274441799,15.390350877192983,11.435672514619883,1498,1049,1533,1077,0.79,0.84,102.28521564242816
141,395,4238.0,4538.0,256.3476137192056,-0.9173510426126652,60.60398512109575,91.57835327924494,1537.014629542237,1166.0497876356771,0.9338915821947995,0.7497052024762871,38.014629542236904,37.049787635677205,1499,1129,1577,1212,0.81,0.86,142.56034307363146
142,397,1873.0,2212.0,193.56200057397274,1.5410112116531365,35.89692550834376,74.51143922498255,1527.0891617725574,1651.7522690870262,0.846745027124774,0.8763010290666678,21.089161772557393,42.752269087026164,1506,1609,1547,1683,0.63,0.76,1.706561389934052
143,400,4173.0,4346.0,261.996502166918,0.49980904465984255,53.954841446139646,99.40368047187344,1553.3074526719386,644.4346992571292,0.9601932811780948,0.8398715870826867,46.307452671938655,33.43469925712916,1507,611,1601,679,0.76,0.87,61.363051178525346
144,401,898.0,993.0,123.04081053306145,1.3613236083013103,30.560387864324046,41.053226660678924,1525.6035634743876,1033.8318485523384,0.904330312185297,0.6677240216830672,18.603563474387528,25.83184855233853,1507,1008,1541,1054,0.75,0.77,12.001902692814483
145,402,426.0,487.0,86.51500763390372,-0.035957646351364704,16.623470188957146,35.16261470561242,1524.774647887324,1289.3192488262912,0.8747433264887063,0.8811913442211599,14.774647887323944,8.31924882629108,1510,1281,1544,1300,0.72,0.87,92.06022137715718
146,403,5937.0,6278.0,321.02934576237544,-0.6187488371306984,61.016551080848416,127.75336107312664,1562.643254168772,1446.1059457638537,0.9456833386428799,0.8785708177540758,52.64325416877211,46.105945763853796,1510,1400,1624,1500,0.72,0.88,125.45169694621657
147,404,2482.0,2936.0,218.61580531049376,0.8810938167655955,43.54868875325834,82.64264874941749,1542.7433521353746,2467.7876712328766,0.8453678474114441,0.8498951985109695,31.743352135374696,39.78767123287671,1511,2428,1578,2499,0.65,0.76,39.517042944258286
148,406,11454.0,12718.0,448.0693119241571,-1.3431249725146868,103.31255923876235,150.2764493295741,1562.9661253710494,1349.4351318316744,0.900613303978613,0.7262001248014243,50.966125371049415,72.43513183167452,1512,1277,1623,1432,0.72,0.76,166.95539228371626
149,408,1174.0,1551.0,164.2395341665052,-0.16487296043097974,33.526420266323946,56.70840497296019,1544.1729131175468,952.8168654173764,0.7569310122501612,0.8065196744320978,26.172913117546848,18.81686541737649,1518,934,1576,972,0.55,0.61,99.44652478852257
150,409,1733.0,1917.0,170.34849820647298,0.8607288893616671,39.78829512329192,58.55566023508892,1544.5268320830928,1600.7616849394115,0.9040166927490871,0.7336798727818274,25.526832083092902,29.761684939411424,1519,1571,1571,1624,0.75,0.79,40.68386733459369
151,411,5358.0,5620.0,298.57812159499156,-1.460109997435141,60.791547494348414,114.57677147546788,1549.7928331466965,1875.899029488615,0.9533807829181494,0.8476381201186659,29.792833146696527,63.899029488615156,1520,1812,1583,1931,0.76,0.87,173.65814047789104
152,412,6095.0,7667.0,370.74904445489506,-1.5614309336852206,75.72686422834359,124.12109732183922,1570.0210008203446,1226.1427399507793,0.7949654362853789,0.7923208069350532,49.02100082034455,58.14273995077933,1521,1168,1608,1301,0.56,0.61,179.46340250133466
153,413,11575.0,12069.0,428.7269838447287,-1.0076401213596233,88.54058985700074,168.45822820148717,1583.0126133909287,1962.8012095032398,0.9590686883751761,0.8507356948999549,61.01261339092873,80.80120950323975,1522,1882,1644,2038,0.79,0.92,147.73352622195648
154,414,151.0,160.0,45.54632179658763,-1.0826679770640149,12.310037535751922,15.86293356881023,1528.9735099337747,2362.430463576159,0.94375,0.6307017978534565,6.973509933774834,6.430463576158941,1522,2356,1536,2371,0.91,0.94,152.03230569973465
155,416,17861.0,18514.0,531.252157354442,0.20430820320600598,112.9994988385064,203.21585344986752,1628.5048989418285,2083.7436873635293,0.9647293939721292,0.831144484698126,103.50489894182857,66.74368736352947,1525,2017,1733,2141,0.8,0.9,78.29400223639466
156,417,952.0,1115.0,172.37937012552317,1.131163835981887,16.52946672337386,79.45820660625238,1543.18487394958,1022.9905462184873,0.8538116591928251,0.9781230454229143,16.18487394957983,38.990546218487395,1527,984,1563,1057,0.4,0.87,25.189086260409383
157,418,1335.0,1570.0,155.96494518637408,1.2276127009377973,34.12798600519806,56.271711023075575,1546.2719101123596,1559.8232209737828,0.8503184713375797,0.7950944219230012,18.27191011235955,26.82322097378277,1528,1533,1570,1586,0.69,0.76,19.6629733596085
158,419,4593.0,5207.0,284.963618455473,-1.2364631811832067,62.242835151875056,98.41574619401622,1570.2229479642936,1672.9177008491183,0.8820818129441137,0.774602874620406,42.22294796429349,49.917700849118226,1528,1623,1612,1725,0.71,0.77,160.84412180511737
159,420,2872.0,3053.0,231.9839223710675,1.0428529822908799,41.75961374867774,93.77819992626264,1565.5459610027856,1799.493036211699,0.9407140517523747,0.895380471089365,36.54596100278552,35.49303621169916,1529,1764,1594,1847,0.67,0.85,30.248925462101404
160,421,2040.0,2137.0,188.33371947241693,1.1676496124016484,33.11115048889527,79.2351355135168,1552.9519607843138,581.8127450980393,0.9546092653252223,0.908500072174491,22.951960784313727,37.812745098039215,1530,544,1576,619,0.72,0.94,23.09860525929912
161,422,13567.0,14157.0,490.4576927843377,0.971373777364296,89.97597814979721,198.44716567963738,1606.847571312744,1040.1148374732807,0.9583245037790492,0.8913070672631529,76.84757131274417,79.11483747328076,1530,961,1671,1134,0.71,0.89,34.344382227345385
162,423,627.0,658.0,96.87628506200085,0.05733314786890671,22.008631722230113,37.07286768389781,1546.8437001594896,1064.3700159489633,0.952887537993921,0.804716910890123,16.843700159489632,10.370015948963317,1530,1054,1567,1076,0.84,0.93,86.71505260091217
163,424,388.0,489.0,101.49338926737107,-0.5675894015883788,13.93454801084122,40.74935916111781,1553.2190721649486,1493.2345360824743,0.7934560327198364,0.9397154274295865,22.219072164948454,13.234536082474227,1531,1480,1569,1506,0.47,0.7,122.52047720737008
164,425,1306.0,1373.0,147.26974886008634,1.0536190030968644,28.26309086252262,59.55301941973934,1551.3499234303215,2434.31393568147,0.9512017479970867,0.8802085815270698,20.349923430321592,27.313935681470138,1531,2407,1571,2463,0.76,0.92,29.632077907768455
165,426,651.0,765.0,111.98941971658137,0.6067741506035489,21.506507288168788,44.160041710353056,1551.8079877112136,2704.0337941628263,0.8509803921568627,0.8733948102381753,17.807987711213517,17.03379416282642,1534,2687,1576,2719,0.65,0.79,55.234402052781256
166,427,1319.0,1374.0,137.154857510934,0.23635437021454572,35.96624744903678,47.92822741850886,1558.849886277483,2370.9514783927216,0.9599708879184862,0.6609625423046055,23.84988627748294,15.951478392721759,1535,2355,1582,2390,0.88,0.91,76.45789211723395
167,430,315.0,345.0,78.70049424602792,-0.9894722405094531,13.586540271812321,31.250379045896594,1546.1492063492065,1940.1015873015874,0.9130434782608695,0.9005444192548767,9.149206349206349,11.101587301587301,1537,1929,1560,1956,0.64,0.82,146.6925833265452
168,432,1836.0,2013.0,173.0694835139061,-0.29769553025583684,40.91311596046255,59.01531563317927,1578.9449891067538,2406.929193899782,0.9120715350223547,0.7206849898229182,33.944989106753816,23.929193899782135,1545,2383,1609,2434,0.77,0.81,107.05669746356855
169,434,1289.0,1467.0,147.36503363510081,-1.2439511449230973,35.54202620574147,48.78283946061707,1566.5833979829324,1516.0031031807603,0.8786639400136332,0.6849645318956068,19.583397982932507,22.00310318076028,1547,1494,1586,1544,0.75,0.77,161.2731505245601
170,436,205.0,231.0,60.3899504089418,1.2849070959325049,15.868879790546735,18.38576379567155,1556.7512195121951,2194.5073170731707,0.8874458874458875,0.5050212477722652,6.751219512195122,10.507317073170732,1550,2184,1567,2203,0.71,0.71,16.380246336656285
171,437,1305.0,1434.0,155.5048695941188,0.873708071561228,32.76360395238011,54.108741319210054,1572.2544061302683,1113.592337164751,0.9100418410041841,0.7958346034817777,20.254406130268197,25.59233716475096,1552,1088,1597,1139,0.68,0.74,39.94021497302753
172,438,1018.0,1141.0,143.8028336353544,0.7211463911684673,25.876910887357162,57.1420020590196,1575.2298624754421,1086.8781925343812,0.8921998247151621,0.8915853389911511,22.229862475442044,19.87819253438114,1553,1067,1599,1115,0.62,0.77,48.681355374956475
173,439,2611.0,2827.0,211.1266144937601,0.6103040864016255,41.65406330655522,81.5461808284223,1592.9563385675986,950.4848716966679,0.9235939158118146,0.8596975779922901,36.95633856759862,29.484871696667945,1556,921,1629,983,0.74,0.87,55.032151629599326
174,440,1709.0,1769.0,155.86966041135958,-0.676845415026626,42.5564765489121,53.0494180742326,1579.9596255119952,1555.5108250438852,0.9660825325042397,0.5970494971629752,23.95962551199532,22.510825043885312,1556,1533,1609,1583,0.88,0.9,128.78038566380627
175,441,15532.0,16216.0,480.6286557602289,0.6537036196221239,128.3428688483915,161.119314563864,1634.5853077517384,2195.0554339428277,0.9578194375925012,0.6045458435569967,78.58530775173834,64.0554339428277,1556,2131,1705,2273,0.84,0.86,52.54554154322695
176,445,1816.0,1881.0,170.34849820647295,0.1389436793298258,35.60854892245133,67.19025477240938,1596.7643171806167,1761.6547356828194,0.9654439128123339,0.8480189058551371,32.76431718061674,17.654735682819382,1564,1744,1634,1782,0.79,0.91,82.03911358438188
177,448,1877.0,2002.0,173.68066041009172,-0.3593759893820673,38.108078291832456,67.05919685621679,1602.6004262120405,2715.3724027703784,0.9375624375624375,0.8228385629532734,33.60042621204049,24.37240277037826,1569,2691,1631,2736,0.78,0.88,110.59072744993074
178,449,3534.0,3940.0,254.16564049622505,-0.539755677487123,49.89933482115181,96.83098836531524,1611.5257498585172,1582.125636672326,0.8969543147208122,0.8569954186807793,41.52574985851726,37.125636672325975,1570,1545,1667,1621,0.69,0.81,120.92572228823657
179,450,11779.0,13594.0,475.3609064125744,-0.33365957900962284,97.90787322014371,163.20797268993954,1653.5308600050937,1705.9483827150013,0.8664852140650287,0.8000776989276855,83.53086000509381,66.94838271500127,1570,1639,1722,1758,0.66,0.72,109.11728567136322
180,451,1844.0,1958.0,167.76226592015297,-0.41023906680393973,40.42058358202002,60.49694351385188,1597.3356832971801,2439.797180043384,0.9417773237997957,0.7440332655793276,27.335683297180044,26.797180043383946,1570,2413,1623,2461,0.82,0.87,113.50496711925118
181,452,12602.0,13719.0,454.71728804857753,0.2325613537340545,99.44600425456329,166.69697803790322,1657.0211871131567,514.1060942707506,0.918580071433778,0.8025628844668476,86.02118711315664,60.106094270750674,1571,454,1734,575,0.77,0.84,76.67521595318966
182,453,1212.0,1319.0,153.3787129000541,0.4488135987691729,29.6050096818161,57.358970528367756,1594.3704620462047,1158.8358085808582,0.9188779378316907,0.8565068523909699,23.370462046204622,22.835808580858085,1571,1136,1625,1176,0.65,0.76,64.28487500244847
183,454,8063.0,8433.0,346.94071347402684,-0.1741614959737984,86.02445762304427,120.95978329491496,1630.7673322584646,2490.69924345777,0.9561247480137555,0.7030076298026342,59.76733225846459,44.69924345777006,1571,2446,1691,2536,0.84,0.88,99.97871867298333
184,457,9305.0,9882.0,378.69831086388405,0.7411704416154703,101.42473269853686,121.28088639732678,1625.2571735626007,607.8262224610424,0.9416110099170208,0.5483032094210198,52.257173562600755,61.82622246104245,1573,546,1690,669,0.82,0.83,47.53406179558616
185,458,2502.0,2706.0,204.2880688193107,-0.9866739783557205,40.806639607775274,81.24497774051301,1611.4716227018384,1464.8545163868905,0.9246119733924612,0.8647128146127608,27.47162270183853,33.85451638689049,1584,1431,1645,1498,0.75,0.89,146.53225471516512
186,459,6930.0,7237.0,334.7786019230071,-1.1652311957056085,67.52512326944678,134.1669408371901,1629.5155844155845,1819.7679653679654,0.9575791073649302,0.8641165130843204,45.515584415584414,64.76796536796537,1584,1755,1671,1878,0.78,0.92,156.76282967091382
187,460,1244.0,1906.0,196.24351763530726,-0.12581847289711437,26.350574147227256,86.62257146162933,1618.1382636655949,2378.207395498392,0.6526757607555089,0.9526082326564369,34.138263665594856,21.207395498392284,1584,2357,1659,2392,0.41,0.65,97.20886748178579
188,461,516.0,570.0,92.43340212384248,-1.3389535710692797,21.45743634796869,32.80037844950117,1597.7732558139535,1513.9786821705427,0.9052631578947369,0.7563366618677215,12.773255813953488,16.978682170542637,1585,1497,1608,1532,0.76,0.81,166.71638858623965
189,463,254.0,352.0,79.16056983828321,1.0749706784027235,17.274446346344092,27.11977645934462,1597.8307086614172,1799.0826771653544,0.7215909090909091,0.7708897381557334,11.830708661417322,12.082677165354331,1586,1787,1609,1813,0.51,0.55,28.40871702720903
190,465,1432.0,1557.0,150.96670188094592,0.6027118413445728,38.11920741402303,50.09048655076842,1614.133379888268,1133.7856145251396,0.9197174052665382,0.6487437489710984,27.133379888268156,21.785614525139664,1587,1112,1641,1159,0.79,0.81,55.4671552283975
191,466,9063.0,9436.0,384.86309143276765,1.5016199288984766,77.47398512074099,153.12020952448307,1632.0884916694251,1254.9406377579169,0.9604705383637134,0.8625520235915014,44.08849166942513,71.9406377579168,1588,1183,1670,1335,0.77,0.91,3.9635156413825285
192,469,6785.0,6984.0,323.3624202892862,-0.2787612645180809,82.79388545123685,107.39261141599393,1646.0042741341194,1627.8022107590273,0.9715063001145475,0.6369007256080423,55.00427413411938,46.80221075902727,1591,1581,1698,1668,0.82,0.84,105.97184394861598
193,470,861.0,938.0,118.13785200264779,0.9561120624783989,28.570313874500503,40.62694612515642,1611.0243902439024,1395.9152148664343,0.917910447761194,0.7109569073627114,19.024390243902438,20.91521486643438,1592,1375,1627,1418,0.78,0.81,35.218814078439266
194,472,390.0,418.0,75.69365461355127,0.7739968411383038,20.479455250839944,24.84293725187846,1613.3461538461538,1539.7435897435898,0.9330143540669856,0.5660699043284528,11.346153846153847,10.743589743589743,1602,1529,1627,1553,0.86,0.87,45.65324764631754
195,474,320.0,345.0,79.44642416332668,-1.5514351462984526,12.086672074708353,35.6550708442497,1613.34375,1511.378125,0.927536231884058,0.9407903846915868,5.34375,14.378125,1608,1497,1620,1530,0.64,0.95,178.89068607116275
196,475,2915.0,4069.0,273.37321555454025,1.3536048802598977,54.61383908763891,81.19395054397944,1650.2387650085764,1895.981475128645,0.716392233964119,0.7399750325315798,42.23876500857633,54.98147512864494,1608,1841,1679,1939,0.49,0.52,12.444153232796708
197,478,750.0,856.0,114.63146853181718,-0.4001072639720887,30.994255749507076,33.928870647621565,1632.6693333333333,1371.48,0.8761682242990654,0.4068233461780351,22.669333333333334,16.48,1610,1355,1650,1386,0.72,0.72,112.92445757812742
198,480,763.0,922.0,122.9060575119483,0.6228319516581879,30.20170559706976,39.0858569356159,1629.7640891218873,1340.8073394495414,0.8275488069414316,0.6347693926016877,15.764089121887286,21.807339449541285,1614,1319,1651,1359,0.63,0.65,54.31435782408972
199,481,796.0,960.0,125.12749898102747,1.4374169667896808,24.25848175978518,48.013470678197514,1626.2349246231156,2009.4195979899498,0.8291666666666667,0.8629769769451778,12.234924623115578,26.41959798994975,1614,1983,1642,2030,0.64,0.76,7.642074402454881
200,482,2420.0,2564.0,191.4916604088239,1.384340010152412,45.575665800852434,69.93385634248165,1639.2690082644629,2417.0913223140496,0.9438377535101404,0.7584796413886843,24.26900826446281,31.091322314049588,1615,2386,1662,2450,0.83,0.89,10.683160007169263
201,483,11339.0,11861.0,419.53224368008705,1.5365054416052233,96.04831108080894,152.16345779663337,1668.1993121086516,1502.7955728018344,0.9559902200488998,0.7756054774019072,50.199312108651554,78.79557280183438,1618,1424,1720,1582,0.81,0.88,1.9647229971359366
202,484,374.0,411.0,81.15197351123474,1.4505387621044126,16.82350216893019,29.729509731297945,1630.283422459893,1418.1069518716577,0.9099756690997567,0.8244837538847644,8.283422459893048,17.106951871657753,1622,1401,1641,1432,0.71,0.8,6.890250911286202
203,485,4520.0,4855.0,264.1226588609827,0.6466054543911501,65.3822384975765,90.01762196857969,1668.3181415929203,1169.1353982300884,0.9309989701338826,0.6873492131605302,44.318141592920355,37.1353982300885,1624,1132,1710,1213,0.81,0.85,52.952236453248254
204,486,1310.0,1544.0,158.18638665545328,0.7418604908488656,32.379208749850974,56.66736139570431,1649.1847328244276,1407.3213740458016,0.8484455958549223,0.8206781086085068,23.18473282442748,22.321374045801527,1626,1385,1677,1433,0.66,0.74,47.49452488685637
205,487,5693.0,6041.0,312.294681189989,0.8221393880701435,65.31459860276512,115.63791147436088,1682.2450377656771,2304.558756367469,0.9423936434365171,0.82521417319738,56.24503776567715,51.558756367468824,1626,2253,1730,2353,0.73,0.83,42.89488289211263
206,488,198.0,211.0,52.25011444992385,0.6640275863262273,14.476581609160396,17.7791395275506,1633.2929292929293,2554.9343434343436,0.9383886255924171,0.5805209015715711,7.292929292929293,7.934343434343434,1626,2547,1643,2564,0.91,0.93,51.95402182324825
207,489,19732.0,20827.0,543.1842311093341,1.1785107816279483,136.7896519966353,190.14034486439434,1704.3164909791203,1004.3753294141496,0.947424016901138,0.6945813849640794,76.31649097912022,82.3753294141496,1628,922,1783,1099,0.84,0.87,22.476306102054764
208,492,959.0,1028.0,121.10522338902575,-0.40476444126029393,27.544527235095632,45.42295496293297,1650.3712200208552,2660.6339937434827,0.9328793774319066,0.7951589626387351,20.37122002085506,16.633993743482794,1630,2644,1671,2677,0.82,0.9,113.19129418118575
209,493,22354.0,23288.0,571.9349888667147,-0.3475616448072373,166.36184837478226,177.58895529434466,1722.718126509797,1969.9881005636576,0.959893507385778,0.34991788536873397,90.7181265097969,95.98810056365751,1632,1874,1817,2055,0.86,0.86,109.9138153680797
210,494,1000.0,1058.0,125.26225200214064,0.14224017976413858,28.502183493753805,45.98949288792373,1658.258,2688.271,0.945179584120983,0.7847959444519039,25.258,15.271,1633,2673,1682,2705,0.8,0.87,81.85023802233272
211,495,5195.0,5382.0,276.3242386581011,0.2345338229900482,74.3957421913317,91.31720826661632,1686.0450433108758,371.7926852743022,0.9652545522110739,0.5798886291178778,51.04504331087584,40.792685274302215,1635,331,1732,412,0.86,0.87,76.56220178960191
212,498,2194.0,2308.0,185.8822402072101,1.2570075520310202,42.202848975370216,67.67670678141027,1659.0806745670009,681.3222424794895,0.9506065857885615,0.7817476605599214,22.080674567000912,36.32224247948952,1637,645,1686,715,0.8,0.87,17.97877245255131
213,500,2883.0,3035.0,213.90341633010905,1.2525264329411152,46.70757092716797,80.77045808841453,1669.9486645855013,1372.5504682622268,0.9499176276771005,0.8158416105938796,29.948664585501213,35.55046826222685,1640,1337,1694,1417,0.79,0.88,18.235521663898368
214,501,2307.0,2387.0,181.6299268190807,0.2853139105090118,45.655431769548656,65.82735681763087,1671.3550065019506,839.6116168183788,0.9664851277754504,0.7203957922981484,30.355006501950584,25.611616818378845,1641,814,1708,862,0.88,0.92,73.65271709146036
215,502,596.0,791.0,122.445981919693,0.20889680647460593,21.586597955218743,45.45108068548977,1671.1409395973155,1757.9781879194632,0.7534766118836915,0.880017447013807,30.140939597315437,7.978187919463087,1641,1750,1692,1773,0.5,0.61,78.03109463524395
216,505,154.0,167.0,49.01323702131956,0.7331938918008589,12.206868668044805,16.94473115974518,1656.6233766233765,571.2597402597403,0.9221556886227545,0.6935659120830667,8.623376623376624,6.259740259740259,1648,565,1664,581,0.81,0.84,47.99108443503925
217,506,6358.0,6514.0,312.1599281688758,-0.46229495524547315,65.35445432703322,124.82460021459099,1706.5883925762819,437.8836111984901,0.9760515812097021,0.8519824722539124,57.58839257628185,40.883611198490094,1649,397,1767,480,0.82,0.95,116.48754982575488
218,507,10442.0,11568.0,436.54149723260457,0.5041393513710206,84.57744769393231,171.1363844103552,1735.674296111856,904.1745834131392,0.9026625172890733,0.8693421048686124,85.67429611185597,51.174583413139246,1650,853,1805,976,0.69,0.82,61.11494287997766
219,508,3767.0,5256.0,306.0114958828094,-0.027467681564256965,55.46302747017532,102.47183872619836,1697.477037430316,2366.370852136979,0.7167047184170472,0.8408608138538972,46.4770374303159,34.37085213697903,1651,2332,1754,2400,0.51,0.58,91.57378222664123
220,509,945.0,1078.0,128.36437640963177,-0.34452604479510346,28.842663004110594,45.83223731689542,1672.2021164021164,2710.9957671957673,0.8766233766233766,0.7771547691681528,21.202116402116403,15.995767195767195,1651,2695,1694,2730,0.72,0.78,109.73988829909457
221,511,765.0,908.0,121.8906215524232,1.5569719917686773,26.311553124463604,42.471288932056495,1669.083660130719,1321.9751633986928,0.8425110132158591,0.7849856996834587,17.083660130718954,24.97516339869281,1652,1297,1684,1341,0.65,0.7,0.79207605157724
222,512,389.0,454.0,86.84033020504587,1.1238051824666482,20.07464058391325,30.423997754228346,1670.9794344473007,651.7223650385604,0.8568281938325991,0.751415658969123,13.979434447300772,11.722365038560412,1657,640,1680,670,0.65,0.69,25.610706049731675
223,513,2478.0,2688.0,200.26579322730896,0.5799357194554847,52.059669283373566,63.21600825552508,1686.3450363196125,1859.9798224374495,0.921875,0.5672867283085845,29.34503631961259,25.979822437449556,1657,1834,1721,1893,0.78,0.79,56.77213088631778
224,514,2301.0,2369.0,180.1544152673003,0.6259131189131949,44.871057684929795,66.09235729857518,1684.5384615384614,2412.9878313776617,0.9712959054453356,0.7342173678665354,26.53846153846154,26.987831377661887,1658,2386,1717,2439,0.89,0.94,54.13781994440391
225,515,1935.0,2060.0,175.44202628691562,-0.5690893195667457,41.582633454276326,61.44946624525283,1686.5839793281655,1813.5359173126615,0.9393203883495146,0.7362621565676535,27.583979328165373,24.5359173126615,1659,1789,1717,1837,0.79,0.84,122.60641617714631
226,518,725.0,808.0,117.44773861426484,0.6952466141379162,21.355267173224608,46.47383003231178,1683.0110344827585,2451.84,0.8972772277227723,0.8881717326289156,21.01103448275862,16.84,1662,2435,1701,2470,0.66,0.82,50.16530328913693
227,519,6500.0,7421.0,349.56641400644554,0.11768505572842158,66.90120231144104,136.19750830904113,1724.410153846154,1283.8932307692307,0.8758927368279208,0.8710427350118365,61.41015384615385,39.89323076923077,1663,1244,1801,1321,0.67,0.8,83.25714299499955
228,520,7455.0,7841.0,337.36483420932717,0.3280798459412242,82.22710593420483,118.99898851726194,1719.6393024815561,2539.440643863179,0.9507715852569826,0.7228643576828847,56.639302481556,51.440643863179076,1663,2488,1783,2581,0.82,0.87,71.2024094842656
229,522,986.0,1102.0,141.3118861240489,-1.5188314006972887,25.541115695263446,55.629450787381906,1677.5385395537526,1240.4594320486815,0.8947368421052632,0.8883694079980902,11.538539553752535,29.459432048681542,1666,1211,1693,1270,0.62,0.77,177.02262905189784
230,523,11415.0,12089.0,422.8644058837058,-0.9450254968515435,92.90062426337929,158.4952986234746,1732.0911957950066,2721.4753394656154,0.9442468359665812,0.8102089209771981,65.09119579500657,67.47533946561542,1667,2654,1793,2796,0.8,0.89,144.1459725018471
231,525,1195.0,1317.0,145.33416171605063,-0.27929159118727587,31.804046652302564,51.137177199699906,1691.4627615062761,1779.423430962343,0.9073652239939256,0.7830681505038866,23.462761506276152,19.423430962343097,1668,1760,1719,1798,0.71,0.77,106.00222942852409
232,526,172.0,184.0,50.9093559192566,0.8841234635526269,12.536436477696451,18.445394233927573,1675.7906976744187,1095.5523255813953,0.9347826086956522,0.7335353350320646,5.790697674418604,9.55232558139535,1670,1086,1685,1104,0.83,0.88,39.34345696994601
233,527,636.0,663.0,96.13035514470208,-1.0180017316342713,24.664019626006425,33.94823854423772,1684.190251572327,715.3553459119497,0.9592760180995475,0.6871470208972151,13.190251572327044,14.355345911949685,1671,701,1701,734,0.86,0.9,148.3272027596532
234,529,1890.0,2130.0,183.06597012476243,1.1754475767515842,46.977855548926996,56.88940793485624,1706.4502645502646,1219.4698412698413,0.8873239436619719,0.5639995679035177,30.45026455026455,33.46984126984127,1676,1186,1730,1246,0.71,0.72,22.65181481325432
235,530,284.0,348.0,73.56749791948658,-0.2806837071203172,17.186831685278026,23.861554365734058,1689.1760563380283,1425.5492957746478,0.8160919540229885,0.693690785459408,12.17605633802817,7.549295774647887,1677,1418,1702,1439,0.66,0.69,106.08199179608027
236,532,2247.0,2400.0,190.42040792038296,1.3771921120145079,44.642975895565506,67.57676914324426,1699.212728081887,672.9047619047619,0.93625,0.7507151166621464,20.21272808188696,32.904761904761905,1679,640,1727,708,0.78,0.83,11.09270440286059
237,533,771.0,854.0,111.52934412432606,1.2755000415822555,29.34057358829344,36.030724289531484,1694.5304798962386,801.5019455252918,0.9028103044496487,0.5804148450854769,15.530479896238651,19.50194552529183,1679,782,1710,819,0.78,0.79,16.91923084857575
238,534,2102.0,2471.0,197.81431396210215,-0.21739465560576815,39.839843230865434,74.2224288500935,1712.9257849666983,2650.849666983825,0.8506677458518819,0.8437331518150111,33.92578496669838,18.849666983824928,1679,2632,1756,2680,0.68,0.78,102.45579625491055
239,536,10463.0,11015.0,398.86550535280855,-0.7463129737281443,95.44448381651264,143.1433519561459,1742.9305170601167,738.952977157603,0.9498865183840218,0.7452586113003593,62.9305170601166,59.95297715760298,1680,679,1806,807,0.83,0.88,132.76058359048056
240,537,283.0,304.0,66.30834489888056,-1.5056270918706813,14.152109062414675,25.64437126487177,1686.416961130742,1334.268551236749,0.930921052631579,0.8339366089182301,6.41696113074205,13.268551236749117,1680,1321,1695,1348,0.81,0.92,176.2660778847459
241,538,582.0,671.0,104.40494412483318,0.2976229561510388,22.48159222506337,38.16971146375701,1700.910652920962,824.3539518900344,0.8673621460506706,0.8081400570743337,19.9106529209622,11.353951890034365,1681,813,1719,840,0.67,0.74,72.9474607263383
242,539,954.0,1134.0,157.40098849205583,1.2254845807105,19.135616334983503,68.98870090268065,1696.1215932914047,1125.422431865828,0.8412698412698413,0.960762255255702,15.121593291404611,28.42243186582809,1681,1097,1714,1161,0.48,0.83,19.784905666929063
243,541,258.0,278.0,66.99845828726353,-1.0425285377017002,13.351671648890342,27.045644650979284,1693.3062015503876,2249.6744186046512,0.9280575539568345,0.8696483021968784,10.306201550387597,11.674418604651162,1683,2238,1704,2262,0.72,0.86,149.73248523225274
244,542,634.0,752.0,115.22629714518564,-0.5481787163829827,17.95080075008243,48.99903401644061,1706.4968454258676,626.2728706624606,0.8430851063829787,0.9304770863078479,20.49684542586751,13.272870662460567,1686,613,1731,644,0.6,0.85,121.40832686764386
245,543,10919.0,13013.0,598.845444255074,1.0791853478114577,55.91069358999095,277.649505057406,1761.7413682571664,1665.9178496199286,0.8390839929301468,0.9795149434186319,75.74136825716641,108.91784961992856,1686,1557,1826,1803,0.38,0.85,28.16723425804566
246,544,4286.0,4726.0,273.83329114679555,-1.0335393034597686,61.06856003392148,96.17744597513752,1724.2328511432572,580.7855809612693,0.9068980110029623,0.7725473302529443,36.232851143257115,51.78558096126925,1688,529,1756,623,0.72,0.77,149.21744004913558
247,545,5820.0,7412.0,365.4812951072406,1.2716956330766007,61.265450251357244,140.03940738576583,1734.8560137457046,1497.707560137457,0.7852131678359417,0.8992246311055822,46.856013745704466,68.70756013745705,1688,1429,1775,1557,0.55,0.7,17.137207399493448
248,546,572.0,738.0,108.94311183800606,1.2364039129782995,21.58069619110336,39.87876258809747,1704.6241258741259,2451.5996503496503,0.7750677506775068,0.8409211805716015,16.624125874125873,15.59965034965035,1688,2436,1719,2470,0.61,0.69,19.15927401288313
249,548,784.0,815.0,104.13543808260687,1.2939296752527993,28.681820155332346,35.41704302804499,1703.780612244898,1350.5765306122448,0.9619631901840491,0.5866632046043538,13.78061224489796,16.5765306122449,1690,1334,1720,1368,0.91,0.92,15.863290621281394
250,549,541.0,649.0,118.78849714493208,0.8252529841355588,17.37824321919913,44.66016268211553,1704.6044362292052,1630.072088724584,0.8335901386748844,0.9211863107147983,14.604436229205175,20.072088724584102,1690,1610,1724,1648,0.48,0.66,42.7164869784558
251,550,2344.0,2866.0,217.8862236760121,1.1965354100248238,39.605560693445554,85.03832349111741,1715.5580204778157,1405.653156996587,0.8178646196789952,0.8849227721442586,24.5580204778157,38.65315699658703,1691,1367,1749,1444,0.62,0.76,21.44357096762215
252,551,298.0,324.0,70.56065828700996,-0.629228968752216,15.007728141076349,26.786981642020933,1704.0738255033557,2478.8557046979868,0.9197530864197531,0.8283154481454524,13.073825503355705,11.855704697986576,1691,2467,1715,2489,0.75,0.85,126.05216425687114
253,553,1970.0,2049.0,176.4016457175249,-0.14754721706109555,37.21034684484063,68.34350441643512,1736.0852791878172,639.7401015228427,0.961444607125427,0.8387864044894391,38.08527918781726,19.74010152284264,1698,620,1771,662,0.8,0.91,98.45383281650143
254,554,8061.0,8841.0,369.04349510698705,1.0082137773069806,80.09386903592006,134.52840040042742,1757.2121324897655,1141.8008931894306,0.9117746861214795,0.8034533341478678,59.21213248976554,59.80089318943059,1698,1082,1809,1202,0.74,0.82,32.23360571336736
255,555,230.0,243.0,59.50926747052986,0.4778459784505828,13.184353764559974,22.979072404080068,1707.9260869565217,1761.9565217391305,0.9465020576131687,0.8190271032515878,9.92608695652174,7.956521739130435,1698,1754,1721,1770,0.82,0.91,62.62144217748232
256,556,349.0,410.0,87.165652776188,-1.307497023982766,13.51127640189391,36.53917766845705,1708.1203438395416,2219.206303724928,0.8512195121951219,0.9291213103299609,9.120343839541547,15.206303724928366,1699,2204,1717,2238,0.58,0.81,164.91406120012786
257,557,1068.0,1135.0,125.3970050232538,1.0456544730116526,34.260861220982235,40.70244005082559,1717.562734082397,2258.181647940075,0.9409691629955947,0.5398835185581051,18.562734082397004,20.181647940074907,1699,2238,1740,2279,0.85,0.86,30.08841186745606
258,560,996.0,1105.0,134.05273310344288,-0.7418147042079144,33.22817260789454,43.12230190798687,1723.3965863453816,840.5220883534137,0.9013574660633484,0.6373716248659341,23.396586345381525,19.522088353413654,1700,821,1744,858,0.7,0.71,132.50285173185904
259,562,5668.0,6116.0,329.0344287002802,1.2091694851151362,58.800258478144926,134.07408699663293,1737.956245589273,2196.1298517995765,0.9267495094833225,0.898699266189686,36.95624558927311,69.12985179957657,1701,2127,1781,2260,0.66,0.84,20.71969178689588
260,563,4094.0,4293.0,246.2721906161519,0.7522948609810453,70.88669900223442,76.03224959258256,1743.1553492916464,1741.3126526624328,0.9536454693687398,0.3616237885837892,41.15534929164631,40.31265266243283,1702,1701,1779,1781,0.85,0.85,46.896679516405115
261,564,1607.0,1850.0,173.45062261396407,1.3953976109237198,33.78420635213345,69.0326932007385,1721.3907902924705,1832.4082140634723,0.8686486486486487,0.8720626251371641,19.39079029247044,33.40821406347231,1702,1799,1744,1863,0.67,0.81,10.049606151432712
262,565,1803.0,2059.0,190.55516094149613,1.0781984709343004,30.94634823626063,80.03397155007781,1730.7459789240156,1194.9339988907377,0.8756677999028655,0.9222201774889567,25.745978924015528,34.93399889073766,1705,1160,1757,1228,0.62,0.85,28.22377813800582
263,566,10187.0,10718.0,399.0166066567389,0.885088472589766,100.33505226868994,135.36243033023848,1765.445371551978,1364.185628742515,0.9504571748460534,0.6712482148737536,59.44537155197801,59.18562874251497,1706,1305,1829,1423,0.8,0.83,39.288166024925964
264,568,394.0,418.0,90.67203624701861,0.896900448170538,12.437070318418685,40.67771620826084,1719.2005076142132,1150.1725888324872,0.9425837320574163,0.9521129467191323,12.200507614213198,17.17258883248731,1707,1133,1733,1168,0.6,0.96,38.61138967643613
265,570,367.0,394.0,77.2249826942475,0.3773540123698431,15.732894727594575,30.5331679336746,1722.4850136239781,812.0108991825613,0.9314720812182741,0.8570265390144433,13.485013623978201,9.010899182561309,1709,803,1736,822,0.77,0.91,68.37920770888053
266,571,796.0,843.0,116.43230265473973,0.3545851460875951,21.21913827212386,48.3041657098171,1733.605527638191,2492.5854271356784,0.9442467378410438,0.8983493458931571,23.605527638190956,12.585427135678392,1710,2480,1755,2508,0.74,0.94,69.68376765115107
267,572,998.0,1031.0,115.09154412407248,1.4839365850302044,31.901550932001026,40.13510408755357,1726.5741482965932,2440.2054108216435,0.967992240543162,0.6068006291339822,15.574148296593187,20.205410821643287,1711,2420,1744,2460,0.95,0.97,4.97669661271307
268,573,696.0,866.0,121.00993861401126,-0.6740362109915341,27.062162696270637,37.41738641513161,1728.1695402298851,1783.5488505747126,0.8036951501154734,0.6905852370104203,16.169540229885058,16.548850574712645,1712,1767,1755,1801,0.6,0.62,128.61943012880437
269,574,1735.0,1899.0,166.74682996062788,1.5323969506614283,40.946446657028005,57.6378258078252,1735.4195965417866,2401.26916426513,0.913638757240653,0.7037887800327088,20.419596541786742,27.26916426512968,1715,2374,1754,2434,0.78,0.82,2.200122188383105
270,575,330.0,362.0,76.24901498082107,0.7438923452666653,15.079136612122571,29.04945637070188,1725.8484848484848,2472.133333333333,0.9116022099447514,0.85472263266389,10.848484848484848,13.133333333333333,1715,2459,1740,2483,0.71,0.83,47.378108204131436
271,576,7355.0,8170.0,382.64164996368845,1.3074943373461623,64.0444850080698,152.35891465874727,1757.4420122365736,2112.1809653297078,0.9002447980416156,0.9073607806663202,41.44201223657376,71.18096532970767,1716,2041,1796,2190,0.63,0.82,15.086092732810613
272,577,8555.0,10615.0,439.913127682322,-0.0810456257410765,98.97335187947488,127.67090667508228,1776.7872589129165,2303.1762711864408,0.8059349976448422,0.6316883467579912,60.78725891291642,61.17627118644068,1716,2242,1845,2359,0.56,0.57,94.64357230296051
273,578,1466.0,1575.0,155.04479400186347,-0.36324504904948857,33.2848946108275,57.45868909205045,1743.230559345157,674.4788540245567,0.9307936507936508,0.8151258436132667,26.23055934515689,20.478854024556618,1717,654,1772,695,0.77,0.85,110.81240823955827
274,579,1462.0,1567.0,156.48083730754522,1.3087349348163677,37.48286752098324,53.08051862110882,1735.078659370725,1687.1928864569084,0.9329929802169751,0.7080611554143595,16.078659370725035,26.192886456908344,1719,1661,1761,1712,0.75,0.78,15.015011733693228
275,580,477.0,545.0,91.74328873545954,0.23966334186567284,18.250610415363283,35.06739075921796,1735.5283018867924,1869.7463312368973,0.8752293577981651,0.8538958502266406,15.528301886792454,9.746331236897275,1720,1860,1752,1882,0.71,0.83,76.26830200709594
276,581,1541.0,1763.0,162.6687378397103,0.14138701111581867,43.16582407712497,47.59162632025953,1753.80272550292,2466.3491239454897,0.8740782756664776,0.4211207100212213,30.802725502920183,22.349123945489943,1723,2444,1779,2491,0.73,0.73,81.89912098509433
277,584,3737.0,3903.0,248.76313812745735,0.4695004194671844,47.85532400481364,101.8527029908972,1779.4867540808134,1253.1477120685042,0.9574686138867537,0.8827471506880605,49.48675408081348,32.14771206850415,1730,1221,1826,1289,0.76,0.93,63.09960748490854
278,585,4706.0,5725.0,312.6363520439483,1.2883498950257637,60.020392311251385,106.94964638469034,1762.9747131321717,508.21653208669784,0.8220087336244541,0.8276786383326932,31.974713132171697,51.21653208669783,1731,457,1807,561,0.61,0.68,16.18298847890108
279,586,9525.0,9746.0,362.37917069974947,0.7744105143217104,97.3098097685139,126.24538153871016,1785.0828346456692,1834.9540157480315,0.9773240303714344,0.6370784499363312,54.082834645669294,54.954015748031495,1731,1780,1847,1895,0.91,0.93,45.6295459188106
280,589,1234.0,1374.0,143.4380428181136,-0.34505858988118004,36.343201529274246,48.2038842595944,1759.260940032415,802.5259319286872,0.8981077147016011,0.6569345916545505,25.26094003241491,22.525931928687196,1734,780,1782,822,0.75,0.78,109.7704008849272
281,590,1056.0,1128.0,130.03045751144114,1.328391029020745,25.892322153453318,53.33788439099471,1749.0217803030303,2601.3626893939395,0.9361702127659575,0.874270197681781,15.021780303030303,24.362689393939394,1734,2577,1765,2626,0.78,0.95,13.88880049407085
282,591,6929.0,7335.0,346.29006833174253,0.8140572084316137,70.78503629444438,133.05030444717906,1797.1031894934333,858.8452879203348,0.9446489434219496,0.8467336133392696,61.1031894934334,46.845287920334826,1736,812,1846,922,0.73,0.84,43.35795767466696
283,592,1917.0,2876.0,234.8001924535152,1.295631733427239,38.02121352546452,89.61685043890036,1770.2889932185708,629.2138758476787,0.6665507649513213,0.9055384932512576,28.288993218570685,35.213875847678665,1742,594,1798,668,0.44,0.57,15.765769871400266
284,593,21188.0,23048.0,575.5924736414756,0.5342624857331177,158.72470747322134,177.0324847633453,1837.1039739475175,1578.7306494242023,0.9192988545643873,0.4428712699733598,95.10397394751746,82.73064942420238,1742,1496,1926,1669,0.8,0.81,59.389014415324
285,594,1213.0,1270.0,138.6303690627144,-0.1176632788263609,27.40081075226245,56.79948951600199,1770.242374278648,2434.217642209398,0.9551181102362205,0.8759439028464704,27.24237427864798,13.217642209398186,1743,2421,1800,2449,0.79,0.96,96.7416092804215
286,595,1457.0,1598.0,157.63102628818348,1.0011406336571596,32.38784050133415,60.564893316422825,1770.774193548387,1475.022649279341,0.9117647058823529,0.8450023370292861,25.774193548387096,24.022649279341113,1745,1451,1793,1504,0.74,0.85,32.63886699239186
287,597,433.0,480.0,99.787839919463,-0.0850646351126822,14.987321393953632,41.65643157563865,1773.1570438799076,1204.6004618937645,0.9020833333333333,0.9330355874391129,23.157043879907622,7.600461893764434,1750,1197,1794,1215,0.55,0.78,94.87384457777704
288,598,1365.0,1443.0,146.34959767557572,-1.049399211940948,31.32795292018706,56.756722133439936,1770.6783882783882,2500.3113553113553,0.9459459459459459,0.8338646105865161,20.67838827838828,27.31135531135531,1750,2473,1791,2525,0.8,0.91,150.12614586857092
289,599,167.0,183.0,49.10852179633406,0.47391731655654806,14.506077932663823,14.98796175509075,1758.2814371257484,2377.3353293413174,0.912568306010929,0.2515334382155901,7.281437125748503,6.335329341317365,1751,2371,1766,2386,0.87,0.87,62.84653792314438
290,601,893.0,1057.0,128.45966118464628,-0.9170331203420256,26.368693972858544,48.00811332975673,1769.7077267637178,1434.020156774916,0.8448438978240302,0.8356548318086516,17.707726763717805,18.020156774916014,1752,1416,1793,1453,0.68,0.77,142.54212746931057
291,605,781.0,840.0,112.9653874300078,-1.0681153322459005,29.649501981874767,37.65550685424934,1766.089628681178,569.460947503201,0.9297619047619048,0.6164574708021344,13.089628681177977,14.460947503201025,1753,555,1784,592,0.77,0.79,151.19850057090378
292,606,12215.0,14756.0,496.8361628665318,-1.4569245023419477,89.4715040710107,190.97379228258254,1810.509046254605,1034.851575931232,0.8277988614800759,0.8834627125617419,56.509046254604996,94.85157593123209,1754,940,1867,1125,0.62,0.76,173.4756250533914
293,608,157.0,172.0,49.10852179633405,-0.10560528274749346,12.517272823637972,16.46667000803584,1762.8662420382166,2389.917197452229,0.9127906976744186,0.6497381327294042,6.86624203821656,5.917197452229299,1756,2384,1772,2397,0.82,0.84,96.0507369957171
294,609,125.0,132.0,42.53948216411099,-0.4137407313651654,12.489383259730134,13.306044708761982,1763.944,2366.488,0.946969696969697,0.3449398879198841,6.944,7.488,1757,2359,1771,2373,0.87,0.87,113.70559771987995
295,611,408.0,433.0,77.35973571536067,0.431948661530494,18.768644226568778,28.041546743393504,1772.3946078431372,2404.3651960784314,0.9422632794457275,0.7429782294310663,13.394607843137255,10.365196078431373,1759,2394,1787,2415,0.86,0.91,65.2511647279778
296,613,4965.0,5873.0,302.0055685736249,-0.4425659029565413,64.51191488362926,108.81689529744831,1810.8517623363546,348.0787512588117,0.8453941767410182,0.8053141344232551,44.85176233635448,32.07875125881168,1766,316,1862,400,0.68,0.76,115.35715839580618
297,614,808.0,943.0,118.42370632769126,0.9844324675619133,27.25921726324961,41.703413913870804,1787.8873762376238,795.1559405940594,0.8568398727465536,0.7568015262660684,20.887376237623762,16.155940594059405,1767,779,1803,816,0.72,0.77,33.596174393053055
298,615,828.0,857.0,104.82555147098984,0.7837635160115016,30.95962576396661,34.48074185714731,1783.4649758454107,1906.8333333333333,0.9661610268378062,0.4402368944295738,16.464975845410628,14.833333333333334,1767,1892,1800,1926,0.95,0.95,45.093658396206834
299,616,1743.0,1815.0,159.622429961135,-0.6371357436958285,39.01766972463643,57.9404386597537,1793.5490533562822,2574.4538152610444,0.9603305785123967,0.7392692316383052,26.549053356282272,21.453815261044177,1767,2553,1821,2598,0.86,0.91,126.50518909069993
300,617,1053.0,1464.0,159.29710738999287,-0.6466653520726209,28.53943936956667,60.523694463647715,1789.593542260209,440.3618233618234,0.7192622950819673,0.8818438212135343,21.593542260208928,16.36182336182336,1768,424,1824,468,0.52,0.64,127.05119543110264
301,618,18134.0,20942.0,682.4257770682341,-1.3938134411457226,83.82341036296062,301.30836711650426,1822.5855850887835,2141.176629535679,0.8659153853500143,0.9605237249403339,54.5855850887835,145.17662953567884,1768,1996,1891,2289,0.49,0.84,169.85962760625586
302,620,1170.0,1226.0,132.48193677664798,-1.1436337061470256,32.070456842944516,47.36886145476681,1784.6068376068376,2055.2606837606836,0.9543230016313213,0.7359492711439677,15.606837606837606,22.26068376068376,1769,2033,1803,2079,0.84,0.89,155.52538467112916
303,621,2604.0,2855.0,207.7549840440426,-1.2848785274013468,53.11440347719022,65.05776246147849,1797.5430107526881,2376.4139784946237,0.9120840630472855,0.5774597499323423,28.543010752688172,38.413978494623656,1769,2338,1827,2412,0.76,0.77,163.61811680708146
304,622,722.0,849.0,117.1224160431227,-0.5074074674328457,22.961787243250985,43.94467911784663,1794.8240997229916,1499.9570637119114,0.850412249705536,0.8526296291185601,22.82409972299169,14.957063711911358,1772,1485,1817,1517,0.66,0.77,119.07230637732383
305,624,935.0,1060.0,127.29312392119084,0.8487797537414071,30.87391630961924,42.335569537946355,1790.3807486631017,588.1101604278075,0.8820754716981132,0.6842296726598869,17.380748663101603,23.110160427807486,1773,565,1815,608,0.73,0.75,41.36850237446403
306,625,1497.0,1643.0,157.63102628818348,0.29270071458325575,35.66920827104025,56.47685512517283,1803.6072144288578,2465.748162992652,0.9111381618989653,0.775317116763963,30.607214428857716,20.74816299265197,1773,2445,1830,2486,0.76,0.82,73.22948439391614
307,626,1096.0,1186.0,131.1806464920794,-0.5310607837210038,32.63816999284696,45.731741660300315,1800.1824817518248,1211.2481751824816,0.924114671163575,0.7004642936883346,26.182481751824817,22.248175182481752,1774,1189,1820,1228,0.8,0.83,120.42754157212333
308,628,2993.0,3696.0,246.04215282002423,-1.5594212685278621,61.017092476303695,71.01279825196264,1807.0461075843634,1451.5068493150684,0.8097943722943723,0.5115713775520907,30.046107584363515,28.506849315068493,1777,1423,1844,1500,0.62,0.63,179.34825716958352
309,630,2105.0,2199.0,178.5278024115896,-1.1056400774606603,44.669464810219196,62.78011225175364,1803.9092636579574,625.2589073634205,0.9572532969531605,0.702663274838217,24.909263657957244,28.258907363420427,1779,597,1831,661,0.83,0.87,153.34851009901325
310,631,464.0,509.0,98.58183440990892,1.0174029971301524,17.587995307177575,37.316508607502016,1791.5172413793102,1776.3146551724137,0.9115913555992141,0.8819625850650175,11.517241379310345,18.314655172413794,1780,1758,1807,1794,0.6,0.73,31.707102200481664
311,632,230.0,248.0,58.493831511004764,-0.591770551389338,16.49623544445721,18.49389314979114,1791.4173913043478,2080.6478260869567,0.9274193548387096,0.45206924528201303,9.417391304347825,7.647826086956521,1782,2073,1801,2091,0.84,0.85,123.90595503473867
312,634,4679.0,4910.0,263.85315281875637,-1.516543311329323,59.85874020974299,100.85348090209189,1811.7413977345586,483.67493054071383,0.9529531568228106,0.8048179078658145,28.741397734558667,47.67493054071383,1783,436,1844,534,0.84,0.93,176.89153118796463
313,635,448.0,485.0,95.53552653133363,0.21331719906242022,14.400255332657784,41.918544519944724,1804.872767857143,1233.359375,0.9237113402061856,0.9391418977194154,21.872767857142858,7.359375,1783,1226,1823,1243,0.62,0.91,77.77782479617127
314,636,9489.0,12661.0,524.5878329472044,-0.8371375680166995,107.5205567436413,129.05405729088508,1850.5839392981347,682.8846032247866,0.7494668667561803,0.5530567856685085,66.58393929813468,59.884603224786595,1784,623,1911,762,0.43,0.44,137.96444951920276
315,637,1123.0,1182.0,134.0527331034429,1.0216685957223333,31.74884961158744,47.32004934834945,1807.014247551202,1659.5342831700802,0.9500846023688664,0.7415128722662236,23.014247551202136,18.534283170080144,1784,1641,1826,1682,0.79,0.83,31.46270140405275
316,638,820.0,940.0,120.68461604286911,0.38945663100949496,27.777018899204535,42.3356746114799,1803.8573170731706,2419.5914634146343,0.8723404255319149,0.7546619947102668,19.85731707317073,15.591463414634147,1784,2404,1825,2439,0.71,0.76,67.68577873977212
317,640,3437.0,3553.0,222.17800531024017,0.6621230741532929,56.29936668790567,79.60746090554353,1824.8949665405878,570.2362525458249,0.9673515339150014,0.7070013576556334,37.894966540587724,32.23625254582485,1787,538,1861,609,0.87,0.91,52.06314233278867
318,641,749.0,773.0,101.26335147124341,0.8929787423538059,24.125907102631107,39.75479329006567,1804.2510013351134,2498.198931909212,0.9689521345407504,0.7948027282728743,15.251001335113484,17.198931909212284,1789,2481,1820,2516,0.92,1.01,38.836086868226786
319,642,168.0,181.0,51.69475408265404,-0.8494088710631963,14.13509770861229,16.66554517523919,1798.8869047619048,1319.1666666666667,0.9281767955801105,0.5297354393965097,8.886904761904763,8.166666666666666,1790,1311,1806,1329,0.79,0.8,138.66754339289307
320,644,682.0,937.0,127.52316171731849,-0.7153890655435415,20.25526194330245,52.72054820333028,1814.2390029325513,1287.1656891495602,0.727854855923159,0.9232496746598621,23.23900293255132,22.165689149560116,1791,1265,1834,1307,0.53,0.72,130.98877416545275
321,645,776.0,869.0,114.40143073568953,-0.8967504010373933,30.043437145710588,36.33933206668906,1806.2938144329896,1136.1829896907216,0.8929804372842347,0.562573767879758,13.293814432989691,17.182989690721648,1793,1119,1825,1155,0.75,0.76,141.38001325610662
322,647,2281.0,2680.0,199.90100241006814,-0.003211753105183949,44.44361793646158,71.77321656241755,1826.7864971503727,388.1144234984656,0.8511194029850746,0.7852152721896095,29.786497150372643,21.114423498465584,1797,367,1865,418,0.72,0.78,90.18401989776508
323,648,1938.0,2005.0,162.95459216475376,1.088885285632321,46.40201787744175,53.929884483697336,1819.3508771929824,2652.1934984520126,0.9665835411471322,0.5095959769619137,22.350877192982455,25.193498452012385,1797,2627,1844,2679,0.92,0.92,27.611468759370865
324,649,858.0,1169.0,160.50311289954695,1.2656308146822166,17.12223906999162,77.61350204982791,1817.2179487179487,1968.7109557109557,0.7339606501283148,0.9753623212788778,18.21794871794872,31.710955710955712,1799,1937,1833,2001,0.42,0.86,17.48469589700497
325,650,5729.0,6955.0,337.4995872304403,-0.9853601844878724,69.87143858969996,112.8270093548015,1850.4257287484727,786.5517542328504,0.82372393961179,0.785170726265842,50.425728748472686,57.55175423285041,1800,729,1899,837,0.63,0.69,146.45697987138726
326,651,501.0,543.0,88.08580396069863,0.6874685111241895,23.01375539365639,29.0562190911509,1812.4670658682635,925.1976047904192,0.9226519337016574,0.6104661756783111,12.467065868263473,15.197604790419161,1800,910,1828,939,0.81,0.83,50.61095576444146
327,652,1556.0,1634.0,159.7177147361495,-0.0271311105671274,31.301546869284348,63.974372709046406,1835.719151670951,2592.9646529562983,0.9522643818849449,0.8721253038673017,35.719151670951156,14.9646529562982,1800,2578,1867,2609,0.77,0.92,91.55449812899919
328,653,6147.0,6477.0,315.8174129436368,-1.179040263433254,70.11416576131731,116.11613742695229,1844.8062469497315,1320.5874410281438,0.9490504863362668,0.7971146986580118,42.80624694973157,50.58744102814381,1802,1270,1893,1381,0.77,0.85,157.5540309707182
329,654,937.0,1006.0,121.00993861401125,0.2797133541481184,28.553508266610216,43.89980153667939,1824.8783351120599,2526.4674493062967,0.9314115308151093,0.7595708764835496,22.878335112059766,14.467449306296691,1802,2512,1845,2545,0.8,0.86,73.9736053338647
330,656,1003.0,1126.0,130.26049530756882,0.5963156755383244,31.05874886934686,43.440628363554794,1825.2043868394815,1704.5613160518444,0.8907637655417406,0.6991550662480516,21.204386839481554,16.561316051844468,1804,1688,1843,1726,0.74,0.77,55.83362853416143
331,658,16193.0,17683.0,549.7927389876558,1.522420164485152,112.0420773608616,196.78360255591144,1870.3676279874019,1913.7776199592417,0.9157382797036702,0.8220835049976379,64.36762798740196,104.77761995924165,1806,1809,1926,2014,0.67,0.76,2.771749929388207
332,659,947.0,996.0,117.58249163537798,0.5079312174424745,29.84808046348254,41.055099842041734,1827.9292502639917,2442.757127771911,0.9508032128514057,0.6866110786358642,21.929250263991552,18.7571277719113,1806,2424,1848,2461,0.86,0.89,60.89768495760451
333,661,12703.0,13578.0,445.2925100878081,0.0368663973572543,104.89956835416443,156.66001954087514,1886.2621428009131,1159.819806344958,0.9355575195168655,0.7427218020732006,79.26214280091317,52.81980634495788,1807,1107,1967,1219,0.81,0.85,87.88771102557708
334,662,924.0,1282.0,176.36217747142624,0.31198093674512956,21.357586517899247,68.95476576551422,1838.0032467532467,1202.9415584415585,0.7207488299531981,0.9508234791806462,31.003246753246753,24.941558441558442,1807,1178,1873,1215,0.37,0.59,72.12480903596617
335,663,469.0,513.0,91.97332653158719,0.36066481936831324,18.136183978742462,35.32102194587967,1823.319829424307,1417.6972281449894,0.9142300194931774,0.8581092589289732,16.319829424307038,10.697228144989339,1807,1407,1841,1430,0.7,0.82,69.33542803134746
336,665,1713.0,1771.0,155.5048695941188,1.5633262920173625,40.53655003039444,54.774448904504055,1826.8879159369528,739.6211325160538,0.9672501411631846,0.6725374082557777,18.887915936952716,28.621132516053706,1808,711,1851,767,0.89,0.92,0.4280014655686415
337,667,4309.0,4451.0,265.46341739164995,0.3363243960768668,50.93855560227181,109.07277260700685,1865.896727779067,431.3864005569738,0.9680970568411593,0.8842497096040831,54.89672777906707,29.386400556973776,1811,402,1917,465,0.77,0.95,70.73003155750928
338,668,858.0,1100.0,139.41576722611185,0.7545011488576451,33.370896850036814,39.7865525637222,1837.100233100233,2486.4592074592074,0.78,0.5445195701495605,25.1002331002331,20.45920745920746,1812,2466,1855,2506,0.55,0.56,46.770268532685066
339,669,182.0,214.0,58.72386930713242,-0.6263889149910884,12.312440230195781,20.691849559278694,1823.3131868131868,1218.3516483516485,0.8504672897196262,0.8036974430770985,10.313186813186814,7.351648351648351,1813,1211,1833,1227,0.66,0.73,125.88944116276826
340,670,276.0,293.0,65.75298453161078,0.9284122464906622,18.186026456161006,20.82310171490399,1821.1992753623188,1725.0326086956522,0.9419795221843004,0.4870785042012906,8.19927536231884,9.032608695652174,1813,1716,1833,1738,0.8,0.81,36.80589662782558
341,671,3773.0,4612.0,290.3824691070578,-1.0326108980856528,56.641397762156686,102.12464785992216,1850.0145772594751,2358.0877285979327,0.8180832610581092,0.8320970593513557,37.01457725947522,45.08772859793268,1813,2313,1891,2412,0.56,0.64,149.16424633952147
342,675,4449.0,4605.0,257.9742265749163,-0.5781087430961952,57.313642055851,100.20235244563585,1862.5652955720386,1463.0298943582827,0.9661237785016287,0.820268258251522,44.56529557203866,34.02989435828276,1818,1429,1911,1499,0.84,0.94,123.12319107902475
343,676,2586.0,2718.0,194.7680060835268,0.7615102632005492,54.176303058998855,63.16174517049533,1846.6484918793503,1753.2730085073472,0.9514348785871964,0.5140851207141696,28.64849187935035,30.273008507347253,1818,1723,1879,1782,0.86,0.86,46.368675862712045
344,677,1322.0,1389.0,146.02427510443357,-1.297432890555542,29.76025425117066,58.21262580299055,1836.4856278366112,1240.5771558245083,0.9517638588912887,0.859441758373355,17.485627836611194,25.57715582450832,1819,1215,1855,1273,0.78,0.92,164.3374288302914
345,678,297.0,313.0,67.51435040843465,1.283282203106568,16.164219394598618,24.79300721248112,1828.1582491582492,1652.3636363636363,0.9488817891373802,0.7582474503643931,9.158249158249157,9.363636363636363,1819,1643,1836,1666,0.82,0.88,16.47334583774355
346,679,572.0,677.0,104.04015330759238,0.5155717210068622,21.904941093676037,38.67357195794517,1840.8951048951049,1687.2884615384614,0.844903988183161,0.8241263888598297,19.895104895104897,10.288461538461538,1821,1677,1858,1706,0.66,0.75,60.45991635001043
347,681,463.0,507.0,91.5132509393319,0.018644861144911467,15.062556748482853,40.81480280029687,1839.9071274298055,2614.2138228941685,0.9132149901380671,0.929410964986833,18.907127429805616,7.213822894168467,1821,2607,1859,2623,0.69,0.98,88.93172814678911
348,682,1918.0,3206.0,248.8189546563732,0.569531628760074,38.35820651633054,88.35814476932043,1864.9869655891553,554.2090719499479,0.5982532751091703,0.900854132364525,42.98696558915537,31.209071949947862,1822,523,1904,585,0.39,0.5,57.368241372836145
349,683,531.0,562.0,92.43340212384251,1.3098568974627516,18.75748475681354,37.40856021424872,1831.6064030131827,1799.6629001883239,0.9448398576512456,0.8652027037026634,9.606403013182675,18.662900188323917,1822,1781,1844,1818,0.78,0.93,14.950728009284106
350,685,370.0,400.0,79.906499755582,-0.11437620286730668,14.216842539622247,33.81029986922158,1838.7594594594595,1669.7270270270271,0.925,0.907297864443909,15.759459459459459,7.727027027027027,1823,1662,1856,1677,0.73,0.95,96.55327370102877
351,686,1321.0,1505.0,154.06882628843704,0.3897766840192349,38.01193103977079,46.22344449765642,1848.99242997729,2411.8538985616956,0.8777408637873754,0.5689794188978834,22.99242997728993,24.853898561695686,1826,2387,1873,2433,0.7,0.71,67.66744105309357
352,687,5029.0,5510.0,286.32072526895735,0.8361530135859521,65.4477745712294,103.43266501382057,1872.0622390137205,873.2849473056274,0.9127041742286751,0.7743501729984951,43.06223901372042,44.28494730562736,1829,829,1921,913,0.77,0.83,42.09196129437996
353,688,261.0,286.0,64.6422637970712,-0.4935803398113786,13.65749944482307,25.686438238466188,1839.4291187739464,1404.6704980842912,0.9125874125874126,0.8469322714066098,10.42911877394636,7.670498084291188,1829,1397,1853,1415,0.78,0.91,118.280070321825
354,689,504.0,539.0,103.12000212308179,-1.4288267986167575,14.717923389304918,46.086342990847825,1835.6765873015872,2256.371031746032,0.935064935064935,0.9476350121070969,6.676587301587301,18.371031746031747,1829,2238,1846,2282,0.6,0.93,171.86574521592902
355,690,273.0,303.0,66.07830710275293,-0.5631152034668259,16.450870346834744,22.698781069433878,1839.978021978022,613.010989010989,0.900990099009901,0.6890152293716851,9.978021978021978,10.010989010989011,1830,603,1850,623,0.79,0.82,122.26412453829974
356,692,4690.0,4809.0,258.1089795960294,-0.6951227738720421,61.65048320171477,98.08397448420442,1878.2825159914712,502.64733475479744,0.975254730713246,0.7777708193836107,45.282515991471215,41.64733475479744,1833,461,1919,541,0.88,0.96,129.82760118629471
357,693,905.0,976.0,124.24681604261554,-1.2515774284943066,26.239379010311882,46.98434929278809,1845.070718232044,932.8530386740332,0.9272540983606558,0.8295242966547938,12.070718232044198,19.85303867403315,1833,913,1865,959,0.74,0.83,161.71010438656035
358,694,7171.0,7427.0,324.5684257988403,1.4145510679702782,87.7677375760749,108.52130015638737,1880.7767396457955,1060.1757077116163,0.965531170055204,0.5881381676978715,47.776739645795566,57.175707711616234,1833,1003,1924,1110,0.86,0.87,8.952193899579811
359,695,690.0,1026.0,141.7719617163042,-0.8179494639584736,34.45477378590673,40.075999713394935,1853.2608695652175,1260.5086956521739,0.672514619883041,0.5107389387969077,20.26086956521739,22.508695652173913,1833,1238,1879,1280,0.43,0.44,136.86505213980857
360,697,1065.0,1119.0,130.3557800825833,-0.2919295835693464,31.931501600788852,45.13394955992938,1856.9718309859154,1790.1530516431924,0.9517426273458445,0.706730371762061,22.971830985915492,16.153051643192487,1834,1774,1879,1808,0.79,0.82,106.72633305353521
361,698,328.0,340.0,72.32202416383385,0.5577735681426899,16.548636686534532,27.20374194171603,1845.2896341463415,1655.5396341463415,0.9647058823529412,0.7936902769443364,9.289634146341463,10.539634146341463,1836,1645,1861,1664,0.79,0.86,58.04192862147124
362,699,20170.0,23659.0,634.197938210312,1.383808625394649,142.0438657029324,211.5233527791046,1908.5530986613783,2201.3318294496776,0.8525296927173591,0.7409791300670256,72.55309866137829,111.33182944967774,1836,2090,1997,2294,0.63,0.67,10.713606111086648
363,701,293.0,329.0,69.77526012361251,0.009832967815758828,19.483841902572376,21.12861048967297,1846.9829351535836,1416.8054607508532,0.8905775075987842,0.3868219164297444,9.982935153583618,11.805460750853243,1837,1405,1860,1427,0.76,0.76,89.43661244406904
364,702,210.0,222.0,56.50242783805324,-1.1844000061262714,14.11549731654973,19.722397477584895,1846.3666666666666,1815.652380952381,0.9459459459459459,0.6983986194534395,9.366666666666667,9.652380952380952,1837,1806,1854,1827,0.83,0.86,157.8611216063042
365,704,1100.0,1137.0,124.70689163487086,0.36789852593373573,31.22792239845032,45.464361884000304,1859.729090909091,2006.2963636363636,0.9674582233948988,0.726784120777454,21.72909090909091,16.296363636363637,1838,1990,1885,2023,0.89,0.94,68.92096717491268
366,705,1553.0,1699.0,159.33657563609154,-0.6883475823847722,33.9970009714907,60.81541100481629,1864.8151963940759,2451.609787508049,0.9140670982931136,0.829154504751673,25.815196394075983,22.60978750804894,1839,2429,1895,2478,0.77,0.87,129.43941130868117
367,706,410.0,514.0,90.86260579704759,1.506944426259898,16.479165130823958,36.76674059733894,1848.6780487804879,2525.9975609756098,0.7976653696498055,0.8939290538177908,8.678048780487805,14.997560975609757,1840,2511,1859,2543,0.62,0.78,3.658444414544533
368,707,691.0,758.0,106.81695514394137,-1.4542842519155537,22.831139883253435,41.6670507723483,1851.3589001447178,2656.4876989869754,0.9116094986807388,0.8365161261602038,11.3589001447178,16.4876989869754,1840,2640,1865,2679,0.76,0.87,173.32434984710142
369,710,196.0,211.0,54.24151812287538,-0.0037155948937064144,12.01363262204974,21.11011162484524,1850.9285714285713,1429.3775510204082,0.9289099526066351,0.8222726444727595,9.928571428571429,5.377551020408164,1841,1424,1862,1436,0.84,0.94,90.21288790578974
370,711,1520.0,1794.0,173.1647682889206,1.0199805929553478,32.7456097762591,65.11694991643687,1866.1947368421052,1720.3019736842105,0.8472686733556298,0.8643598293499557,24.194736842105264,30.301973684210527,1842,1690,1886,1758,0.64,0.76,31.559416838407422
371,712,3379.0,3629.0,239.05250584164455,-0.3269465876839819,49.97218521585521,89.951549893845,1887.8141461970997,2299.7955016277006,0.931110498759989,0.8314860899049975,44.81414619709973,30.795501627700503,1843,2269,1933,2336,0.74,0.84,108.73265960049606
372,717,6960.0,7529.0,333.80263420958073,-0.7969283088227422,84.21945749097198,109.83881188085276,1893.599856321839,955.7537356321839,0.924425554522513,0.6419398569381465,46.59985632183908,53.75373563218391,1847,902,1952,1009,0.78,0.81,135.66062867004143
373,719,1404.0,1582.0,156.29026775751623,-0.7838407213365769,32.07445256540879,60.16255011715305,1870.6324786324785,597.6431623931624,0.8874841972187105,0.8460334159825451,20.632478632478634,20.64316239316239,1850,577,1899,627,0.72,0.83,134.9107651430759
374,721,1751.0,1847.0,159.75718298224817,-0.3769229609223451,43.66092686031511,52.13930550384886,1877.5396916047973,1405.068532267276,0.9480238224147266,0.5466060613151886,26.53969160479726,22.06853226727584,1851,1383,1906,1430,0.86,0.87,111.59609486242483
375,722,1637.0,1686.0,148.34100134852724,-0.07357551664295385,40.407500442433395,52.11552937319648,1879.0616982284666,2674.8026878436162,0.9709371293001187,0.6315382551826578,26.061698228466707,19.802687843616372,1853,2655,1904,2694,0.93,0.96,94.2155665791358
376,724,813.0,1032.0,127.25365567509219,0.2896460246850869,29.299711355354574,41.347197730315585,1874.5264452644526,2640.2324723247234,0.7877906976744186,0.705583999418672,19.526445264452644,19.232472324723247,1855,2621,1896,2658,0.63,0.66,73.40450523280246
377,726,1380.0,1428.0,141.40717089906337,1.4809347883263047,34.58118881301268,51.92829648209023,1872.7434782608696,1236.9905797101449,0.9663865546218487,0.7460042907131549,16.743478260869566,22.990579710144928,1856,1214,1890,1265,0.87,0.92,5.1486868948028075
378,727,761.0,819.0,108.84782706299157,1.0558668113025858,26.231972698107807,37.96552776969003,1869.15505913272,1680.3390275952693,0.9291819291819292,0.722910322425221,13.155059132720105,17.339027595269382,1856,1663,1887,1700,0.81,0.85,29.503287984425747
379,728,1286.0,1383.0,149.12639951192472,0.25481107717319745,35.59898328407312,52.539965819227284,1886.651632970451,2558.2566096423016,0.9298626174981923,0.735467431030647,30.65163297045101,18.25660964230171,1856,2540,1907,2581,0.73,0.77,75.40040070479347
380,730,5156.0,5362.0,270.32690767596495,0.5439219709856232,71.90802008353353,92.07368735548164,1901.4788595810705,383.50678820791313,0.9615814994405073,0.6245518003188331,43.478859581070594,36.50678820791311,1858,347,1943,423,0.89,0.91,58.83556667808657
381,731,1327.0,1516.0,153.70403547119625,-1.093552174927125,33.15987799160361,54.54810063854806,1877.0218538055765,1354.1258477769404,0.8753298153034301,0.7940123659100009,19.021853805576487,24.125847776940468,1858,1330,1897,1381,0.71,0.77,152.6559243006762
382,732,1679.0,1768.0,157.30570371704135,-0.23705464051809713,39.06046712200092,56.01831507182173,1885.723049434187,2611.0399047051815,0.9496606334841629,0.716798572548363,26.723049434187015,20.039904705181655,1859,2591,1916,2631,0.85,0.89,103.58223041567788
383,735,1472.0,2152.0,200.17050845229448,0.7419872117980858,37.28214165846799,68.33157188509557,1895.797554347826,1807.976902173913,0.6840148698884758,0.8380415722297572,34.797554347826086,24.976902173913043,1861,1783,1921,1843,0.46,0.53,47.48726431129016
384,736,2736.0,2836.0,197.3937066159455,-0.5879058758266087,48.18012470078541,73.01128342113715,1895.891812865497,2380.6388888888887,0.9647390691114246,0.7513536941721178,32.89181286549707,27.63888888888889,1863,2353,1932,2412,0.88,0.94,123.68452543580693
385,737,1121.0,1199.0,129.14977457302922,-0.42387622745242615,35.48266229079261,40.86320245978378,1885.4371097234612,2508.9545049063336,0.9349457881567973,0.4959904322067144,22.437109723461194,18.954504906333632,1863,2490,1905,2528,0.84,0.85,114.28631886895134
386,738,290.0,307.0,65.88773755272393,-1.5200924666659015,16.822677953253756,22.595162819037245,1873.8827586206896,2044.3896551724138,0.9446254071661238,0.6675938723017126,9.882758620689655,12.389655172413793,1864,2032,1883,2058,0.84,0.87,177.09488280958692
387,739,1208.0,1334.0,141.0260317990054,0.1375845273470818,33.149731437575184,48.48200439727955,1893.033940397351,2469.031456953642,0.9055472263868066,0.7297132301226094,26.033940397350992,20.031456953642383,1867,2449,1919,2488,0.76,0.81,82.11698725670996
388,740,376.0,404.0,79.58117718443984,0.17465622928762942,14.857644684325143,33.293362629188636,1886.1303191489362,1378.3909574468084,0.9306930693069307,0.8949011267584225,16.13031914893617,8.39095744680851,1870,1370,1902,1387,0.75,0.94,79.99293519614963
389,741,24444.0,25749.0,604.8591235200273,-0.8923750204501266,147.24960992939486,216.54996336151257,1964.2299132711503,775.4795450826379,0.9493184201328206,0.7332308054842743,93.22991327115038,97.47954508263787,1871,678,2056,881,0.84,0.89,141.12932241469278
390,742,699.0,929.0,132.61668979776113,1.110444695542373,19.5227777410186,55.941291059216844,1890.390557939914,1722.9198855507868,0.7524219590958019,0.9371276026907442,19.390557939914164,23.919885550786837,1871,1699,1909,1745,0.5,0.73,26.376205562732366
391,743,157.0,171.0,48.3231236329366,0.4337418170142247,14.081331085904367,14.629602017121991,1877.031847133758,2416.019108280255,0.9181286549707602,0.27119941737079906,6.031847133757962,6.019108280254777,1871,2410,1885,2424,0.84,0.85,65.14842448674928
392,744,530.0,558.0,87.76048138955647,-1.1677197644857351,23.354612773814786,29.464785219973074,1885.7037735849055,2023.966037735849,0.9498207885304659,0.6097055910148842,13.70377358490566,14.966037735849056,1872,2009,1898,2040,0.86,0.88,156.9054141590431
393,745,413.0,434.0,75.13829424628148,0.2592346448270555,20.1476735731198,26.26164932963613,1884.869249394673,2584.1065375302665,0.9516129032258065,0.6414199658684023,12.869249394673124,10.106537530266344,1872,2574,1899,2596,0.92,0.94,75.14694894783682
394,747,735.0,764.0,105.74570265550044,1.0659280702849008,25.872444648095023,38.184052471535715,1892.6884353741495,741.3537414965987,0.9620418848167539,0.7354564502750681,17.68843537414966,16.35374149659864,1875,725,1907,764,0.83,0.87,28.926820308151008
395,748,725.0,781.0,109.30790265524686,0.49591748784302253,22.84838665879088,41.298873215548845,1894.6868965517242,1499.968275862069,0.9282970550576184,0.8330187251551772,19.68689655172414,13.968275862068966,1875,1486,1914,1518,0.76,0.87,61.5860209598645
396,749,1038.0,1085.0,133.44155620725726,-0.8839882649640769,24.02784472052344,55.88250177799344,1895.5655105973026,2048.3121387283236,0.9566820276497696,0.902842788081176,19.565510597302506,23.3121387283237,1876,2025,1916,2075,0.73,0.94,140.64879672153396
397,751,5061.0,6188.0,345.0051263299911,-0.07177822506449553,54.69050843920551,133.34253160037326,1934.4279786603438,1765.81051175657,0.8178733031674208,0.9120178465294442,56.427978660343804,25.81051175656985,1878,1740,2012,1808,0.53,0.71,94.11258935713573
398,756,2133.0,2206.0,186.89767616673518,-0.7997065938288132,37.28833238139596,73.87654971429355,1912.240506329114,318.648382559775,0.9669084315503174,0.863272341457777,30.240506329113924,29.648382559774966,1882,289,1946,347,0.77,0.91,135.81981267517375
399,757,1213.0,1512.0,178.5278024115896,-0.9264174247557638,29.470742354830563,67.34961633919742,1909.2967848309975,2328.0263808738664,0.8022486772486772,0.8991802260545969,26.296784830997527,38.026380873866444,1883,2290,1933,2354,0.48,0.61,143.07980850588376
400,758,322.0,341.0,67.64910342954782,-1.0456083334196435,17.018460378027765,24.387580658729462,1892.0900621118012,2418.5465838509317,0.9442815249266863,0.7162604280978895,9.090062111801242,11.546583850931677,1883,2407,1902,2430,0.88,0.93,149.90894452865336
401,759,5648.0,6025.0,303.7111179215329,-1.3200985985534162,69.25872052004006,108.83502325755956,1923.7469900849858,619.248052407932,0.9374273858921162,0.7713886901272674,38.74699008498584,49.248052407932015,1885,570,1963,675,0.77,0.83,165.6360782382455
402,761,27098.0,28145.0,644.1617282555341,1.2482796856590732,148.59635958894617,238.69106486034784,1971.9022068049303,1374.4970846556942,0.9627997868182626,0.7825825686417094,86.90220680493026,112.49708465569415,1885,1262,2056,1501,0.82,0.89,18.47884235981803
403,762,3431.0,4290.0,262.45657775917334,-1.4649774692236452,53.94268606433585,93.32938949253925,1919.9419994170796,1664.772661031769,0.7997668997668997,0.8160496733841519,34.94199941707957,39.77266103176916,1885,1625,1957,1715,0.63,0.7,173.93702606827134
404,763,791.0,832.0,112.17998926661035,-1.357647582573197,23.471842325613668,43.94762245431721,1899.4589127686472,546.0581542351454,0.9507211538461539,0.8454296872853955,13.458912768647282,21.058154235145384,1886,525,1912,569,0.79,0.91,167.78747654758314
405,765,898.0,1207.0,160.7726189417733,0.6117034376798071,19.2070033731271,76.39521927242629,1909.7861915367482,1706.3942093541202,0.743993371996686,0.9678790441243412,23.78619153674833,23.394209354120267,1886,1683,1944,1729,0.44,0.81,54.95197470730328
406,767,1280.0,1940.0,193.37143102394379,-1.5475541838336424,32.65692283693068,74.55074188384803,1910.42109375,1446.128125,0.6597938144329897,0.8989508028158147,21.42109375,32.128125,1889,1414,1926,1480,0.43,0.55,178.66832330148043
407,769,1227.0,1394.0,145.00883914490848,-0.45067301015400335,38.29799568308944,43.83334836367785,1914.0700896495518,2067.343928280359,0.8802008608321378,0.4864323685280424,23.070089649551754,26.343928280358597,1891,2041,1937,2086,0.73,0.74,115.82166142228088
408,770,4450.0,5369.0,297.31629955652164,1.2258890158356655,58.89057274581473,108.7653427502124,1929.3301123595506,2671.4429213483145,0.8288321847643881,0.840735451792753,38.33011235955056,55.442921348314606,1891,2616,1968,2720,0.63,0.73,19.761733241170234
409,771,940.0,1052.0,123.92149347147338,-0.24354922915341912,33.76188449297528,37.43978922644907,1909.8797872340426,1232.8531914893617,0.8935361216730038,0.43222705126474986,17.879787234042553,19.853191489361702,1892,1213,1934,1250,0.77,0.77,103.95434293415546
410,772,1193.0,1307.0,150.46715804259196,-0.21541060670112477,27.44410413606464,58.88915817713772,1917.753562447611,1259.7150041911148,0.9127773527161438,0.8847690101479533,25.753562447611063,13.715004191114836,1892,1246,1950,1280,0.66,0.82,102.34211862632694
411,778,1468.0,1792.0,171.6892567371402,-1.3760877700950385,34.13115214716197,61.375052787130016,1916.4291553133514,2501.9632152588556,0.8191964285714286,0.8311100984692569,20.429155313351497,27.963215258855588,1896,2474,1937,2534,0.63,0.71,168.84402146601445
412,779,1404.0,1657.0,164.23953416650522,-0.49858919249187394,31.72581292086014,63.32813396246887,1921.059829059829,687.5377492877493,0.8473144236572119,0.8654617457813194,24.05982905982906,20.53774928774929,1897,667,1958,711,0.65,0.78,118.56705644062018
413,780,16157.0,17105.0,524.6273011933032,0.6354531330464175,103.99695292025181,206.46255171615238,1979.101627777434,1555.8341276227022,0.9445776088862906,0.8638736567756815,82.10162777743393,88.83412762270224,1897,1467,2069,1634,0.74,0.87,53.591217398075095
414,784,599.0,625.0,91.3226813893029,-1.121674472109567,26.007800334052234,29.873265277971946,1913.474123539232,2409.2671118530884,0.9584,0.49198347264376885,14.474123539232053,15.267111853088482,1899,2394,1927,2425,0.9,0.91,154.26721323944275
415,785,1329.0,1394.0,138.6698373088131,-0.9341952093947292,33.401508986557396,50.961564869142656,1920.3310759969902,2440.1519939804366,0.9533715925394548,0.7552598346076997,21.33107599699022,24.15199398043642,1899,2416,1942,2464,0.87,0.93,143.52544273965816
416,786,579.0,628.0,97.10632285812851,0.21511590857006418,20.601119257868422,36.80779506949568,1918.5785837651122,1730.0794473229707,0.9219745222929936,0.8286990425681419,17.578583765112263,11.079447322970639,1901,1719,1938,1741,0.77,0.87,77.67476633281322
417,789,2991.0,3287.0,229.72301265588965,-1.4563921068592993,49.04620595104759,85.66706032149054,1929.6616516215313,537.4546974256102,0.9099482811073928,0.8198899348608452,24.66165162153126,46.45469742561016,1905,491,1961,579,0.71,0.8,173.44512103920385
418,793,250.0,273.0,62.74614489913415,0.9249729954764891,13.985534533571508,23.368307251709073,1918.024,1853.808,0.9157509157509157,0.8011355088842049,9.024,10.808,1909,1843,1928,1865,0.8,0.88,37.00295119562379
419,794,3979.0,4698.0,271.2865271065742,-1.1074940425875015,67.00931901414933,85.32040987898911,1942.1927620005026,2010.7720532797184,0.8469561515538527,0.6190083541550235,32.19276200050264,41.77205327971852,1910,1969,1994,2057,0.68,0.69,153.4547344761457
420,795,16246.0,16919.0,516.4643452710036,-0.9183874762055427,136.76156853361266,168.98336847116778,1973.3501785054782,1037.8554105626001,0.9602222353566996,0.5873683923978107,62.35017850547827,68.85541056260003,1911,969,2062,1133,0.77,0.78,142.61972634424893
421,796,1543.0,1637.0,178.2188281232646,-1.4957806330708365,27.15624483080643,74.77048372547277,1927.6649384316268,455.57485418016853,0.9425778863775198,0.9317132584896712,14.664938431626702,38.5748541801685,1913,417,1940,493,0.61,0.87,175.70191735236534
422,799,364.0,390.0,73.0121375522168,0.26646208639156777,18.047844494702485,26.744480146092737,1926.717032967033,2587.7884615384614,0.9333333333333333,0.7379777673163549,12.717032967032967,7.788461538461538,1914,2580,1940,2600,0.86,0.91,74.73284704951284
423,800,15686.0,16181.0,522.7080623320846,0.27231327430828545,95.52074275009916,214.45487596181573,2019.8273619788347,933.961430575035,0.9694085656016316,0.8953257982986154,104.82736197883463,57.96143057503506,1915,876,2119,990,0.72,0.91,74.39759867674697
424,801,15628.0,16110.0,491.16415445553787,0.5343964994269178,108.04488781557734,188.16922923810682,2004.5004479140005,1952.2533273611466,0.97008069522036,0.8187220869266706,89.50044791400052,61.25332736114666,1915,1891,2083,2027,0.81,0.91,59.3813359962723
425,802,2408.0,2837.0,222.46385963528365,1.153657835328624,37.78714520400023,86.81809531363787,1941.9497508305649,2356.034053156146,0.848783926683116,0.9003120330167904,26.949750830564785,35.03405315614618,1915,2321,1975,2398,0.61,0.78,23.90027503347133
426,803,7024.0,7335.0,339.6815604534208,0.024877241777025418,76.14723914974833,123.15681739875333,1986.5968109339408,1212.055381548975,0.9576005453306067,0.7859461469005197,69.59681093394077,45.05538154897494,1917,1167,2044,1249,0.76,0.83,88.5746390402499
427,806,1257.0,1365.0,146.52381894278756,-1.46236830230382,35.60829373438696,47.866197913940425,1939.8448687350835,343.4049323786794,0.9208791208791208,0.6682763168390792,20.844868735083534,29.404932378679394,1919,314,1962,371,0.74,0.76,173.78753181572017
428,807,12624.0,12891.0,414.51088041137734,-0.7328164953258497,120.00596579209582,136.23169286908418,1984.9561153358682,1830.4773447401774,0.9792878752618106,0.4733097040116513,65.95611533586819,60.47734474017744,1919,1770,2046,1895,0.92,0.93,131.9872923397396
429,809,866.0,922.0,114.5361837568027,0.48517779946947553,33.02927473144711,34.44899881200833,1938.2274826789837,1603.5831408775982,0.9392624728850325,0.28412362761849275,16.227482678983833,16.58314087759815,1922,1587,1958,1623,0.83,0.83,62.20135977695446
430,810,511.0,544.0,92.4334021238425,1.1203280815175565,20.15384991925194,34.44983647142596,1931.9412915851271,1879.1917808219177,0.9393382352941176,0.8110187272133158,9.941291585127201,18.19178082191781,1922,1861,1947,1893,0.75,0.84,25.809929259055565
431,811,753.0,813.0,112.17998926661033,-1.2449560462421638,22.424593054012004,44.02515026882388,1935.4741035856573,2516.887118193891,0.9261992619926199,0.8605543100913718,13.474103585657371,21.8871181938911,1922,2495,1948,2537,0.75,0.89,161.33072712896973
432,818,302.0,339.0,72.456777184947,-1.0820249548350154,16.996445516446133,25.66528780879533,1938.6986754966888,2452.6059602649007,0.8908554572271387,0.7492964251612592,12.698675496688741,14.605960264900663,1926,2438,1948,2463,0.72,0.77,151.99546323987988
433,819,1277.0,1436.0,167.72279767405428,-1.5657554476454052,23.92806229471909,73.52411930478485,1940.5912294440093,2090.5622552858263,0.8892757660167131,0.9455609473563701,12.591229444009397,37.562255285826154,1928,2053,1956,2122,0.57,0.87,179.71117889969867
434,820,315.0,343.0,71.34605645040742,0.41658148962535435,17.54078309599878,24.55922590199456,1941.9238095238095,2600.980952380952,0.9183673469387755,0.6999174206042031,12.923809523809524,10.980952380952381,1929,2590,1954,2611,0.78,0.81,66.1316388211943
435,822,990.0,1047.0,126.19875146946839,-1.3991144104766695,31.374250314296276,42.54319838369826,1945.1181818181817,2301.937373737374,0.9455587392550143,0.6753820021501896,13.118181818181819,19.937373737373736,1932,2282,1963,2323,0.78,0.81,170.1633507762474
436,823,276.0,282.0,59.27922967440222,0.06770610740196857,17.408585943458718,20.38209234289375,1941.3840579710145,2395.463768115942,0.9787234042553191,0.5200894178263482,9.384057971014492,9.46376811594203,1932,2386,1952,2404,0.99,1.0,86.12072579860774
437,826,6708.0,6881.0,310.64494837099676,1.270484896591062,74.03063982397927,116.56369205716234,1973.9637745974956,1695.6808288610614,0.9748583054788548,0.7724225967083065,39.96377459749553,54.68082886106142,1934,1641,2013,1755,0.87,0.94,17.206577490217313
438,827,349.0,367.0,79.16056983828321,0.38102210436198586,16.909101054729984,29.370699597114466,1947.7306590257879,1736.707736389685,0.9509536784741145,0.8176516669620757,13.730659025787965,11.707736389684813,1934,1725,1965,1746,0.7,0.78,68.16904151886501
439,828,413.0,467.0,86.05493204164841,0.8779184266275388,18.66160290377,31.44176131378093,1948.3995157384988,1245.8232445520582,0.8843683083511777,0.8048124681940219,11.39951573849879,12.823244552058112,1937,1233,1961,1262,0.7,0.77,39.69897939747639
440,829,41253.0,43031.0,797.6289542501382,-1.5320779459388838,184.7042495768398,290.8367955330561,2029.1505587472427,428.2239109882918,0.9586809509423438,0.7724474507742557,91.15055874724263,149.22391098829175,1938,279,2116,570,0.81,0.88,177.78160018737034
441,830,2719.0,2821.0,196.37827065642037,-0.08445364389589717,48.180418739928754,73.05169175525553,1973.0470761309305,2652.829349025377,0.9638426090038993,0.7516705970477305,35.04707613093049,22.829349025376978,1938,2630,2012,2680,0.89,0.94,94.83883735973569
442,831,500.0,546.0,93.08404726612679,-1.4763500966952372,19.314285008161015,34.790752717116185,1948.616,2472.892,0.9157509157509157,0.8317464386620852,9.616,20.892,1939,2452,1960,2488,0.73,0.82,174.58862962436808
443,834,2636.0,2948.0,237.86284861490765,0.3155292213769418,38.08038303897718,98.60395025368632,1984.5049317147193,1627.3368740515932,0.8941655359565808,0.9224170332824937,40.50493171471927,29.336874051593323,1944,1598,2041,1649,0.59,0.8,71.9215073020522
444,835,1487.0,1596.0,150.27658849256298,1.0061178744802033,34.15620905214814,56.78299547189359,1969.06523201076,2603.238063214526,0.931704260651629,0.798856393038823,22.06523201075992,26.23806321452589,1947,2577,1992,2629,0.83,0.91,32.35369209961124
445,837,15347.0,16105.0,494.26627886302896,-0.09854627281113768,114.4549509591406,182.40302908731223,2023.6768749592754,2073.146217501792,0.9529338714684881,0.7786295944808593,75.67687495927542,59.14621750179188,1948,2014,2128,2139,0.79,0.86,95.646285518823
446,838,499.0,525.0,92.10807955270036,0.7134618708692337,23.415484040063422,30.107819563588198,1966.3286573146293,871.8176352705411,0.9504761904761905,0.6286095928819596,16.328657314629258,15.817635270541082,1950,856,1981,885,0.74,0.76,49.121645955685175
447,839,378.0,404.0,77.81981130761596,-0.7780111256786831,19.210590294095407,25.458421771290602,1961.2460317460318,559.2830687830688,0.9356435643564357,0.6562001871275347,10.246031746031745,12.283068783068783,1951,547,1975,571,0.78,0.81,134.57675391561082
448,843,903.0,1304.0,157.07566592091368,-0.8565854366208467,27.605358148262994,55.5135653926843,1967.671096345515,2439.095238095238,0.6924846625766872,0.8675945269305089,15.67109634551495,23.095238095238095,1952,2416,1994,2466,0.46,0.55,139.07873031074539
449,844,28158.0,29378.0,660.9967605408397,1.4085544147646938,179.32185020071108,203.73230835896416,2044.1979544001704,2335.1815114709852,0.9584723262305126,0.47463324034399135,91.19795440017046,100.18151147098516,1953,2235,2145,2438,0.81,0.81,9.295776819463399
450,846,3989.0,4151.0,240.4490809012276,-0.3194424278098994,62.16725279557343,83.57931630840056,1997.4615191777389,2466.740536475307,0.9609732594555529,0.6683894977914179,39.46151917773878,33.740536475307096,1958,2433,2041,2499,0.87,0.9,108.30270291091972
451,847,489.0,512.0,85.07896432822199,1.0024165149131696,21.40203311273122,29.576291859927615,1971.3353783231084,2374.271983640082,0.955078125,0.69019728703404,11.335378323108385,14.2719836400818,1960,2360,1986,2390,0.85,0.88,32.56576438126263
452,849,211.0,225.0,55.48699187852813,-1.0622838810172712,13.693110558073881,20.27060683228502,1968.8056872037914,1253.39336492891,0.9377777777777778,0.7373457213005823,6.805687203791469,8.393364928909953,1962,1245,1978,1265,0.86,0.91,150.86438302706694
453,850,945.0,1231.0,149.58647510418,1.5390618631014266,22.47487530656906,61.53286688797623,1975.1534391534392,1149.5597883597884,0.7676685621445979,0.9309094955130609,12.153439153439153,26.55978835978836,1963,1123,1991,1179,0.53,0.75,1.8182508347469764
454,852,4648.0,5187.0,311.0492074343362,0.7481454050362673,48.503661845615106,129.46817719787435,2023.4851549053355,1288.1372633390706,0.8960863697705803,0.9271712807253016,54.48515490533563,41.13726333907057,1969,1247,2068,1350,0.6,0.84,47.13442582931636
455,854,1066.0,1122.0,127.48369347121982,0.8239172610512323,31.534983881623248,44.98790378012686,1991.8039399624765,2576.560037523452,0.9500891265597148,0.7131948453675683,20.803939962476548,17.56003752345216,1971,2559,2012,2599,0.82,0.86,42.793018273785904
456,855,203.0,238.0,61.73070893960904,-1.1019056641406915,12.992436024548871,22.125738980486666,1981.512315270936,2504.1970443349755,0.8529411764705882,0.8094352556045407,7.512315270935961,8.19704433497537,1974,2496,1991,2516,0.67,0.74,153.1345439768216
457,856,533.0,615.0,105.70623440940177,-0.41159300110250274,15.880518049363944,45.64648205817466,1994.514071294559,847.4502814258911,0.8666666666666667,0.9375307780883182,18.5140712945591,14.450281425891182,1976,833,2013,862,0.6,0.88,113.58254184029684
458,857,1116.0,1238.0,132.71197457277563,0.241852600392423,35.611958201895035,41.209815857385614,1996.8933691756272,871.3512544802867,0.901453957996769,0.5032136551957485,20.89336917562724,19.351254480286737,1976,852,2020,890,0.8,0.8,76.14286673325012
459,859,1403.0,1453.0,142.4226068585885,-0.31424396754518685,35.963309413163806,51.54595089242357,2003.5424091233072,2540.8367783321455,0.9655884377150723,0.7163957324423871,25.5424091233072,20.836778332145403,1978,2520,2027,2558,0.87,0.91,108.00485307778523
460,862,20668.0,21196.0,528.34060249698,0.15833356838302973,149.39332964178183,178.26669702110127,2074.242935939617,1121.2630152893362,0.9750896395546329,0.5456199377528148,92.2429359396168,78.26301528933617,1982,1043,2161,1197,0.93,0.94,80.92815477640639
461,865,1016.0,1170.0,165.63610922608825,1.4273586488336167,22.267444741473224,67.36617807748578,2014.5708661417323,1686.1377952755906,0.8683760683760684,0.9437907970619168,14.570866141732283,31.137795275590552,2000,1655,2029,1728,0.47,0.71,8.218373570338002
462,866,7532.0,8092.0,345.08406282218846,0.3722062282222527,85.59861493440867,116.33202195736658,2065.106213489113,2158.024694636219,0.9307958477508651,0.6771847739929353,65.10621348911312,52.0246946362188,2000,2106,2123,2206,0.79,0.82,68.67415401438181
463,867,8258.0,8898.0,352.9543927389801,-0.41179313157993036,94.89887019690197,114.38425464662636,2067.617825139259,1481.2559941874547,0.9280737244324567,0.5582842147101252,65.6178251392589,50.25599418745459,2002,1431,2121,1530,0.83,0.84,113.59400847200538
464,869,350.0,379.0,74.1228582867564,0.06509262503461861,17.39451560567859,26.67905641760218,2019.86,857.5514285714286,0.9234828496042217,0.7582263524536719,13.86,7.551428571428572,2006,850,2034,868,0.8,0.86,86.27046730808875
465,871,516.0,575.0,101.45392102127238,-1.4175670815502164,20.64020202787027,37.25589981553737,2022.2790697674418,1735.8313953488373,0.8973913043478261,0.8325089228167607,12.279069767441861,22.83139534883721,2010,1713,2034,1751,0.63,0.72,171.2206109495048
466,874,399.0,412.0,75.88422416358027,-1.3769930175063327,19.570538266864723,27.103169294216322,2021.7418546365914,839.2531328320802,0.9684466019417476,0.6918141171139061,9.741854636591478,13.253132832080201,2012,826,2031,851,0.87,0.91,168.89588832209677
467,875,1498.0,1549.0,150.65772759262092,0.09236503718620688,34.27652860390591,57.06606786238811,2041.3865153538052,880.6869158878504,0.9670755326016786,0.7995147867071252,27.386515353805073,15.686915887850468,2014,865,2068,900,0.83,0.91,84.70787319466145
468,877,3276.0,3737.0,241.55980163576717,-1.1914874071284385,49.383457097532116,91.64313616268994,2049.8217338217337,1870.7384004884004,0.8766390152528767,0.8423908904151561,33.82173382173382,49.73840048840049,2016,1821,2079,1910,0.71,0.81,158.26719977144518
469,879,16028.0,17020.0,508.36397755808446,0.011726783157135334,113.20993210219126,186.69249101456037,2116.169016720739,2497.0359371100576,0.9417156286721504,0.7951613688005643,98.16901672073871,66.0359371100574,2018,2431,2209,2553,0.78,0.85,89.32810481783105
470,880,390.0,439.0,82.16740947075985,1.0019758308779934,19.677907203862638,28.060111246364542,2034.8692307692309,2441.6358974358973,0.8883826879271071,0.7128890101190254,14.86923076923077,10.635897435897435,2020,2431,2046,2458,0.73,0.76,32.59101371657703
471,881,780.0,840.0,115.87694228746993,0.3816357950749011,25.146240727010596,43.411902857535736,2042.051282051282,1531.2551282051281,0.9285714285714286,0.8151516502761748,20.05128205128205,15.255128205128205,2022,1516,2064,1548,0.73,0.81,68.1338796310886
472,882,6084.0,7783.0,388.4647596786127,1.5232806055355574,61.62972139384544,159.02397613493594,2056.8831360946747,1726.8583168967784,0.781703713221123,0.9218487390555082,33.883136094674555,61.85831689677843,2023,1665,2098,1810,0.51,0.69,2.7224502886801787
473,884,315.0,389.0,82.72276983802965,-0.23620530860722033,14.423527160014139,30.981015974058508,2047.0063492063491,1245.7142857142858,0.8097686375321337,0.8850162287854121,18.006349206349206,8.714285714285714,2029,1237,2063,1255,0.58,0.71,103.53356728177886
474,885,2536.0,2750.0,207.06487065565966,-0.41975344104832607,41.36540167858423,79.42702316576835,2064.654968454259,1644.951498422713,0.9221818181818182,0.8536801963768649,35.65496845425867,24.951498422712934,2029,1620,2105,1672,0.74,0.87,114.0501006081625
475,886,1469.0,1522.0,142.327322083574,1.1611151645090692,39.33873787417514,48.2228503289647,2048.9523485364193,842.3893805309734,0.9651773981603153,0.5783769302327402,18.952348536419333,23.38938053097345,2030,819,2072,867,0.91,0.93,23.47300154499206
476,887,4040.0,4334.0,254.5073113501843,-1.2870228841346585,64.05651229211935,85.56148900697285,2069.3915841584158,786.4014851485149,0.9321642824180896,0.6629535169152482,37.39158415841584,45.40148514851485,2032,741,2104,826,0.78,0.81,163.74097939767069
477,888,201.0,210.0,52.80547481719365,1.0103938323926385,13.72028986048921,18.883613349779846,2039.6716417910447,1259.5174129353234,0.9571428571428572,0.6870911673132413,6.6716417910447765,8.517412935323383,2033,1251,2048,1270,0.91,0.94,32.10869775785313
478,890,944.0,989.0,119.53442706223085,1.3330045912328818,27.44529631136244,44.810285089103694,2051.727754237288,1217.354872881356,0.9544994944388271,0.7904879362409422,14.727754237288135,19.35487288135593,2037,1198,2067,1241,0.83,0.91,13.624462850794373
479,891,1423.0,1624.0,159.622429961135,-0.38465623303312646,29.71449762199122,64.67256907730459,2072.269852424455,2442.115952213633,0.8762315270935961,0.8881981500638755,31.269852424455376,23.115952213633168,2041,2419,2100,2460,0.7,0.87,112.03917871619882
480,893,220.0,239.0,56.59771261306773,-1.0937811384827396,14.633505057757283,19.410503269173844,2052.7045454545455,1265.7681818181818,0.9205020920502092,0.6569935222799153,8.704545454545455,8.768181818181818,2044,1257,2062,1275,0.86,0.89,152.6690429460752
481,895,399.0,443.0,83.5081680014271,1.5567020628370725,20.1299136882135,28.39875552670838,2057.3358395989976,1553.31328320802,0.9006772009029346,0.7053785101617717,12.335839598997493,12.31328320802005,2045,1541,2069,1571,0.72,0.75,0.8075418401266745
482,896,386.0,413.0,87.165652776188,1.4130717264005563,14.125167769325683,36.1484666578924,2055.1943005181347,2223.20725388601,0.9346246973365617,0.9204950293126613,7.194300518134715,21.207253886010363,2048,2202,2064,2239,0.64,0.87,9.036953927983134
483,897,8146.0,9520.0,379.4837090272815,-0.15662740819777035,100.77182140663065,114.83368440565349,2116.495703412718,1014.8957770684999,0.855672268907563,0.4794927615828632,64.4957034127179,61.895777068499875,2052,953,2170,1076,0.71,0.72,98.97408944580499
484,898,1720.0,1858.0,169.98370738923217,-0.25788821899965386,42.93743219805756,55.79796649974876,2076.23488372093,718.453488372093,0.9257265877287406,0.6386274419795916,23.23488372093023,19.453488372093023,2053,699,2110,744,0.75,0.77,104.77590653482565
485,899,9254.0,9612.0,383.5781494310162,1.5146866000414927,77.84028437096042,156.08732383019114,2095.4244650961746,1368.4843311000648,0.9627548897211818,0.8667763697200543,41.42446509617463,75.48433110006484,2054,1293,2131,1444,0.79,0.94,3.214850532602327
486,900,231.0,242.0,57.61314857259282,-1.0058056417716923,15.592394442984649,19.89287391287263,2065.3376623376626,1269.965367965368,0.9545454545454546,0.6209905000556967,8.337662337662337,10.965367965367966,2057,1259,2075,1279,0.87,0.89,147.62841828396515
487,902,3666.0,4078.0,265.1380948205078,-1.2758504833265685,47.3645342347288,103.84000404577137,2087.0796508456083,1569.057555919258,0.898970083374203,0.8899131884253647,28.079650845608292,47.05755591925805,2059,1522,2117,1624,0.66,0.82,163.1008479843386
488,904,199.0,215.0,54.37627114398854,1.3718083037691018,14.44570544088887,18.114065031004408,2068.180904522613,1198.7537688442212,0.9255813953488372,0.6033380219718694,8.180904522613066,8.753768844221106,2060,1190,2077,1209,0.85,0.86,11.40117389303009
489,905,6438.0,6766.0,333.35890690014253,1.4602141113278164,76.15215294741472,116.19127432406252,2103.188878533706,1242.3059956508232,0.9515223174697014,0.7552790348207784,41.18887853370612,53.305995650823235,2062,1189,2137,1313,0.73,0.78,6.335894235469979
490,906,312.0,369.0,89.65660028749352,-0.5336418027772155,15.78360954066237,27.092154513915045,2073.275641025641,1282.775641025641,0.8455284552845529,0.8127664292691538,11.275641025641026,9.775641025641026,2062,1273,2087,1294,0.49,0.54,120.5754230708871
491,907,211.0,226.0,54.701593715130684,1.2575394579471126,13.298568311561304,20.38092338123544,2068.4075829383887,1816.2654028436018,0.9336283185840708,0.7577880561069562,6.407582938388626,10.265402843601896,2062,1806,2077,1826,0.89,0.95,17.948296488461168
492,909,916.0,1003.0,123.78674045036024,-0.5395299839870143,28.547466401453356,42.74286556369983,2084.10807860262,829.4344978165939,0.9132602193419741,0.7442613875482443,20.108078602620086,16.434497816593886,2064,813,2103,850,0.75,0.8,120.91279100321681
493,911,8424.0,8621.0,337.4043024554258,0.03782828220042898,94.52782273947525,114.34621739716727,2124.2705365622032,1727.4808879392212,0.9771488226423849,0.5626711749194901,59.270536562203226,50.480887939221276,2065,1677,2184,1779,0.93,0.94,87.83259908368557
494,912,12940.0,13945.0,477.24067702769423,-0.4330678219033645,102.60444037642479,165.95697073783637,2156.1603554868625,2210.9901081916537,0.9279311581211904,0.7859741976172546,91.16035548686244,60.99010819165379,2065,2150,2246,2271,0.71,0.78,114.81295843798597
495,913,8015.0,8330.0,345.36991714723194,0.3927905760255756,77.27102479491869,133.41764570129715,2128.5735495945105,886.435807860262,0.9621848739495799,0.8152093094868036,60.57354959451029,45.43580786026201,2068,841,2193,933,0.84,0.94,67.49475776122202
496,917,28894.0,31683.0,776.4463238016887,1.4405120072440165,117.95215525829887,327.660087489231,2132.871945732678,1936.3819131999724,0.9119717198497617,0.9329587521434418,61.871945732678064,164.3819131999723,2071,1772,2204,2086,0.6,0.86,7.464741646999187
497,918,591.0,625.0,91.55271918543056,-0.6462818690854161,24.961002407469767,30.689378768318328,2089.02538071066,2573.610829103215,0.9456,0.5817839639129238,15.025380710659899,12.61082910321489,2074,2561,2104,2589,0.89,0.9,127.02922347442073
498,919,606.0,642.0,93.77416065450974,-0.6428579575849351,23.681035917062793,33.36355142008559,2089.8300330033003,2669.8283828382837,0.9439252336448598,0.7044157349841191,13.830033003300331,13.828382838283828,2076,2656,2106,2686,0.87,0.9,126.83304779601687
499,920,1957.0,2273.0,189.61866147416833,-0.6331494212583975,45.054028168010035,61.86665555027497,2107.814512008176,742.7981604496679,0.8609766827980643,0.6853178100389015,30.81451200817578,25.798160449667858,2077,717,2142,780,0.68,0.71,126.27678963925682
500,921,2633.0,2739.0,195.2675499218808,0.6843060388387563,52.96987946580748,64.9509803805028,2110.154196733764,2621.3995442461073,0.9612997444322745,0.5787059811068885,33.15419673376377,27.3995442461071,2077,2594,2141,2655,0.87,0.88,50.79215207922387
501,922,3157.0,3281.0,208.77042000356772,0.7529500057474784,60.9957711975732,66.59777294613583,2118.8571428571427,2112.558758314856,0.9622066443157574,0.40144519494087805,35.857142857142854,33.55875831485588,2083,2079,2150,2147,0.91,0.91,46.85914248631841
502,923,9385.0,10595.0,396.6277156009122,-0.0004278446347224016,104.14856243745274,126.431365357884,2156.9327650506125,1650.110282365477,0.8857951864086834,0.566944871420569,72.93276505061267,58.11028236547683,2084,1592,2218,1714,0.75,0.76,90.02451369185691
503,924,394.0,427.0,76.01897718469343,1.2730180600613954,21.092022609422127,24.792345627602284,2098.1751269035535,2415.3375634517765,0.9227166276346604,0.5255748549742333,11.1751269035533,11.33756345177665,2087,2404,2109,2430,0.86,0.87,17.061437914550496
504,926,2302.0,2671.0,216.94972420868436,-0.617851770405642,36.42858777908415,89.07290017391884,2128.4517810599477,1596.3588184187663,0.8618494945713217,0.9125455954570224,37.45178105994787,30.35881841876629,2091,1566,2172,1629,0.61,0.81,125.40029880892922
505,928,494.0,538.0,89.52184726638035,-0.09562678935687889,19.97845571394707,32.80383890708959,2114.7368421052633,835.8805668016195,0.9182156133828996,0.7931487381071646,17.736842105263158,10.880566801619434,2097,825,2130,848,0.77,0.85,95.47901143853571
506,930,6794.0,7100.0,330.01039641370664,-0.6804106484937259,67.09069206754072,130.22942382742778,2153.6368854871944,770.1181925228143,0.9569014084507043,0.8570861730454103,53.63688548719458,47.11819252281425,2100,723,2212,823,0.78,0.92,128.9846584944499
507,931,547.0,688.0,121.14469163512442,-0.8018399574898685,14.624659444272373,56.39288101219441,2119.6654478976234,1573.9378427787933,0.7950581395348837,0.965787373417479,19.6654478976234,15.937842778793419,2100,1558,2141,1597,0.47,0.85,135.9420454091188
508,932,799.0,882.0,119.24857273718737,0.7164012183128746,26.42062987687535,43.30424881275254,2121.1088861076346,2683.6896120150186,0.9058956916099773,0.7923118384044234,21.108886107634543,19.689612015018774,2100,2664,2141,2702,0.71,0.77,48.953233752641985
509,933,3337.0,3510.0,229.492974859762,-1.1231432248971829,49.981306981988006,87.71474923218545,2126.7893317350913,527.4441114773749,0.9507122507122507,0.8217719962403688,25.789331735091398,40.44411147737489,2101,487,2161,570,0.8,0.89,154.3513665753212
510,934,175.0,197.0,55.256954082400476,0.650338844108723,12.882904325396522,19.26840240509629,2109.0457142857144,821.2457142857143,0.8883248730964467,0.7436198873995845,7.045714285714285,9.245714285714286,2102,812,2120,829,0.72,0.76,52.73832897915379
511,936,353.0,378.0,75.78893938856577,-1.3333403277057543,20.46836039573001,24.022042318828195,2117.0481586402266,2405.1473087818695,0.9338624338624338,0.5234347089015723,12.048158640226628,14.147308781869688,2105,2391,2126,2417,0.77,0.78,166.39477343212982
512,939,609.0,628.0,90.53728322590545,1.2327977462277264,23.781241968206686,32.79165221280928,2119.169129720854,2573.623973727422,0.9697452229299363,0.688514644163344,11.169129720853858,16.623973727422005,2108,2557,2133,2590,0.93,0.97,19.365892147911367
513,940,615.0,643.0,100.57323808286044,1.270840603873758,23.481485643665774,36.22716337006883,2119.9739837398374,462.8991869918699,0.9564541213063764,0.7614927263816568,9.973983739837399,21.899186991869918,2110,441,2135,479,0.76,0.82,17.18619696417676
514,941,2150.0,2250.0,178.39304939047645,0.4981760872271257,46.66232120804465,59.90453526484139,2140.2902325581395,2287.6144186046513,0.9555555555555556,0.6270926003710334,30.290232558139536,24.614418604651163,2110,2263,2171,2315,0.85,0.87,61.45661274754454
515,942,18450.0,19262.0,537.7259122116507,0.5523494578852973,121.08590431317418,199.31200781569342,2196.1547967479673,442.08856368563687,0.9578444605959922,0.7943048670580474,82.15479674796748,84.08856368563686,2114,358,2297,512,0.8,0.88,58.352707246833454
516,943,1259.0,1456.0,156.61559032865836,-0.013960095460277572,33.164615715789594,52.67630969926478,2137.666401906275,942.1532962668784,0.8646978021978022,0.776925437672699,23.66640190627482,17.153296266878474,2114,925,2169,962,0.64,0.7,90.79985455147364
517,944,940.0,1013.0,125.22278375604198,-0.9042600468554929,29.84986745000204,42.85018707398728,2130.758510638298,1539.840425531915,0.9279368213228035,0.7174500347522904,16.75851063829787,17.840425531914892,2114,1522,2152,1559,0.75,0.79,141.8102842671218
518,945,448.0,471.0,80.59661314396496,-1.1225689322341932,23.115568877704938,25.483623261650052,2128.1116071428573,2154.410714285714,0.9511677282377919,0.4209680978370893,11.111607142857142,11.410714285714286,2117,2143,2142,2169,0.87,0.87,154.3184620295266
519,946,435.0,455.0,78.04984910374361,-1.038628098061044,19.871395748528307,28.24530223896426,2131.0137931034483,2654.9471264367817,0.9560439560439561,0.7106663224583117,12.013793103448275,13.947126436781609,2119,2641,2143,2669,0.9,0.94,149.50900650259763
520,948,818.0,857.0,108.61778926686392,0.2434085030575719,31.08706834419673,35.35763701042246,2140.333740831296,571.0684596577017,0.9544924154025671,0.4764198100789317,19.333740831295845,17.068459657701712,2121,554,2158,586,0.87,0.88,76.05372007720393
521,950,5775.0,6747.0,328.40013184081306,0.7838756347473104,68.53854555807935,119.08897926962025,2168.074285714286,2408.2948917748918,0.855935971542908,0.81778500851664,44.074285714285715,51.294891774891774,2124,2357,2235,2451,0.67,0.75,45.08723446584065
522,951,156.0,175.0,52.48015224605149,1.1825739832699285,13.56364266330131,15.70162652967166,2133.224358974359,2318.4358974358975,0.8914285714285715,0.5037717735125365,7.2243589743589745,7.435897435897436,2126,2311,2142,2328,0.71,0.72,22.243501796658677
523,952,457.0,483.0,81.3820113073624,-0.29043505365659733,21.08275466399847,28.815848945782562,2140.043763676149,2557.100656455142,0.9461697722567288,0.6816939345061092,13.043763676148796,9.100656455142232,2127,2548,2157,2570,0.87,0.9,106.64070279717863
524,953,40304.0,41803.0,827.6251857631717,-1.458345869064711,158.93801803295605,337.5278431929596,2198.851627630012,1294.6765333465662,0.9641413295696482,0.8821926738868929,69.8516276300119,168.6765333465661,2129,1126,2297,1465,0.74,0.91,173.5570633677461
525,954,850.0,946.0,116.98766302200953,1.403362928805765,29.86366568918636,38.291749800007594,2146.5082352941176,2601.864705882353,0.8985200845665962,0.6259064152084214,13.508235294117647,16.86470588235294,2133,2585,2164,2622,0.78,0.8,9.593227054311441
526,955,4624.0,5380.0,302.4656441658801,-0.5289553808964561,63.57629554726563,106.0764442292743,2180.8230968858134,826.4539359861592,0.8594795539033457,0.8004914730246162,45.82309688581315,38.453935986159166,2135,788,2234,871,0.64,0.7,120.30691087610182
527,956,1858.0,2205.0,192.07014073937518,-1.0322519801879217,42.052145276678075,63.514851528299076,2169.362755651238,1776.3638320775026,0.8426303854875283,0.749429936008659,34.36275565123789,36.36383207750269,2135,1740,2193,1812,0.63,0.67,149.1436818587898
528,957,2376.0,2512.0,193.46671579895823,-1.0462801674916744,43.62987766460065,71.05659847625769,2161.696127946128,2667.043771043771,0.945859872611465,0.7892936948686797,25.696127946127945,30.043771043771045,2136,2637,2190,2703,0.8,0.87,149.9474377855138
529,958,743.0,784.0,103.9448685325779,-0.4071833249978001,27.122182448834877,35.53655997780972,2156.85598923284,1075.156123822342,0.9477040816326531,0.6461397349269846,19.85598923283984,15.156123822341858,2137,1060,2174,1091,0.86,0.89,113.3298860104777
530,960,684.0,788.0,113.4254630222631,-1.4302278514747249,21.861176181658106,43.732385636959386,2150.5804093567253,2331.470760233918,0.868020304568528,0.8660916227572798,13.580409356725147,20.470760233918128,2137,2311,2163,2357,0.67,0.79,171.9460196315653
531,962,5524.0,5969.0,310.0501197576283,0.31696485587152295,65.62541720898281,113.77053863714491,2192.7836712527155,2131.027697320782,0.925448148768638,0.8168694480374582,53.78367125271542,37.02769732078204,2139,2094,2253,2165,0.72,0.81,71.8392515045893
532,963,983.0,1049.0,120.68461604286912,1.1115413328714825,32.37683652373207,40.53442990699392,2163.034587995931,969.0335707019328,0.9370829361296473,0.6016643490271004,21.034587995930824,17.03357070193286,2142,952,2180,992,0.85,0.86,26.313372872117895
533,964,745.0,824.0,109.95854779753115,-1.0256188731074696,27.57906912239434,36.62337402362995,2156.3973154362416,1541.0953020134227,0.904126213592233,0.6579683790161048,14.39731543624161,18.09530201342282,2142,1523,2172,1561,0.77,0.8,148.76363281802153
534,965,2680.0,2796.0,200.32160975622477,-1.2882122543022565,49.119322023505525,71.17796705985057,2173.033582089552,536.6291044776119,0.9585121602288984,0.7237219697900469,24.03358208955224,32.62910447761194,2149,504,2199,574,0.84,0.88,163.80912528855282
535,966,2402.0,2793.0,209.5163499208665,0.12701618593312872,56.67974123445226,61.6497732762713,2180.927976686095,1112.7622814321398,0.8600071607590405,0.3933640365668903,29.927976686094922,26.762281432139883,2151,1086,2215,1151,0.69,0.69,82.7225086161828
536,967,474.0,504.0,92.10807955270036,-1.0854714558664242,17.410965265609462,35.78663401512919,2164.5611814345993,1046.8628691983122,0.9404761904761905,0.8736686290673298,12.561181434599156,18.862869198312236,2152,1028,2176,1063,0.7,0.85,152.19293320306713
537,969,256.0,276.0,62.420822327992,0.766759605775807,16.954346988662508,20.229767115887185,2166.9765625,2310.4453125,0.927536231884058,0.5455333972642363,9.9765625,11.4453125,2157,2299,2178,2320,0.83,0.84,46.06791068793144
538,970,580.0,648.0,102.14403440965535,-1.0440255212303005,20.252446597944967,39.86144105394671,2170.794827586207,2335.0482758620687,0.8950617283950617,0.8613151265935891,13.794827586206896,17.048275862068966,2157,2318,2186,2354,0.7,0.82,149.81825607044215
539,971,197.0,211.0,57.38311077646517,-0.7304067888120284,12.031249407362338,21.861859196474835,2165.9543147208124,575.243654822335,0.933649289099526,0.834946863582929,7.9543147208121825,7.243654822335025,2158,568,2178,585,0.75,0.86,131.84922632663245
540,974,423.0,484.0,86.41972285888923,0.2586807949915478,18.71207993540597,30.493492042043016,2174.082742316785,946.9125295508275,0.8739669421487604,0.7895845730660105,15.08274231678487,10.912529550827424,2159,936,2191,960,0.71,0.78,75.17868220589543
541,976,1676.0,1796.0,160.50311289954698,-0.08990889348478448,40.66376939839744,53.71524334913702,2188.1605011933175,2572.098448687351,0.933184855233853,0.6533861854124967,27.160501193317423,19.098448687350835,2161,2553,2219,2594,0.82,0.84,95.15140013736942
542,978,2122.0,2245.0,181.6299268190807,-0.18726817098030105,43.59788809848185,64.9824429043222,2191.947219604147,2614.554194156456,0.9452115812917594,0.7415315836284382,29.94721960414703,22.554194156456173,2162,2592,2228,2640,0.81,0.86,100.72967583430552
543,979,2171.0,2461.0,205.53354257496343,-1.031138921028923,50.095902355551054,65.38418575448443,2197.928604329802,573.3929064947029,0.8821617228768793,0.64262881615422,33.928604329801935,39.3929064947029,2164,534,2229,599,0.65,0.66,149.07990826663078
544,980,16349.0,17013.0,499.16923739344264,-1.3889990751928123,111.46291689063659,191.68103168879753,2223.5532448467798,1855.7410239158357,0.9609710221595251,0.8135449228347089,56.55324484677962,85.74102391583583,2167,1770,2285,1956,0.82,0.92,169.5837847561226
545,981,2556.0,2889.0,243.64649008373323,0.2575122596017495,31.802501019791126,107.23050773927352,2219.5469483568077,1037.3243348982785,0.8847352024922118,0.9550077892210587,50.54694835680751,22.32433489827856,2169,1015,2268,1060,0.54,0.89,75.24563435194254
546,982,8608.0,9981.0,395.20802057804764,0.3811974995451157,89.3098603166515,136.51773266997827,2234.2082946096652,2284.4142657992566,0.8624386334034666,0.7563218542127397,65.20829460966543,59.414265799256505,2169,2225,2314,2332,0.69,0.74,68.15899211512475
547,983,2378.0,2544.0,235.91091318805474,0.5473168263917971,30.55496297216046,101.49033323472052,2214.3069806560134,1089.96173254836,0.934748427672956,0.9536043183315491,44.30698065601346,30.961732548359965,2170,1059,2260,1123,0.54,0.87,58.64105579125564
548,984,282.0,307.0,73.43274489837343,-0.2860737648383518,13.341954416210918,30.248538713719874,2185.4078014184397,2546.446808510638,0.9185667752442996,0.89746894396116,15.407801418439716,10.446808510638299,2170,2536,2197,2553,0.66,0.83,106.39081935465556
549,985,5900.0,6914.0,343.7433042915212,0.08753969295393019,77.30750074554649,109.5786623607249,2225.134406779661,913.9050847457627,0.8533410471507087,0.7087121502006626,54.13440677966102,45.905084745762714,2171,868,2288,953,0.63,0.66,84.9843450538687
550,986,492.0,542.0,87.85576616457098,0.07307872037866317,23.533189222876413,28.081160121115584,2185.3008130081303,1050.1849593495936,0.9077490774907749,0.5456058536489014,13.300813008130081,12.184959349593496,2172,1038,2202,1063,0.8,0.81,85.81289775008592
551,988,5353.0,5471.0,273.46850032955473,0.4433040317674543,73.72752104085987,94.4464548897675,2216.0517466841025,989.3261722398655,0.9784317309449826,0.6249962862598041,43.05174668410237,41.32617223986549,2173,948,2263,1027,0.9,0.92,64.6005499385915
552,989,13330.0,14161.0,457.1292990676857,0.601215281817579,104.32404373149897,166.29068092140088,2245.6109527381846,2380.9526631657914,0.941317703552009,0.778729746327198,70.61095273818455,67.95266316579145,2175,2313,2331,2446,0.8,0.87,55.55290177308434
553,990,436.0,460.0,86.41972285888923,0.6872782434644421,17.565846162936438,33.43989012909238,2193.488532110092,370.5963302752294,0.9478260869565217,0.8509194646163529,15.488532110091743,11.596330275229358,2178,359,2208,386,0.73,0.85,50.621857298322816
554,992,1642.0,1705.0,158.05163363434013,0.23843357373264865,35.66328433163176,59.47427374580821,2208.2551766138854,2465.1680876979294,0.963049853372434,0.8002682252824425,29.255176613885506,17.168087697929355,2179,2448,2238,2485,0.83,0.91,76.33876253089791
555,993,2032.0,2153.0,186.66763837060753,-1.242183951564782,34.00070506967705,76.66864970866139,2202.9581692913384,1717.6062992125985,0.9437993497445425,0.8962862541189572,20.95816929133858,37.60629921259842,2182,1680,2225,1756,0.73,0.93,161.17189780354508
556,994,7979.0,8217.0,344.8145567799621,-0.7616400062240016,81.03953429264749,128.32945164754548,2231.1728286752727,1535.4811379872165,0.9710356577826458,0.775379141361757,47.17282867527259,50.48113798721644,2184,1485,2288,1594,0.84,0.91,133.63875786495305
557,995,1144.0,1305.0,161.51854885907204,0.24005745843495174,22.76511957446292,68.77857532205918,2225.221153846154,1066.9344405594406,0.8766283524904215,0.9436337572013029,39.22115384615385,12.93444055944056,2186,1054,2255,1084,0.55,0.83,76.24572079104009
558,996,1032.0,1086.0,128.1343386135041,-0.8834260248988269,35.05964589616881,40.25992861635493,2207.2693798449613,777.6143410852713,0.9502762430939227,0.491580227355377,20.26937984496124,21.614341085271317,2187,756,2228,794,0.79,0.8,140.61658273872195
559,997,2448.0,3185.0,257.323581432632,1.3341709795311192,30.114230904421987,118.79537649149908,2218.717320261438,1639.623774509804,0.7686028257456828,0.9673362623601103,26.71732026143791,47.62377450980392,2192,1592,2243,1698,0.46,0.86,13.55763372403193
560,998,224.0,240.0,60.619988205069454,1.0373727482819555,15.435275036306143,20.372598803357512,2204.1428571428573,604.0401785714286,0.9333333333333333,0.6526624670180071,10.142857142857142,8.040178571428571,2194,596,2212,617,0.77,0.79,30.562919741556833
561,999,11369.0,12426.0,492.16324213224584,-0.7692682988615394,68.12089998212056,221.4595974050801,2277.8819597150145,807.855748086903,0.9149364236278771,0.9515158645604599,82.88195971501452,82.85574808690298,2195,725,2361,882,0.59,0.94,134.07582683797466
562,1000,21082.0,21972.0,554.7351657641681,-1.194936947483583,144.85602353915098,187.39670805917078,2273.927141637416,2004.1661132719855,0.9594939013289642,0.6344166312429328,78.9271416374158,104.16611327198558,2195,1900,2354,2093,0.86,0.88,158.464843875055
563,1001,658.0,697.0,97.6616832253983,0.11093555222441726,24.80323523258125,34.236864715654065,2211.595744680851,1762.4255319148936,0.9440459110473458,0.6893169578231969,15.595744680851064,12.425531914893616,2196,1750,2229,1776,0.87,0.9,83.64386105958776
564,1002,755.0,855.0,119.34385751220188,1.1801554682492554,20.143971225787993,50.24651250820556,2213.129801324503,374.38807947019865,0.8830409356725146,0.9161205632296369,16.129801324503312,20.388079470198676,2197,354,2228,399,0.67,0.89,22.382072500032237
565,1003,1417.0,1452.0,137.74968612430249,0.6806979104625108,41.214414416203425,44.92539807239,2216.5370501058574,2540.0211714890615,0.9758953168044077,0.39797386045916644,19.537050105857446,24.0211714890614,2197,2516,2240,2560,0.94,0.94,50.99888260712412
566,1004,1127.0,1212.0,136.04413677639442,-0.028964216817719515,28.27370888698454,53.261718332244776,2220.9787045252883,520.5696539485359,0.9298679867986799,0.8474690230715128,21.978704525288375,12.569653948535937,2199,508,2248,537,0.77,0.88,91.65952738055717
567,1005,650.0,822.0,123.55670265423258,-1.1418039727392297,28.999245805778582,34.9932907614779,2216.82,2494.766153846154,0.7907542579075426,0.5596801126467994,17.82,12.766153846153847,2199,2482,2234,2516,0.54,0.54,155.42054866922837
568,1007,1903.0,2079.0,174.83084939073,-0.9204786514149051,42.62925523831677,59.830785864355,2233.015239096164,331.348922753547,0.9153439153439153,0.7016751596708583,30.015239096163953,28.348922753547033,2203,303,2260,359,0.78,0.82,142.73954185796777
569,1009,14195.0,14765.0,471.09224474162784,-1.1414757379913467,103.15685285394684,177.69057983346147,2270.769284959493,696.841845720324,0.9613951913308499,0.8142302698174735,61.76928495949278,78.84184572032406,2209,618,2333,790,0.8,0.9,155.40174220348513
570,1010,1798.0,2470.0,212.42790477832864,-0.3283589134983766,37.14077225754831,77.82983396340796,2238.4933259176864,606.9199110122358,0.7279352226720648,0.8787921002556662,28.493325917686317,18.91991101223582,2210,588,2283,637,0.5,0.61,108.81357990895826
571,1011,1392.0,1559.0,154.02935804233834,1.3913026884923465,33.061291030522575,56.43942695114219,2228.478448275862,2586.9130747126437,0.8928800513149455,0.8104674991254444,18.478448275862068,29.913074712643677,2210,2557,2247,2614,0.74,0.82,10.284227924183853
572,1014,2329.0,2486.0,192.91135543168846,1.068891905782624,41.697185875165765,73.83879383790344,2239.4182052383,564.2799484757406,0.9368463395012068,0.825292373185706,25.4182052382997,35.27994847574066,2214,529,2272,595,0.79,0.89,28.757005042960408
573,1015,1623.0,2140.0,203.31210110588427,0.9148767485479672,31.009818147633542,83.37481209579603,2245.910043130006,1141.5237215033887,0.758411214953271,0.9282597018348274,31.910043130006162,33.523721503388785,2214,1108,2274,1181,0.49,0.69,37.581423533550016
574,1016,411.0,449.0,85.95964726663394,1.2876245997780695,20.06311578468702,29.171698601307988,2227.3649635036495,646.9635036496351,0.9153674832962138,0.7259385177187736,10.364963503649635,13.963503649635037,2217,633,2240,665,0.7,0.74,16.224544835494854
575,1017,885.0,933.0,113.3301782472486,-1.3012081773253656,31.97760399662171,37.042915745269745,2233.0632768361584,2649.987570621469,0.9485530546623794,0.504762448780233,15.063276836158192,18.987570621468926,2218,2631,2253,2671,0.87,0.87,164.55373682865388
576,1018,465.0,505.0,85.63432469549178,-0.05201671584504214,20.51876940386753,30.392702614935995,2236.122580645161,396.7118279569892,0.9207920792079208,0.7377064812544231,17.12258064516129,11.711827956989247,2219,385,2251,408,0.8,0.84,92.98033828205219
577,1019,519.0,583.0,100.57323808286046,-1.2691615292459981,17.702405281169884,41.411237093215036,2228.2504816955684,1729.2466281310212,0.8902229845626072,0.9040256091754444,9.2504816955684,16.246628131021193,2219,1713,2241,1754,0.64,0.83,162.71759914616507
578,1020,1089.0,1172.0,148.4757543696404,1.1229848583289472,24.650872154484766,60.51403908675113,2242.966023875115,2120.89898989899,0.9291808873720137,0.9132686010430521,22.966023875114786,22.8989898989899,2220,2098,2258,2154,0.62,0.82,25.657707160654653
579,1021,182.0,213.0,62.51610710300649,-1.4362301738772403,12.266059914294999,19.9673565081581,2227.2747252747254,2213.368131868132,0.8544600938967136,0.789068164760436,6.274725274725275,11.368131868131869,2221,2202,2234,2223,0.59,0.64,172.28992737250624
580,1022,654.0,705.0,101.49338926737104,0.8573790596713674,23.32934022232988,36.955902927987104,2240.989296636086,2455.619266055046,0.9276595744680851,0.7755590148398497,17.989296636085626,15.619266055045872,2223,2440,2256,2473,0.8,0.86,40.87579843793548
581,1024,19706.0,20065.0,509.01462270036865,-1.4422174616557433,149.33879108162512,168.89017308372595,2301.5624175378057,1626.0405967725567,0.9821081485173188,0.46704013418130724,74.56241753780574,82.04059677255658,2227,1544,2376,1713,0.96,0.96,172.63297369294474
582,1025,1912.0,2311.0,199.84518588115233,0.6378183737156119,37.204825528674405,75.99022942451191,2254.2479079497907,1756.8702928870293,0.8273474686282994,0.8719470863639901,27.247907949790793,34.87029288702929,2227,1722,2291,1787,0.6,0.72,53.45569909019756
583,1026,454.0,491.0,95.90031734857443,-1.1562919573646062,16.450532234146717,37.413939352722416,2237.8920704845814,2188.79295154185,0.924643584521385,0.8981496360672623,9.892070484581497,18.792951541850222,2228,2170,2251,2209,0.62,0.79,156.25064904191288
584,1027,871.0,927.0,115.55161971632778,-1.3792915079631851,28.03315661026723,42.02521742299289,2241.7588978185995,2497.5464982778417,0.9395900755124056,0.7450079374879104,13.75889781859931,21.54649827784156,2228,2476,2260,2519,0.82,0.87,169.02758212452548
585,1029,1074.0,1167.0,131.08536171706493,0.7890740415613259,33.51802025863296,43.82365318259137,2253.0772811918064,957.4767225325885,0.9203084832904884,0.6442219810926282,24.077281191806332,18.476722532588454,2229,939,2272,983,0.79,0.81,44.78938769520551
586,1030,7935.0,8248.0,347.72611163742425,-1.0401691001280777,79.66904540820718,128.64788098169439,2284.662381852552,1387.5027095148077,0.9620514064015518,0.7851703124323717,55.66238185255199,58.50270951480781,2229,1329,2330,1445,0.82,0.9,149.5972994172596
587,1032,609.0,644.0,96.22563991971657,1.4137210522333934,21.943916625824308,36.459665132111375,2240.440065681445,2682.1395730706076,0.9456521739130435,0.7985953612233888,10.440065681444992,19.139573070607554,2230,2663,2254,2699,0.83,0.91,8.999750298232755
588,1036,2862.0,3033.0,205.07346698270817,-1.405879586305782,53.208356722375584,71.73523823130701,2261.0013976240393,2541.3570929419984,0.9436201780415431,0.6706958449364334,28.001397624039132,39.3570929419986,2233,2502,2291,2574,0.86,0.88,170.5509667989195
589,1037,32719.0,33721.0,694.3251542574918,-0.8819580099732648,165.37505461861588,254.29215024965453,2342.3185305174366,2171.4724472019316,0.9702855787194923,0.7596476458831981,108.31853051743636,112.4724472019316,2234,2059,2450,2292,0.85,0.91,140.53247167922504
590,1039,1467.0,1602.0,156.19498298250173,-0.7334346552341655,32.09189986952623,61.278382139254894,2259.690524880709,364.3721881390593,0.9157303370786517,0.8518986339318042,23.69052488070893,21.372188139059304,2236,343,2286,395,0.76,0.88,132.0227102935503
591,1040,639.0,747.0,117.67777641039245,1.1765508695299156,17.610293684031657,49.82431308945809,2248.5774647887324,1697.641627543036,0.8554216867469879,0.9354542506190363,12.577464788732394,23.641627543035995,2236,1674,2266,1720,0.58,0.84,22.588600793488666
592,1041,483.0,548.0,90.63256800091995,-1.3924547360918433,19.344782674749087,33.675838092958585,2253.658385093168,1472.6935817805384,0.8813868613138686,0.8185459780920122,11.658385093167702,16.693581780538302,2242,1456,2264,1489,0.74,0.83,169.78177954106548
593,1042,522.0,666.0,106.39634779778474,-0.3913727247831341,17.420366707035118,46.77041676692601,2262.229885057471,616.4386973180077,0.7837837837837838,0.9280460390847909,19.229885057471265,11.438697318007662,2243,605,2283,633,0.58,0.81,112.42400534660871
594,1043,3015.0,3178.0,216.62440163754223,1.387745826737618,52.153972541058295,75.904456904879,2275.4616915422885,1095.498839137645,0.9487098804279421,0.7265626086313696,31.461691542288555,37.498839137645106,2244,1058,2305,1141,0.81,0.85,10.488021091041304
595,1044,214.0,225.0,55.35223885741497,1.0908220667493724,15.623006642929793,17.920065729718885,2252.728971962617,1446.2429906542056,0.9511111111111111,0.48983284714268766,7.728971962616822,7.242990654205608,2245,1439,2261,1455,0.88,0.88,27.50049937552319
596,1045,14991.0,19522.0,596.3150284976698,0.47600280235622133,108.5562739512278,201.254161261598,2340.18411046628,428.3250617036889,0.7679028788034012,0.8420503682549793,94.18411046627976,63.32506170368888,2246,365,2446,516,0.53,0.61,62.72704838858864
597,1046,21538.0,22312.0,565.8260248267468,-0.3615623091132772,153.49310881720126,187.08776921915342,2342.0637477945957,544.7194261305599,0.9653101470060954,0.5717416904850462,95.0637477945956,75.71942613055994,2247,469,2442,642,0.85,0.86,110.71599434319525
598,1047,10390.0,12970.0,479.23208070064584,-0.7677225295808714,117.7515619384011,126.00771045333367,2330.081135707411,2465.785851780558,0.8010794140323825,0.3560182000741953,81.08113570741097,67.78585178055823,2249,2398,2393,2540,0.57,0.57,133.98726078209143
599,1048,289.0,305.0,61.730708939609045,-1.0171532609474825,17.852766527643922,20.699039616863132,2258.0242214532873,2627.204152249135,0.9475409836065574,0.5060698361248013,9.024221453287197,9.204152249134948,2249,2618,2268,2638,0.95,0.96,148.27858897025965
600,1049,267.0,285.0,63.301505266403936,-1.5184397019319684,15.645732427501713,22.134787425799452,2260.5992509363296,2472.9737827715358,0.9368421052631579,0.7073743969785281,8.599250936329588,10.97378277153558,2252,2462,2269,2486,0.84,0.88,177.0001863658045
601,1050,10357.0,12814.0,463.04769355762437,0.30270185502986996,126.98646257584782,129.6144801348943,2329.976923819639,1742.7675002413825,0.8082565943499298,0.20035017808387526,76.9769238196389,85.76750024138263,2253,1657,2383,1809,0.61,0.61,72.65646125600756
602,1051,166.0,176.0,46.98236510226936,0.6428956782684976,13.950647207182756,15.29639891981088,2259.4337349397592,2455.4036144578313,0.9431818181818182,0.41014202792151344,6.433734939759036,6.403614457831325,2253,2449,2267,2463,0.95,0.95,53.16479096801465
603,1052,215.0,233.0,59.27922967440222,0.904673260197814,13.88926068532449,20.86858467826561,2263.0046511627907,882.2790697674419,0.9227467811158798,0.7463458240804952,8.004651162790697,9.279069767441861,2255,873,2274,891,0.77,0.82,38.16604035232469
604,1053,940.0,1067.0,129.93517273642667,-0.8992177606766307,31.080903914139952,43.47375111655735,2273.885106382979,2102.4010638297873,0.8809746954076851,0.6991909773094541,18.885106382978723,17.401063829787233,2255,2085,2297,2125,0.7,0.73,141.52138254997587
605,1054,5905.0,6185.0,305.7814580866818,-1.19827504172401,68.84973875816158,114.30249739319706,2294.7173581710413,986.3346316680779,0.9547291835084882,0.7982345412811486,38.71735817104149,58.3346316680779,2256,928,2337,1042,0.79,0.87,158.6561025866484
606,1055,396.0,537.0,99.69255514444852,-0.5272272622639026,18.047171834596135,37.60812425601818,2273.373737373737,1053.141414141414,0.7374301675977654,0.8773372601907975,17.373737373737374,12.141414141414142,2256,1041,2288,1068,0.5,0.61,120.20789697195859
607,1056,430.0,455.0,83.64292102254025,0.7945801336295176,17.586939901874416,32.95304244251669,2270.3255813953488,1137.6511627906978,0.945054945054945,0.8456757723179319,14.325581395348838,11.651162790697674,2256,1126,2285,1154,0.77,0.89,44.47391185808767
608,1057,213.0,239.0,61.17534857233925,0.875498492113752,13.95580125477972,20.21963557708382,2266.2018779342725,334.9342723004695,0.891213389121339,0.723608807617727,8.2018779342723,8.934272300469484,2258,326,2276,345,0.72,0.75,39.83763143181442
609,1058,216.0,230.0,55.81231444967027,-0.7650404544106463,14.156743720055893,20.10071986786168,2266.3333333333335,1450.3657407407406,0.9391304347826087,0.7099120048355865,8.333333333333334,7.3657407407407405,2258,1443,2276,1460,0.87,0.91,133.8335891945007
610,1059,1776.0,1823.0,151.71263179824467,-0.22793589352369606,45.59924348786483,50.03265851234522,2281.0686936936936,2590.313626126126,0.9742183214481623,0.4115446981402189,23.068693693693692,22.313626126126128,2258,2568,2309,2614,0.97,0.97,103.0597646984511
611,1060,347.0,371.0,71.80613204266271,1.422252854570385,18.704757938914064,24.576765541126928,2267.5273775216137,2493.077809798271,0.9353099730458221,0.6486640776460708,8.527377521613833,14.077809798270893,2259,2479,2280,2506,0.85,0.87,8.510914032683289
612,1061,33838.0,35521.0,714.7060382597268,-0.5788830296286628,192.02775352697296,229.81937235952745,2386.61354098942,1137.6270169631775,0.9526195771515441,0.5494000072834297,125.61354098942017,114.6270169631775,2261,1023,2501,1251,0.83,0.84,123.16755442946896
613,1062,13223.0,13859.0,484.72986784442793,0.5713874241059538,96.93242767471624,185.85490964163338,2359.7905921500414,923.0220071088255,0.9541092430911321,0.8532213795414667,95.79059215004159,58.022007108825534,2264,865,2435,1001,0.71,0.82,57.26191213187721
614,1063,1663.0,1730.0,154.35468061348053,-1.568743032397161,37.93491784101994,56.9201104518549,2284.3992784125076,1879.8965724594107,0.9612716763005781,0.7455417153579748,18.399278412507517,26.896572459410702,2266,1853,2304,1908,0.88,0.93,179.8823548969119
615,1065,857.0,987.0,126.5077257577934,1.181634128748792,30.153169305123534,41.56931434623743,2287.696616102684,2512.6907817969663,0.8682877406281662,0.6883582753023899,19.69661610268378,17.69078179696616,2268,2495,2306,2541,0.67,0.7,22.297351494076082
616,1066,311.0,353.0,78.37517167488578,1.159079204496478,14.72822945739973,30.238985790372787,2280.038585209003,2339.250803858521,0.8810198300283286,0.8733679756876301,11.038585209003216,12.2508038585209,2269,2327,2290,2356,0.64,0.77,23.589653460970936
617,1067,149.0,161.0,46.88708032725487,0.9170933805855291,12.225004853536191,16.19910690000168,2279.261744966443,1483.9530201342282,0.9254658385093167,0.6561027936086594,6.261744966442953,7.953020134228188,2273,1476,2288,1491,0.85,0.88,37.45441987306423
618,1068,9796.0,11780.0,439.0093247806285,-1.130986702724533,82.00988192683717,169.19585529146127,2340.3118619844836,1421.0936096365863,0.8315789473684211,0.8746783299429495,63.311861984483464,79.09360963658636,2277,1342,2390,1496,0.64,0.77,154.80076475153282
619,1070,373.0,400.0,77.26445094034617,0.5992212758166038,17.002891773968994,29.517253219141384,2291.686327077748,610.9222520107238,0.9325,0.8174269198864871,12.68632707774799,11.922252010723861,2279,599,2308,621,0.79,0.88,55.66714990126398
620,1071,253.0,275.0,66.07830710275292,0.41709589014720333,12.961472630414866,25.86980845358302,2292.905138339921,1482.2332015810277,0.92,0.8654316501012524,13.90513833992095,7.233201581027668,2279,1475,2305,1490,0.73,0.86,66.10216584231303
621,1072,525.0,557.0,87.99051918568414,1.054884998245208,24.25166570703467,28.144936048487796,2294.775238095238,1788.9942857142858,0.9425493716337523,0.5074678988863549,13.775238095238095,15.994285714285715,2281,1773,2309,1803,0.85,0.86,29.559541728884334
622,1073,15121.0,15934.0,521.5251767858119,-0.611820051299707,95.04932796530251,206.42969887727745,2382.917531909265,805.5568414787382,0.9489770302497803,0.8876887239850969,100.91753190926526,74.55684147873818,2282,731,2479,873,0.7,0.87,125.05470676095072
623,1074,139.0,145.0,44.435601062048036,-0.8348573451264465,12.617163968991179,14.914825368707893,2287.7697841726617,919.705035971223,0.9586206896551724,0.5332656843205782,5.76978417266187,7.705035971223022,2282,912,2296,927,0.88,0.89,137.83380237124214
624,1075,2121.0,2739.0,213.6339102878827,1.4537675394739156,45.07842719046546,71.39665231325148,2310.706742102782,1302.956152758133,0.7743702081051479,0.7754734934363299,28.706742102781707,37.95615275813296,2282,1265,2337,1336,0.58,0.63,6.70525559502633
625,1076,629.0,667.0,95.67027955244677,1.0112568303288472,26.321645839151508,31.243214520533158,2296.1701112877586,1502.8108108108108,0.9430284857571214,0.5387345047780714,14.170111287758347,13.81081081081081,2282,1489,2312,1519,0.86,0.87,32.059251618379875
626,1077,291.0,316.0,68.98986196021507,0.8519884716950544,14.517831385532169,26.108069475987804,2291.3333333333335,1810.8041237113403,0.9208860759493671,0.8311375833805584,9.333333333333334,10.804123711340207,2282,1800,2302,1823,0.77,0.87,41.184656378072184
627,1078,2165.0,2300.0,183.7002669842296,0.839589684114075,46.470252144460275,63.02095172442364,2315.131177829099,2626.2314087759814,0.941304347826087,0.6754805305251466,32.13117782909931,30.231408775981524,2283,2596,2343,2661,0.81,0.83,41.89505457754152
628,1079,1409.0,1487.0,142.09728428744634,-1.0642762557704182,40.07188828194641,46.18290760328432,2306.168914123492,347.5656493967353,0.9475453934095495,0.4971268067309697,22.168914123491838,23.565649396735274,2284,324,2327,370,0.88,0.88,150.9785376916307
629,1080,390.0,435.0,88.7364491029829,0.02047325236973601,14.598743498973503,36.31691830874166,2302.9589743589745,1831.7923076923078,0.896551724137931,0.9156476174081776,18.95897435897436,9.792307692307693,2284,1822,2322,1839,0.62,0.83,88.82696904630791
630,1081,3787.0,3983.0,260.04456674006514,-0.6499232589712131,52.409097768750186,101.30291221969635,2323.601795616583,1044.3390546606813,0.9507908611599297,0.8557736899739202,38.60179561658305,34.33905466068128,2285,1010,2374,1093,0.7,0.82,127.23785974643852
631,1084,720.0,752.0,100.01787771559066,1.0038702397181707,26.766733706483755,34.66010742818176,2300.6208333333334,2341.086111111111,0.9574468085106383,0.6353024343619128,13.620833333333334,17.086111111111112,2287,2324,2317,2357,0.9,0.93,32.482472085362595
632,1085,1445.0,1582.0,156.3855525325307,-1.3810875507685352,36.57989448307347,54.50863856161215,2308.723875432526,2537.236678200692,0.9134007585335019,0.7413810020144599,21.72387543252595,28.23667820069204,2287,2509,2330,2561,0.74,0.79,169.13048779709686
633,1087,391.0,455.0,82.9528076341573,0.6426342607345706,19.27512465584397,29.34656536917186,2311.700767263427,1910.8132992327367,0.8593406593406593,0.7540559051354948,15.70076726342711,11.813299232736572,2296,1899,2323,1926,0.71,0.76,53.179769089399386
634,1088,1367.0,1436.0,147.5556031851298,0.09973394697500224,30.73579536113695,57.80670638736387,2326.2962692026335,1815.2911485003658,0.9519498607242339,0.8469330963494498,28.296269202633503,14.291148500365765,2298,1801,2356,1832,0.79,0.91,84.28566576415082
635,1090,149.0,161.0,45.77635959271528,-0.4142208028262376,13.685347566536699,14.17671251887172,2304.5436241610737,1856.765100671141,0.9254658385093167,0.26099558910566223,6.543624161073826,6.76510067114094,2298,1850,2313,1865,0.89,0.89,113.73310378846406
636,1092,2045.0,2104.0,164.20006592040653,0.4243652167899313,47.40119291941795,55.13254377273472,2326.720782396088,1880.1408312958436,0.971958174904943,0.5106849421630861,26.72078239608802,23.140831295843522,2300,1857,2354,1906,0.95,0.96,65.68566410578272
637,1094,14548.0,16832.0,513.5922586596402,-1.1619639873152474,132.65495184764944,155.89024913301301,2401.1647649161396,1487.3344102282101,0.8643060836501901,0.525245201415733,93.16476491613967,87.33441022821006,2308,1400,2467,1556,0.69,0.7,156.5756324193564
638,1095,4410.0,5538.0,320.85512449516364,0.874886437533709,55.61294376492292,120.09441871916312,2350.9897959183672,2375.8791383219955,0.7963163596966414,0.8863181378420495,42.98979591836735,71.87913832199547,2308,2304,2400,2419,0.54,0.67,39.87269957608254
639,1097,242.0,263.0,62.190784531864345,1.1208375288404517,14.73143268585862,22.405252534347465,2322.3925619834713,1273.7148760330579,0.9201520912547528,0.7534553563683843,9.392561983471074,8.714876033057852,2313,1265,2332,1287,0.79,0.84,25.780740077569433
640,1098,566.0,653.0,107.27703073619666,-0.3712245897209576,18.852378275703508,43.83575922094801,2334.167844522968,722.482332155477,0.8667687595712098,0.9027962692262952,20.1678445229682,10.482332155477032,2314,712,2356,738,0.62,0.79,111.26960224248643
641,1099,11302.0,11517.0,409.305719273103,0.8350960606182296,100.50048161316802,149.01418211973825,2381.7012033268447,2316.7173951513005,0.9813319440826604,0.7383336036193613,67.7012033268448,70.71739515130065,2314,2246,2445,2383,0.85,0.9,42.15252023857428
642,1101,1243.0,1324.0,145.79423730830592,-1.4227490872689832,36.50616791845991,48.16799155148198,2342.0836685438458,1931.787610619469,0.9388217522658611,0.6523792567883792,22.083668543845533,22.787610619469028,2320,1909,2360,1962,0.73,0.76,171.51751800660278
643,1103,2427.0,2538.0,194.2521139623557,-0.6151205402662753,41.05390692588612,76.4348482693877,2357.964153275649,2690.0140090646887,0.9562647754137116,0.8435123298880361,32.96415327564895,29.014009064688917,2325,2661,2390,2720,0.81,0.93,125.24381084906459
644,1104,1681.0,1786.0,157.40098849205583,-1.3257249075040272,40.608269663644656,53.69127039994076,2347.378941106484,2557.0249851279,0.9412094064949608,0.6541913390987881,20.378941106484234,30.02498512790006,2327,2527,2369,2585,0.85,0.88,165.9584419953522
645,1105,576.0,612.0,97.01103808311403,-0.3963683189606283,18.7460235336686,39.621313876831216,2346.1736111111113,2663.425347222222,0.9411764705882353,0.8809927416837827,19.17361111111111,12.425347222222221,2327,2651,2364,2676,0.77,0.94,112.71023180913924
646,1106,315.0,327.0,65.29290893935547,1.5528678028531027,17.310478457576636,23.455172314619656,2335.574603174603,1335.1746031746031,0.963302752293578,0.6747745388644096,7.574603174603174,11.174603174603174,2328,1324,2345,1347,0.93,0.96,1.0272287547640389
647,1109,4877.0,5030.0,268.98614914529765,1.5088952207759752,61.54993615218047,103.46736212249336,2366.0645888866106,671.7736313307361,0.969582504970179,0.8038197306341671,34.06458888661062,50.77363133073611,2332,621,2396,722,0.85,0.94,3.5466721220760604
648,1111,2761.0,3145.0,226.3908504522709,-1.009524796957145,49.054894562457775,76.62111052081043,2367.4737413980442,1833.7482796088373,0.8779014308426073,0.7681858769839804,33.47374139804419,44.74827960883738,2334,1789,2396,1867,0.68,0.73,147.84151017944578
649,1112,2695.0,2826.0,203.31210110588424,-0.9156751910672081,45.00380161986938,78.44300354510109,2367.130983302412,344.9424860853432,0.9536447275300779,0.8190561300492741,32.13098330241188,34.942486085343226,2335,310,2399,379,0.82,0.92,142.4643238529863
650,1113,426.0,495.0,91.97332653158719,-0.7442262328547796,16.80681784349965,36.811470462773734,2351.2089201877934,1900.8967136150234,0.8606060606060606,0.8896902145196459,16.208920187793428,14.896713615023474,2335,1886,2364,1914,0.63,0.79,132.6410221454993
651,1115,1192.0,1301.0,154.3941488595792,-1.1154163906003736,33.74322003234109,47.22610034849309,2354.4874161073826,2037.0822147651006,0.9162182936202921,0.6996317357467996,17.48741610738255,24.08221476510067,2337,2013,2376,2061,0.63,0.66,153.9086515811171
652,1116,790.0,849.0,119.85974963337301,1.3466851983303851,20.164442063563964,51.269514602452126,2351.040506329114,988.4683544303797,0.9305064782096584,0.9194090122563352,11.040506329113924,23.468354430379748,2340,965,2364,1013,0.69,0.94,12.840621802930713
653,1118,1025.0,1079.0,128.95920502300024,-0.5428357074292359,25.282164286780173,52.42038754046348,2365.480975609756,1274.7141463414634,0.9499536607970342,0.8760080940846389,24.480975609756097,17.714146341463415,2341,1257,2391,1292,0.77,0.94,121.10219500469357
654,1121,15866.0,16602.0,483.5238623348739,-0.25145249468896597,125.45611653895824,165.37818681725682,2433.1871297113325,1313.0322072355982,0.9556679918082159,0.6515550512554703,88.1871297113324,63.032207235598136,2345,1250,2518,1390,0.85,0.88,104.40716669371349
655,1122,521.0,555.0,90.3072454297778,-0.9318397502195842,20.420867638310146,32.98562427550548,2357.902111324376,1252.9193857965452,0.9387387387387387,0.7853248836542848,11.9021113243762,13.919385796545106,2346,1239,2371,1270,0.8,0.87,143.390484870107
656,1125,21598.0,22638.0,584.1134487005515,-1.5461802699585427,122.9222398483129,230.43177847750331,2415.799796277433,1943.1836281137141,0.9540595458962806,0.8458359593798287,64.79979627743309,118.18362811371424,2351,1825,2474,2052,0.8,0.92,178.58960383502279
657,1127,753.0,888.0,121.66058375629555,1.4280962806843076,26.370277879103934,40.11277418704892,2368.7569721115538,737.9229747675963,0.847972972972973,0.7535387494430942,13.756972111553784,17.92297476759628,2355,720,2384,760,0.64,0.68,8.176110378458986
658,1128,281.0,303.0,67.87914122567548,-0.13824379046034613,16.831210782295233,23.70746535036817,2365.4661921708184,1870.5053380782917,0.9273927392739274,0.704248011972281,10.466192170818506,6.505338078291815,2355,1864,2380,1882,0.77,0.8,97.92078573726874
659,1129,1000.0,1053.0,130.95060869595176,0.9817216078724719,28.882381223397203,47.80896358285078,2375.775,997.354,0.949667616334283,0.7968928810071582,16.775,24.354,2359,973,2397,1019,0.73,0.8,33.751495212110186
660,1130,284.0,306.0,67.09374306227801,1.0115022409284973,15.188798155129883,25.14040465881786,2369.404929577465,1557.2359154929577,0.9281045751633987,0.7968638998816143,9.404929577464788,11.235915492957746,2360,1546,2379,1570,0.79,0.87,32.04519062677215
661,1131,194.0,210.0,53.45611995947793,1.4883353144527944,12.582348862172228,19.970840240514825,2375.1546391752577,1247.4536082474226,0.9238095238095239,0.7765659040579092,6.154639175257732,9.45360824742268,2369,1238,2382,1257,0.85,0.92,4.724667981578648
662,1133,654.0,703.0,111.3945911032129,1.3683804946974139,18.577578331037646,46.48005113747173,2380.6819571865444,1749.5152905198777,0.930298719772404,0.9166506841451038,9.681957186544343,22.515290519877677,2371,1727,2392,1775,0.66,0.89,11.597572885814458
663,1134,14018.0,14901.0,465.6502741267616,0.22394553808006426,112.43999640166967,164.04929707828165,2443.3887858467683,1615.1030104151805,0.9407422320649621,0.728163277008563,71.38878584676844,61.103010415180485,2372,1554,2527,1671,0.81,0.86,77.16886582722606
664,1135,846.0,986.0,122.9060575119483,0.5646721776814098,26.4443809582182,45.180201922328585,2393.4881796690306,1729.451536643026,0.8580121703853956,0.8108102853194753,20.488179669030732,18.451536643026003,2373,1711,2412,1749,0.7,0.78,57.6466674103939
665,1136,3262.0,4385.0,301.450208206355,-1.528932040525202,36.36578249652082,140.65317990326446,2402.034641324341,691.2017167381974,0.7438996579247434,0.9659980614513847,26.034641324340896,67.20171673819742,2376,624,2423,751,0.45,0.82,177.60135308441903
666,1137,4001.0,4352.0,268.3355040030134,-0.17274581029590713,60.1378131969571,91.94557646061826,2416.8802799300174,1688.8697825543613,0.9193474264705882,0.7564437117885239,40.880279930017494,29.86978255436141,2376,1659,2471,1720,0.7,0.75,99.89760585852304
667,1138,540.0,584.0,91.97332653158719,1.210017723949342,23.23520609413172,31.141968585261576,2386.5074074074073,2050.859259259259,0.9246575342465754,0.6658273089839309,10.507407407407408,16.85925925925926,2376,2034,2400,2065,0.8,0.83,20.671091281676794
668,1139,6534.0,6968.0,314.61140743408265,0.704032728709282,86.61411329775427,99.66540915011596,2433.0368839914295,606.053872053872,0.937715269804822,0.4947262121297269,54.03688399142945,50.053872053872055,2379,556,2484,652,0.83,0.84,49.66189600587927
669,1140,10352.0,13118.0,477.56599959883647,-0.04808075533515064,89.29170511984479,178.4917788803894,2484.292310664606,1230.0011591962905,0.7891446866900442,0.8658771574640545,105.29231066460588,54.00115919629057,2379,1176,2556,1284,0.57,0.68,92.75482435650525
670,1141,233.0,254.0,68.66453938907291,0.6333353793259632,12.01648480191079,26.96410283237469,2389.5450643776826,1365.3476394849786,0.9173228346456693,0.8952085303733366,10.545064377682403,11.34763948497854,2379,1354,2404,1374,0.62,0.78,53.712555748305256
671,1143,4633.0,4857.0,255.75278510583706,-0.9689885011220242,74.77962665604547,80.2362134108883,2422.9924454996763,1778.851284265055,0.9538809964998971,0.36247507342808366,40.992445499676236,38.85128426505504,2382,1740,2462,1820,0.89,0.89,145.5189515109996
672,1145,3694.0,4050.0,242.7658071453213,0.9243774673527592,58.09787963744755,86.65429196344688,2417.096101786681,2532.237412019491,0.9120987654320988,0.7419493998876395,34.0961017866811,39.23741201949107,2383,2493,2458,2568,0.79,0.84,37.03707244369486
673,1146,10519.0,12420.0,482.7942807003923,0.1968693439571957,83.43380548135772,188.15234596010217,2491.2116170738664,1040.9098773647686,0.8469404186795492,0.8963052971070351,107.21161707386634,41.90987736476851,2384,999,2581,1096,0.57,0.72,78.72021747574335
674,1148,8570.0,9925.0,420.6429644146266,1.4234468146070798,80.80854027033163,146.9228659131658,2442.0422403733955,2251.9651108518087,0.8634760705289672,0.835160333366559,57.042240373395565,93.96511085180863,2385,2158,2483,2321,0.61,0.69,8.442505161673381
675,1149,688.0,712.0,95.67027955244679,-0.7932510915908993,26.883556392360127,32.929372218486954,2399.4869186046512,2480.9636627906975,0.9662921348314607,0.5774861049071575,14.486918604651162,13.963662790697674,2385,2467,2415,2498,0.94,0.96,135.44993964230403
676,1150,758.0,808.0,112.410027062738,-0.8190945089547658,22.917104581703544,43.931786211820665,2402.333773087071,2667.5646437994724,0.9381188118811881,0.8531583560097787,14.33377308707124,17.564643799472297,2388,2650,2421,2688,0.75,0.88,136.93065838544868
677,1152,855.0,881.0,107.50706853232433,-0.3124839463348104,27.46597116627855,39.834089650285044,2413.749707602339,2690.009356725146,0.9704880817253121,0.7242769272259086,19.749707602339182,14.0093567251462,2394,2676,2434,2705,0.93,0.98,107.90401129057715
678,1153,13745.0,14788.0,468.7986384608157,-0.9388237761385062,117.22555536064941,154.702133554448,2472.0296835212803,852.8264096034922,0.9294698404111442,0.6525448671819998,77.02968352128046,88.82640960349218,2395,764,2541,926,0.79,0.81,143.7906400792712
679,1154,436.0,547.0,96.32092469473106,-0.04940231474859876,16.930674163875427,37.41894176641133,2410.204128440367,1819.894495412844,0.7970749542961609,0.891783345635818,14.204128440366972,8.894495412844037,2396,1811,2430,1831,0.59,0.74,92.83054413327162
680,1156,629.0,662.0,97.89172102152597,0.6373428248201866,23.352165800739904,35.62154962834573,2413.3720190779013,1388.6422893481717,0.9501510574018127,0.755140586479506,13.372019077901431,16.6422893481717,2400,1372,2430,1403,0.82,0.88,53.48294603485754
681,1157,9593.0,10305.0,392.5265035167131,0.5456804691841096,84.39167094281508,148.28202129666087,2469.246950901699,437.4839987490879,0.9309073265405143,0.8222479098510843,66.24695090169915,53.483998749087874,2403,384,2535,498,0.78,0.88,58.73481215303194
682,1160,189.0,203.0,55.812314449670275,-0.41679125297587843,12.597425357129012,20.466639431571956,2418.798941798942,1722.4285714285713,0.9310344827586207,0.7881289184235512,8.798941798941799,6.428571428571429,2410,1716,2430,1731,0.76,0.83,113.88037973348725
683,1161,4307.0,4873.0,280.3465142501028,-0.6281959000610265,58.728909018589924,103.9494552435763,2465.68377060599,350.0060366844671,0.8838497845269855,0.8251075911158543,53.68377060599025,48.00603668446715,2412,302,2507,388,0.69,0.78,125.99297378091887
684,1162,2622.0,3089.0,217.23557853372782,0.17489978979072876,49.12404817132579,75.32501456188403,2453.390160183066,2065.9046529366897,0.848818387827776,0.7580803608784693,41.390160183066364,28.90465293668955,2412,2037,2488,2091,0.7,0.75,79.97898020726596
685,1164,1704.0,1773.0,175.94157012526958,-1.0391915647191978,32.075615910559044,70.57953372357373,2436.6666666666665,675.7987089201878,0.961082910321489,0.890766849526995,19.666666666666668,28.798708920187792,2417,647,2462,715,0.69,0.86,149.5412907640062
686,1165,288.0,314.0,69.870544898627,-0.1135203687262699,13.770434492882835,28.41554214002947,2432.152777777778,1734.763888888889,0.9171974522292994,0.8747307455830217,15.152777777777779,6.763888888888889,2417,1728,2445,1743,0.74,0.89,96.50423801678417
687,1166,12280.0,14020.0,467.5300447418814,0.226595599875658,110.19602497230267,156.52974758047282,2507.74332247557,725.8450325732899,0.8758915834522111,0.7102057810139437,87.74332247557004,56.8450325732899,2420,669,2591,790,0.71,0.74,77.01702847088967
688,1169,212.0,231.0,57.478395551479665,-0.6113984481668562,14.157731769453958,19.902755711206904,2436.867924528302,1720.7264150943397,0.9177489177489178,0.7028427004003134,9.867924528301886,7.726415094339623,2427,1713,2445,1729,0.81,0.84,125.03055068080889
689,1170,5103.0,6144.0,319.93497331065294,-1.4395185417807344,70.28076317470457,104.66812227579732,2472.0484029002546,538.2655300803449,0.83056640625,0.7410381535427543,44.04840290025475,44.265530080344895,2428,494,2514,605,0.63,0.66,172.47833697486274
690,1171,20255.0,20934.0,552.4184395200745,-0.420126418060247,128.88267618667328,206.99945769630605,2537.798765736855,947.6306590965194,0.967564727237986,0.7825217453956108,108.7987657368551,85.63065909651938,2429,862,2635,1014,0.83,0.91,114.07147061680095
691,1172,15678.0,17524.0,517.042825601555,-0.6641351381965063,134.77889536399624,162.65244097809406,2511.5640387804565,1395.000446485521,0.8946587537091988,0.5597948309321022,82.56403878045668,96.00044648552111,2429,1299,2600,1464,0.74,0.75,128.0521404449975
692,1173,3438.0,4437.0,320.56927017012015,0.7251781057804532,34.82546739631289,146.5332590631911,2489.173647469459,1864.456660849331,0.7748478701825557,0.9713477823695196,55.173647469458984,47.45666084933101,2434,1817,2548,1907,0.42,0.82,48.450355143488466
693,1174,941.0,1009.0,119.89921787947168,0.9649897964663989,30.0001408712282,41.96079411696529,2454.0977683315623,481.1328374070138,0.9326065411298315,0.6991689771298814,19.09776833156217,18.132837407013817,2435,463,2474,501,0.82,0.86,34.71015738928702
694,1175,3158.0,3374.0,222.46385963528365,1.465857565914501,57.69401184343485,71.78263506198073,2463.469284357188,2120.5516149461687,0.9359810314167161,0.5949912821647437,28.469284357188094,34.55161494616846,2435,2086,2496,2159,0.8,0.82,6.012548105779217
695,1176,17442.0,18723.0,555.0210200892116,-0.5218006104805055,107.94534119848605,212.89746952280663,2538.4191606467148,1502.1183923861943,0.9315814773273514,0.8619285806257515,101.41916064671483,82.11839238619424,2437,1420,2626,1575,0.71,0.84,119.8969727278828
696,1177,7322.0,8004.0,350.0823061276166,-1.4990585116277604,85.48997721492681,117.02735779101879,2480.543430756624,2377.422698716198,0.914792603698151,0.6828990547431718,39.54343075662387,57.42269871619776,2441,2320,2527,2443,0.75,0.78,175.88972595943352
697,1179,1069.0,1233.0,143.57279583922676,0.2732394780784883,30.930511896719732,50.590419573628274,2467.0168381665108,1747.178671655753,0.8669910786699108,0.7913288920101159,25.01683816651076,16.17867165575304,2442,1731,2496,1770,0.65,0.71,74.34453110974525
698,1180,5399.0,7023.0,359.888223188444,-1.078015530993069,73.50177304348446,117.56838233788179,2491.90720503797,1700.1218744211892,0.7687597892638474,0.7804780674143984,46.907205037969995,72.1218744211891,2445,1628,2537,1750,0.52,0.57,151.76574017545724
699,1182,8771.0,9074.0,365.84608592448143,1.3397590753212312,89.13919985418687,131.70651022772964,2506.493786341352,1805.7532778474517,0.9666078906766585,0.7361653060555416,52.493786341352184,62.75327784745183,2454,1743,2548,1881,0.82,0.87,13.237459419743686
700,1183,15648.0,16149.0,473.1394649434952,-1.129247661560583,133.48544704203286,154.8214338984404,2522.215874233129,2558.0154013292436,0.9689764072078767,0.5065855363808603,67.21587423312883,69.01540132924336,2455,2489,2594,2641,0.88,0.89,154.701125032439
701,1184,10152.0,11407.0,451.44094237387446,-1.1650861297823139,77.25570282407529,174.8296313258047,2521.075650118203,2252.380023640662,0.8899798369422285,0.8970685757797664,65.07565011820331,80.38002364066193,2456,2172,2571,2336,0.63,0.79,156.75451800575786
702,1185,252.0,271.0,63.07146747027629,-1.003206460090581,18.016856610475045,19.120813944488706,2466.623015873016,1467.329365079365,0.9298892988929889,0.33487066035784824,8.623015873015873,8.329365079365079,2458,1459,2477,1479,0.8,0.8,147.47949614344975
703,1186,1040.0,1225.0,138.76512208382758,-0.6745291002706234,31.186585507543484,47.928664383516676,2483.206730769231,2158.576923076923,0.8489795918367347,0.7593455761324259,24.20673076923077,26.576923076923077,2459,2132,2503,2176,0.68,0.73,128.64767060426345
704,1187,216.0,237.0,60.48523518395629,-1.4886116092662653,12.548226025170404,23.095217565021866,2465.4768518518517,654.8564814814815,0.9113924050632911,0.8395219754449063,5.476851851851852,10.856481481481481,2460,644,2473,666,0.74,0.85,175.2911625451346
705,1188,1701.0,1806.0,168.68241710466356,-1.0885380986678064,42.869241102287155,55.10225118576095,2480.1328630217517,2640.476778365667,0.9418604651162791,0.628271249476313,20.13286302175191,30.476778365667254,2460,2610,2508,2669,0.75,0.77,152.36863889286047
706,1190,1222.0,1281.0,140.7565257567791,-1.1722082080724263,32.822609781636835,50.10238215890225,2481.3396072013093,1919.146481178396,0.9539422326307572,0.7555328509022933,16.339607201309327,22.146481178396073,2465,1897,2502,1947,0.78,0.83,157.16258303314305
707,1192,14925.0,15426.0,461.3257959268992,1.1928182058761856,111.64390522951798,171.81595966531657,2526.732194304858,2018.3880067001676,0.9675223648385842,0.7601157047485769,59.73219430485762,85.38800670016751,2467,1933,2589,2104,0.88,0.94,21.656551076927627
708,1194,3025.0,3283.0,220.0123803700768,-1.450608064662887,50.37814601201842,79.30778139115904,2496.232396694215,642.6502479338843,0.9214133414559854,0.7723285782674408,26.232396694214877,40.650247933884295,2470,602,2525,679,0.79,0.85,173.11371983282385
709,1195,968.0,1059.0,127.48369347121982,0.30799531022012705,29.088782656835583,44.33695113183665,2493.335743801653,2188.0402892561983,0.9140698772426817,0.7546875115435373,23.335743801652892,15.040289256198347,2470,2173,2516,2205,0.75,0.8,72.35316861456421
710,1198,8150.0,8413.0,379.71374682340917,-1.092775086138709,67.28482016856641,158.5211255972376,2534.838036809816,535.9176687116565,0.9687388565315583,0.9054498151720437,49.838036809815954,68.91766871165645,2485,467,2589,610,0.71,0.92,152.61140039279303
711,1199,1195.0,1473.0,177.09175910590784,0.7959381473218403,28.770925431759213,63.54224346954016,2504.7380753138077,2094.454393305439,0.8112695179904956,0.8916201242975033,19.73807531380753,33.45439330543933,2485,2061,2535,2117,0.48,0.6,44.3961034049966
712,1200,3979.0,5095.0,310.4149105748691,0.961903622133772,56.46022984062568,113.83446460246145,2525.064840412164,1153.1618497109826,0.7809617271835132,0.8683308734631675,34.06484041216386,58.16184971098266,2491,1095,2577,1192,0.52,0.62,34.886982153388146
713,1201,388.0,416.0,76.7090905730764,0.0681963060142293,21.763241095968887,23.409839798833815,2509.2319587628867,1574.3041237113403,0.9326923076923077,0.3684132985438423,14.231958762886597,11.304123711340207,2495,1563,2521,1587,0.83,0.83,86.09263948700203
714,1202,132.0,138.0,44.435601062048036,1.0974928063599556,12.102530649574113,15.012355205266267,2501.818181818182,2170.878787878788,0.9565217391304348,0.5916821408732915,6.818181818181818,7.878787878787879,2495,2163,2508,2179,0.84,0.85,27.11829414960603
715,1203,2620.0,2719.0,200.72586881956428,-1.2687856603097165,48.42155208525839,71.7671893523583,2521.999618320611,2142.335496183206,0.9635895549834498,0.7380891519017669,25.999618320610686,33.335496183206104,2496,2109,2548,2185,0.82,0.87,162.69606344246608
716,1204,2779.0,2868.0,197.16366881981784,0.9214087835137278,53.201694827159436,67.610772701773,2526.664267722202,303.1183879093199,0.9689679218967922,0.6171035889811846,28.66426772220223,34.1183879093199,2498,269,2560,334,0.9,0.92,37.20716549838005
717,1205,2276.0,2953.0,221.7573979640835,0.9990232354140467,40.64799513817359,84.87269998811307,2536.580404217926,428.3255711775044,0.7707416186928547,0.8778536539338317,37.58040421792619,36.32557117750439,2499,392,2566,472,0.58,0.71,32.76018497527065
718,1206,236.0,251.0,58.953907103260065,1.3160665920818524,17.517841076412125,17.976332028450418,2511.228813559322,497.65677966101697,0.9402390438247012,0.22441032530156207,10.228813559322035,7.656779661016949,2501,490,2520,509,0.85,0.85,14.59493871554453
719,1207,525.0,560.0,90.63256800091995,0.2845519147005669,20.40245947319606,33.78050727092288,2519.215238095238,2644.190476190476,0.9375,0.7970060077838084,15.215238095238096,12.19047619047619,2504,2632,2537,2655,0.8,0.88,73.69637623529091
720,1211,1114.0,1168.0,132.52140502274665,0.7902807695929313,31.368773682072714,47.001885019489,2532.996409335727,623.1122082585279,0.9537671232876712,0.7447048516221848,20.996409335727108,23.11220825852783,2512,600,2556,641,0.8,0.85,44.7202472719744
721,1212,1114.0,1279.0,150.79248061373409,-1.557173250528428,27.95960624284211,57.12542700813041,2530.54039497307,1595.088868940754,0.870992963252541,0.8720356268891835,18.54039497307002,27.08886894075404,2512,1568,2545,1628,0.62,0.74,179.2194552259465
722,1213,1819.0,1915.0,163.41466775700908,0.20967990225652125,43.51495833601357,56.60604737704708,2541.495327102804,1923.53106102254,0.9498694516971279,0.6395693745327287,29.49532710280374,19.531061022539856,2512,1904,2569,1948,0.86,0.88,77.98622655198571
723,1214,2387.0,2744.0,218.2904827393516,-0.1569278893317751,42.6751980022057,81.94091994207479,2555.5542521994134,345.83912861332215,0.8698979591836735,0.8536759901396435,41.55425219941349,29.839128613322163,2514,316,2600,370,0.63,0.73,98.99130574660677
724,1215,520.0,549.0,96.78100028698637,-0.3847843496461975,17.49330199421386,39.61508298035506,2535.6692307692306,1561.8384615384616,0.9471766848816029,0.8972209658936593,19.66923076923077,11.838461538461539,2516,1550,2553,1574,0.7,0.88,112.04651925741331
725,1216,1455.0,1492.0,142.19256906246085,1.0492074281787602,41.533714010952906,46.04910587696264,2535.7821305841926,667.6316151202749,0.975201072386059,0.43185304196860674,18.78213058419244,24.631615120274915,2517,643,2559,688,0.9,0.91,29.884842531581597
726,1217,16762.0,17595.0,523.5887452704965,-0.15353481891073661,118.0820430741298,187.86058605028876,2599.9773893330153,1678.5071590502328,0.9526570048309179,0.7777594074120384,81.97738933301515,62.507159050232666,2518,1616,2714,1739,0.77,0.83,98.79689713189059
727,1218,3373.0,3778.0,243.26535098367523,1.2764844447831185,55.393363425476736,85.23717814999863,2562.236584642751,395.73732582270975,0.8928004235044997,0.7600425889197089,39.23658464275126,38.73732582270976,2523,357,2588,448,0.72,0.77,16.862828699827134
728,1220,12533.0,13632.0,496.0902329492331,0.6360731695741708,96.77485651394618,184.9776047954302,2611.330567302322,1351.6930503470837,0.919380868544601,0.8522279362156642,83.33056730232187,74.6930503470837,2528,1277,2712,1421,0.64,0.74,53.55569192189088
729,1221,664.0,718.0,106.72167036892688,-1.1525144255514068,20.235648665364735,43.27713712127114,2542.3343373493976,2653.753012048193,0.924791086350975,0.8839492320741639,14.33433734939759,19.753012048192772,2528,2634,2555,2674,0.73,0.9,156.03421241204012
730,1222,1692.0,1793.0,197.58427616597447,-1.4592559852663314,32.97118201865305,76.70627105709413,2553.699763593381,593.0856973995271,0.9436698271054099,0.9029065739867409,22.699763593380613,48.085697399527184,2531,545,2568,632,0.54,0.7,173.60920918496544
731,1223,551.0,685.0,111.29930632819841,0.6452233524689729,26.08008330855782,35.35644616500615,2555.3647912885663,1955.1742286751362,0.8043795620437956,0.675201806817745,21.36479128856624,16.174228675136117,2534,1939,2568,1974,0.56,0.58,53.03142506024593
732,1224,277.0,305.0,68.43450159294528,1.049794302965442,13.026087993434636,28.133766123960594,2543.8916967509026,845.7509025270758,0.9081967213114754,0.8863554151884312,8.891696750902527,11.750902527075812,2535,834,2554,859,0.74,0.92,29.851217083202094
733,1225,38068.0,40742.0,787.6555876025634,-0.06499850741679632,202.45206647524856,246.05175563177608,2659.6325522748766,1090.3060575811705,0.9343674831868833,0.568327017791556,124.63255227487653,114.30605758117053,2535,976,2790,1191,0.77,0.78,93.7241401496322
734,1226,33527.0,34556.0,698.8402020073831,-0.65050528107918,197.26675061557845,221.48191500770255,2652.488143884034,773.864914844752,0.970222247945364,0.4546551962719144,116.48814388403376,105.864914844752,2536,668,2762,871,0.86,0.87,127.27120715680834
735,1227,2102.0,2327.0,195.2280816757821,0.11377996408245189,46.27728745622177,66.01597573308429,2565.465746907707,1605.52093244529,0.903308981521272,0.7131599548435349,27.465746907706947,29.5209324452902,2538,1576,2607,1628,0.69,0.73,83.48088826492541
736,1228,712.0,861.0,125.91289714442492,1.1914034945350782,20.60297187001392,49.345920339227995,2557.4705056179773,1214.1966292134832,0.826945412311266,0.9086671447501603,18.47050561797753,20.196629213483146,2539,1194,2572,1238,0.56,0.74,21.73760806600238
737,1230,6237.0,7053.0,337.65068853437066,-0.4380130622891915,69.08511355553524,128.4389131408364,2593.333012666346,1762.1696328362996,0.8843045512547852,0.8430194725412602,50.333012666346,48.169632836299506,2543,1714,2658,1807,0.69,0.79,115.09629984077151
738,1232,719.0,867.0,120.7799008178836,-1.295132343532852,27.95235044615061,35.834781446394416,2558.529902642559,1839.4979137691237,0.8292964244521338,0.6257370441851517,14.52990264255911,15.497913769123784,2544,1824,2577,1861,0.62,0.63,164.20561719531986
739,1233,8000.0,8330.0,347.3613208201835,-1.495582422102026,82.29947882943284,126.86967632142736,2590.388375,2133.669125,0.9603841536614646,0.7610501370427717,45.388375,64.669125,2545,2069,2631,2194,0.83,0.89,175.69056070039932
740,1236,1949.0,2122.0,182.70117930752164,-1.3746902740160107,43.741207572164534,60.65418461929229,2574.5572088250383,1254.4730631092868,0.9184731385485391,0.692771361386508,27.557208825038483,30.473063109286812,2547,1224,2594,1285,0.73,0.76,168.76395083880007
741,1237,34085.0,36497.0,739.3324639696268,0.29264992955181646,177.92699540470022,252.5248593470965,2696.7937509168255,1567.1219598063665,0.9339123763597008,0.7096126514991414,143.7937509168256,104.12195980636643,2553,1463,2819,1664,0.78,0.82,73.23239416188005
742,1239,33532.0,36046.0,720.0459524191142,1.021941568596339,202.1772608802504,223.31160374866576,2655.5808481450554,587.6696886556125,0.9302557842756478,0.42464614246727234,96.58084814505547,123.66968865561255,2559,464,2764,691,0.81,0.82,31.44706121045067
743,1241,1097.0,1240.0,146.15902812554674,-1.517106170102072,31.80848241198787,46.933019318983185,2580.025524156791,1200.9480401093892,0.8846774193548387,0.7352997109795115,16.02552415679125,27.948040109389243,2564,1173,2600,1227,0.65,0.68,176.9237806201051
744,1242,9380.0,11564.0,465.8244953939734,1.365752223582802,72.66217756383637,191.05224024335942,2598.886247334755,1930.5633262260128,0.8111380145278451,0.9248523998805633,32.8862473347548,99.56332622601279,2566,1831,2657,2011,0.54,0.75,11.74816172809787
745,1243,1677.0,1979.0,189.11911763581438,-1.0243455713681966,29.945042811622564,79.7213409772683,2594.8747763864044,2560.7990459153248,0.8473976755937342,0.926773194185037,28.874776386404292,30.799045915324985,2566,2530,2621,2596,0.59,0.82,148.69067800231454
746,1246,360.0,375.0,71.67137902154954,-1.1921273219311905,16.65011003835685,27.73149715532936,2578.1833333333334,1013.1972222222222,0.96,0.7996966179961155,9.183333333333334,14.197222222222223,2569,999,2588,1026,0.88,0.97,158.3038641888908
747,1248,842.0,917.0,121.70005200239422,-0.5568601487514004,22.71126625326174,49.42766970258123,2603.5083135391924,1816.7363420427553,0.9182115594329335,0.8881855981383995,22.5083135391924,18.736342042755343,2581,1798,2625,1833,0.71,0.89,121.90573630248247
748,1249,1906.0,2129.0,205.12928351162395,0.03035426475613753,30.982523157649222,84.83705781046167,2624.664218258132,1189.4973767051417,0.8952559887271019,0.930928947219154,41.664218258132216,15.497376705141658,2583,1174,2670,1207,0.57,0.81,88.26082873925061
749,1250,28848.0,29777.0,641.1154203769587,0.4577546145050409,168.14998875037446,221.5529065076682,2697.99216583472,1273.9957362728785,0.9688014239177889,0.6511362250586431,111.99216583471991,91.99573627287853,2586,1182,2800,1373,0.88,0.91,63.772592536223186
750,1252,783.0,884.0,115.74218926635677,-0.4709991798422201,26.157984469383276,40.84503451219893,2603.69220945083,2019.7484035759899,0.8857466063348416,0.7680247323122688,16.69220945083014,15.748403575989784,2587,2004,2623,2037,0.73,0.79,116.98626515908245
751,1253,408.0,441.0,85.95964726663392,-0.6524910307045828,16.390364973402736,33.90079716324036,2599.3137254901962,2041.887254901961,0.9251700680272109,0.8753552844063733,12.313725490196079,12.887254901960784,2587,2029,2616,2055,0.69,0.84,127.38498222951361
752,1254,22210.0,24460.0,615.2762174770403,-0.16584603178725482,132.7008302585807,219.97457849961796,2690.6224673570464,402.62377307519137,0.9080130825838103,0.7975481449397152,100.62246735704638,69.62377307519135,2590,333,2796,479,0.74,0.81,99.5022776704022
753,1255,353.0,374.0,76.01897718469343,-1.0389310321680487,18.074578420784096,27.398769988423208,2607.900849858357,2053.4929178470256,0.9438502673796791,0.7515415472154366,10.90084985835694,16.492917847025495,2597,2037,2617,2065,0.77,0.82,149.52636334839957
754,1257,1874.0,2009.0,176.95700608479467,-1.140429582916747,34.673319126030925,70.65509288185632,2621.5821771611527,1843.25613660619,0.9328023892483823,0.8713057516139929,20.582177161152615,30.25613660618997,2601,1813,2648,1881,0.75,0.9,155.34180193299437
755,1258,3182.0,3761.0,254.64206437129752,0.4774874017888012,52.53884678080589,86.2819219341788,2647.387492143306,1442.8302954116907,0.8460515820260569,0.7932311154863332,43.3874921433061,32.83029541169076,2604,1410,2695,1474,0.62,0.67,62.64198710683429
756,1259,7223.0,7512.0,319.87915678173715,0.817017667179964,84.43284431795674,111.0879957525152,2658.0121833033368,2358.296968018829,0.961528221512247,0.6498602496671205,54.01218330333656,53.29696801882874,2604,2305,2710,2408,0.89,0.91,43.188335882963905
757,1261,2428.0,2524.0,193.79203837010039,1.0890536618346196,47.853144945046004,68.88949374065244,2630.985172981878,2640.3904448105436,0.9619651347068146,0.7193610861880116,25.98517298187809,38.390444810543656,2605,2602,2660,2670,0.81,0.85,27.60182151360872
758,1262,30133.0,30640.0,637.4974038482965,-0.6477611001813751,174.15803489960513,221.12527968364336,2720.4642750472904,1874.1193707895,0.983453002610966,0.6161882153512885,112.46427504729034,102.11937078949988,2608,1772,2823,1971,0.93,0.95,127.1139771731437
759,1266,14040.0,14480.0,476.14630457597184,-1.5253832173814181,102.87661271026472,177.61709658893753,2665.2309829059827,2057.2361111111113,0.9696132596685083,0.81518231414616,50.230982905982906,89.23611111111111,2615,1968,2720,2148,0.78,0.87,177.39802049604185
760,1267,8598.0,11256.0,454.31302898523796,-0.24603635531162069,74.4192757169927,182.40404579960287,2707.94231216562,1765.119795301233,0.7638592750533049,0.9129857861348163,82.94231216561991,37.11979530123285,2625,1728,2796,1822,0.52,0.69,104.096844766137
761,1268,11600.0,12380.0,420.91247045685293,0.10753077329424983,117.30137391674121,133.59785983418521,2700.5166379310344,2173.333275862069,0.9369951534733441,0.4786269506115756,75.51663793103448,67.33327586206896,2625,2106,2763,2238,0.82,0.83,83.83894052246143
762,1269,25320.0,27726.0,682.4652453143328,-0.4603876458695284,132.39026883562158,252.21776811162323,2742.6799763033177,913.692654028436,0.9132222462670417,0.8511610611048526,111.67997630331753,88.69265402843602,2631,825,2866,999,0.68,0.79,116.37826904828752
763,1272,6749.0,7307.0,368.56707123191455,0.7282247457848534,59.303491305428,149.41716409267997,2714.7310712698177,1444.5160764557713,0.9236348706719584,0.9178623819724158,67.73107126981775,54.51607645577123,2647,1390,2770,1507,0.62,0.84,48.275795529540616
764,1273,591.0,618.0,94.78959661403485,-0.6857398090506714,24.25688211956435,32.938839983328194,2674.648054145516,1712.1082910321488,0.9563106796116505,0.6765226013426827,17.648054145516074,15.1082910321489,2657,1697,2689,1727,0.83,0.86,129.28999690271044
765,1275,6573.0,7010.0,323.4413567814836,0.9295649421154484,79.05146260059549,111.36578271823926,2728.122927126122,493.5528677924844,0.937660485021398,0.704366798761019,60.122927126122015,47.552867792484406,2668,446,2771,550,0.79,0.82,36.739852033462135
766,1276,20692.0,22509.0,600.4162405818689,-1.154438546538282,124.2334621411536,224.58184557994798,2756.274937173787,2281.769137831046,0.9192767337509441,0.8330638932769454,80.27493717378697,117.76913783104581,2676,2164,2823,2397,0.72,0.82,156.14445642386062
767,1278,9067.0,9753.0,389.5360121670536,-0.22677065575620603,92.01524271158966,136.72526833829704,2762.4254990625345,1692.3755376640565,0.9296626678970573,0.7396482235727017,74.42549906253447,57.375537664056466,2688,1635,2821,1736,0.75,0.8,102.99300149224467
768,1279,708.0,918.0,128.7849837557884,-0.0760397173052728,19.984016308019765,51.94376248740166,2719.6228813559323,1977.9322033898304,0.7712418300653595,0.9230316252340012,22.622881355932204,9.932203389830509,2697,1968,2745,1992,0.54,0.74,94.35675487696003
769,1280,3439.0,3677.0,234.89547722852961,0.5163793926564779,59.00249666490989,78.4185708078033,2741.9127653387613,1398.7304448967723,0.9352733206418276,0.6587011881501104,43.91276533876127,34.73044489677232,2698,1364,2777,1436,0.78,0.81,60.413640173255075
770,1281,302.0,321.0,70.3306204908823,-0.5882211416030566,15.655740897996546,26.87458034663912,2716.864238410596,686.3807947019867,0.940809968847352,0.8127960916926745,14.864238410596027,11.380794701986755,2702,675,2727,695,0.77,0.85,123.7025888342223
771,1282,3506.0,3660.0,235.50665412471528,1.4258133557185064,54.13221794700954,85.93550817676478,2730.3542498573875,2023.0607529948659,0.9579234972677596,0.7766626422221811,28.354249857387337,40.06075299486594,2702,1983,2761,2069,0.79,0.86,8.306912343944447
772,1285,1257.0,1658.0,165.21550187993162,0.7335533987286469,42.77145761535418,48.212886041717546,2727.728719172633,2403.3961813842484,0.7581423401688782,0.4615052698212088,17.728719172633255,29.39618138424821,2710,2374,2754,2426,0.58,0.58,47.97048620537129
773,1287,523.0,616.0,113.84607036841973,1.1944999523823652,15.682635221293282,47.58896667958446,2726.390057361377,2093.2370936902485,0.849025974025974,0.9441403886978721,9.390057361376673,25.237093690248567,2717,2068,2739,2115,0.51,0.77,21.560194099912678
774,1289,966.0,1029.0,126.92833310395002,-0.7238758082187098,30.67005543085838,44.35277182603457,2738.8530020703934,997.4037267080745,0.9387755102040817,0.7223740057689365,20.853002070393376,19.403726708074533,2718,978,2759,1018,0.75,0.79,131.47502870255346
775,1292,11901.0,13108.0,444.467643678312,-0.034933812266349014,113.37394843180353,143.349865337791,2802.5366775901184,2055.825056717923,0.9079188281965213,0.6119585778719635,73.53667759011847,63.82505671792286,2729,1992,2876,2109,0.76,0.77,92.00156000516414
776,1293,359.0,400.0,87.30040579730118,-1.3227932678175254,13.447325339630016,36.68646905337906,2739.323119777159,1178.3147632311977,0.8975,0.9303994269218974,7.323119777158774,17.314763231197773,2732,1161,2749,1198,0.59,0.84,165.79047141426258
777,1296,28945.0,29774.0,683.1553587027156,-0.10221839560897822,137.90610232141412,272.28516756602124,2881.124822940059,2592.690481948523,0.9721569154295694,0.862253627510511,146.12482294005872,78.69048194852306,2735,2514,3010,2663,0.78,0.92,95.85668265699304
778,1297,1289.0,1344.0,135.5282446552233,-0.5180547408533497,33.852439890272414,49.391129163536604,2761.351435221102,667.8044996121024,0.9590773809523809,0.7281713410975253,25.351435221101628,19.804499612102404,2736,648,2784,687,0.88,0.93,119.68235020764052
779,1298,475.0,527.0,109.49847220527586,-1.3096843932184536,12.623111052576997,50.32433148464536,2746.932631578947,805.6063157894737,0.9013282732447818,0.9680298184244961,10.932631578947369,25.606315789473683,2736,780,2756,828,0.5,0.93,165.03938822556952
780,1300,1388.0,1928.0,187.91311212626027,-0.9750123726990044,36.53248132682895,67.50327082465111,2764.9034582132563,1966.3090778097983,0.7199170124481328,0.840896659241079,26.903458213256485,33.30907780979827,2738,1933,2793,1994,0.49,0.57,145.8640939286894
781,1301,762.0,806.0,110.3791551436878,1.1776715743441148,28.034156985104396,35.65053786559693,2752.8648293963256,2115.9238845144355,0.9454094292803971,0.6177685238952018,14.86482939632546,16.923884514435695,2738,2099,2768,2134,0.79,0.8,22.524389137555062
782,1302,1667.0,1719.0,150.46715804259196,0.16612979088943144,43.56324242270483,49.41111781887015,2765.086982603479,1188.2237552489503,0.9697498545666084,0.4719065175929274,24.086982603479303,21.22375524895021,2741,1167,2790,1212,0.93,0.93,80.48146413064467
783,1303,842.0,881.0,108.94311183800606,-0.17972300925602377,27.845309228883206,39.414614931688675,2767.5641330166272,1155.939429928741,0.9557321225879682,0.7077413124177298,20.56413301662708,13.939429928741093,2747,1142,2786,1170,0.89,0.93,100.2973699117608
784,1304,2607.0,2698.0,207.56441449401365,-0.5551450847008266,40.09588100038114,84.26671835958237,2784.812044495589,994.1948599923284,0.9662713120830244,0.8795420962763292,35.8120444955888,29.194859992328347,2749,965,2827,1024,0.76,0.93,121.80747037078997
785,1305,415.0,444.0,88.31584175682627,1.029369305556357,14.444484260697267,37.54300428264532,2762.1831325301205,1036.0144578313252,0.9346846846846847,0.9230228940176193,13.183132530120481,14.0144578313253,2749,1022,2775,1054,0.67,0.92,31.021483231308295
786,1307,12434.0,13112.0,449.9654308220941,0.1864536594662636,91.43139997290773,175.58787007480873,2839.7212481904457,808.3981019784462,0.9482916412446614,0.8537300080868986,84.72124819044555,50.3981019784462,2755,758,2930,860,0.77,0.9,79.31699223781362
787,1310,787.0,817.0,106.95170816505453,-1.4847810743144625,27.705212821085343,37.72132100281359,2772.1372299872937,1368.1473951715375,0.9632802937576499,0.6786401755742077,15.13722998729352,19.147395171537482,2757,1349,2786,1389,0.86,0.9,175.07168905911894
788,1311,863.0,951.0,146.21484465446258,1.5083871502111745,19.792704171330808,62.05030725827376,2767.720741599073,605.7126303592121,0.907465825446898,0.9477620043599017,9.720741599073001,31.71263035921205,2758,574,2780,641,0.51,0.79,3.575782421133951
789,1312,678.0,756.0,133.07676539001648,-0.5633358136059049,15.606961257196694,58.818110348888496,2785.830383480826,964.0825958702065,0.8968253968253969,0.9641541401706882,27.830383480825958,19.08259587020649,2758,945,2808,981,0.48,0.86,122.27676456818676
790,1313,6928.0,9125.0,432.38446861948967,0.04219324965382731,66.42758372406692,176.64220245537976,2839.977915704388,2423.791570438799,0.7592328767123288,0.9265964238288997,80.977915704388,36.79157043879908,2759,2387,2929,2461,0.47,0.65,87.58250487089387
791,1314,4968.0,5278.0,287.7567685746391,-0.5108152987744886,62.19731371642413,107.1009391090525,2815.923309178744,612.817230273752,0.9412656309208033,0.8140923284534084,52.92330917874396,38.81723027375201,2763,574,2863,653,0.75,0.84,119.26756073049236
792,1315,428.0,452.0,78.37517167488576,-1.1814088674783871,20.392059172255458,27.53008938545292,2774.4205607476633,2657.9369158878503,0.9469026548672567,0.6718150211343671,11.42056074766355,12.936915887850468,2763,2645,2786,2673,0.88,0.91,157.68974198584198
793,1316,612.0,697.0,131.3712160421084,-1.3138834283662493,13.535255481664096,61.95381902654259,2772.606209150327,468.35130718954247,0.8780487804878049,0.9758429258019365,8.606209150326798,27.351307189542485,2764,441,2786,500,0.45,0.93,165.27997521756532
794,1317,11063.0,14370.0,488.90324474036,-0.36101836380894914,89.33325808947377,185.06074712600764,2858.2293229684533,2116.1514959775827,0.7698677800974252,0.8757725567507778,93.2293229684534,78.15149597758294,2765,2038,2934,2165,0.58,0.7,110.68482857297128
795,1318,13676.0,14225.0,466.1661662479327,1.5402191694406042,103.31360520650846,173.89765053436898,2816.431047089792,1441.7274056741737,0.9614059753954306,0.8043868981322823,49.43104708979234,91.72740567417374,2767,1350,2874,1523,0.79,0.87,1.7519420659083522
796,1319,5219.0,5957.0,302.4656441658802,0.895398908840635,75.2208278365958,99.04171082922967,2803.5635179153096,2498.1028932745735,0.8761121369817022,0.6505232342646307,36.56351791530945,59.102893274573674,2767,2439,2849,2539,0.72,0.74,38.69742154281248
797,1320,24330.0,25379.0,640.8064460886337,-1.2227381612945496,123.14311973567972,254.1438847424592,2840.466625565146,466.35211672831895,0.9586666141297924,0.874768578711934,72.4666255651459,118.35211672831895,2768,348,2914,588,0.74,0.9,160.05773609176418
798,1321,2816.0,3010.0,251.00092787935372,0.08600258970293102,33.341307116115495,111.92268949417091,2820.7542613636365,1054.0745738636363,0.935548172757475,0.9545983709413108,52.75426136363637,19.074573863636363,2768,1035,2881,1072,0.56,0.92,85.07241458282678
799,1322,10927.0,13960.0,512.5604744172979,-0.6277055826953581,99.0936022712006,164.78315028377395,2865.7874073396174,995.4897044019401,0.7827363896848137,0.7989799864224927,95.78740733961746,84.48970440194014,2770,911,2933,1056,0.52,0.57,125.9648806652441
800,1323,6849.0,10204.0,437.6127497210455,-1.1959617557312867,61.89867189028246,188.06729654289754,2824.492918674259,2315.8484450284714,0.6712073696589572,0.9442844667059556,54.492918674259016,84.8484450284713,2770,2231,2872,2394,0.45,0.68,158.5235610624586
801,1324,1325.0,1358.0,132.7514428188743,1.1448932038888797,36.42849602637303,46.99402899140475,2791.600754716981,1222.7011320754716,0.975699558173785,0.6317491840161257,20.600754716981132,22.701132075471698,2771,1200,2810,1248,0.94,0.97,24.402451423956336
802,1325,21062.0,21732.0,561.8364458003795,0.42752210142400265,149.6093838611748,187.0645047084075,2870.0701737726713,1961.6275282499287,0.9691698877231733,0.6003008115349706,98.07017377267117,77.62752824992879,2772,1884,2949,2043,0.84,0.85,65.50478793984072
803,1326,6339.0,8412.0,380.2854554734961,0.3579018217919246,81.01875563231452,117.64062897282514,2856.0495346269126,2192.0391228900457,0.7535663338088445,0.7250492092093657,82.04953462691276,45.039122890045746,2774,2147,2907,2236,0.55,0.58,69.4937361312794
804,1327,1182.0,1220.0,126.92833310395002,-1.393742069381565,32.48528941000555,46.637951511764236,2792.1641285956007,2721.148054145516,0.9688524590163935,0.7175160766519253,16.164128595600676,24.148054145516074,2776,2697,2810,2744,0.92,0.97,169.85553830539322
805,1328,972.0,1045.0,125.45282155216962,-1.266284263410296,26.477522847916074,47.74510467210537,2791.4156378600824,2671.3353909465022,0.9301435406698565,0.8321437749150763,14.415637860082304,22.33539094650206,2777,2649,2808,2694,0.78,0.88,162.55274395724217
806,1329,386.0,424.0,87.95105093958546,1.4178903781009569,14.199672658469566,36.38973014419278,2786.4300518134714,1081.603626943005,0.910377358490566,0.9207254653662875,8.430051813471502,15.603626943005182,2778,1066,2796,1102,0.63,0.85,8.76086552260665
807,1330,8531.0,8936.0,380.24598722739745,0.09840138561579094,74.45037028548089,149.7016973397416,2859.7238307349667,708.1161645762513,0.9546777081468218,0.8675644180175691,79.7238307349666,41.11616457625132,2780,667,2933,744,0.74,0.88,84.36201590597585
808,1331,543.0,564.0,87.53044359342883,-1.3503960818356118,21.529049933679936,32.737274160304814,2794.3222836095765,670.4088397790056,0.9627659574468085,0.7533401114977789,12.322283609576427,15.408839779005525,2782,655,2806,688,0.89,0.95,167.37199616018347
809,1332,12458.0,12937.0,438.8582234766982,0.866812026091823,96.78212137075965,167.17715687018656,2854.8004495103546,1140.8471664793708,0.9629744144701244,0.8153846796358467,68.8004495103548,68.84716647937069,2786,1072,2919,1218,0.81,0.91,40.33532927375475
810,1333,1737.0,1862.0,164.3742871876184,1.1543563096890892,40.53856800369197,57.51208575435458,2806.876223373633,1181.496833621186,0.9328678839957035,0.7093360923549161,20.8762233736327,31.496833621185953,2786,1150,2834,1212,0.81,0.85,23.860255400518568
811,1334,509.0,658.0,117.77306118540696,1.526364744142533,19.576633516560193,35.48481963993651,2796.524557956778,1754.1218074656188,0.7735562310030395,0.8340489962741778,10.524557956777995,18.12180746561886,2786,1736,2809,1775,0.46,0.52,2.5457421630671178
812,1336,18423.0,19373.0,549.6974542126413,-0.4688730899447016,118.98926440728138,204.10867408299495,2899.5840525430167,1312.3361558920915,0.9509626800185825,0.8124935715816902,108.58405254301688,81.33615589209141,2791,1231,2987,1384,0.77,0.85,116.86444918108924
813,1337,195.0,208.0,53.82091077671875,-1.0493759078643514,14.586507601413619,17.76592420685044,2799.0666666666666,1305.9589743589743,0.9375,0.5708728372867549,7.066666666666666,8.95897435897436,2792,1297,2809,1316,0.85,0.86,150.12481064333647
814,1338,23101.0,23781.0,586.0490358445871,-1.3068451861737755,139.2889984887292,213.39763283935204,2877.8449417774123,1742.2863512402062,0.9714057440814096,0.7575988495813185,83.84494177741223,106.28635124020605,2794,1636,2950,1847,0.85,0.9,164.87671364474568
815,1340,1977.0,2113.0,173.12530004282195,-1.4732565348192508,42.64054819730998,61.83532757407282,2816.1876580677795,1268.3732928679817,0.9356365357311879,0.7242073142145364,19.187658067779463,31.37329286798179,2797,1237,2840,1299,0.83,0.87,174.41138158521147
816,1341,1238.0,1306.0,144.77880134878083,0.30368197855153634,26.45748284443152,61.024162272732696,2824.2875605815834,2464.6510500807753,0.9479326186830015,0.9011259067062909,27.2875605815832,16.651050080775445,2797,2448,2855,2481,0.74,0.95,72.60030431481458
817,1342,1372.0,1469.0,151.7126317982447,-0.2655498033497216,32.06604285264279,55.305296742787384,2825.7215743440233,2692.9504373177842,0.9339686861810755,0.8147584262936347,25.721574344023324,16.950437317784257,2800,2676,2853,2713,0.75,0.84,105.21488298246803
818,1344,506.0,549.0,102.00928138854218,-1.5006852117431893,13.878351868963321,47.0322676095983,2812.312252964427,1540.4743083003953,0.9216757741347905,0.9554720879955684,8.312252964426877,22.474308300395258,2804,1518,2820,1564,0.61,1.0,175.98292901058102
819,1346,2743.0,2847.0,199.84518588115233,-0.4727571087557154,45.866816144792345,76.80176196495367,2839.773605541378,945.846882974845,0.9634703196347032,0.802084570271748,34.77360554137805,26.84688297484506,2805,919,2878,974,0.86,0.95,117.08698706650975
820,1348,3225.0,3470.0,225.5496357599576,0.15522149721011594,58.31839813372546,73.15000644646895,2844.354418604651,1221.0790697674418,0.9293948126801153,0.6036572923885958,37.354418604651165,35.07906976744186,2807,1186,2887,1255,0.8,0.81,81.10646332015867
821,1349,19001.0,21064.0,601.7733473953533,-1.2522122730263006,112.21378076460111,227.51942241514723,2876.9903689279513,1550.5631282564075,0.902060387390809,0.8699129556242083,68.99036892795117,121.56312825640755,2808,1429,2944,1656,0.66,0.79,161.74647829889057
822,1351,426.0,460.0,84.61888873596669,1.222796956882832,21.75000925510597,27.106807556283794,2826.455399061033,1876.7018779342723,0.9260869565217391,0.5968110540620266,10.455399061032864,15.7018779342723,2816,1861,2841,1889,0.75,0.76,19.93889516917322
823,1352,7690.0,7843.0,325.20272265830744,-1.3266176675032453,81.91362707602416,120.59645968017458,2868.089466840052,2364.736020806242,0.9804921586127757,0.7339186189168286,45.08946684005202,62.736020806241875,2823,2302,2909,2424,0.91,0.97,166.00959337542548
824,1353,745.0,821.0,115.87694228746994,-1.3436237594409093,23.929617265079024,42.84420198840348,2850.036241610738,1267.6939597315436,0.9074299634591961,0.8294867551628808,14.036241610738255,23.693959731543625,2836,1244,2864,1288,0.7,0.79,166.9839706694651
825,1354,5309.0,5646.0,301.8544672696945,-0.3167614059843989,67.50721920964871,108.01294045550937,2896.2467508005275,1860.6057637973254,0.9403117251151257,0.7806311880029204,60.24675080052741,47.605763797325295,2836,1813,2946,1895,0.73,0.79,108.14909167553607
826,1355,598.0,671.0,106.72167036892688,0.3992097357493497,23.09753173228478,37.650759596196906,2857.650501672241,2243.8060200668897,0.8912071535022354,0.789719670626439,19.650501672240804,11.806020066889632,2838,2232,2876,2261,0.66,0.72,67.1269670010294
827,1357,813.0,855.0,115.41686669521462,1.0113642652871326,27.675243960593686,40.833322244806034,2863.4821648216484,1391.859778597786,0.9508771929824561,0.7352820367594798,19.482164821648215,14.859778597785978,2844,1377,2879,1414,0.77,0.81,32.05309604869795
828,1358,5260.0,6869.0,342.5931153108829,1.1834915356713251,67.89301077666377,121.86146159731278,2909.0100760456276,1093.8807984790874,0.7657592080361042,0.8304234479586688,58.01007604562738,49.88079847908745,2851,1044,2942,1166,0.56,0.64,22.19092991657655
829,1360,1314.0,1359.0,139.64580502223953,0.7839798388857985,33.23352705587042,51.62915153161822,2882.6499238964993,658.4162861491628,0.9668874172185431,0.7652805004985295,21.64992389649924,21.41628614916286,2861,637,2907,679,0.85,0.91,45.081264008497484
830,1361,1777.0,2077.0,190.74573049152508,-1.4215145340602693,33.18109762076789,72.43201679686915,2881.495779403489,2267.6989307822173,0.855560905151661,0.8889007297253246,17.495779403489028,34.69893078221722,2864,2233,2905,2306,0.61,0.76,171.44678331815913
831,1362,1758.0,2085.0,194.67272130851234,-1.2263272957838054,38.5319516755984,65.8945774204654,2896.0255972696245,887.6092150170648,0.8431654676258993,0.8112124916129871,28.025597269624573,37.60921501706485,2868,850,2916,915,0.58,0.65,160.2633783501034
832,1363,887.0,1029.0,126.69829530782238,1.0163856972964393,31.575897624098648,40.980445653570015,2886.347237880496,1415.9627959413754,0.8620019436345967,0.6374263036727406,14.347237880496055,21.962795941375422,2872,1394,2906,1436,0.69,0.71,31.765389187452776
833,1364,464.0,491.0,87.39569057231567,-0.042221590783305084,18.10758514748431,34.002246120227724,2895.5969827586205,539.4655172413793,0.945010183299389,0.8464043005868868,18.59698275862069,9.46551724137931,2877,530,2911,549,0.76,0.88,92.41911895621183
834,1365,7842.0,8779.0,415.77947413031154,-0.7953269999359148,68.65421920049724,161.8892195469533,2944.6967610303495,1190.204922213721,0.8932680259710674,0.9056240398612598,66.6967610303494,60.20492221372099,2878,1130,3010,1260,0.57,0.74,135.56888042912942
835,1367,15649.0,18717.0,546.2468872707266,-1.4468903261308705,125.79135986022634,176.3214592508144,2964.1318934117194,2136.2556073870533,0.8360848426564086,0.7007360835257064,84.1318934117196,90.25560738705349,2880,2046,3026,2210,0.66,0.69,172.90070910560615
836,1368,300.0,319.0,65.75298453161078,-1.3895975116816792,19.240936728513063,20.923935215930776,2893.6666666666665,2231.5633333333335,0.9404388714733543,0.3929358820521451,10.666666666666666,11.563333333333333,2883,2220,2904,2241,0.87,0.87,169.61807264124133
837,1369,1470.0,1639.0,168.9124549007912,0.2086625804369138,43.548481486919734,51.970785029122446,2918.6285714285714,1632.7326530612245,0.896888346552776,0.5457599436199249,34.628571428571426,25.73265306122449,2884,1607,2941,1659,0.65,0.66,78.04451479865578
838,1372,2845.0,3307.0,223.1539730236666,-0.009782807476880356,59.878967718496405,64.58357894114545,2923.9005272407735,769.1325131810194,0.8602963410946477,0.37467878525063736,33.900527240773286,28.13251318101933,2890,741,2963,799,0.72,0.72,90.56051358021428
839,1373,1546.0,1690.0,159.1065378399639,0.4192822083034545,35.80518505285256,57.23272469845883,2917.976067270375,1402.556274256145,0.914792899408284,0.7801384874957624,27.97606727037516,20.55627425614489,2890,1382,2950,1425,0.77,0.83,65.97689903928702
840,1374,1011.0,1384.0,167.11162077786867,-0.11676282617426237,22.36740563444117,73.77795241867021,2920.578635014837,2048.4441147378834,0.7304913294797688,0.952935868401743,30.578635014836795,13.444114737883284,2890,2035,2961,2065,0.45,0.73,96.6900171438049
841,1375,4304.0,4500.0,248.49363208523107,1.5171750032137226,68.48218898620817,82.19208765914026,2922.3891728624535,2285.4565520446095,0.9564444444444444,0.5529764913193157,32.389172862453535,44.456552044609666,2890,2241,2960,2326,0.88,0.89,3.072275533106591
842,1376,3106.0,3415.0,226.62088824839853,-1.2139883656981414,54.55274340218451,77.33866967413556,2928.6580811332906,364.9578235672891,0.9095168374816984,0.708834597997391,33.65808113329041,35.95782356728912,2895,329,2959,408,0.76,0.8,159.55640973248785
843,1377,1036.0,1076.0,123.69145567534574,0.9149334423524468,28.811459897178885,46.38016758548243,2913.846525096525,932.3696911196911,0.9628252788104089,0.783650360050398,16.846525096525095,21.36969111969112,2897,911,2934,952,0.85,0.92,37.57817521782879
844,1378,4626.0,6819.0,377.37390061603395,1.456246836292482,52.141324306619275,156.29375018189688,2942.9945957630785,1474.6655858192823,0.6783985921689397,0.9427108029114997,41.99459576307825,56.66558581928232,2901,1418,2969,1560,0.41,0.62,6.563202351162261
845,1379,594.0,630.0,94.32952102177953,1.0234755141737455,24.304023916951166,31.671773288600935,2917.4309764309764,469.6683501683502,0.9428571428571428,0.6412024687141014,14.43097643097643,13.668350168350168,2903,456,2931,486,0.84,0.86,31.359172602862515
846,1380,1953.0,2212.0,184.50201343044418,0.04503660519176236,37.36453785373183,72.43998375730953,2937.380440348182,1024.4618535586278,0.8829113924050633,0.8567090767260326,33.38044034818228,20.46185355862775,2904,1004,2973,1044,0.72,0.84,87.41959259891505
847,1382,14139.0,14944.0,458.68374711166337,1.1649505341462874,132.54611742281446,143.0863513980883,2981.0901761086357,649.5875238701464,0.9461322269807281,0.37669694986089297,76.09017610863569,84.5875238701464,2905,565,3056,717,0.84,0.85,23.253251051906844
848,1383,1405.0,1498.0,148.57103914465492,-1.016488077086899,34.843111455901486,54.030401334657284,2924.6042704626334,2342.3551601423487,0.937917222963952,0.7642840532082283,18.60427046263345,22.355160142348755,2906,2320,2947,2371,0.8,0.86,148.24047674244798
849,1384,12810.0,13507.0,488.57792216921786,1.4685363361831822,96.90003661320219,185.41968727701925,2959.5372365339576,914.4708040593287,0.9483971274154143,0.8525789615903561,51.537236533957845,84.47080405932864,2908,830,3017,1018,0.67,0.79,5.859065875098651
850,1385,2225.0,2779.0,215.76006698194743,-1.5395860702454336,53.63122705241114,62.73930141922771,2951.094382022472,1062.2867415730336,0.8006477150053977,0.5189136663116317,37.09438202247191,24.28674157303371,2914,1038,2981,1103,0.6,0.61,178.21178402219522
851,1386,4481.0,4722.0,264.0273740859682,0.33094117175666304,64.6307070785603,92.08975771174525,2968.2515063601872,1381.7518411068959,0.9489623041084286,0.7123514031743051,53.251506360187456,37.75184110689578,2915,1344,3010,1418,0.81,0.85,71.03846759122914
852,1387,12869.0,13300.0,444.45129539549487,0.898504721287941,105.61806435444922,162.01152816110636,2987.14756391328,2395.8376719247804,0.967593984962406,0.7582903571524178,66.14756391327998,81.83767192478048,2921,2314,3057,2466,0.82,0.88,38.51947159762265
853,1388,14194.0,16921.0,529.871930577676,-0.18566684366456404,110.48371528346107,178.3797962943468,3022.113498661406,2234.354938706496,0.8388393120973938,0.7850964855615901,100.11349866140623,80.3549387064957,2922,2154,3103,2292,0.64,0.69,100.63792653749479
854,1389,8610.0,10113.0,405.3950767389329,-0.05322227001484742,89.62965348565942,133.6925653802678,2996.9833914053424,816.653774680604,0.8513794126371996,0.741985310275386,73.98339140534263,46.65377468060395,2923,770,3059,883,0.66,0.7,93.04941144795643
855,1390,1366.0,2209.0,202.2571969002605,-1.2668057149638725,34.154297366121845,79.06403784776265,2942.189604685212,1581.5790629575404,0.6183793571751924,0.9018818868894797,17.1896046852123,34.579062957540266,2925,1547,2975,1616,0.42,0.54,162.58262093048265
856,1391,428.0,450.0,79.48589240942536,0.31586089536673045,20.218061956503856,27.915169674355496,2937.978971962617,717.8060747663551,0.9511111111111111,0.689518655227714,11.978971962616823,10.80607476635514,2926,707,2955,729,0.85,0.88,71.90250378226304
857,1392,6984.0,7703.0,359.2375780461597,-1.304641674266557,70.78654142374326,134.5896147884546,2970.1093928980526,1817.1055269186713,0.9066597429572893,0.8505194703730858,41.10939289805269,62.105526918671245,2929,1755,3014,1897,0.68,0.79,164.75046171235522
858,1393,836.0,964.0,127.48369347121984,1.1489422792825121,26.696285488088815,45.89336672288457,2949.4964114832537,1648.657894736842,0.8672199170124482,0.8134016341441832,13.496411483253588,25.657894736842106,2936,1623,2968,1667,0.65,0.72,24.170456492970928
859,1394,9728.0,10214.0,408.90146020976357,0.6020253683125971,82.0466816415454,155.83399270597607,3003.2733347039475,1724.2245065789473,0.9524182494615234,0.8501747932865013,64.27333470394737,62.22450657894737,2939,1662,3078,1778,0.73,0.85,55.506487235879256
860,1395,6725.0,9192.0,443.2779864515751,1.3839152061197024,79.91348560165952,144.91457785102605,2973.985130111524,1967.72,0.7316144473455178,0.834206387733081,34.985130111524164,74.72,2939,1893,3026,2049,0.43,0.49,10.707499485363655
861,1396,2993.0,3346.0,242.34519979916465,0.0047647564589454105,46.795574358815344,84.85382900623105,2984.9812896759104,760.8159037754762,0.8945008965929468,0.8341851165138598,38.98128967591046,24.815903775476112,2946,736,3043,785,0.64,0.73,89.72699956449473
862,1397,4423.0,5595.0,332.04126833275683,-1.123999022636077,57.55508290036371,114.06215082251607,2996.5152611349763,1217.5150350440877,0.7905272564789991,0.8633567294918705,50.515261134976264,57.515035044087725,2946,1160,3032,1287,0.5,0.6,154.40040017387668
863,1398,22388.0,23081.0,596.259211968754,-0.9286132128922201,148.34476221298274,204.89373395708478,3038.3118634983025,1593.7909594425585,0.9699753043628959,0.6897912685594749,91.31186349830266,90.79095944255852,2947,1503,3125,1704,0.79,0.82,143.20561789880762
864,1399,5257.0,7577.0,368.8923938030567,0.3704196838756641,64.18433610497041,138.9119706917081,3028.391858474415,739.3557161879398,0.6938102151247195,0.886853650859695,80.39185847441506,43.35571618793989,2948,696,3083,791,0.49,0.6,68.7765154653543
865,1400,225.0,239.0,58.39854673599027,1.1587483287385214,14.914813466921014,20.263898775110853,2957.8977777777777,1631.1333333333334,0.9414225941422594,0.6769502040964338,7.897777777777778,11.133333333333333,2950,1620,2968,1641,0.83,0.86,23.608611245445047
866,1401,4050.0,5610.0,317.53931057436193,1.330303596106758,48.73037215699988,133.9927424395942,2986.529135802469,480.92172839506173,0.7219251336898396,0.9315242595369158,28.529135802469135,56.92172839506173,2958,424,3031,540,0.5,0.72,13.779218472006676
867,1402,4387.0,4534.0,257.133011882603,1.219421075932126,58.54294039284243,97.4397579887708,2990.800775017096,1468.5352176886254,0.9675782973092192,0.7993906293185331,32.800775017095965,52.53521768862549,2958,1416,3026,1517,0.83,0.92,20.132318899787293
868,1403,199.0,215.0,57.05778820532302,0.8629662426499332,12.751138465443267,20.553172173909832,2968.3366834170856,1645.2763819095478,0.9255813953488372,0.7842874673327493,9.336683417085426,9.27638190954774,2959,1636,2978,1654,0.77,0.84,40.55567643389633
869,1404,1512.0,1595.0,162.7640226147248,0.5463979044827894,34.95971366789568,58.96826543092568,2982.998015873016,1522.508597883598,0.9479623824451411,0.8053081936511743,21.998015873015873,24.508597883597883,2961,1498,3017,1543,0.72,0.79,58.693706138343885
870,1405,17920.0,19928.0,564.63636760001,0.6175786190630456,143.27020725253828,170.99688536813073,3062.1642299107143,2032.8901785714286,0.8992372541148134,0.545896329519716,94.16422991071428,88.89017857142858,2968,1944,3147,2109,0.71,0.71,54.61535161016988
871,1407,33230.0,34916.0,732.8750573952353,0.2400547057428873,163.42583913792598,267.00454389828155,3094.9406560337043,1090.9270237736985,0.9517126818650475,0.7908025215773123,120.94065603370449,90.92702377369847,2974,1000,3226,1178,0.78,0.85,76.24587850867768
872,1408,11595.0,12269.0,434.24111927132805,1.365716675116977,104.86110578899982,148.95203683562337,3025.625010780509,1891.8583872358774,0.9450647974570054,0.7102074795091928,51.62501078050884,82.85838723587753,2974,1809,3089,1964,0.77,0.81,11.750198505157812
873,1409,13363.0,15724.0,545.2940395205816,0.46119141459232976,97.64116061837595,193.6500451468375,3064.0377160817184,1324.5090174362044,0.8498473670821673,0.8635784494508357,87.03771608171817,65.50901743620445,2977,1259,3168,1404,0.56,0.67,63.575678396191336
874,1410,5644.0,6200.0,306.622672778995,-0.5195531103240322,69.09867149595694,110.04029489933092,3032.484053862509,971.5088589652729,0.9103225806451613,0.7782619825171079,50.48405386250886,43.50885896527286,2982,928,3078,1018,0.75,0.82,119.76820045446189
875,1411,14117.0,14443.0,455.65378751590526,0.275420814352799,121.14586234261137,155.0695123093224,3069.1233264857974,2332.379754905433,0.9774285120819775,0.6242359696643826,85.12332648579726,54.37975490543317,2984,2278,3144,2403,0.85,0.87,74.21954974752845
876,1412,717.0,807.0,131.96604465547685,-0.8529091459652435,18.2841959994516,53.96054604483135,3005.7726638772665,1268.4546722454672,0.8884758364312267,0.9408426463203529,20.77266387726639,17.454672245467226,2985,1251,3026,1296,0.52,0.77,138.86809437191593
877,1415,223.0,239.0,59.50926747052986,0.8887042391047775,13.18472128871866,22.34499676292716,2999.2869955156953,1355.1121076233185,0.9330543933054394,0.8073648758077243,9.286995515695068,10.112107623318385,2990,1345,3009,1365,0.79,0.88,39.08099786391108
878,1416,25712.0,26427.0,596.1244589476408,-0.5221416540467849,169.6974129152111,197.4833901161051,3084.2768357187306,449.56689483509643,0.9729443372308624,0.5114724516542777,87.27683571873055,86.56689483509645,2997,363,3188,549,0.91,0.92,119.9165130848607
879,1417,325.0,356.0,72.13145461380485,-0.3010029378834267,15.63573530200331,27.379747091535688,3010.7476923076924,1151.0184615384615,0.9129213483146067,0.820901796081313,13.747692307692308,10.018461538461539,2997,1141,3025,1161,0.78,0.88,107.24619796175884
880,1418,19566.0,20457.0,551.3798835972677,0.36813977112491636,128.39326710807669,198.18978100173948,3103.197280997649,1441.8481549626904,0.9564452265728113,0.76178501788248,102.19728099764899,67.84815496269039,3001,1374,3192,1516,0.81,0.87,68.9071448436302
881,1419,707.0,735.0,98.25651183876678,-0.25689002495672836,26.09530824900181,35.02510933395227,3022.33946251768,1515.5728429985857,0.9619047619047619,0.667013385235898,18.33946251768034,13.572842998585573,3004,1502,3041,1530,0.92,0.95,104.71871422903092
882,1420,396.0,429.0,82.9528076341573,-1.2635126555189682,20.53741561386176,27.652719224030026,3014.65404040404,913.1994949494949,0.9230769230769231,0.6696346914080671,9.654040404040405,16.199494949494948,3005,897,3029,927,0.72,0.75,162.39394252260394
883,1421,1817.0,1891.0,163.3193829819946,-0.3555331509575663,39.08592438476454,60.70078226499585,3032.5943863511284,1372.1640066042928,0.960867265996827,0.7651000827525695,27.594386351128232,22.16400660429279,3005,1350,3064,1395,0.86,0.92,110.37054902685614
884,1422,19809.0,20887.0,570.8637363782736,0.6548948295134949,119.82234653411584,217.22358037433077,3109.770508354788,906.0197889848049,0.9483889500646335,0.8341032303266742,95.77050835478823,92.01978898480489,3014,814,3213,984,0.76,0.87,52.47729024393716
885,1423,5134.0,5689.0,307.54282396350567,1.2700864613947096,71.96037856892472,101.36662307590201,3061.7828204129332,1808.7126996493962,0.9024433116540692,0.7043003682603548,43.78282041293338,51.712699649396185,3018,1757,3097,1871,0.68,0.71,17.22940614537778
886,1424,7544.0,7864.0,353.08914576009323,-0.6393142911961835,85.72322157906896,122.35653028991477,3067.878579003181,1206.427624602333,0.9593082400813835,0.7135523331416677,46.878579003181336,48.42762460233298,3021,1158,3139,1262,0.76,0.8,126.63001066793905
887,1425,1358.0,1431.0,143.43804281811356,1.2143599847603757,31.68321998386724,55.68340560683485,3040.7754050073636,1488.177466863034,0.9489867225716282,0.8223454473020939,19.77540500736377,23.177466863033874,3021,1465,3058,1517,0.83,0.93,20.42229806365951
888,1426,2775.0,2860.0,199.15507249276936,0.601470882599262,48.01254053125851,74.69222417986668,3059.856936936937,2151.191711711712,0.9702797202797203,0.7660297902772193,32.85693693693694,31.19171171171171,3027,2120,3094,2180,0.88,0.94,55.538256927053666
889,1429,12337.0,14620.0,489.5770098459259,0.8087454080027644,120.38395856336827,144.10948665121487,3107.763799951366,717.3234984193888,0.843844049247606,0.5496963200718562,72.76379995136581,65.32349841938883,3035,652,3181,795,0.65,0.65,43.662301420855805
890,1430,790.0,824.0,104.17490632870555,0.5433426916600855,30.810690903312224,33.458374428698384,3060.817721518987,1706.2860759493672,0.9587378640776699,0.38987841477315077,19.81772151898734,15.286075949367088,3041,1691,3077,1724,0.91,0.92,58.86875693859906
891,1433,342.0,410.0,86.51500763390372,1.521050618340999,17.08705977534516,29.820031225917504,3067.6959064327484,1682.0964912280701,0.8341463414634146,0.8195511028022325,10.695906432748538,16.096491228070175,3057,1666,3077,1699,0.57,0.64,2.8502191432965844
892,1434,18437.0,20535.0,549.427948170415,-1.1716610048981815,135.19049409996032,186.3345196749438,3142.964744806639,2423.896078537723,0.8978329681032384,0.6881950092879836,84.96474480663882,104.89607853772306,3058,2319,3211,2512,0.77,0.8,157.1312306007227
893,1435,2962.0,3501.0,252.84123024837496,0.45110335089054543,42.99088263032419,98.28814672324636,3113.523632680621,1007.5958811613774,0.8460439874321622,0.8992688027267911,51.523632680621205,25.59588116137745,3062,982,3165,1039,0.58,0.74,64.15368186976269
894,1436,8235.0,11304.0,471.6870733549964,1.3805385155678693,105.33829385250908,132.92230766758382,3123.0780813600486,1791.5109896782028,0.7285031847133758,0.6098976715151565,61.07808136004857,72.51098967820279,3062,1719,3183,1871,0.47,0.47,10.900969602705388
895,1439,2319.0,2917.0,240.40961265512894,1.3759909903468943,35.53675077235395,97.57650206832908,3095.481673134972,1920.26347563605,0.7949948577305451,0.9313232108774632,24.48167313497197,42.263475636050025,3071,1878,3113,1968,0.5,0.72,11.161523605096562
896,1440,1290.0,1598.0,168.26180975850693,-0.5901227625950193,38.08022947499704,53.59208869541175,3098.1372093023256,1645.5713178294573,0.8072590738423029,0.7036397256884429,25.13720930232558,29.571317829457364,3073,1616,3130,1669,0.57,0.6,123.81154369129524
897,1441,10218.0,11369.0,471.4570355588687,-0.5783091933281393,68.23939039013247,204.17670747878088,3165.157271481699,2089.1941671559994,0.8987597853813001,0.9424960414860503,90.15727148169896,58.19416715599922,3075,2031,3253,2154,0.58,0.87,123.13467603131757
898,1442,449.0,471.0,90.17249240866465,0.13463838115180854,14.48064678236484,39.95143885951973,3094.9532293986636,1873.9643652561247,0.9532908704883227,0.9320008057040486,18.953229398663698,6.964365256124721,3076,1867,3114,1882,0.69,0.99,82.28578899952764
899,1443,14201.0,17218.0,622.9165095977042,-0.09164568968992996,90.76228535334504,237.29684272574556,3210.7228364199705,785.2378001549187,0.8247763967940528,0.9239620455245402,132.72283641997043,52.237800154918666,3078,733,3311,843,0.46,0.63,95.25091122979859
900,1444,7260.0,7520.0,322.1958830258308,-0.8170753196229328,93.67388269104288,100.66528880025123,3123.734573002755,1698.921349862259,0.9654255319148937,0.36616994471448744,45.73457300275482,49.92134986225895,3078,1649,3179,1752,0.88,0.88,136.81496735869683
901,1446,188.0,206.0,57.38311077646517,-1.4822545623524137,15.577395353982688,17.20492104261438,3088.93085106383,1853.6755319148936,0.912621359223301,0.42455216602891,6.930851063829787,10.675531914893616,3082,1843,3098,1862,0.72,0.72,174.92693058680425
902,1448,14784.0,15293.0,455.2495284525657,-1.1747139731719498,132.85367864193714,144.16521238887137,3152.319872835498,314.72429653679654,0.9667167985352776,0.3882888903924353,61.31987283549783,66.72429653679653,3091,248,3224,389,0.9,0.9,157.30615279779693
903,1450,6266.0,7629.0,385.26735049610716,-0.13823438558183726,94.56758801513007,113.91131410698517,3171.417172039579,843.243696137887,0.8213396251146939,0.5574863787854514,76.41717203957867,37.24369613788701,3095,806,3234,908,0.53,0.54,97.92024687742335
904,1451,31076.0,32226.0,698.7285689495515,-0.6934702253102724,170.9928578083452,241.05698256261235,3205.957072982366,2191.3629167202985,0.9643145286414696,0.7048602339848101,108.95707298236582,118.36291672029863,3097,2073,3319,2295,0.8,0.84,129.7329171282649
905,1452,4605.0,4756.0,258.7990929844124,-1.2348334193970214,67.19053076717714,89.30648486811961,3136.989576547231,1599.1776330076004,0.9682506307821699,0.658753406874301,37.98957654723127,46.177633007600434,3099,1553,3177,1643,0.86,0.89,160.75074333315723
906,1453,18654.0,19378.0,521.834151074137,-0.9631697451378626,146.89500385682297,166.02259048893936,3185.0540366677387,1281.4480540366678,0.9626380431417071,0.46599139196067174,85.05403666773883,84.44805403666774,3100,1197,3279,1372,0.86,0.87,145.18556135109066
907,1454,13360.0,13765.0,428.4411295196852,-0.5989616988726972,126.10462748763845,137.70039059939256,3179.7096556886227,2556.8969311377246,0.9705775517617145,0.40165762999544324,71.70965568862276,72.89693113772455,3108,2484,3251,2627,0.91,0.92,124.31797743539127
908,1455,13656.0,14308.0,473.7342935568637,-1.3896540941187285,95.95440225110798,187.682672048384,3154.99377562976,1908.1820445225542,0.9544310875034946,0.8594268575904176,44.99377562975981,88.1820445225542,3110,1820,3216,2006,0.76,0.9,169.62131457607882
909,1456,1171.0,1423.0,158.2422031843691,0.05196215172321465,28.05414174915853,61.55434951054548,3148.204099060632,1523.7002561912896,0.8229093464511595,0.890101610117833,24.20409906063194,13.700256191289496,3124,1510,3179,1540,0.59,0.73,87.02278801184136
910,1457,22861.0,24095.0,617.4254941343864,0.7301324469943703,120.94319642547825,248.90958043318813,3218.387297143607,646.9269498272166,0.9487860551981739,0.8740188077040545,93.38729714360701,105.92694982721666,3125,541,3329,740,0.75,0.91,48.16649230166329
911,1459,2391.0,3026.0,220.79777853347426,0.9066979651403759,42.48687718265022,85.05916467109743,3169.750313676286,1560.836888331242,0.7901520158625248,0.8663150766499151,37.750313676286076,29.836888331242157,3132,1531,3195,1604,0.62,0.73,38.05003330435662
912,1460,504.0,634.0,114.4408989817882,-0.822259353239295,15.808413395332188,49.81089484300201,3153.7976190476193,1636.2916666666667,0.7949526813880127,0.9483022613825257,18.797619047619047,23.291666666666668,3135,1613,3171,1652,0.48,0.75,137.1119906057683
913,1463,13396.0,14857.0,466.8004631073998,-0.035285715760972274,122.81592168829792,150.24122886246371,3228.4527470886833,1003.9350552403703,0.9016625159857307,0.5759879529789081,89.45274708868318,66.93505524037026,3139,937,3298,1069,0.77,0.78,92.02172259020196
914,1464,3038.0,4054.0,270.54059718927545,-0.6293749486375342,39.01013888470104,117.84173081019911,3199.800197498354,1166.7781435154707,0.7493833251110015,0.9436172809305856,52.80019749835418,42.7781435154707,3147,1124,3246,1203,0.52,0.79,126.06052828819367
915,1465,10284.0,10912.0,391.0509919649327,-0.8613642542840433,112.83712520239874,117.9589003358871,3215.7183002722677,1650.067483469467,0.9424486803519062,0.2914698928270736,59.7183002722676,59.067483469467135,3156,1591,3276,1708,0.85,0.85,139.35253639390913
916,1466,8895.0,12979.0,530.2367213949169,-1.4877812582759802,68.00390238682051,227.50024956284457,3210.492074198988,1935.8741989881955,0.6853378534555821,0.954278824299546,42.4920741989882,117.87419898819562,3168,1818,3246,2033,0.4,0.65,175.24358693787673
917,1467,550.0,588.0,94.65484359292168,1.5352464345770205,20.01341459134761,36.55684512715823,3184.927272727273,1804.7672727272727,0.935374149659864,0.836831777516873,9.927272727272728,19.767272727272726,3175,1785,3196,1822,0.77,0.88,2.036858786229274
918,1468,2631.0,2861.0,203.2726328597856,1.4994869779969153,52.13074561018782,68.7105289111502,3206.106423413151,1498.147852527556,0.9196085284865432,0.6514390402719267,30.106423413150893,39.14785252755606,3176,1459,3234,1529,0.8,0.82,4.085724725950612
919,1469,478.0,505.0,87.95105093958546,-0.08792106890188459,17.84140145539648,35.39841296653199,3197.4351464435144,1712.0460251046024,0.9465346534653465,0.8636937400514433,18.435146443514643,8.04602510460251,3179,1704,3215,1722,0.78,0.92,95.03750617835689
920,1470,1070.0,1121.0,124.57213861375769,-1.316634273535278,34.176405177600145,40.576503513400866,3197.1242990654205,455.14392523364484,0.9545049063336307,0.5390545925142951,17.124299065420562,20.14392523364486,3180,435,3215,475,0.87,0.88,165.43758703584462
921,1471,13871.0,15289.0,484.6740513155121,-1.0969782303185747,132.88371503842228,143.32493104072327,3263.965251243602,1451.2857760795905,0.907253581005952,0.3746902853198452,80.96525124360176,73.28577607959052,3183,1378,3339,1535,0.74,0.74,152.8522228149843
922,1473,3519.0,3720.0,225.89130661391692,1.2307298546509031,63.5657998448332,72.09428590196194,3220.3861892583122,1558.4524012503553,0.9459677419354838,0.4718035138254016,30.38618925831202,35.452401250355216,3190,1523,3253,1593,0.87,0.87,19.484373607753994
923,1474,19686.0,22304.0,632.6666101296157,0.06779746959725705,129.0877632789031,222.06195633369117,3298.753378035152,905.0662399674895,0.8826219512195121,0.8136791924314613,107.75337803515188,56.06623996748959,3191,849,3419,1001,0.62,0.69,86.11549113041066
924,1478,12695.0,13467.0,458.37477282333845,-1.2751603373829767,104.641211482117,162.5561247449556,3253.864119732178,2415.9523434423,0.9426746862701418,0.7652580906738964,51.864119732178025,70.95234344230012,3202,2345,3323,2506,0.76,0.82,163.06130553452272
925,1481,19865.0,20895.0,552.1652817606653,0.20217315821537005,132.28537134296297,196.77636247044396,3303.72937326957,1778.8825572615153,0.9507059105049055,0.7403128511981253,88.72937326956959,70.88255726151523,3215,1708,3408,1847,0.82,0.87,78.41633130342865
926,1482,9801.0,11242.0,421.428362578024,0.09057977850264669,85.87563058532187,153.27716441304042,3297.9862258953167,1093.4801550862157,0.8718199608610567,0.8283143071270063,81.9862258953168,50.480155086215696,3216,1043,3374,1142,0.69,0.78,84.81016098256852
927,1484,6152.0,6313.0,292.6433788222356,-0.8767895022552049,82.68037380172916,96.06772814874564,3272.8997074122235,1344.5789986996099,0.9744970695390465,0.5092025600248516,45.89970741222367,49.57899869960988,3227,1295,3321,1394,0.9,0.91,140.2363380005994
928,1485,388.0,420.0,81.61204910349005,0.42934704797085926,17.970322283077813,29.557325384455478,3249.036082474227,1593.5979381443299,0.9238095238095239,0.7939507968888327,18.036082474226806,10.597938144329897,3231,1583,3262,1605,0.73,0.8,65.40022620486887
929,1486,11240.0,11724.0,465.7686788650575,-0.4885053908687049,83.23604130542697,185.07032161201286,3307.0128113879005,1937.8018683274022,0.9587171613783692,0.89315267981374,75.01281138790036,54.80186832740213,3232,1883,3405,2010,0.65,0.82,117.98929716616541
930,1487,145.0,151.0,43.42016510252294,-0.8008392986799042,12.983428690503658,14.410334402215375,3248.9310344827586,1144.496551724138,0.9602649006622517,0.4338598151945932,6.931034482758621,6.496551724137931,3242,1138,3256,1151,0.97,0.97,135.8847118825753
931,1488,395.0,417.0,78.14513387875812,-0.8701299968202431,18.3551858315429,29.1324952393483,3257.653164556962,1542.2050632911391,0.947242206235012,0.7765474049967324,10.653164556962025,11.20506329113924,3247,1531,3271,1557,0.81,0.88,139.85477644553168
932,1490,746.0,771.0,103.81011551146473,-0.63607137175614,25.010481507735488,38.8353378685108,3272.2627345844503,1170.7761394101876,0.9675745784695201,0.7650141329716885,18.262734584450403,14.776139410187668,3254,1156,3289,1186,0.87,0.93,126.44420507072363
933,1492,10209.0,10585.0,403.02253396592346,-1.0721494654510366,86.19614711475086,154.7980601618211,3310.2748555196395,1588.9934371632874,0.9644780349551252,0.8306267267529412,49.27485551963954,63.9934371632873,3261,1525,3369,1668,0.79,0.89,151.42963937755167
934,1493,997.0,1033.0,118.00309898153463,-0.37185113301865025,30.308071336923714,42.04874180048763,3280.555667001003,2567.2998996990973,0.9651500484027106,0.693159467440483,19.55566700100301,16.299899699097292,3261,2551,3302,2584,0.9,0.94,111.30550052912643
935,1495,347.0,364.0,68.98986196021505,-0.9524456541898374,19.278518911189096,23.189369886965633,3277.187319884726,2518.4524495677233,0.9532967032967034,0.5557468649772503,9.187319884726225,10.452449567723344,3268,2508,3288,2530,0.92,0.93,144.5711162006544
936,1497,4137.0,4326.0,242.9400284125331,-1.5320211286745775,67.09257249216634,80.07641238787309,3310.1941020062845,313.19216823785354,0.9563106796116505,0.5458899707847186,33.194102006284744,37.192168237853515,3277,276,3347,361,0.88,0.89,177.7783447979221
937,1498,2740.0,2839.0,196.10876461419406,-0.3541812088882824,53.7507366896355,66.69371886147513,3315.15401459854,566.3317518248175,0.9651285663966185,0.592005373048251,35.154014598540144,28.33175182481752,3280,538,3345,594,0.9,0.91,110.29308845213998
938,1500,709.0,747.0,104.59551367486219,-0.900972157196267,25.528317029269967,36.94418063739414,3307.589562764457,2436.7179125528914,0.9491298527443106,0.7228576497838111,17.589562764456982,17.717912552891395,3290,2419,3322,2452,0.81,0.86,141.62190206614346
939,1503,6898.0,7231.0,335.0086397191348,0.769931363489838,87.30978055133644,111.86782019257777,3350.6326471441,1310.2760220353725,0.9539482782464389,0.6251898529570631,59.63264714409974,44.27602203537257,3291,1266,3394,1374,0.77,0.79,45.886182357279395
940,1504,11645.0,12209.0,417.6755930282486,-0.9086824509771544,109.52263359459441,139.52508977668518,3358.7196221554314,1666.9506225848004,0.9538045703988861,0.6195371912067095,63.719622155431516,80.95062258480034,3295,1586,3420,1730,0.84,0.86,142.06366935859427
941,1506,10158.0,10504.0,385.3626352711216,-0.4164332449414306,104.86305369787252,128.0746502677169,3361.4865130931285,645.8914156329986,0.9670601675552171,0.5741286552344862,62.48651309312857,50.89141563299862,3299,595,3430,706,0.86,0.87,113.85986738408161
942,1508,6670.0,7978.0,379.8648481273394,-0.05830822313228247,97.8232789890095,112.36117388476616,3378.5607196401797,1859.3689655172413,0.8360491351215844,0.49196565939686215,76.56071964017991,60.36896551724138,3302,1799,3419,1915,0.58,0.59,93.34081509638686
943,1509,664.0,688.0,93.31408506225443,-1.5051950485274073,26.313922536063433,32.2382449395573,3315.5301204819275,2637.0331325301204,0.9651162790697675,0.577722710289499,12.53012048192771,15.033132530120483,3303,2622,3329,2654,0.96,0.97,176.24132362460958
944,1510,18265.0,19046.0,526.7139896412692,-1.0051716667222124,146.03973601289363,166.21336617334367,3382.4784013139883,382.62441828634,0.9589940144912318,0.4775066929692994,78.4784013139885,93.62441828633999,3304,289,3468,460,0.83,0.83,147.59209418931334
945,1511,865.0,902.0,109.72851000140349,-1.5438539390586892,27.719242897643035,39.86798276029431,3321.5884393063584,2485.3387283236993,0.958980044345898,0.7187430602882864,13.588439306358381,20.33872832369942,3308,2465,3336,2506,0.9,0.95,178.45631489271028
946,1516,11128.0,11632.0,402.21401583924444,-0.5747801070339282,112.9004809722621,129.4554676703765,3392.0613767074046,743.6224838245867,0.9566712517193948,0.4892950949197295,62.06137670740475,62.62248382458663,3330,681,3449,800,0.86,0.87,122.93247428112181
947,1520,2092.0,2154.0,170.80857379872828,-1.0548852872598948,44.67867810296122,60.609549385526286,3374.028202676864,2436.938814531549,0.9712163416898792,0.6757228675355481,26.028202676864243,31.938814531548758,3348,2405,3398,2465,0.9,0.93,150.44047483043744
948,1521,7207.0,8030.0,356.9766683309818,1.503750040906394,68.20230539183996,140.9012258411446,3394.2543360621617,1547.3604828638822,0.8975093399750934,0.8750440033073288,43.254336062161784,63.36048286388234,3351,1484,3429,1618,0.71,0.86,3.841469213438728
949,1523,678.0,701.0,95.90031734857445,-0.3142235328200407,24.224697190234856,35.75357549402696,3379.902654867257,2648.9085545722714,0.9671897289586305,0.7354802672452074,16.902654867256636,12.908554572271386,3363,2636,3398,2663,0.93,0.98,108.00368225427883
950,1524,1633.0,1674.0,148.70579216576806,-0.7017747455678744,42.09238025362033,50.486571908150765,3388.252908756889,1232.5964482547458,0.9755077658303465,0.5521660344126177,23.252908756889163,20.596448254745866,3365,1212,3414,1259,0.93,0.94,130.2087310899064
951,1532,397.0,409.0,75.00354122516832,1.5496082511627967,16.88802401042564,30.09202714919568,3398.6196473551636,2365.8942065491183,0.9706601466992665,0.8276717023619248,7.619647355163728,13.894206549118389,3391,2352,3407,2382,0.89,1.0,1.2139873097233078
952,1534,778.0,815.0,112.73534963388013,-1.327148189209859,22.78239175537622,44.43917680751481,3406.7043701799485,1968.3046272493573,0.9546012269938651,0.8585889773712327,12.704370179948587,23.304627249357328,3394,1945,3418,1991,0.77,0.9,166.03999003015454
953,1535,25042.0,25560.0,617.490887265655,-1.4450345471577057,154.10854528758335,213.2388348532374,3465.7066528232567,2702.5184490056704,0.9797339593114242,0.6911577393615274,69.70665282325693,95.51844900567048,3396,2607,3539,2801,0.83,0.86,172.79438080273468
954,1537,283.0,371.0,79.2558546132977,1.1735916376797917,13.137489903270652,33.063456750983924,3441.60777385159,687.7349823321555,0.7628032345013477,0.9176707353345668,12.607773851590107,11.734982332155477,3429,676,3450,705,0.57,0.76,22.75815228910146
955,1543,774.0,801.0,100.57323808286044,0.9041556464774788,30.13041153049894,33.070162828198626,3553.250645994832,2609.5426356589146,0.9662921348314607,0.41217293868468263,15.250645994832041,15.542635658914728,3538,2594,3569,2626,0.96,0.96,38.195697433917964
956,1546,443.0,463.0,82.81805461304413,1.5376751333270176,16.722415464255665,34.04220098416912,3557.092550790068,2348.031602708804,0.9568034557235421,0.8710321354770671,7.09255079006772,16.03160270880361,3550,2332,3567,2366,0.81,0.97,1.8977045981457366
957,1547,501.0,521.0,82.16740947075985,0.9349134792709981,21.63233361945407,29.738603652272847,3561.4491017964074,2644.562874251497,0.9616122840690979,0.6861968267155966,11.449101796407186,13.562874251497005,3550,2631,3575,2659,0.93,0.97,36.43340342788023
958,1548,574.0,590.0,86.05493204164841,-0.43022636877369097,24.36912407160298,30.113164722461004,3567.1585365853657,2218.5034843205576,0.9728813559322034,0.5874623314947035,13.158536585365853,11.503484320557492,3554,2207,3582,2232,0.97,0.99,114.65015516597144
959,1549,1363.0,1400.0,135.06816906296797,1.3388287861504282,36.61253284482843,47.99857894987421,3576.3433602347764,2533.564930300807,0.9735714285714285,0.6466537346079928,19.343360234776227,21.564930300807042,3557,2512,3594,2560,0.94,0.96,13.290761062957415
960,1550,972.0,1011.0,117.08294779702402,-1.448003504193199,28.843767128493027,43.466914425423646,3576.303497942387,2319.314814814815,0.9614243323442137,0.7481054913648465,14.303497942386832,21.314814814814813,3562,2298,3591,2341,0.89,0.95,172.9644895104241
961,1551,312.0,330.0,67.18902783729251,-0.07601804571856435,16.25621582579453,24.901876666013663,3573.4198717948716,2364.7820512820513,0.9454545454545454,0.7575209337935938,11.419871794871796,7.782051282051282,3562,2357,3586,2374,0.87,0.93,94.35551318650627
962,1552,810.0,837.0,104.36547587873453,0.6785263572649493,28.744235546455318,36.46358054017473,3581.795061728395,2385.598765432099,0.967741935483871,0.6152912529049869,16.795061728395062,14.598765432098766,3565,2371,3598,2403,0.93,0.95,51.12330344033254
963,1553,500.0,521.0,85.26953387825097,1.2357358792598314,20.31207975801249,32.05162572950301,3576.462,2581.66,0.9596928982725528,0.7735542444339258,9.462,15.66,3567,2566,3589,2596,0.86,0.93,19.197549525523783
964,1554,320.0,339.0,67.09374306227802,-1.5145153210068343,17.637886502026536,23.317666124456583,3575.965625,2697.3375,0.943952802359882,0.6540893204095739,8.965625,11.3375,3567,2686,3585,2710,0.89,0.92,176.77533590159265
965,1555,473.0,490.0,78.7957790210424,0.874044940223435,22.464378288989877,26.965100370330934,3601.3953488372094,1318.551797040169,0.9653061224489796,0.5531361873491379,11.395348837209303,11.551797040169133,3590,1307,3614,1331,0.96,0.97,39.920913820432844
966,1557,444.0,470.0,78.93053204215556,0.5457216562773464,21.614779252034243,26.383007147035975,3615.108108108108,1024.445945945946,0.9446808510638298,0.5734094041650869,12.108108108108109,11.445945945945946,3603,1013,3628,1038,0.9,0.91,58.73245230641906
967,1558,681.0,708.0,96.22563991971657,1.5161823819941664,25.267685367707177,34.705144491863535,3615.251101321586,1283.619676945668,0.961864406779661,0.6855055192809453,12.251101321585903,17.619676945668136,3603,1266,3629,1301,0.92,0.96,3.129148539642287
