label,area,area_convex,perimeter_crofton,orientation,ell: b-axis (px),ell: a-axis (px),centerpoint y,centerpoint x,convexity,eccentricity,local centerpoint y,local centerpoint x,bbox y1,bbox x1,bbox y2,bbox x2,IR,IRn,b axis azimuth (deg),ell: a-axis (mm),ell: b-axis (mm),b_mm,a_mm,area_px,d_eq_mm,__resolution_mm_per_px,shape_class,shape_label,anomaly_class,anomaly_label
135,25967.0,26196.0,592.611303796346,0.2339612264279439,165.53675133868742,202.52920312989,539.2525513151307,313.96834443717023,0.9912582073599022,0.5761449083460994,92.25255131513076,78.96834443717026,447,235,632,392,0.93,0.94,76.5950091559742,42.12607425101712,34.43164427844698,34.43164427844698,42.12607425101712,25967.0,37.820675666519776,0.208,round,圆形,normal,正常骨料
136,19478.0,19743.0,521.7647911842924,-0.0151147761300703,139.06220584324024,181.00281576405249,544.1372317486395,2111.980388130198,0.9865775211467356,0.6401048934894124,84.1372317486395,63.98038813019817,460,2048,629,2181,0.9,0.92,90.86601288053812,37.64858567892291,28.92493881539397,28.92493881539397,37.64858567892291,19478.0,32.755978322317524,0.208,regular,普通,normal,正常骨料
139,18802.0,21459.0,589.0558754770639,0.5448629093657122,132.20343411621593,209.15840454983243,740.0827039676631,985.5680246782256,0.8761824875343679,0.7749086378658484,81.08270396766301,98.56802467822573,659,887,857,1049,0.68,0.74,58.78165488012559,43.504948146365145,27.49831429617291,27.49831429617291,43.504948146365145,18802.0,32.182547465103845,0.208,angular,棱角状,normal,正常骨料
141,1049.0,1081.0,118.09838375654913,-0.2619405171562727,32.46195910423844,41.64374945985165,689.0285986653956,1911.4003813155389,0.9703977798334876,0.6263826117979642,19.028598665395617,16.40038131553861,670,1895,711,1928,0.95,0.97,105.00808611652856,8.661899887649142,6.752087493681595,6.752087493681595,8.661899887649142,1049.0,7.601619696546899,0.208,regular,普通,normal,正常骨料
145,742.0,769.0,101.12859845013024,0.0282290617697822,25.922340801538493,36.72018282115082,696.5485175202157,1785.0687331536387,0.964889466840052,0.7082690632443455,16.548517520215633,13.068733153638814,680,1772,716,1798,0.91,0.95,88.38259390097737,7.637798026799371,5.391846886720006,5.391846886720006,7.637798026799371,742.0,6.393230268202388,0.208,regular,普通,normal,正常骨料
146,1472.0,1519.0,139.87584281836718,-0.1887704503336447,40.004894152851605,47.44062285770781,704.0978260869565,1817.7010869565213,0.9690585911784068,0.5375020940683646,24.097826086956523,20.70108695652174,680,1797,728,1838,0.95,0.96,100.81575010090177,9.867649554403224,8.321017983793134,8.321017983793134,9.867649554403224,1472.0,9.004763255997199,0.208,round,圆形,normal,正常骨料
148,26750.0,27213.0,615.404198817689,1.5556874270852554,182.0915115071907,191.57421509251952,771.0218691588785,2300.638691588785,0.9829860728328372,0.3107210426017441,87.0218691588785,84.63869158878505,684,2216,854,2391,0.89,0.89,0.8656761864488658,39.84743673924406,37.87503439349566,37.87503439349566,39.84743673924406,26750.0,38.38665658788924,0.208,round,圆形,normal,正常骨料
151,657.0,690.0,96.45567771584425,-1.1026280759512068,23.181171425935617,36.40816284937039,716.9132420091324,1724.4870624048706,0.9521739130434784,0.7711094717305028,12.91324200913242,16.487062404870624,704,1708,731,1743,0.89,0.96,153.17593512463452,7.572897872669041,4.821683656594608,4.821683656594608,7.572897872669041,657.0,6.015906517796657,0.208,regular,普通,undersized,过小噪声(<5mm)
154,20982.0,21886.0,589.499602786502,0.5332913131543501,113.84701543951503,238.5235674108908,822.7964922314364,822.7948717948718,0.9586950562003108,0.8787410561377222,110.79649223143647,84.7948717948718,712,738,933,901,0.76,0.92,59.44465850526622,49.61290202146528,23.680179211419127,23.680179211419127,49.61290202146528,20982.0,33.9970970979865,0.208,needle_flaky,针片状候选,normal,正常骨料
155,1245.0,1314.0,136.8690031858905,-1.2478303710894336,34.03771111760564,47.38952534040725,732.1759036144579,1858.6554216867469,0.9474885844748858,0.6957811031784632,20.17590361445783,22.655421686746987,712,1836,750,1883,0.84,0.87,161.4954138116679,9.857021270804708,7.079843912461973,7.079843912461973,9.857021270804708,1245.0,8.281386804211024,0.208,regular,普通,normal,正常骨料
158,485.0,503.0,80.04125277669516,1.0156326701339695,22.49296581729753,27.740106403949,743.020618556701,1714.620618556701,0.9642147117296224,0.5852589956479579,12.02061855670103,13.62061855670103,731,1701,755,1728,0.95,0.97,31.808534465721003,5.769942132021392,4.678536889997886,4.678536889997886,5.769942132021392,485.0,5.1687944722884565,0.208,round,圆形,undersized,过小噪声(<5mm)
163,27013.0,28227.0,633.7378626180567,1.4012059895883424,163.44488576347845,215.02994276366377,843.3526080035539,1867.5535853107765,0.9569915329294648,0.649802710405753,73.35260800355384,106.5535853107763,770,1761,926,1974,0.85,0.87,9.716810568136012,44.726228094842064,33.996536238803515,33.996536238803515,44.726228094842064,27013.0,38.57489952775017,0.208,regular,普通,normal,正常骨料
167,20174.0,20744.0,533.7989213946634,1.3723422390564717,157.92790602934076,166.83189391942363,873.4942004560326,1687.592743134728,0.972522175086772,0.32232525349218,74.49420045603252,80.59274313472787,799,1607,964,1777,0.89,0.89,11.370581654530696,34.70103393524011,32.849004454102875,32.849004454102875,34.70103393524011,20174.0,33.33607024041492,0.208,round,圆形,normal,正常骨料
169,34106.0,39192.0,801.9833240937465,-1.3237393403602782,161.71602799801914,294.635580869032,912.1089837565238,1489.289274614437,0.8702286180853236,0.8359090684669821,111.10898375652378,152.28927461443735,801,1337,1005,1618,0.67,0.76,165.84467737807552,61.284200820758656,33.63693382358798,33.63693382358798,61.284200820758656,34106.0,43.34447910330304,0.208,angular,棱角状,normal,正常骨料
175,33036.0,34323.0,762.3948650331963,-0.3330094914683362,138.87693159616228,309.61442205257447,1012.5473725632644,988.0594805666544,0.962503277685517,0.8937587406240917,163.5473725632643,90.05948056665456,849,898,1157,1075,0.71,0.9,109.08003839893348,64.39979978693549,28.886401772001754,28.886401772001754,64.39979978693549,33036.0,42.65914266106167,0.208,needle_flaky,针片状候选,normal,正常骨料
178,15190.0,15865.0,481.11185131576576,0.1294975086550002,125.555291785051,159.91435308040295,956.2810401579986,725.3755760368664,0.9574535140245825,0.619317236140758,91.28104015799867,69.37557603686636,865,656,1042,796,0.82,0.84,82.58033929660964,33.26218544072381,26.11550069129061,26.11550069129061,33.26218544072381,15190.0,28.9265927431383,0.208,regular,普通,normal,正常骨料
181,12796.0,15157.0,500.128856824052,0.5833730439331579,124.13257921329055,155.14965473157926,958.12222569553,2087.40082838387,0.8442303885993271,0.5998895064453934,74.12222569552985,79.40082838386996,884,2008,1035,2150,0.64,0.65,56.5751867009301,32.27112818416848,25.81957647636444,25.81957647636444,32.27112818416848,12796.0,26.549448859611925,0.208,angular,棱角状,normal,正常骨料
183,17493.0,18668.0,515.3930927825627,0.4231257048082694,137.58471814929345,166.96554078633912,997.8843537414966,1299.7771108443378,0.9370580672809083,0.5665452645153876,83.8843537414966,73.77711084433774,914,1226,1086,1373,0.83,0.84,65.75668291098785,34.728832483558534,28.61762137505304,28.61762137505304,34.728832483558534,17493.0,31.042060596233657,0.208,regular,普通,normal,正常骨料
184,15532.0,16199.0,475.51877939696914,-0.6498662624446988,119.00149141261146,169.29650370684195,999.1961112541848,2318.078354365181,0.95882461880363,0.7112712936021219,84.19611125418491,75.07835436518157,915,2243,1074,2394,0.86,0.9,127.23459408602235,35.21367277102312,24.752310213823183,24.752310213823183,35.21367277102312,15532.0,29.250418573488343,0.208,regular,普通,normal,正常骨料
186,16621.0,19336.0,577.5511807487928,-0.4251607339935151,109.97109308900188,225.9394547788431,1033.794176042356,869.443053967872,0.8595883326437733,0.8735534940172479,110.79417604235606,85.44305396787198,923,784,1141,951,0.63,0.75,114.35991567251268,46.99540659399936,22.87398736251239,22.87398736251239,46.99540659399936,16621.0,30.258470320915734,0.208,needle_flaky,针片状候选,normal,正常骨料
189,10985.0,11525.0,410.5906612748544,0.8867048925972207,97.84040354642472,148.79854047369076,990.5949021392807,2669.0123805188896,0.9531453362255964,0.753423089511891,60.59490213928084,75.0123805188894,930,2594,1057,2742,0.82,0.87,39.1955519805783,30.95009641852768,20.35080393765634,20.35080393765634,30.95009641852768,10985.0,24.59905507865478,0.208,regular,普通,normal,正常骨料
190,15382.0,16095.0,483.3891093137608,1.0820066255765997,107.64764255465532,185.01152559249235,1012.0152125861396,1994.9069041737096,0.9557005281143212,0.8133011987604397,71.01521258613964,86.90690417370953,941,1908,1076,2081,0.83,0.92,28.005586949268924,38.48239732323841,22.390709651368304,22.390709651368304,38.48239732323841,15382.0,29.108833219054976,0.208,regular,普通,normal,正常骨料
195,12035.0,12352.0,443.58696073990006,-1.3779510057174171,106.60666585897071,155.94745485923295,1019.5122559202326,1590.3713336103033,0.974336139896373,0.7298509424002986,63.512255920232654,92.37133361030328,956,1498,1075,1654,0.77,0.81,168.95077700341517,32.437070610720454,22.174186498665907,22.174186498665907,32.437070610720454,12035.0,25.747877936041345,0.208,regular,普通,normal,正常骨料
200,3916.0,4094.0,239.56839796281565,0.1131059226150351,61.85922020534375,82.35796876459588,1016.4302860061288,1690.0140449438202,0.9565217391304348,0.6601863800876218,43.4302860061287,32.014044943820224,973,1658,1060,1723,0.86,0.88,83.51950799622519,17.13045750303594,12.8667178027115,12.8667178027115,17.13045750303594,3916.0,14.687224586624964,0.208,regular,普通,normal,正常骨料
202,14162.0,14439.0,440.58012110742345,-1.052832101221422,117.71739797118724,155.4142719785509,1061.9914560090383,2413.9737325236547,0.9808158459727128,0.6529017019356873,64.99145600903827,78.97373252365485,997,2335,1125,2482,0.92,0.94,150.32283593587778,32.32616857153858,24.485218778006946,24.485218778006946,32.32616857153858,14162.0,27.930627273038166,0.208,regular,普通,normal,正常骨料
203,9915.0,15470.0,536.5593749481952,1.1655682075224196,103.41896641475476,191.2535387996976,1058.593545133636,1796.1212304589008,0.640917905623788,0.8411880096598943,54.59354513363591,73.12123045890065,1004,1723,1131,1901,0.43,0.5,23.21786097433686,39.7807360703371,21.51114501426899,21.51114501426899,39.7807360703371,9915.0,23.370325085518814,0.208,angular,棱角状,normal,正常骨料
206,3000.0,3126.0,208.54038220744008,-1.104594770373293,54.75035195405069,72.00918646963518,1060.4466666666667,2104.7026666666666,0.9596928982725528,0.6495433672503247,25.446666666666665,34.702666666666666,1035,2070,1095,2142,0.87,0.89,153.288618414612,14.977910785684116,11.388073206442543,11.388073206442543,14.977910785684116,3000.0,12.85520544333175,0.208,regular,普通,normal,正常骨料
207,36807.0,37688.0,727.2492889108046,-0.4595100209110552,179.3345126109012,266.1179296519096,1170.599940228761,1221.8117205966255,0.9766238590532796,0.738830659533269,123.59994022876084,97.81172059662563,1047,1124,1312,1330,0.87,0.93,116.32798484217167,55.35252936759719,37.30157862306745,37.30157862306745,55.35252936759719,36807.0,45.02809823280988,0.208,regular,普通,normal,正常骨料
208,19076.0,21141.0,593.6960996457155,-0.703114124416558,118.35489369550268,219.0998224569369,1133.1023799538686,1078.0252149297546,0.90232250130079,0.8415449582506167,85.10237995386873,95.02521492975468,1048,983,1243,1183,0.68,0.78,130.28547184510504,45.57276307104287,24.61781788866456,24.61781788866456,45.57276307104287,19076.0,32.41619611730284,0.208,regular,普通,normal,正常骨料
210,9919.0,10276.0,386.7592103307046,-1.562634970763925,90.55657732973138,140.8458643334082,1101.9777195281783,1540.4232281479988,0.965258855585831,0.7659097681790339,45.97771952817824,70.42322814799878,1056,1470,1147,1610,0.83,0.9,179.53238874432168,29.295939781348903,18.835768084584128,18.835768084584128,29.295939781348903,9919.0,23.375038745325828,0.208,regular,普通,normal,正常骨料
211,13313.0,14054.0,453.0117387006694,-0.9250985666093936,109.57690971561216,158.217279637428,1121.904304063697,1656.5034177120108,0.9472747972107584,0.7213484388627525,63.90430406369714,84.50341771201082,1058,1572,1185,1730,0.82,0.86,143.0042435003203,32.909194164585024,22.79199722084733,22.79199722084733,32.909194164585024,13313.0,27.080480146909103,0.208,regular,普通,normal,正常骨料
213,22289.0,24600.0,607.5964571102777,-0.6631337071530131,150.86628573690237,196.9836611824014,1154.3099735295436,1394.010722778052,0.9060569105691056,0.6429808780071299,95.30997352954373,98.01072277805196,1059,1296,1244,1473,0.76,0.78,127.99476267273197,40.97260152593949,31.38018743327569,31.38018743327569,40.97260152593949,22289.0,35.03996683077789,0.208,regular,普通,normal,正常骨料
217,17616.0,18129.0,507.0626872735158,-0.7749818316797208,145.5828266848027,160.8763823273989,1158.2850249772937,2589.2217870118075,0.9717027966241932,0.4255477320768828,90.28502497729338,84.22178701180745,1068,2505,1227,2669,0.86,0.86,134.40318815456595,33.46228752409897,30.281227950438964,30.281227950438964,33.46228752409897,17616.0,31.151003750229997,0.208,round,圆形,normal,正常骨料
218,12797.0,13164.0,434.20165102522935,-1.3738378513323486,114.77897131944518,147.66777916821408,1121.3503164804251,2229.969289677268,0.972120935885749,0.6291568396985031,52.3503164804251,69.96928967726811,1069,2160,1187,2308,0.85,0.87,168.71511061666502,30.71489806698853,23.8740260344446,23.8740260344446,30.71489806698853,12797.0,26.55048625138177,0.208,regular,普通,normal,正常骨料
220,29328.0,32283.0,740.9032602964216,-1.065517394893592,154.42463356643125,259.5700893568244,1175.2793917075833,1768.3153300600109,0.9084657559706348,0.8037815071404588,104.2793917075832,137.31533006001092,1071,1631,1264,1885,0.67,0.74,151.04964972517712,53.99057858621947,32.120323781817696,32.120323781817696,53.99057858621947,29328.0,40.19385098664773,0.208,regular,普通,normal,正常骨料
221,8644.0,8839.0,352.3990323717103,1.4693177456424666,91.2934421209102,123.68800323444246,1118.0664044423877,2010.1833641832484,0.9779386808462496,0.67469728243817,44.066404442387785,57.18336418324849,1074,1953,1168,2077,0.87,0.91,5.814294411010053,25.727104672764032,18.98903596114932,18.98903596114932,25.727104672764032,8644.0,21.8210564793417,0.208,regular,普通,normal,正常骨料
230,12189.0,15247.0,526.8650909451995,-0.8148558636148119,119.65151136063947,149.91211853316074,1201.7601115760112,1910.805398309952,0.7994359546140224,0.602466253307355,69.76011157601116,95.8053983099516,1132,1815,1269,1971,0.55,0.56,136.68780189661655,31.181720654897436,24.88751436301301,24.88751436301301,31.181720654897436,12189.0,25.91208936580475,0.208,angular,棱角状,normal,正常骨料
232,3566.0,3771.0,229.39769008474752,-1.494963269619862,61.131824003152296,76.91240344925744,1167.0448681996636,1501.0880538418396,0.9456377618668788,0.6068400219565776,33.04486819966349,35.0880538418396,1134,1466,1200,1541,0.85,0.87,175.65508587629623,15.997779917445548,12.715419392655678,12.715419392655678,15.997779917445548,3566.0,14.015515102048983,0.208,regular,普通,normal,正常骨料
233,5080.0,5527.0,297.96694469880595,-1.2649889897919344,72.50746858711396,98.27541585660882,1173.0984251968505,910.9917322834646,0.9191242988963272,0.6750208592834313,36.09842519685039,39.991732283464565,1137,871,1226,974,0.72,0.74,162.47853024559544,20.441286498174637,15.081553466119704,15.081553466119704,20.441286498174637,5080.0,16.72823999021368,0.208,regular,普通,normal,正常骨料
234,2312.0,2404.0,179.27373232888834,0.9525331378222396,52.204812321730095,57.843988966559536,1168.5804498269897,835.3252595155709,0.961730449251248,0.4306676722699332,25.58044982698961,26.32525951557093,1143,809,1197,865,0.9,0.91,35.423871356432514,12.031549705044382,10.85860096291986,10.85860096291986,12.031549705044382,2312.0,11.285279227995726,0.208,round,圆形,normal,正常骨料
237,1774.0,1830.0,156.15551473640306,-1.3896808340095703,46.41096937656437,49.79158209701956,1180.390642615558,2279.567080045096,0.9693989071038251,0.3621888529584694,22.39064261555806,25.567080045095828,1158,2254,1205,2304,0.91,0.92,169.62284665896868,10.356649076180068,9.653481630325388,9.653481630325388,10.356649076180068,1774.0,9.885421734398122,0.208,round,圆形,normal,正常骨料
240,1565.0,1633.0,150.92723363484723,0.1759701474215613,35.92168181379867,55.78343854073288,1189.9386581469648,1986.7220447284344,0.9583588487446416,0.7650685342129253,26.93865814696485,18.722044728434504,1163,1968,1219,2006,0.86,0.93,79.91765323244962,11.602955216472438,7.471709817270123,7.471709817270123,11.602955216472438,1565.0,9.284864393907728,0.208,regular,普通,normal,正常骨料
242,20536.0,21836.0,558.7969096022686,0.537416897263759,141.5789943477031,191.6639892663112,1260.7611998441762,978.7399688352162,0.9404652866825426,0.6740526196132659,94.76119984417608,92.7399688352162,1166,886,1357,1057,0.83,0.86,59.20827994777085,39.86610976739273,29.44843082432224,29.44843082432224,39.86610976739273,20536.0,33.63382979656102,0.208,regular,普通,normal,正常骨料
243,17009.0,20151.0,592.6180754768103,-0.567971724781299,120.41370490253364,191.63090470552712,1244.8801222882005,1561.1626197895232,0.8440772170115627,0.7779205411102923,78.88012228820037,77.16261978952319,1166,1484,1343,1639,0.61,0.66,122.54238271273438,39.85922817874964,25.046050619726994,25.046050619726994,39.85922817874964,17009.0,30.6096091970993,0.208,angular,棱角状,normal,正常骨料
248,17313.0,17919.0,508.51507886201466,1.4463461726227742,119.17462197227596,187.6492708920428,1234.6065961993877,2397.2961936117367,0.9661811485015904,0.7724361911726312,57.60659619938775,90.29619361173684,1177,2307,1301,2491,0.84,0.91,7.130468593815024,39.0310483455449,24.7883213702334,24.7883213702334,39.0310483455449,17313.0,30.881938858187425,0.208,regular,普通,normal,正常骨料
249,3513.0,3606.0,226.75564126951167,-0.2518463158029293,52.65947551667341,85.97325174532683,1224.6088812980358,2028.5388556789069,0.9742096505823628,0.7904628472385101,44.60888129803587,30.53885567890692,1180,1998,1268,2058,0.86,0.94,104.42973098142674,17.88243636302798,10.953170907468069,10.953170907468069,17.88243636302798,3513.0,13.910971766400856,0.208,regular,普通,normal,正常骨料
250,8214.0,9067.0,408.7667071886504,0.3621811082015647,65.46272834068682,171.3749190968171,1259.4080837594352,860.9724859995131,0.9059225763758684,0.9241683308389422,77.40808375943512,53.97248599951303,1182,807,1338,907,0.62,0.85,69.24855108067933,35.64598317213796,13.616247494862858,13.616247494862858,35.64598317213796,8214.0,21.271383794651182,0.208,needle_flaky,针片状候选,normal,正常骨料
253,5035.0,5322.0,292.73866359725014,-0.2587794275657809,62.00343417145735,109.04847447388605,1247.8166832174777,647.2335650446872,0.9460729049229613,0.822623837914176,60.81668321747765,39.23356504468719,1187,608,1305,681,0.74,0.83,104.82696902433064,22.682082690568297,12.896714307663128,12.896714307663128,22.682082690568297,5035.0,16.65398356446079,0.208,regular,普通,normal,正常骨料
254,13113.0,13339.0,444.3396623376632,0.5684254539380877,97.85792686102668,174.40404505043134,1277.5169678944558,789.2355677571875,0.9830572006897068,0.8277487338138584,83.51696789445589,69.23556775718752,1194,720,1360,856,0.83,0.94,57.43162052153959,36.27604137048972,20.35444878709355,20.35444878709355,36.27604137048972,13113.0,26.876296579969008,0.208,regular,普通,normal,正常骨料
255,4915.0,5336.0,279.791153882833,-1.2296735769063645,67.22514809483333,95.86758608770224,1239.6976602238046,1467.7377416073246,0.9211019490254873,0.7129359348163598,40.69766022380468,54.73774160732452,1199,1413,1278,1515,0.79,0.83,160.45510613549033,19.940457906242063,13.982830803725331,13.982830803725331,19.940457906242063,4915.0,16.454328193084017,0.208,regular,普通,normal,正常骨料
256,2123.0,2521.0,203.5026706559132,0.1894681719778397,40.24696162044045,75.97534427009215,1236.7979274611398,2501.2727272727275,0.8421261404204681,0.8481618725211637,36.7979274611399,24.27272727272728,1200,2477,1272,2526,0.64,0.75,79.14427339361093,15.802871608179167,8.371368017051614,8.371368017051614,15.802871608179167,2123.0,10.814174952970063,0.208,angular,棱角状,normal,正常骨料
257,7299.0,7853.0,362.7044932708916,-0.226263945188315,71.91057313476989,136.54729649319367,1265.955473352514,1086.3274421153585,0.9294537119572138,0.850091566872712,64.95547335251405,41.32744211535827,1201,1045,1340,1131,0.7,0.81,102.96396911526983,28.40183767058428,14.957399212032136,14.957399212032136,28.40183767058428,7299.0,20.051648184309382,0.208,regular,普通,normal,正常骨料
258,4021.0,4430.0,265.3286643705368,-1.1970416024209911,60.04232154425404,91.56455796768824,1239.7908480477493,2085.1330514797314,0.9076749435665914,0.7549888924806363,33.790848047749314,48.13305147973141,1206,2037,1274,2125,0.72,0.77,158.58543172029985,19.045428057279157,12.48880288120484,12.48880288120484,19.045428057279157,4021.0,14.88282690897869,0.208,regular,普通,normal,正常骨料
259,607.0,652.0,101.2633514712434,-0.476561537687747,19.9382540473772,40.56474159499122,1229.4744645799012,1287.171334431631,0.9309815950920244,0.8708680642073565,20.474464579901152,15.171334431630973,1209,1272,1248,1299,0.74,0.89,117.30496478777263,8.437466251758172,4.147156841854456,4.147156841854456,8.437466251758172,607.0,5.782461365862915,0.208,needle_flaky,针片状候选,undersized,过小噪声(<5mm)
260,7233.0,7834.0,336.0635439247586,-0.8537461638768902,88.55552172627692,108.03082591820902,1257.3795105765244,2176.5147241808377,0.9232831248404392,0.5727579230243691,48.37951057652426,57.514724180837824,1209,2119,1316,2230,0.8,0.82,138.91605196563015,22.470411790987477,18.4195485190656,18.4195485190656,22.470411790987477,7233.0,19.960785459333305,0.208,regular,普通,normal,正常骨料
262,8817.0,11189.0,442.0951009053025,1.2392620589128054,97.4299934848244,134.04854862093643,1267.0336849268458,1361.667006918453,0.7880060773974439,0.6868214581582479,45.033684926845865,73.66700691845298,1222,1288,1355,1433,0.57,0.59,18.995514313603465,27.882098113154772,20.265438644843474,20.265438644843474,27.882098113154772,8817.0,22.038336739518083,0.208,angular,棱角状,normal,正常骨料
267,2090.0,2177.0,180.78871212676745,-0.8335907612919357,41.46197142952501,66.95907183696278,1270.4311004784688,1268.463157894737,0.9600367478180984,0.7852225498255863,32.4311004784689,31.46315789473684,1238,1237,1297,1299,0.8,0.87,137.76123246312517,13.927486942088256,8.624090057341201,8.624090057341201,13.927486942088256,2090.0,10.72979778637753,0.208,regular,普通,normal,正常骨料
268,2701.0,2913.0,224.9548071465892,-0.4245489020051313,44.32154385576878,82.73012143670613,1287.094779711218,1129.7808219178082,0.9272227943700652,0.8443852358331534,45.09477971121807,27.78082191780822,1242,1102,1329,1159,0.67,0.77,114.3248602818072,17.207865258834875,9.218881121999909,9.218881121999909,17.207865258834875,2701.0,12.197776917410115,0.208,regular,普通,normal,正常骨料
270,6862.0,10677.0,474.503343437444,-0.6578914714670179,84.98701985350777,171.10259099807922,1306.7312736811425,1882.9793063246864,0.6426898941650276,0.8679210810991742,63.731273681142525,72.97930632468668,1243,1810,1384,1940,0.38,0.46,127.69440469271154,35.58933892760048,17.677300129529616,17.677300129529616,35.58933892760048,6862.0,19.442125900281646,0.208,needle_flaky,针片状候选,normal,正常骨料
271,3867.0,4277.0,262.78190033031547,-1.4894449872406257,63.76619454569301,87.12693128805115,1275.5696922679078,1770.5557279544869,0.9041384147767126,0.6814367906277957,26.56969226790794,43.55572795448669,1249,1727,1316,1821,0.7,0.73,175.33891158580462,18.12240170791464,13.263368465504144,13.263368465504144,18.12240170791464,3867.0,14.595046410013678,0.208,regular,普通,normal,正常骨料
272,7195.0,7506.0,332.5966287000266,-0.7620229557601039,75.44518793752192,123.97802272681906,1306.056428075052,1827.374704656011,0.958566480149214,0.7935256616144301,53.05642807505212,53.37470465601112,1253,1774,1359,1882,0.82,0.89,133.6606992571382,25.78742872717836,15.69259909100456,15.69259909100456,25.78742872717836,7195.0,19.908282437174783,0.208,regular,普通,normal,正常骨料
274,6343.0,6514.0,296.58671792204007,0.7471596542449136,80.10463973037773,102.05802748992664,1305.3589784013873,1703.771559199117,0.973748848633712,0.6196312209431168,47.35897840138736,43.771559199117135,1258,1660,1352,1749,0.91,0.93,47.19090518931261,21.22806971790474,16.661765063918565,16.661765063918565,21.22806971790474,6343.0,18.69242944116912,0.208,regular,普通,normal,正常骨料
275,36668.0,37931.0,763.4892374849187,-0.9811408907086494,182.0939539546215,267.48344398079684,1362.740918512054,2256.804816188502,0.9667026970024518,0.7324998469417076,101.74091851205412,125.80481618850224,1261,2131,1493,2401,0.79,0.83,146.21523214531197,55.63655634800574,37.87554242256127,37.87554242256127,55.63655634800574,36668.0,44.942994503107606,0.208,regular,普通,normal,正常骨料
276,2297.0,2435.0,218.0209766971253,0.5389082027435014,35.18802144154993,88.88400204953858,1303.944710491946,920.2333478450151,0.9433264887063656,0.9182992315033202,41.94471049194602,27.23334784501524,1262,893,1339,955,0.61,0.82,59.12283443781688,18.487872426304023,7.319108459842385,7.319108459842385,18.487872426304023,2297.0,11.248610835071169,0.208,needle_flaky,针片状候选,normal,正常骨料
277,13809.0,14934.0,482.2783885792211,1.4381572607960662,112.26416808440518,165.11557332554293,1314.438482149323,2073.983851111594,0.9246685415829652,0.733293106180159,51.43848214932291,88.98385111159389,1263,1985,1382,2159,0.75,0.79,7.599658680290162,34.34403925171293,23.35094696155628,23.35094696155628,34.34403925171293,13809.0,27.580333229970147,0.208,regular,普通,normal,正常骨料
278,129.0,138.0,43.65020289865059,1.3986390495320489,12.649634481488205,13.999792818467588,1274.9457364341083,2584.5658914728683,0.9347826086956522,0.428464340248691,5.945736434108527,5.565891472868217,1269,2579,1283,2593,0.85,0.85,9.86388539962472,2.911956906241258,2.6311239721495463,2.6311239721495463,2.911956906241258,129.0,2.665712137606281,0.208,regular,普通,undersized,过小噪声(<5mm)
279,3216.0,3482.0,223.9788394331627,-0.5583905729227402,59.229546385855535,71.7799588339712,1307.553171641791,1296.2782960199006,0.9236071223434807,0.5649073137503354,37.553171641791046,34.278296019900495,1270,1262,1347,1330,0.81,0.82,121.99342314836504,14.930231437466007,12.319745648257951,12.319745648257951,14.930231437466007,3216.0,13.3099497028939,0.208,regular,普通,normal,正常骨料
280,4616.0,4808.0,260.65574363625075,0.7999087559803786,64.84845583886185,93.71814494233458,1306.7339688041595,1625.7133882149046,0.9600665557404326,0.7219435290143789,36.733968804159446,41.71338821490468,1270,1584,1352,1666,0.85,0.9,44.16860428676426,19.49337414800559,13.488478814483264,13.488478814483264,19.49337414800559,4616.0,15.945982911766722,0.208,regular,普通,normal,正常骨料
281,12996.0,14231.0,465.7686788650576,-0.7991291927299049,97.6401557189384,173.06488704164963,1349.557710064635,2429.9756848261004,0.9132176234979972,0.8256502099153483,79.55771006463527,73.97568482610033,1270,2356,1416,2502,0.75,0.85,135.7867300291201,35.99749650466312,20.309152389539182,20.309152389539182,35.99749650466312,12996.0,26.756126810168794,0.208,regular,普通,normal,正常骨料
284,720.0,766.0,103.81011551146474,0.2172334479154236,24.591416578854744,38.13736189906871,1295.7027777777778,2532.759722222222,0.9399477806788512,0.7643414755087916,18.70277777777778,11.759722222222225,1277,2521,1314,2549,0.84,0.9,77.55344026537124,7.932571275006291,5.115014648401787,5.115014648401787,7.932571275006291,720.0,6.29773877496232,0.208,regular,普通,normal,正常骨料
285,16949.0,17696.0,493.1392098456723,-0.0437133630079863,126.91448516938767,171.48799117895456,1368.371762345861,1429.823057407517,0.9577870705244124,0.6725210714937269,90.37176234586111,64.82305740751667,1278,1365,1456,1501,0.88,0.91,92.50459120868092,35.669502165222546,26.398212915232637,26.398212915232637,35.669502165222546,16949.0,30.555573126016483,0.208,regular,普通,normal,正常骨料
287,1377.0,1642.0,158.87650004383624,0.1982446213302475,36.31975503369529,52.24250011552861,1317.885984023239,1340.4255628177198,0.8386114494518879,0.7188021247823788,27.88598402323893,23.42556281771968,1290,1317,1345,1361,0.69,0.72,78.64141988660764,10.86644002402995,7.55450904700862,7.55450904700862,10.86644002402995,1377.0,8.709342392427352,0.208,angular,棱角状,normal,正常骨料
288,607.0,743.0,118.55845934880442,1.075041529625571,19.95324503366607,43.461752192847214,1305.166392092257,1249.5354200988468,0.8169582772543742,0.888385135572835,14.166392092257002,20.53542009884679,1291,1229,1322,1269,0.54,0.67,28.40465755116652,9.04004445611222,4.150274967002543,4.150274967002543,9.04004445611222,607.0,5.782461365862915,0.208,needle_flaky,针片状候选,undersized,过小噪声(<5mm)
289,300.0,323.0,70.65594306202445,-1.2610231007558117,15.04909586878532,26.27714009000763,1302.3833333333334,1158.8866666666668,0.9287925696594428,0.8197603079191962,9.383333333333333,13.886666666666668,1293,1145,1310,1172,0.76,0.85,162.25130154180837,5.4656451387215865,3.1302119407073463,3.1302119407073463,5.4656451387215865,300.0,4.0651728990322935,0.208,regular,普通,undersized,过小噪声(<5mm)
291,1892.0,2495.0,222.50332788138235,1.1219678314071744,37.11181759055724,80.81697741177445,1330.0845665961945,1588.147463002114,0.7583166332665331,0.8883286790169935,31.084566596194502,31.147463002114165,1299,1557,1358,1637,0.48,0.6,25.71597851092342,16.809931301649083,7.719258058835905,7.719258058835905,16.809931301649083,1892.0,10.208900248077388,0.208,needle_flaky,针片状候选,normal,正常骨料
292,210.0,225.0,55.25695408240048,1.3515825643281545,15.729862584895054,17.75224795382433,1308.1285714285714,1752.642857142857,0.9333333333333332,0.4635376503446869,8.128571428571428,7.642857142857143,1300,1745,1316,1764,0.86,0.87,12.560023400527657,3.6924675743954607,3.271811417658171,3.271811417658171,3.6924675743954607,210.0,3.4011676655699636,0.208,regular,普通,undersized,过小噪声(<5mm)
294,2777.0,2885.0,201.97134257521705,-0.3844551488046743,49.27723197289578,73.68086695856451,1336.6935541951746,718.9513863881887,0.9625649913344888,0.7434488651660934,32.69355419517465,27.95138638818869,1304,691,1377,750,0.86,0.91,112.02765743858188,15.325620327381417,10.24966425036232,10.24966425036232,15.325620327381417,2777.0,12.368195294274873,0.208,regular,普通,normal,正常骨料
296,25510.0,26869.0,627.747303316385,0.9162641811825272,140.67092227167146,237.73470027152075,1396.0606036848294,1223.438063504508,0.9494212661431388,0.8061480524112796,90.06060368482947,108.43806350450804,1306,1115,1493,1329,0.81,0.9,37.50192949923102,49.44881765647632,29.25955183250766,29.25955183250766,49.44881765647632,25510.0,37.48639038069546,0.208,regular,普通,normal,正常骨料
297,627.0,717.0,110.41862338978646,0.9550642980879872,21.261929168189404,42.76940275269634,1320.842105263158,1242.170653907496,0.8744769874476988,0.8676763921791101,12.842105263157896,23.17065390749601,1308,1219,1341,1258,0.65,0.77,35.27884655593395,8.896035772560838,4.422481266983396,4.422481266983396,8.896035772560838,627.0,5.87695228506797,0.208,needle_flaky,针片状候选,undersized,过小噪声(<5mm)
298,6619.0,8073.0,373.6047827834415,0.860326682125341,66.11797307839798,141.2926582502506,1357.298232361384,1995.551140655688,0.8198934720673852,0.8837546659863315,48.298232361383896,76.55114065568817,1309,1919,1422,2051,0.6,0.73,40.7069121117248,29.38887291605213,13.75253840030678,13.75253840030678,29.38887291605213,6619.0,19.094776737531937,0.208,needle_flaky,针片状候选,normal,正常骨料
300,602.0,658.0,106.39634779778471,-0.7098870946824077,28.201710053255105,29.926659192266943,1330.9750830564783,1053.6112956810632,0.9148936170212766,0.3345984916536445,17.975083056478404,18.61129568106312,1313,1035,1344,1068,0.67,0.67,130.6735344561058,6.224745111991524,5.865955691077062,5.865955691077062,6.224745111991524,602.0,5.758596380141613,0.208,regular,普通,normal,正常骨料
301,3287.0,3550.0,236.1014827380837,-0.1675816473941353,47.20748775281555,92.4089535988236,1360.4341344691209,1759.0727106784302,0.9259154929577464,0.8596674616195463,47.43413446912078,25.07271067843018,1313,1734,1404,1787,0.74,0.87,99.60172111953348,19.221062348555307,9.819157452585635,9.819157452585635,19.221062348555307,3287.0,13.456070266822643,0.208,regular,普通,normal,正常骨料
303,164.0,185.0,53.59087298059109,-0.9422153555014728,12.135311926588678,18.04057489265467,1321.5121951219512,1495.8536585365853,0.8864864864864865,0.7399447089626034,7.512195121951219,7.853658536585366,1314,1488,1330,1505,0.72,0.76,143.98496326265283,3.7524395776721713,2.5241448807304447,2.5241448807304447,3.7524395776721713,164.0,3.0056632294389236,0.208,angular,棱角状,undersized,过小噪声(<5mm)
304,1953.0,2729.0,238.68771502440376,1.080973118410838,29.15271795895994,103.74873773008623,1352.584229390681,1291.7347670250897,0.7156467570538659,0.9597096795804092,32.584229390681,39.7347670250896,1320,1252,1384,1333,0.43,0.73,28.064802547963595,21.579737447857937,6.063765335463668,6.063765335463668,21.579737447857937,1953.0,10.372167365149066,0.208,needle_flaky,针片状候选,normal,正常骨料
305,1648.0,2100.0,209.42106514585203,-0.0762362295056464,29.94617177092788,84.41606683649697,1360.2081310679612,1504.2251213592233,0.7847619047619048,0.9349631191752374,37.20813106796116,14.2251213592233,1323,1490,1408,1526,0.47,0.68,94.36801419666426,17.55854190199137,6.2288037283529984,6.2288037283529984,17.55854190199137,1648.0,9.527895778886311,0.208,needle_flaky,针片状候选,normal,正常骨料
307,650.0,680.0,95.34495698130463,-0.8741324526940585,28.055105418572733,30.330005797374103,1340.6538461538462,1319.695384615385,0.9558823529411764,0.3799791387892506,16.653846153846153,14.695384615384617,1324,1305,1355,1336,0.9,0.9,140.08410027478865,6.308641205853813,5.835461927063128,5.835461927063128,6.308641205853813,650.0,5.983772487421656,0.208,round,圆形,normal,正常骨料
309,566.0,602.0,92.85400946999914,0.2952381061002184,25.52760870745852,29.53126507420692,1340.9434628975266,1103.8056537102473,0.9401993355481728,0.5027591779796031,14.9434628975265,12.80565371024735,1326,1091,1354,1117,0.83,0.83,73.08410256902188,6.142503135435039,5.309742611151372,5.309742611151372,6.142503135435039,566.0,5.583758285017081,0.208,regular,普通,normal,正常骨料
310,19725.0,20343.0,531.8864542139091,-0.1966000765940223,146.7163800654421,177.49332930675246,1417.7295817490494,1917.7737389100128,0.9696209998525293,0.5627866111196331,91.72958174904944,66.77373891001267,1326,1851,1517,2006,0.88,0.89,101.2643546407862,36.91861249580451,30.51700705361196,30.51700705361196,36.91861249580451,19725.0,32.963012885065595,0.208,round,圆形,normal,正常骨料
312,11751.0,12947.0,435.2565552308531,0.1173246217512496,108.49703572895176,142.9013622917242,1405.550676538167,767.098629903838,0.9076233876573724,0.650805799850301,77.55067653816697,57.09862990383797,1328,710,1472,830,0.78,0.8,83.27779434068462,29.723483356678635,22.56738343162197,22.56738343162197,29.723483356678635,11751.0,25.44226708610836,0.208,regular,普通,normal,正常骨料
315,379.0,422.0,81.05668873622027,-0.7205156040472787,17.609986967739015,30.00875223316289,1343.8891820580477,1665.263852242744,0.8981042654028436,0.809711350811222,13.889182058047494,10.263852242744065,1330,1655,1359,1679,0.72,0.8,131.2825031852282,6.241820464497881,3.6628772892897152,3.6628772892897152,6.241820464497881,379.0,4.569177181554352,0.208,angular,棱角状,undersized,过小噪声(<5mm)
316,2388.0,3111.0,234.1495473112309,1.3360745265698517,46.12184394181998,73.42213190005499,1359.0544388609717,904.7432998324958,0.7675988428158148,0.7780732259376945,27.054438860971523,45.743299832495815,1332,859,1394,944,0.55,0.59,13.44856851260792,15.271803435211435,9.593343539898555,9.593343539898555,15.271803435211435,2388.0,11.469264159668306,0.208,angular,棱角状,normal,正常骨料
317,821.0,890.0,119.89921787947168,-0.0972461522807724,28.634989081756903,40.898152764804856,1353.7990255785628,950.8355663824605,0.9224719101123596,0.7139922477851147,18.799025578562727,11.835566382460414,1335,939,1380,971,0.72,0.75,95.57179409957476,8.50681577507941,5.956077729005435,5.956077729005435,8.50681577507941,821.0,6.7249641396567705,0.208,regular,普通,normal,正常骨料
319,19352.0,22565.0,612.5947004157058,0.3743511767295842,118.40584414737582,234.1465331718677,1434.098336089293,1094.5778214138074,0.8576113450033237,0.8627145519213862,94.0983360892931,88.57782141380736,1340,1006,1554,1162,0.65,0.77,68.55125751763883,48.70247889974848,24.628415582654167,24.628415582654167,48.70247889974848,19352.0,32.64985989186698,0.208,angular,棱角状,normal,正常骨料
320,30613.0,32372.0,683.4412130277592,1.5583507396396823,184.12687166324608,217.25092116401365,1431.6019664848268,1606.675334008428,0.9456629185716052,0.5307460322384064,89.6019664848267,99.6753340084278,1342,1507,1529,1718,0.82,0.83,0.713079617556005,45.188191602114834,38.29838930595518,38.29838930595518,45.188191602114834,30613.0,41.06495393841737,0.208,regular,普通,normal,正常骨料
321,1443.0,1605.0,164.295350695421,1.4105600139311991,28.37169297859128,66.84327870631579,1359.2959112959113,1706.5440055440056,0.8990654205607477,0.90545093362131,17.295911295911296,32.54400554400554,1342,1674,1376,1739,0.67,0.87,9.180864451827688,13.903401970913682,5.901312139546985,5.901312139546985,13.903401970913682,1443.0,8.915620206262606,0.208,needle_flaky,针片状候选,normal,正常骨料
322,949.0,977.0,113.29071000114992,0.3351635156001912,29.22797871572462,41.63816874855827,1362.7839831401477,1346.3266596417282,0.9713408393039918,0.712224660281468,18.783983140147523,15.326659641728137,1344,1331,1383,1362,0.93,0.97,70.79654510934192,8.66073909970012,6.079419572870721,6.079419572870721,8.66073909970012,949.0,7.230219806104622,0.208,regular,普通,normal,正常骨料
323,14895.0,15333.0,475.57459592588486,-0.3639129486681695,110.9779114418409,177.1764803570517,1436.3722725746895,2498.308761329305,0.971434161612209,0.7795264431205224,90.37227257468948,57.308761329305135,1346,2441,1524,2565,0.83,0.9,110.85067606884708,36.85270791426675,23.083405579902905,23.083405579902905,36.85270791426675,14895.0,28.644328656937866,0.208,regular,普通,normal,正常骨料
327,12864.0,13464.0,421.52364735303854,0.3184442227672953,118.40636029045255,142.24637553323956,1429.9210199004974,989.6652674129352,0.9554367201426024,0.5541702390805486,75.92101990049751,58.66526741293532,1354,931,1497,1055,0.91,0.92,71.75449002511017,29.587246110913828,24.62852294041413,24.62852294041413,29.587246110913828,12864.0,26.6198994057878,0.208,round,圆形,normal,正常骨料
328,8956.0,9308.0,366.956806659021,0.2075945944547358,91.22101897045845,128.01653685625791,1413.903305046896,857.1281822242072,0.9621830683283196,0.7015988385792999,57.90330504689594,47.12818222420724,1356,810,1494,905,0.84,0.87,78.10570588801372,26.627439666101644,18.97397194585536,18.97397194585536,26.627439666101644,8956.0,22.211374604053844,0.208,regular,普通,normal,正常骨料
329,3212.0,4467.0,299.9583483717575,-1.0377124100369532,42.04902352936136,132.54825777222126,1400.3029265255293,1766.3287671232877,0.7190508171032013,0.9483467648058626,43.30292652552927,50.32876712328767,1357,1716,1439,1812,0.45,0.7,149.45654144346656,27.57003761662202,8.746196894107161,8.746196894107161,27.57003761662202,3212.0,13.301669795590016,0.208,needle_flaky,针片状候选,normal,正常骨料
331,1679.0,1758.0,160.1777903284048,-0.2161573882024319,38.26354423928112,57.35214246851356,1400.3740321620012,923.5378201310303,0.9550625711035268,0.7449068133505661,28.3740321620012,19.537820131030376,1372,904,1431,944,0.82,0.87,102.38490605457028,11.92924563345082,7.958817201770472,7.958817201770472,11.92924563345082,1679.0,9.617091373117221,0.208,regular,普通,normal,正常骨料
332,361.0,399.0,77.45502049037516,-0.1197779419024638,19.89017692864277,23.784705599801143,1384.5567867036011,1841.404432132964,0.9047619047619048,0.5483344667543973,11.556786703601109,10.404432132963988,1373,1831,1397,1851,0.76,0.77,96.86277054977435,4.947218764758637,4.137156801157696,4.137156801157696,4.947218764758637,361.0,4.459354468361465,0.208,regular,普通,undersized,过小噪声(<5mm)
333,12166.0,15825.0,564.7316523750244,0.7220289893518966,128.84041945712,156.70172675950997,1468.2068058523755,1359.6299523261548,0.768783570300158,0.5691963058467499,94.20680585237548,81.62995232615486,1374,1278,1525,1440,0.48,0.49,48.63078622404007,32.59395916597807,26.79880724708096,26.79880724708096,32.59395916597807,12166.0,25.887630449332224,0.208,angular,棱角状,normal,正常骨料
334,597.0,650.0,99.00244175606554,0.2503951787273231,26.72447415360773,31.157967922895903,1386.42378559464,1721.365159128978,0.9184615384615384,0.5141352114157952,12.423785594639869,15.365159128978224,1374,1706,1406,1735,0.77,0.77,75.65341304850045,6.480857327962347,5.558690623950407,5.558690623950407,6.480857327962347,597.0,5.734632079834153,0.208,regular,普通,normal,正常骨料
336,27570.0,28875.0,661.1709818080516,1.1072652663657834,143.140894884381,252.1908676693577,1473.2074356184255,2110.609430540442,0.9548051948051948,0.8233116850163663,91.20743561842582,128.6094305404425,1382,1982,1557,2235,0.79,0.89,26.55837343581171,52.4557004752264,29.773306135951245,29.773306135951245,52.4557004752264,27570.0,38.970571733560014,0.208,regular,普通,normal,正常骨料
337,2331.0,2573.0,213.34805596283925,-0.8507065424202844,38.22656844928368,86.7995472525155,1422.148005148005,685.3852423852423,0.9059463661095996,0.8978014003941883,38.14800514800515,40.38524238524239,1384,645,1449,717,0.64,0.82,138.74189448484924,18.054305828523223,7.951126237451006,7.951126237451006,18.054305828523223,2331.0,11.331555521261716,0.208,needle_flaky,针片状候选,normal,正常骨料
342,14027.0,14899.0,460.0803221712465,0.356403152572582,127.92174898866855,146.83214232119076,1468.8293291509233,1805.2955015327584,0.9414725820524869,0.4909090876483534,73.82932915092321,74.29550153275825,1395,1731,1549,1874,0.83,0.84,69.5796035524339,30.54108560280768,26.607723789643057,26.607723789643057,30.54108560280768,14027.0,27.797183419383003,0.208,regular,普通,normal,正常骨料
343,291.0,313.0,66.53838269500822,-0.0054713356348047,17.108552497380597,22.15067864054852,1409.656357388316,1502.3230240549829,0.9297124600638976,0.6351710739652248,10.65635738831615,9.323024054982818,1399,1493,1422,1511,0.83,0.85,90.31348444017384,4.607341157234092,3.558578919455164,3.558578919455164,4.607341157234092,291.0,4.003730982228429,0.208,regular,普通,undersized,过小噪声(<5mm)
344,3071.0,3253.0,216.3548955953159,0.3437515805387015,52.64670089772599,76.17216887673037,1440.308694236405,2336.282644089873,0.9440516446357208,0.7227074910481811,40.30869423640508,29.282644089873006,1400,2307,1481,2364,0.82,0.87,70.304485234181,15.843811126359917,10.950513786727006,10.950513786727006,15.843811126359917,3071.0,13.006435827019223,0.208,regular,普通,normal,正常骨料
347,2126.0,2305.0,187.08824571676416,0.0491716050864307,46.596758141995146,62.56812043081074,1445.7845719661336,1484.725305738476,0.9223427331887202,0.6673587204200871,37.78457196613358,25.72530573847601,1408,1459,1475,1509,0.76,0.79,87.18267455666351,13.014169049608633,9.69212569353499,9.69212569353499,13.014169049608633,2126.0,10.821812982140992,0.208,regular,普通,normal,正常骨料
349,4782.0,5001.0,284.36878984210455,1.089335923705166,60.2589715025675,108.10438361471712,1454.3061480552071,557.7961104140527,0.9562087582483504,0.8302342218566618,38.30614805520703,55.7961104140527,1416,502,1492,611,0.74,0.84,27.58564909970893,22.48571179186116,12.53386607253404,12.53386607253404,22.48571179186116,4782.0,16.230174162419956,0.208,regular,普通,normal,正常骨料
353,339.0,376.0,72.456777184947,-0.123996041921981,17.237913988520226,26.520755144790385,1433.100294985251,908.6253687315634,0.901595744680851,0.7599528116644533,12.100294985250738,9.62536873156342,1421,899,1447,918,0.81,0.87,97.10444987845672,5.5163170701164,3.585486109612207,3.585486109612207,5.5163170701164,339.0,4.3213380670690515,0.208,regular,普通,undersized,过小噪声(<5mm)
355,227.0,256.0,65.42766196046863,-0.5626284734161033,12.868624654490691,24.6707741544273,1438.511013215859,2301.0176211453745,0.88671875,0.8531815097009479,12.51101321585903,9.017621145374449,1426,2292,1449,2311,0.67,0.78,122.23623696063116,5.131521024120878,2.676673928134064,2.676673928134064,5.131521024120878,227.0,3.536155242010284,0.208,angular,棱角状,undersized,过小噪声(<5mm)
357,1482.0,2096.0,197.8537822082008,0.6406093020249262,34.94900029195985,68.10245390787435,1463.8272604588394,724.7591093117409,0.7070610687022901,0.858279400719726,36.827260458839405,21.75910931174089,1427,703,1497,763,0.48,0.56,53.29579067715027,14.165310412837863,7.269392060727648,7.269392060727648,14.165310412837863,1482.0,9.035298315672344,0.208,angular,棱角状,normal,正常骨料
359,601.0,666.0,103.81011551146474,-1.3699098099743017,23.796711809984497,35.41648317571052,1454.800332778702,1448.4226289517471,0.9024024024024024,0.740632226143942,15.800332778702163,19.42262895174709,1439,1429,1466,1465,0.7,0.74,168.4900504250961,7.366628500547788,4.949716056476775,4.949716056476775,7.366628500547788,601.0,5.753811504882365,0.208,regular,普通,undersized,过小噪声(<5mm)
361,6832.0,7178.0,311.56509955550735,-0.2410301878997052,84.93659525212311,104.22978626873648,1499.8733899297424,909.8924180327868,0.951797157982725,0.5796050531556539,57.87338992974239,42.892418032786885,1442,867,1551,955,0.88,0.9,103.81001250189831,21.679795543897185,17.66681181244161,17.66681181244161,21.679795543897185,6832.0,19.39957980092609,0.208,round,圆形,normal,正常骨料
362,2120.0,2318.0,192.4512798394332,0.8519428630382483,42.38558949307447,71.35686763053405,1470.2778301886792,692.5099056603774,0.91458153580673,0.8044690739620595,27.277830188679246,29.50990566037736,1443,663,1501,726,0.72,0.79,41.18726956161643,14.842228467151084,8.81620261455949,8.81620261455949,14.842228467151084,2120.0,10.806531525260768,0.208,regular,普通,normal,正常骨料
363,349.0,368.0,75.13829424628148,-0.8024298877375879,16.984783529436903,27.87022603590725,1457.8424068767908,2288.65329512894,0.9483695652173914,0.7928445222296372,12.84240687679083,14.653295128939828,1445,2274,1468,2300,0.78,0.85,135.97584592252025,5.797007015468708,3.532834974122876,3.532834974122876,5.797007015468708,349.0,4.3846113905948725,0.208,regular,普通,undersized,过小噪声(<5mm)
364,5456.0,6918.0,363.7593974765154,1.0544128044094694,49.80560154746748,161.9017299322167,1499.95784457478,1222.9791055718474,0.7886672448684591,0.9515065150302574,51.95784457478006,67.97910557184751,1448,1155,1547,1284,0.52,0.83,29.58659644278425,33.675559825901075,10.359565121873237,10.359565121873237,33.675559825901075,5456.0,17.336266523667398,0.208,needle_flaky,针片状候选,normal,正常骨料
366,228.0,240.0,59.50926747052986,-0.283515778623754,12.051376354482636,24.224921359659128,1462.438596491228,1706.280701754386,0.95,0.8674763344059542,11.43859649122807,6.280701754385965,1451,1700,1476,1714,0.81,0.96,106.24425754050648,5.038783642809098,2.5066862817323883,2.5066862817323883,5.038783642809098,228.0,3.5439355709804086,0.208,needle_flaky,针片状候选,undersized,过小噪声(<5mm)
368,32692.0,35834.0,731.3273810317221,-0.5740434229660748,182.84091115286665,232.6420952690009,1569.873577633672,777.6025021411966,0.9123179103644584,0.6183126996376188,114.87357763367184,104.60250214119662,1455,673,1691,897,0.77,0.78,122.89026539319929,48.389555815952185,38.03090951979626,38.03090951979626,48.389555815952185,32692.0,42.43645912076777,0.208,regular,普通,normal,正常骨料
369,5648.0,6159.0,318.0783226588146,0.4309423111063609,71.59948337749825,103.89414145556296,1514.688385269122,1726.590828611898,0.9170319857119662,0.7246110608289954,59.68838526912181,41.59082861189802,1455,1685,1565,1768,0.7,0.74,65.30882435999182,21.60998142275709,14.892692542519637,14.892692542519637,21.60998142275709,5648.0,17.63866606710972,0.208,regular,普通,normal,正常骨料
370,5024.0,6573.0,353.26336702730504,-1.1913431728881478,62.093913242905,119.43979412045128,1501.4542197452229,1959.8067277070063,0.7643389624220295,0.8542415795312993,46.45421974522293,83.80672770700637,1455,1876,1538,2013,0.51,0.59,158.25893575821522,24.843477177053867,12.91553395452424,12.91553395452424,24.843477177053867,5024.0,16.63578157986671,0.208,angular,棱角状,normal,正常骨料
371,1190.0,1453.0,156.84562812478603,-0.4733425761017711,35.31211589790599,49.55410815458367,1486.3394957983194,1053.301680672269,0.8189951823812801,0.7015734542447442,30.339495798319327,17.30168067226891,1456,1036,1514,1075,0.61,0.63,117.12053187448149,10.307254496153403,7.344920106764445,7.344920106764445,10.307254496153403,1190.0,8.096398485714019,0.208,angular,棱角状,normal,正常骨料
372,1509.0,2262.0,220.14713339119,-0.3255005743226222,35.598828658380825,75.95286679687537,1489.5268389662028,1446.8919814446654,0.6671087533156499,0.8833593639190477,30.526838966202785,21.89198144466534,1459,1425,1537,1473,0.39,0.48,108.64980913777065,15.798196293750076,7.404556360943211,7.404556360943211,15.798196293750076,1509.0,9.117232168597218,0.208,needle_flaky,针片状候选,normal,正常骨料
373,706.0,736.0,106.49163257279922,-0.3098592097746894,27.80762176862581,35.83353469667309,1480.181303116147,2431.14164305949,0.9592391304347826,0.6307054783835578,20.18130311614731,16.141643059490086,1460,2415,1499,2443,0.78,0.8,107.75362496334851,7.453375216908003,5.783985327874168,5.783985327874168,7.453375216908003,706.0,6.236210193569167,0.208,regular,普通,normal,正常骨料
375,962.0,1035.0,127.71373126734748,-0.8853760843547341,24.83234188456187,51.20989890430703,1483.4199584199584,2381.238045738046,0.9294685990338164,0.8745624362094281,17.41995841995842,20.23804573804573,1466,2361,1507,2402,0.74,0.89,140.728312915345,10.651658972095865,5.165127111988869,5.165127111988869,10.651658972095865,962.0,7.279573415263565,0.208,needle_flaky,针片状候选,normal,正常骨料
377,2915.0,3006.0,209.32578037083752,-0.8734266445625752,49.820924528949696,77.21304651578451,1503.6833619210977,2537.720754716981,0.9697272122421824,0.7639801721822819,34.68336192109777,37.72075471698113,1469,2500,1531,2570,0.84,0.9,140.04366044770865,16.06031367528318,10.362752302021535,10.362752302021535,16.06031367528318,2915.0,12.671781443777958,0.208,regular,普通,normal,正常骨料
378,563.0,633.0,112.50531183775249,-0.3928326268508901,17.203822373705304,46.56723777584888,1493.1278863232685,1467.6500888099467,0.8894154818325435,0.9292543981799524,23.127886323268207,13.650088809946714,1470,1454,1512,1480,0.56,0.79,112.50765157359356,9.685985457376567,3.578395053730703,3.578395053730703,9.685985457376567,563.0,5.568940678307377,0.208,needle_flaky,针片状候选,undersized,过小噪声(<5mm)
379,2794.0,3049.0,218.84584310662137,0.7231671444232409,52.90217843762113,71.26636760788399,1507.9001431639226,677.3571939871152,0.9163660216464414,0.6700497555416266,35.90014316392269,28.357193987115245,1472,649,1547,717,0.73,0.76,48.56557474202063,14.82340446243987,11.003653115025196,11.003653115025196,14.82340446243987,2794.0,12.405994810719585,0.208,regular,普通,normal,正常骨料
380,1459.0,1500.0,148.5710391446549,0.1336670810720709,32.65974356120323,57.78756116930346,1501.0274160383824,1489.9712131596984,0.9726666666666668,0.8249750879637252,29.02741603838245,16.971213159698422,1472,1473,1531,1507,0.83,0.94,82.34144039473732,12.019812723215118,6.793226660730271,6.793226660730271,12.019812723215118,1459.0,8.96491219326396,0.208,regular,普通,normal,正常骨料
384,2161.0,2390.0,194.11736094124257,0.0505150862424139,40.07029940564055,72.3517431643692,1519.568718186025,1521.0037019898195,0.90418410041841,0.8326322184522084,38.56871818602499,20.00370198981953,1481,1501,1554,1549,0.72,0.82,87.10569875657032,15.049162578188792,8.334622276373233,8.334622276373233,15.049162578188792,2161.0,10.91052823967085,0.208,regular,普通,normal,正常骨料
385,2054.0,2212.0,189.1749341647302,-1.2780437629408117,35.41591052898725,75.41426390854942,1506.1290165530672,1002.2273612463486,0.9285714285714286,0.8828696112614997,23.129016553067185,34.227361246348586,1483,968,1528,1037,0.72,0.88,163.2265136495268,15.686166892978278,7.366509390029347,7.366509390029347,15.686166892978278,2054.0,10.636986643437556,0.208,needle_flaky,针片状候选,normal,正常骨料
386,469.0,485.0,78.93053204215556,0.923091828710949,23.307625555129416,25.98899087421308,1496.9253731343283,1165.0085287846482,0.9670103092783504,0.4423816795607731,11.92537313432836,11.008528784648188,1485,1154,1510,1179,0.95,0.95,37.11073411184951,5.40571010183632,4.847986115466918,4.847986115466918,5.40571010183632,469.0,5.082821000797191,0.208,round,圆形,undersized,过小噪声(<5mm)
387,2135.0,2279.0,179.54323837111468,-1.2743361333624617,50.91644019822986,56.29868255001481,1512.7306791569088,2394.913817330211,0.9368143922773148,0.4266889698086911,26.730679156908664,31.91381733021077,1486,2363,1545,2423,0.83,0.84,163.01408212268947,11.71012597040308,10.59061956123181,10.59061956123181,11.71012597040308,2135.0,10.844694792450646,0.208,regular,普通,normal,正常骨料
388,454.0,499.0,88.50641130685526,-0.0337576593607972,19.453022091834484,31.87660580171686,1503.9030837004404,960.2643171806168,0.9098196392785572,0.7922010823776241,16.90308370044053,8.26431718061674,1487,952,1521,972,0.73,0.8,91.934171407614,6.630334006757106,4.046228595101573,4.046228595101573,6.630334006757106,454.0,5.000878701907658,0.208,regular,普通,undersized,过小噪声(<5mm)
389,16611.0,17926.0,529.7208292737458,0.4040571061892716,126.81313070935688,178.25927980397068,1574.1960146890617,2307.398109686352,0.9266428651121276,0.7027902944466151,84.19601468906147,83.39810968635241,1490,2224,1664,2378,0.74,0.78,66.8492331330854,37.077930199225904,26.37713118754623,26.37713118754623,37.077930199225904,16611.0,30.24936646948336,0.208,regular,普通,normal,正常骨料
390,1721.0,1775.0,154.25939583846602,-1.316375665970332,40.16117541873122,54.93594085731559,1509.767576990122,2710.62870424172,0.9695774647887324,0.6823189049053138,19.767576990122024,27.62870424171993,1490,2683,1530,2738,0.91,0.94,165.42276991382306,11.426675698321644,8.353524487096093,8.353524487096093,11.426675698321644,1721.0,9.736633647044002,0.208,regular,普通,normal,正常骨料
391,415.0,430.0,73.79753571561423,0.3087794726136452,20.827935433702223,25.510379001932787,1504.6192771084338,2354.4265060240964,0.9651162790697676,0.5774168873350937,11.619277108433735,10.426506024096383,1493,2344,1519,2366,0.96,0.97,72.30823941896274,5.306158832402019,4.332210570210062,4.332210570210062,5.306158832402019,415.0,4.781260900674649,0.208,round,圆形,undersized,过小噪声(<5mm)
392,12119.0,12515.0,453.8366051101656,-0.3434048805311105,84.91280351380539,182.9328796064856,1585.6450202161896,434.3610033831174,0.9683579704354774,0.8857437009039272,91.64502021618944,53.36100338311742,1494,381,1683,486,0.74,0.91,109.67565031862688,38.050038958149,17.66186313087152,17.66186313087152,38.050038958149,12119.0,25.8375771852744,0.208,needle_flaky,针片状候选,normal,正常骨料
393,684.0,765.0,104.46076065374902,-0.2144174622778816,24.56441653602527,37.7641633635272,1513.390350877193,1060.43567251462,0.8941176470588236,0.7595328274441799,15.390350877192985,11.435672514619885,1498,1049,1533,1077,0.79,0.84,102.28521564242816,7.854945979613658,5.109398639493256,5.109398639493256,7.854945979613658,684.0,6.138276467688686,0.208,angular,棱角状,normal,正常骨料
395,4238.0,4538.0,256.3476137192056,-0.9173510426126652,60.60398512109575,91.57835327924494,1537.014629542237,1166.0497876356771,0.9338915821947996,0.7497052024762871,38.0146295422369,37.049787635677205,1499,1129,1577,1212,0.81,0.86,142.56034307363146,19.048297482082948,12.605628905187915,12.605628905187915,19.048297482082948,4238.0,15.27913859946243,0.208,regular,普通,normal,正常骨料
397,1873.0,2212.0,193.5620005739728,1.5410112116531365,35.89692550834376,74.51143922498255,1527.0891617725574,1651.7522690870262,0.846745027124774,0.8763010290666678,21.0891617725574,42.75226908702616,1506,1609,1547,1683,0.63,0.76,1.706561389934052,15.49837935879637,7.466560505735503,7.466560505735503,15.49837935879637,1873.0,10.15751057088249,0.208,needle_flaky,针片状候选,normal,正常骨料
400,4173.0,4346.0,261.996502166918,0.4998090446598425,53.954841446139646,99.40368047187344,1553.3074526719386,644.4346992571292,0.9601932811780948,0.8398715870826867,46.307452671938655,33.43469925712916,1507,611,1601,679,0.76,0.87,61.36305117852535,20.67596553814968,11.222607020797046,11.222607020797046,20.67596553814968,4173.0,15.161514535938036,0.208,regular,普通,normal,正常骨料
401,898.0,993.0,123.04081053306145,1.3613236083013105,30.56038786432405,41.05322666067893,1525.6035634743876,1033.8318485523384,0.904330312185297,0.6677240216830672,18.603563474387528,25.83184855233853,1507,1008,1541,1054,0.75,0.77,12.001902692814484,8.539071145421218,6.356560675779402,6.356560675779402,8.539071145421218,898.0,7.033258222598756,0.208,regular,普通,normal,正常骨料
402,426.0,487.0,86.51500763390372,-0.0359576463513647,16.623470188957146,35.16261470561242,1524.774647887324,1289.3192488262912,0.8747433264887063,0.8811913442211599,14.774647887323944,8.31924882629108,1510,1281,1544,1300,0.72,0.87,92.06022137715718,7.313823858767383,3.4576817993030864,3.4576817993030864,7.313823858767383,426.0,4.844212587471549,0.208,needle_flaky,针片状候选,undersized,过小噪声(<5mm)
403,5937.0,6278.0,321.02934576237544,-0.6187488371306984,61.016551080848416,127.75336107312664,1562.643254168772,1446.1059457638537,0.94568333864288,0.8785708177540758,52.64325416877211,46.1059457638538,1510,1400,1624,1500,0.72,0.88,125.45169694621656,26.57269910321034,12.69144262481647,12.69144262481647,26.57269910321034,5937.0,18.084308986901792,0.208,needle_flaky,针片状候选,normal,正常骨料
404,2482.0,2936.0,218.61580531049376,0.8810938167655955,43.54868875325834,82.64264874941749,1542.7433521353746,2467.7876712328766,0.8453678474114441,0.8498951985109695,31.743352135374696,39.78767123287671,1511,2428,1578,2499,0.65,0.76,39.517042944258286,17.189670939878837,9.058127260677734,9.058127260677734,17.189670939878837,2482.0,11.692820503052872,0.208,angular,棱角状,normal,正常骨料
406,11454.0,12718.0,448.0693119241571,-1.3431249725146868,103.31255923876236,150.2764493295741,1562.9661253710494,1349.4351318316744,0.900613303978613,0.7262001248014243,50.966125371049415,72.43513183167452,1512,1277,1623,1432,0.72,0.76,166.95539228371626,31.25750146055141,21.48901232166257,21.48901232166257,31.25750146055141,11454.0,25.11868985613773,0.208,regular,普通,normal,正常骨料
408,1174.0,1551.0,164.2395341665052,-0.1648729604309797,33.526420266323946,56.70840497296019,1544.1729131175468,952.8168654173764,0.7569310122501612,0.8065196744320978,26.172913117546848,18.81686541737649,1518,934,1576,972,0.55,0.61,99.44652478852257,11.79534823437572,6.97349541539538,6.97349541539538,11.79534823437572,1174.0,8.041784719131538,0.208,angular,棱角状,normal,正常骨料
409,1733.0,1917.0,170.34849820647298,0.8607288893616671,39.78829512329192,58.55566023508892,1544.5268320830928,1600.7616849394117,0.9040166927490872,0.7336798727818274,25.526832083092906,29.761684939411424,1519,1571,1571,1624,0.75,0.79,40.68386733459369,12.179577328898496,8.275965385644719,8.275965385644719,12.179577328898496,1733.0,9.770519945464033,0.208,regular,普通,normal,正常骨料
411,5358.0,5620.0,298.5781215949916,-1.460109997435141,60.791547494348414,114.57677147546788,1549.7928331466965,1875.899029488615,0.9533807829181494,0.8476381201186659,29.792833146696527,63.89902948861516,1520,1812,1583,1931,0.76,0.87,173.65814047789104,23.83196846689732,12.64464187882447,12.64464187882447,23.83196846689732,5358.0,17.179865083422964,0.208,regular,普通,normal,正常骨料
412,6095.0,7667.0,370.7490444548951,-1.5614309336852206,75.72686422834359,124.12109732183922,1570.0210008203446,1226.1427399507793,0.7949654362853789,0.7923208069350532,49.02100082034455,58.14273995077933,1521,1168,1608,1301,0.56,0.61,179.46340250133466,25.81718824294256,15.751187759495464,15.751187759495464,25.81718824294256,6095.0,18.323365694341135,0.208,angular,棱角状,normal,正常骨料
413,11575.0,12069.0,428.7269838447287,-1.007640121359623,88.54058985700074,168.45822820148717,1583.012613390929,1962.80120950324,0.959068688375176,0.8507356948999549,61.01261339092873,80.80120950323975,1522,1882,1644,2038,0.79,0.92,147.73352622195648,35.03931146590933,18.416442690256154,18.416442690256154,35.03931146590933,11575.0,25.251018153811355,0.208,regular,普通,normal,正常骨料
414,151.0,160.0,45.54632179658763,-1.0826679770640149,12.310037535751922,15.86293356881023,1528.9735099337747,2362.430463576159,0.94375,0.6307017978534565,6.973509933774834,6.430463576158941,1522,2356,1536,2371,0.91,0.94,152.03230569973465,3.299490182312528,2.5604878074364,2.5604878074364,3.299490182312528,151.0,2.884077111517085,0.208,regular,普通,undersized,过小噪声(<5mm)
416,17861.0,18514.0,531.252157354442,0.2043082032060059,112.9994988385064,203.21585344986752,1628.5048989418283,2083.7436873635293,0.9647293939721292,0.831144484698126,103.50489894182856,66.74368736352947,1525,2017,1733,2141,0.8,0.9,78.29400223639466,42.26889751757244,23.503895758409328,23.503895758409328,42.26889751757244,17861.0,31.366876898798544,0.208,regular,普通,normal,正常骨料
417,952.0,1115.0,172.37937012552317,1.131163835981887,16.52946672337386,79.45820660625238,1543.18487394958,1022.9905462184872,0.8538116591928251,0.9781230454229144,16.18487394957983,38.9905462184874,1527,984,1563,1057,0.4,0.87,25.189086260409383,16.527306974100494,3.438129078461763,3.438129078461763,16.527306974100494,952.0,7.241638954793163,0.208,needle_flaky,针片状候选,undersized,过小噪声(<5mm)
418,1335.0,1570.0,155.96494518637408,1.2276127009377973,34.12798600519806,56.271711023075575,1546.2719101123596,1559.8232209737828,0.8503184713375797,0.7950944219230012,18.27191011235955,26.82322097378277,1528,1533,1570,1586,0.69,0.76,19.6629733596085,11.70451589279972,7.098621089081196,7.098621089081196,11.70451589279972,1335.0,8.57549162501302,0.208,angular,棱角状,normal,正常骨料
419,4593.0,5207.0,284.963618455473,-1.2364631811832067,62.242835151875056,98.41574619401622,1570.2229479642936,1672.9177008491183,0.8820818129441137,0.774602874620406,42.22294796429349,49.91770084911823,1528,1623,1612,1725,0.71,0.77,160.84412180511737,20.47047520835537,12.94650971159001,12.94650971159001,20.47047520835537,4593.0,15.906206524564478,0.208,angular,棱角状,normal,正常骨料
420,2872.0,3053.0,231.9839223710675,1.04285298229088,41.75961374867774,93.77819992626264,1565.5459610027856,1799.493036211699,0.9407140517523748,0.895380471089365,36.54596100278552,35.49303621169916,1529,1764,1594,1847,0.67,0.85,30.248925462101404,19.50586558466263,8.685999659724969,8.685999659724969,19.50586558466263,2872.0,12.577971665787302,0.208,needle_flaky,针片状候选,normal,正常骨料
421,2040.0,2137.0,188.33371947241693,1.1676496124016484,33.11115048889527,79.2351355135168,1552.9519607843138,581.8127450980393,0.9546092653252224,0.908500072174491,22.951960784313727,37.812745098039215,1530,544,1576,619,0.72,0.94,23.09860525929912,16.480908186811494,6.887119301690216,6.887119301690216,16.480908186811494,2040.0,10.600673976374381,0.208,needle_flaky,针片状候选,normal,正常骨料
422,13567.0,14157.0,490.4576927843377,0.971373777364296,89.97597814979721,198.44716567963732,1606.847571312744,1040.1148374732809,0.9583245037790492,0.8913070672631529,76.84757131274417,79.11483747328076,1530,961,1671,1134,0.71,0.89,34.344382227345385,41.27701046136457,18.71500345515782,18.71500345515782,41.27701046136457,13567.0,27.337595096234185,0.208,needle_flaky,针片状候选,normal,正常骨料
423,627.0,658.0,96.87628506200085,0.0573331478689067,22.00863172223012,37.07286768389781,1546.8437001594896,1064.370015948963,0.952887537993921,0.804716910890123,16.843700159489632,10.370015948963315,1530,1054,1567,1076,0.84,0.93,86.71505260091217,7.711156478250745,4.577795398223864,4.577795398223864,7.711156478250745,627.0,5.87695228506797,0.208,regular,普通,undersized,过小噪声(<5mm)
424,388.0,489.0,101.49338926737109,-0.5675894015883788,13.93454801084122,40.74935916111781,1553.2190721649486,1493.2345360824745,0.7934560327198364,0.9397154274295864,22.219072164948454,13.234536082474229,1531,1480,1569,1506,0.47,0.7,122.52047720737008,8.475866705512503,2.898385986254974,2.898385986254974,8.475866705512503,388.0,4.623110320704857,0.208,needle_flaky,针片状候选,undersized,过小噪声(<5mm)
425,1306.0,1373.0,147.26974886008634,1.0536190030968644,28.26309086252262,59.55301941973934,1551.3499234303215,2434.31393568147,0.9512017479970868,0.8802085815270698,20.349923430321592,27.31393568147013,1531,2407,1571,2463,0.76,0.92,29.63207790776845,12.387028039305784,5.878722899404705,5.878722899404705,12.387028039305784,1306.0,8.48183818381542,0.208,needle_flaky,针片状候选,normal,正常骨料
426,651.0,765.0,111.98941971658137,0.6067741506035489,21.506507288168788,44.160041710353056,1551.8079877112136,2704.0337941628263,0.8509803921568627,0.8733948102381753,17.807987711213517,17.03379416282642,1534,2687,1576,2719,0.65,0.79,55.234402052781256,9.185288675753435,4.473353515939108,4.473353515939108,9.185288675753435,651.0,5.988373620348664,0.208,needle_flaky,针片状候选,undersized,过小噪声(<5mm)
427,1319.0,1374.0,137.154857510934,0.2363543702145457,35.96624744903678,47.92822741850886,1558.849886277483,2370.9514783927216,0.9599708879184862,0.6609625423046055,23.84988627748294,15.95147839272176,1535,2355,1582,2390,0.88,0.91,76.45789211723395,9.969071303049844,7.480979469399649,7.480979469399649,9.969071303049844,1319.0,8.523948007822064,0.208,regular,普通,normal,正常骨料
430,315.0,345.0,78.70049424602792,-0.9894722405094531,13.58654027181232,31.2503790458966,1546.1492063492065,1940.101587301588,0.9130434782608696,0.9005444192548767,9.149206349206349,11.1015873015873,1537,1929,1560,1956,0.64,0.82,146.6925833265452,6.500078841546492,2.8260003765369626,2.8260003765369626,6.500078841546492,315.0,4.165562655149716,0.208,needle_flaky,针片状候选,undersized,过小噪声(<5mm)
432,1836.0,2013.0,173.0694835139061,-0.2976955302558368,40.91311596046255,59.01531563317927,1578.9449891067538,2406.929193899782,0.9120715350223548,0.7206849898229182,33.944989106753816,23.92919389978213,1545,2383,1609,2434,0.77,0.81,107.05669746356855,12.275185651701287,8.509928119776209,8.509928119776209,12.275185651701287,1836.0,10.056682349465103,0.208,regular,普通,normal,正常骨料
434,1289.0,1467.0,147.3650336351008,-1.243951144923097,35.54202620574147,48.78283946061707,1566.5833979829324,1516.0031031807605,0.8786639400136332,0.6849645318956068,19.583397982932507,22.00310318076028,1547,1494,1586,1544,0.75,0.77,161.2731505245601,10.146830607808347,7.392741450794226,7.392741450794226,10.146830607808347,1289.0,8.426453973656479,0.208,angular,棱角状,normal,正常骨料
436,205.0,231.0,60.3899504089418,1.2849070959325049,15.868879790546735,18.38576379567155,1556.7512195121951,2194.5073170731707,0.8874458874458875,0.5050212477722652,6.751219512195122,10.507317073170732,1550,2184,1567,2203,0.71,0.71,16.380246336656285,3.8242388694996814,3.300726996433721,3.300726996433721,3.8242388694996814,205.0,3.3604336492484905,0.208,angular,棱角状,undersized,过小噪声(<5mm)
437,1305.0,1434.0,155.5048695941188,0.873708071561228,32.76360395238011,54.10874131921005,1572.2544061302683,1113.592337164751,0.910041841004184,0.7958346034817777,20.2544061302682,25.59233716475096,1552,1088,1597,1139,0.68,0.74,39.94021497302753,11.25461819439569,6.814829622095062,6.814829622095062,11.25461819439569,1305.0,8.478590303863362,0.208,regular,普通,normal,正常骨料
438,1018.0,1141.0,143.8028336353544,0.7211463911684673,25.87691088735716,57.1420020590196,1575.229862475442,1086.8781925343812,0.8921998247151621,0.8915853389911511,22.229862475442044,19.87819253438114,1553,1067,1599,1115,0.62,0.77,48.68135537495648,11.885536428276076,5.382397464570289,5.382397464570289,11.885536428276076,1018.0,7.48845601611999,0.208,needle_flaky,针片状候选,normal,正常骨料
439,2611.0,2827.0,211.1266144937601,0.6103040864016255,41.65406330655522,81.5461808284223,1592.9563385675986,950.484871696668,0.9235939158118146,0.8596975779922901,36.95633856759862,29.484871696667945,1556,921,1629,983,0.74,0.87,55.032151629599326,16.961605612311836,8.664045167763486,8.664045167763486,16.961605612311836,2611.0,11.992834215363565,0.208,regular,普通,normal,正常骨料
440,1709.0,1769.0,155.86966041135958,-0.676845415026626,42.5564765489121,53.0494180742326,1579.9596255119952,1555.5108250438852,0.9660825325042396,0.5970494971629752,23.95962551199532,22.510825043885312,1556,1533,1609,1583,0.88,0.9,128.78038566380627,11.03427895944038,8.851747122173716,8.851747122173716,11.03427895944038,1709.0,9.702629001914293,0.208,round,圆形,normal,正常骨料
441,15532.0,16216.0,480.6286557602289,0.6537036196221239,128.3428688483915,161.119314563864,1634.5853077517384,2195.055433942828,0.9578194375925012,0.6045458435569967,78.58530775173834,64.0554339428277,1556,2131,1705,2273,0.84,0.86,52.54554154322695,33.512817429283714,26.69531672046543,26.69531672046543,33.512817429283714,15532.0,29.250418573488343,0.208,regular,普通,normal,正常骨料
445,1816.0,1881.0,170.34849820647295,0.1389436793298258,35.60854892245133,67.19025477240938,1596.764317180617,1761.6547356828194,0.965443912812334,0.8480189058551371,32.76431718061674,17.654735682819382,1564,1744,1634,1782,0.79,0.91,82.03911358438188,13.97557299266115,7.406578175869876,7.406578175869876,13.97557299266115,1816.0,10.001757403815317,0.208,regular,普通,normal,正常骨料
448,1877.0,2002.0,173.68066041009172,-0.3593759893820673,38.108078291832456,67.05919685621679,1602.6004262120405,2715.3724027703784,0.9375624375624376,0.8228385629532734,33.60042621204049,24.37240277037826,1569,2691,1631,2736,0.78,0.88,110.59072744993074,13.948312946093091,7.92648028470115,7.92648028470115,13.948312946093091,1877.0,10.168351033488332,0.208,regular,普通,normal,正常骨料
449,3534.0,3940.0,254.16564049622505,-0.539755677487123,49.89933482115181,96.83098836531524,1611.5257498585172,1582.125636672326,0.8969543147208122,0.8569954186807793,41.52574985851726,37.125636672325975,1570,1545,1667,1621,0.69,0.81,120.92572228823656,20.14084557998557,10.379061642799575,10.379061642799575,20.14084557998557,3534.0,13.95248829544514,0.208,angular,棱角状,normal,正常骨料
450,11779.0,13594.0,475.3609064125744,-0.3336595790096228,97.90787322014371,163.20797268993954,1653.5308600050937,1705.9483827150011,0.8664852140650287,0.8000776989276855,83.53086000509381,66.94838271500127,1570,1639,1722,1758,0.66,0.72,109.11728567136322,33.94725831950742,20.364837629789893,20.364837629789893,33.94725831950742,11779.0,25.47256066200351,0.208,angular,棱角状,normal,正常骨料
451,1844.0,1958.0,167.76226592015297,-0.4102390668039397,40.42058358202002,60.49694351385188,1597.33568329718,2439.797180043384,0.9417773237997956,0.7440332655793276,27.335683297180044,26.797180043383943,1570,2413,1623,2461,0.82,0.87,113.50496711925118,12.583364250881193,8.407481385060164,8.407481385060164,12.583364250881193,1844.0,10.07856851756986,0.208,regular,普通,normal,正常骨料
452,12602.0,13719.0,454.71728804857753,0.2325613537340545,99.44600425456328,166.69697803790322,1657.0211871131569,514.1060942707506,0.918580071433778,0.8025628844668476,86.02118711315664,60.106094270750674,1571,454,1734,575,0.77,0.84,76.67521595318966,34.672971431883866,20.68476888494916,20.68476888494916,34.672971431883866,12602.0,26.347422269179294,0.208,regular,普通,normal,正常骨料
453,1212.0,1319.0,153.3787129000541,0.4488135987691729,29.6050096818161,57.35897052836776,1594.3704620462047,1158.8358085808582,0.9188779378316908,0.8565068523909699,23.370462046204626,22.835808580858085,1571,1136,1625,1176,0.65,0.76,64.28487500244847,11.930665869900494,6.157842013817748,6.157842013817748,11.930665869900494,1212.0,8.170896402725196,0.208,regular,普通,normal,正常骨料
454,8063.0,8433.0,346.94071347402684,-0.1741614959737984,86.02445762304427,120.95978329491496,1630.7673322584646,2490.69924345777,0.9561247480137556,0.7030076298026342,59.76733225846459,44.69924345777006,1571,2446,1691,2536,0.84,0.88,99.97871867298332,25.15963492534231,17.893087185593206,17.893087185593206,25.15963492534231,8063.0,21.07495830966629,0.208,regular,普通,normal,正常骨料
457,9305.0,9882.0,378.6983108638841,0.7411704416154703,101.42473269853686,121.28088639732678,1625.2571735626009,607.8262224610424,0.9416110099170208,0.5483032094210198,52.25717356260076,61.82622246104245,1573,546,1690,669,0.82,0.83,47.53406179558616,25.22642437064397,21.096344401295667,21.096344401295667,25.22642437064397,9305.0,22.640008366786052,0.208,regular,普通,normal,正常骨料
458,2502.0,2706.0,204.2880688193107,-0.9866739783557203,40.80663960777528,81.24497774051301,1611.4716227018384,1464.8545163868905,0.9246119733924612,0.8647128146127608,27.47162270183853,33.85451638689049,1584,1431,1645,1498,0.75,0.89,146.53225471516512,16.898955370026705,8.487781038417259,8.487781038417259,16.898955370026705,2502.0,11.739836456692318,0.208,regular,普通,normal,正常骨料
459,6930.0,7237.0,334.7786019230071,-1.1652311957056083,67.52512326944678,134.1669408371901,1629.5155844155845,1819.7679653679647,0.9575791073649302,0.8641165130843204,45.515584415584414,64.76796536796537,1584,1755,1671,1878,0.78,0.92,156.76282967091382,27.906723694135543,14.04522564004493,14.04522564004493,27.906723694135543,6930.0,19.53822072624616,0.208,regular,普通,normal,正常骨料
460,1244.0,1906.0,196.24351763530728,-0.1258184728971143,26.350574147227256,86.62257146162933,1618.1382636655949,2378.207395498392,0.6526757607555089,0.9526082326564368,34.138263665594856,21.207395498392284,1584,2357,1659,2392,0.41,0.65,97.2088674817858,18.0174948640189,5.480919422623269,5.480919422623269,18.0174948640189,1244.0,8.278060277945375,0.208,needle_flaky,针片状候选,normal,正常骨料
461,516.0,570.0,92.43340212384248,-1.3389535710692797,21.45743634796869,32.80037844950117,1597.7732558139537,1513.9786821705427,0.9052631578947368,0.7563366618677215,12.773255813953488,16.978682170542637,1585,1497,1608,1532,0.76,0.81,166.71638858623965,6.822478717496242,4.463146760377487,4.463146760377487,6.822478717496242,516.0,5.331424275212562,0.208,regular,普通,undersized,过小噪声(<5mm)
463,254.0,352.0,79.16056983828321,1.0749706784027235,17.274446346344092,27.11977645934462,1597.8307086614172,1799.0826771653544,0.7215909090909091,0.7708897381557334,11.830708661417322,12.082677165354331,1586,1787,1609,1813,0.51,0.55,28.40871702720903,5.640913503543681,3.593084840039571,3.593084840039571,5.640913503543681,254.0,3.7405481762048205,0.208,angular,棱角状,undersized,过小噪声(<5mm)
465,1432.0,1557.0,150.96670188094592,0.6027118413445728,38.11920741402303,50.09048655076842,1614.133379888268,1133.7856145251396,0.9197174052665382,0.6487437489710984,27.13337988826816,21.785614525139664,1587,1112,1641,1159,0.79,0.81,55.4671552283975,10.41882120255983,7.92879514211679,7.92879514211679,10.41882120255983,1432.0,8.8815732767354,0.208,regular,普通,normal,正常骨料
466,9063.0,9436.0,384.8630914327677,1.5016199288984766,77.47398512074099,153.12020952448307,1632.0884916694251,1254.9406377579169,0.9604705383637134,0.8625520235915014,44.08849166942513,71.9406377579168,1588,1183,1670,1335,0.77,0.91,3.963515641382529,31.84900358109248,16.114588905114125,16.114588905114125,31.84900358109248,9063.0,22.34366360777915,0.208,regular,普通,normal,正常骨料
469,6785.0,6984.0,323.3624202892862,-0.2787612645180809,82.79388545123685,107.39261141599393,1646.0042741341194,1627.8022107590273,0.9715063001145476,0.6369007256080423,55.00427413411938,46.80221075902727,1591,1581,1698,1668,0.82,0.84,105.97184394861598,22.337663174526732,17.221128173857263,17.221128173857263,22.337663174526732,6785.0,19.332735993033133,0.208,regular,普通,normal,正常骨料
470,861.0,938.0,118.1378520026478,0.9561120624783987,28.570313874500503,40.62694612515642,1611.0243902439024,1395.9152148664343,0.917910447761194,0.7109569073627114,19.02439024390244,20.91521486643438,1592,1375,1627,1418,0.78,0.81,35.218814078439266,8.450404794032535,5.942625285896105,5.942625285896105,8.450404794032535,861.0,6.886839631224645,0.208,regular,普通,normal,正常骨料
472,390.0,418.0,75.69365461355127,0.7739968411383038,20.479455250839944,24.84293725187846,1613.3461538461538,1539.7435897435898,0.9330143540669856,0.5660699043284528,11.346153846153848,10.743589743589745,1602,1529,1627,1553,0.86,0.87,45.65324764631754,5.16733094839072,4.259726692174708,4.259726692174708,5.16733094839072,390.0,4.63501023825564,0.208,regular,普通,undersized,过小噪声(<5mm)
474,320.0,345.0,79.44642416332668,-1.5514351462984526,12.086672074708352,35.6550708442497,1613.34375,1511.378125,0.927536231884058,0.9407903846915868,5.34375,14.378125,1608,1497,1620,1530,0.64,0.95,178.89068607116275,7.416254735603937,2.514027791539337,2.514027791539337,7.416254735603937,320.0,4.198492516641546,0.208,needle_flaky,针片状候选,undersized,过小噪声(<5mm)
475,2915.0,4069.0,273.37321555454025,1.3536048802598977,54.61383908763891,81.19395054397944,1650.2387650085764,1895.981475128645,0.716392233964119,0.7399750325315798,42.23876500857633,54.98147512864494,1608,1841,1679,1939,0.49,0.52,12.444153232796708,16.888341713147724,11.359678530228893,11.359678530228893,16.888341713147724,2915.0,12.671781443777958,0.208,angular,棱角状,normal,正常骨料
478,750.0,856.0,114.63146853181718,-0.4001072639720887,30.99425574950708,33.928870647621565,1632.6693333333333,1371.48,0.8761682242990654,0.4068233461780351,22.66933333333333,16.48,1610,1355,1650,1386,0.72,0.72,112.92445757812742,7.057205094705285,6.446805195897472,6.446805195897472,7.057205094705285,750.0,6.427602721665875,0.208,angular,棱角状,normal,正常骨料
480,763.0,922.0,122.9060575119483,0.6228319516581879,30.20170559706976,39.0858569356159,1629.7640891218873,1340.8073394495414,0.8275488069414316,0.6347693926016877,15.764089121887286,21.807339449541285,1614,1319,1651,1359,0.63,0.65,54.31435782408972,8.129858242608107,6.28195476419051,6.28195476419051,8.129858242608107,763.0,6.483069289402285,0.208,angular,棱角状,normal,正常骨料
481,796.0,960.0,125.12749898102749,1.4374169667896808,24.25848175978518,48.01347067819752,1626.2349246231156,2009.4195979899496,0.8291666666666667,0.8629769769451778,12.234924623115578,26.41959798994975,1614,1983,1642,2030,0.64,0.76,7.642074402454881,9.986801901065084,5.045764206035317,5.045764206035317,9.986801901065084,796.0,6.621782749991423,0.208,angular,棱角状,normal,正常骨料
482,2420.0,2564.0,191.4916604088239,1.384340010152412,45.575665800852434,69.93385634248165,1639.2690082644629,2417.0913223140496,0.9438377535101404,0.7584796413886843,24.26900826446281,31.091322314049588,1615,2386,1662,2450,0.83,0.89,10.683160007169263,14.54624211923618,9.479738486577306,9.479738486577306,14.54624211923618,2420.0,11.545854420764252,0.208,regular,普通,normal,正常骨料
483,11339.0,11861.0,419.5322436800871,1.5365054416052233,96.04831108080894,152.16345779663337,1668.1993121086516,1502.7955728018344,0.9559902200488998,0.7756054774019072,50.199312108651554,78.79557280183438,1618,1424,1720,1582,0.81,0.88,1.9647229971359368,31.64999922169974,19.97804870480826,19.97804870480826,31.64999922169974,11339.0,24.99227390590026,0.208,regular,普通,normal,正常骨料
484,374.0,411.0,81.15197351123474,1.4505387621044126,16.82350216893019,29.729509731297945,1630.283422459893,1418.1069518716577,0.9099756690997568,0.8244837538847644,8.283422459893048,17.106951871657753,1622,1401,1641,1432,0.71,0.8,6.890250911286202,6.183738024109973,3.4992884511374798,3.4992884511374798,6.183738024109973,374.0,4.538937423904394,0.208,regular,普通,undersized,过小噪声(<5mm)
485,4520.0,4855.0,264.1226588609827,0.6466054543911501,65.3822384975765,90.01762196857969,1668.3181415929205,1169.1353982300884,0.9309989701338826,0.6873492131605302,44.31814159292036,37.1353982300885,1624,1132,1710,1213,0.81,0.85,52.952236453248254,18.723665369464573,13.59950560749591,13.59950560749591,18.723665369464573,4520.0,15.779295586263277,0.208,regular,普通,normal,正常骨料
486,1310.0,1544.0,158.18638665545328,0.7418604908488656,32.379208749850974,56.66736139570431,1649.1847328244276,1407.3213740458016,0.8484455958549223,0.8206781086085068,23.18473282442748,22.321374045801527,1626,1385,1677,1433,0.66,0.74,47.49452488685637,11.786811170306496,6.734875419969002,6.734875419969002,11.786811170306496,1310.0,8.494817285797437,0.208,angular,棱角状,normal,正常骨料
487,5693.0,6041.0,312.294681189989,0.8221393880701435,65.31459860276512,115.63791147436088,1682.2450377656771,2304.558756367469,0.9423936434365172,0.82521417319738,56.24503776567715,51.55875636746882,1626,2253,1730,2353,0.73,0.83,42.89488289211263,24.05268558666706,13.585436509375144,13.585436509375144,24.05268558666706,5693.0,17.70879400839769,0.208,regular,普通,normal,正常骨料
488,198.0,211.0,52.25011444992385,0.6640275863262273,14.476581609160396,17.7791395275506,1633.292929292929,2554.934343434344,0.9383886255924172,0.5805209015715711,7.292929292929293,7.934343434343434,1626,2547,1643,2564,0.91,0.93,51.95402182324825,3.698061021730525,3.0111289747053624,3.0111289747053624,3.698061021730525,198.0,3.3025620753223657,0.208,regular,普通,undersized,过小噪声(<5mm)
489,19732.0,20827.0,543.1842311093341,1.1785107816279483,136.7896519966353,190.1403448643944,1704.3164909791203,1004.3753294141496,0.947424016901138,0.6945813849640794,76.31649097912022,82.3753294141496,1628,922,1783,1099,0.84,0.87,22.476306102054764,39.549191731794025,28.452247615300145,28.452247615300145,39.549191731794025,19732.0,32.96886131656118,0.208,regular,普通,normal,正常骨料
492,959.0,1028.0,121.10522338902577,-0.4047644412602939,27.544527235095632,45.42295496293297,1650.3712200208552,2660.6339937434827,0.9328793774319066,0.7951589626387351,20.37122002085506,16.633993743482794,1630,2644,1671,2677,0.82,0.9,113.19129418118575,9.447974632290055,5.729261664899891,5.729261664899891,9.447974632290055,959.0,7.268213865952334,0.208,regular,普通,normal,正常骨料
493,22354.0,23288.0,571.9349888667147,-0.3475616448072373,166.36184837478226,177.58895529434466,1722.718126509797,1969.9881005636576,0.959893507385778,0.3499178853687339,90.7181265097969,95.98810056365753,1632,1874,1817,2055,0.86,0.86,109.9138153680797,36.93850270122369,34.60326446195471,34.60326446195471,36.93850270122369,22354.0,35.09102205436794,0.208,round,圆形,normal,正常骨料
494,1000.0,1058.0,125.26225200214064,0.1422401797641385,28.502183493753805,45.98949288792373,1658.258,2688.271,0.945179584120983,0.7847959444519039,25.258,15.271,1633,2673,1682,2705,0.8,0.87,81.85023802233272,9.565814520688136,5.928454166700791,5.928454166700791,9.565814520688136,1000.0,7.421956323195528,0.208,regular,普通,normal,正常骨料
495,5195.0,5382.0,276.3242386581011,0.2345338229900482,74.3957421913317,91.31720826661632,1686.0450433108758,371.7926852743022,0.965254552211074,0.5798886291178778,51.04504331087584,40.792685274302215,1635,331,1732,412,0.86,0.87,76.56220178960191,18.993979319456194,15.474314375796997,15.474314375796997,18.993979319456194,5195.0,16.916525596926743,0.208,round,圆形,normal,正常骨料
498,2194.0,2308.0,185.8822402072101,1.2570075520310202,42.202848975370216,67.67670678141027,1659.0806745670009,681.3222424794895,0.9506065857885616,0.7817476605599214,22.080674567000912,36.32224247948952,1637,645,1686,715,0.8,0.87,17.97877245255131,14.076755010533336,8.778192586877005,8.778192586877005,14.076755010533336,2194.0,10.993518356083644,0.208,regular,普通,normal,正常骨料
500,2883.0,3035.0,213.90341633010905,1.2525264329411152,46.70757092716797,80.77045808841453,1669.948664585501,1372.5504682622268,0.9499176276771004,0.8158416105938796,29.948664585501213,35.55046826222685,1640,1337,1694,1417,0.79,0.88,18.235521663898368,16.80025528239022,9.715174752850938,9.715174752850938,16.80025528239022,2883.0,12.602035987000109,0.208,regular,普通,normal,正常骨料
501,2307.0,2387.0,181.6299268190807,0.2853139105090118,45.655431769548656,65.82735681763087,1671.3550065019506,839.6116168183788,0.9664851277754504,0.7203957922981484,30.355006501950584,25.611616818378845,1641,814,1708,862,0.88,0.92,73.65271709146036,13.69209021806722,9.49632980806612,9.49632980806612,13.69209021806722,2307.0,11.273069682899806,0.208,regular,普通,normal,正常骨料
502,596.0,791.0,122.445981919693,0.2088968064746059,21.586597955218743,45.45108068548977,1671.1409395973155,1757.9781879194632,0.7534766118836915,0.880017447013807,30.14093959731544,7.978187919463087,1641,1750,1692,1773,0.5,0.61,78.03109463524395,9.453824782581872,4.490012374685498,4.490012374685498,9.453824782581872,596.0,5.729827192455245,0.208,needle_flaky,针片状候选,undersized,过小噪声(<5mm)
505,154.0,167.0,49.01323702131956,0.7331938918008589,12.206868668044804,16.94473115974518,1656.6233766233763,571.2597402597403,0.9221556886227544,0.6935659120830667,8.623376623376624,6.259740259740259,1648,565,1664,581,0.81,0.84,47.99108443503925,3.524504081226997,2.539028682953319,2.539028682953319,3.524504081226997,154.0,2.9125859802187812,0.208,regular,普通,undersized,过小噪声(<5mm)
506,6358.0,6514.0,312.1599281688758,-0.4622949552454731,65.35445432703322,124.824600214591,1706.588392576282,437.8836111984901,0.976051581209702,0.8519824722539124,57.58839257628185,40.883611198490094,1649,397,1767,480,0.82,0.95,116.48754982575488,25.963516844634928,13.59372650002291,13.59372650002291,25.963516844634928,6358.0,18.71451842682674,0.208,regular,普通,normal,正常骨料
507,10442.0,11568.0,436.54149723260457,0.5041393513710206,84.57744769393231,171.1363844103552,1735.674296111856,904.1745834131392,0.9026625172890732,0.8693421048686124,85.67429611185597,51.174583413139246,1650,853,1805,976,0.69,0.82,61.11494287997766,35.59636795735388,17.59210912033792,17.59210912033792,35.59636795735388,10442.0,23.983371722871937,0.208,needle_flaky,针片状候选,normal,正常骨料
508,3767.0,5256.0,306.0114958828094,-0.0274676815642569,55.46302747017532,102.47183872619836,1697.477037430316,2366.370852136979,0.7167047184170472,0.8408608138538972,46.4770374303159,34.37085213697903,1651,2332,1754,2400,0.51,0.58,91.57378222664124,21.314142455049257,11.536309713796468,11.536309713796468,21.314142455049257,3767.0,14.40509757495974,0.208,angular,棱角状,normal,正常骨料
509,945.0,1078.0,128.36437640963177,-0.3445260447951034,28.842663004110594,45.83223731689542,1672.2021164021164,2710.995767195768,0.8766233766233766,0.7771547691681528,21.202116402116403,15.995767195767195,1651,2695,1694,2730,0.72,0.78,109.73988829909456,9.533105361914249,5.999273904855003,5.999273904855003,9.533105361914249,945.0,7.214966160830823,0.208,angular,棱角状,normal,正常骨料
511,765.0,908.0,121.8906215524232,1.5569719917686773,26.311553124463604,42.471288932056495,1669.083660130719,1321.9751633986928,0.8425110132158591,0.7849856996834587,17.083660130718954,24.97516339869281,1652,1297,1684,1341,0.65,0.7,0.79207605157724,8.834028097867751,5.472803049888429,5.472803049888429,8.834028097867751,765.0,6.491560542929403,0.208,angular,棱角状,normal,正常骨料
512,389.0,454.0,86.84033020504587,1.1238051824666482,20.07464058391325,30.423997754228346,1670.9794344473007,651.7223650385604,0.8568281938325991,0.751415658969123,13.979434447300772,11.722365038560412,1657,640,1680,670,0.65,0.69,25.610706049731675,6.328191532879496,4.175525241453956,4.175525241453956,6.328191532879496,389.0,4.629064103365948,0.208,angular,棱角状,undersized,过小噪声(<5mm)
513,2478.0,2688.0,200.26579322730896,0.5799357194554847,52.059669283373566,63.21600825552508,1686.3450363196123,1859.9798224374488,0.921875,0.5672867283085845,29.34503631961259,25.97982243744956,1657,1834,1721,1893,0.78,0.79,56.77213088631778,13.148929717149215,10.8284112109417,10.8284112109417,13.148929717149215,2478.0,11.68339460833023,0.208,regular,普通,normal,正常骨料
514,2301.0,2369.0,180.1544152673003,0.6259131189131949,44.8710576849298,66.09235729857518,1684.5384615384614,2412.9878313776617,0.9712959054453356,0.7342173678665354,26.53846153846154,26.987831377661887,1658,2386,1717,2439,0.89,0.94,54.13781994440391,13.747210318103637,9.3331799984654,9.3331799984654,13.747210318103637,2301.0,11.258400750618812,0.208,regular,普通,normal,正常骨料
515,1935.0,2060.0,175.44202628691562,-0.5690893195667457,41.582633454276326,61.44946624525283,1686.5839793281657,1813.5359173126608,0.9393203883495146,0.7362621565676535,27.583979328165373,24.5359173126615,1659,1789,1717,1837,0.79,0.84,122.60641617714631,12.781488979012588,8.649187758489475,8.649187758489475,12.781488979012588,1935.0,10.3242587147321,0.208,regular,普通,normal,正常骨料
518,725.0,808.0,117.44773861426484,0.6952466141379162,21.355267173224608,46.47383003231178,1683.0110344827583,2451.84,0.8972772277227723,0.8881717326289156,21.01103448275862,16.84,1662,2435,1701,2470,0.66,0.82,50.16530328913693,9.66655664672085,4.441895572030719,4.441895572030719,9.66655664672085,725.0,6.319568090936358,0.208,needle_flaky,针片状候选,undersized,过小噪声(<5mm)
519,6500.0,7421.0,349.56641400644554,0.1176850557284215,66.90120231144104,136.19750830904113,1724.410153846154,1283.8932307692307,0.8758927368279208,0.8710427350118365,61.41015384615385,39.89323076923077,1663,1244,1801,1321,0.67,0.8,83.25714299499955,28.329081728280556,13.915450080779737,13.915450080779737,28.329081728280556,6500.0,18.92235006050368,0.208,needle_flaky,针片状候选,normal,正常骨料
520,7455.0,7841.0,337.3648342093272,0.3280798459412242,82.22710593420483,118.99898851726194,1719.639302481556,2539.440643863179,0.9507715852569826,0.7228643576828847,56.639302481556,51.44064386317908,1663,2488,1783,2581,0.82,0.87,71.2024094842656,24.75178961159048,17.103238034314604,17.103238034314604,24.75178961159048,7455.0,20.264795159853247,0.208,regular,普通,normal,正常骨料
522,986.0,1102.0,141.3118861240489,-1.5188314006972887,25.541115695263446,55.62945078738191,1677.5385395537526,1240.4594320486815,0.8947368421052632,0.8883694079980902,11.538539553752535,29.459432048681546,1666,1211,1693,1270,0.62,0.77,177.02262905189784,11.570925763775437,5.312552064614796,5.312552064614796,11.570925763775437,986.0,7.369819506889851,0.208,needle_flaky,针片状候选,normal,正常骨料
523,11415.0,12089.0,422.8644058837058,-0.9450254968515436,92.90062426337929,158.4952986234746,1732.0911957950066,2721.4753394656154,0.9442468359665812,0.8102089209771981,65.09119579500657,67.47533946561542,1667,2654,1793,2796,0.8,0.89,144.1459725018471,32.96702211368272,19.32332984678289,19.32332984678289,32.96702211368272,11415.0,25.07588977679482,0.208,regular,普通,normal,正常骨料
525,1195.0,1317.0,145.33416171605063,-0.2792915911872758,31.804046652302564,51.13717719969991,1691.462761506276,1779.423430962343,0.9073652239939256,0.7830681505038866,23.462761506276152,19.423430962343097,1668,1760,1719,1798,0.71,0.77,106.00222942852407,10.63653285753758,6.615241703678933,6.615241703678933,10.63653285753758,1195.0,8.113389896818061,0.208,regular,普通,normal,正常骨料
526,172.0,184.0,50.9093559192566,0.8841234635526269,12.536436477696451,18.445394233927573,1675.7906976744189,1095.5523255813953,0.9347826086956522,0.7335353350320646,5.790697674418604,9.55232558139535,1670,1086,1685,1104,0.83,0.88,39.34345696994601,3.836642000656935,2.6075787873608616,2.6075787873608616,3.836642000656935,172.0,3.078099240458078,0.208,regular,普通,undersized,过小噪声(<5mm)
527,636.0,663.0,96.13035514470208,-1.018001731634271,24.664019626006425,33.94823854423772,1684.190251572327,715.3553459119497,0.9592760180995475,0.6871470208972151,13.190251572327044,14.355345911949684,1671,701,1701,734,0.86,0.9,148.3272027596532,7.061233617201445,5.130116082209336,5.130116082209336,7.061233617201445,636.0,5.918981084776031,0.208,regular,普通,normal,正常骨料
529,1890.0,2130.0,183.06597012476243,1.1754475767515842,46.977855548927,56.88940793485624,1706.4502645502646,1219.4698412698413,0.8873239436619719,0.5639995679035177,30.45026455026455,33.46984126984127,1676,1186,1730,1246,0.71,0.72,22.65181481325432,11.832996850450098,9.771393954176816,9.771393954176816,11.832996850450098,1890.0,10.20350299670989,0.208,angular,棱角状,normal,正常骨料
530,284.0,348.0,73.56749791948658,-0.2806837071203172,17.186831685278026,23.86155436573405,1689.1760563380285,1425.5492957746478,0.8160919540229885,0.693690785459408,12.17605633802817,7.549295774647887,1677,1418,1702,1439,0.66,0.69,106.08199179608027,4.963203308072683,3.574860990537829,3.574860990537829,4.963203308072683,284.0,3.955283014957573,0.208,angular,棱角状,undersized,过小噪声(<5mm)
532,2247.0,2400.0,190.42040792038296,1.377192112014508,44.64297589556551,67.57676914324426,1699.212728081887,672.9047619047619,0.93625,0.7507151166621464,20.21272808188696,32.904761904761905,1679,640,1727,708,0.78,0.83,11.09270440286059,14.055967981794806,9.285738986277629,9.285738986277629,14.055967981794806,2247.0,11.125510052833956,0.208,regular,普通,normal,正常骨料
533,771.0,854.0,111.52934412432606,1.2755000415822555,29.34057358829344,36.03072428953149,1694.5304798962386,801.5019455252918,0.9028103044496488,0.5804148450854769,15.530479896238653,19.50194552529183,1679,782,1710,819,0.78,0.79,16.91923084857575,7.49439065222255,6.102839306365036,6.102839306365036,7.49439065222255,771.0,6.516967922009316,0.208,regular,普通,normal,正常骨料
534,2102.0,2471.0,197.8143139621021,-0.2173946556057681,39.83984323086544,74.2224288500935,1712.9257849666983,2650.849666983825,0.8506677458518819,0.8437331518150111,33.92578496669838,18.849666983824928,1679,2632,1756,2680,0.68,0.78,102.45579625491057,15.438265200819446,8.286687392020012,8.286687392020012,15.438265200819446,2102.0,10.760556944903605,0.208,angular,棱角状,normal,正常骨料
536,10463.0,11015.0,398.86550535280855,-0.7463129737281443,95.44448381651264,143.1433519561459,1742.9305170601167,738.952977157603,0.9498865183840218,0.7452586113003593,62.9305170601166,59.95297715760298,1680,679,1806,807,0.83,0.88,132.76058359048056,29.773817206878345,19.85245263383463,19.85245263383463,29.773817206878345,10463.0,24.00747619693468,0.208,regular,普通,normal,正常骨料
537,283.0,304.0,66.30834489888056,-1.5056270918706811,14.152109062414675,25.64437126487177,1686.416961130742,1334.268551236749,0.930921052631579,0.8339366089182301,6.41696113074205,13.268551236749117,1680,1321,1695,1348,0.81,0.92,176.2660778847459,5.334029223093328,2.943638684982252,2.943638684982252,5.334029223093328,283.0,3.948313347842145,0.208,regular,普通,undersized,过小噪声(<5mm)
538,582.0,671.0,104.40494412483318,0.2976229561510388,22.48159222506337,38.16971146375701,1700.910652920962,824.3539518900344,0.8673621460506706,0.8081400570743337,19.9106529209622,11.353951890034365,1681,813,1719,840,0.67,0.74,72.9474607263383,7.939299984461458,4.676171182813181,4.676171182813181,7.939299984461458,582.0,5.662130655160798,0.208,angular,棱角状,undersized,过小噪声(<5mm)
539,954.0,1134.0,157.40098849205583,1.2254845807105,19.135616334983503,68.98870090268065,1696.121593291405,1125.422431865828,0.8412698412698413,0.960762255255702,15.121593291404611,28.42243186582809,1681,1097,1714,1161,0.48,0.83,19.784905666929063,14.349649787757574,3.9802081976765686,3.9802081976765686,14.349649787757574,954.0,7.249241727443268,0.208,needle_flaky,针片状候选,undersized,过小噪声(<5mm)
541,258.0,278.0,66.99845828726353,-1.0425285377017002,13.351671648890342,27.045644650979284,1693.3062015503876,2249.6744186046512,0.9280575539568344,0.8696483021968784,10.306201550387597,11.674418604651162,1683,2238,1704,2262,0.72,0.86,149.73248523225274,5.625494087403691,2.777147702969191,2.777147702969191,5.625494087403691,258.0,3.7698862583853767,0.208,needle_flaky,针片状候选,undersized,过小噪声(<5mm)
542,634.0,752.0,115.22629714518564,-0.5481787163829827,17.95080075008243,48.99903401644061,1706.4968454258676,626.2728706624606,0.8430851063829787,0.930477086307848,20.49684542586751,13.272870662460567,1686,613,1731,644,0.6,0.85,121.40832686764386,10.191799075419649,3.733766556017145,3.733766556017145,10.191799075419649,634.0,5.909667182727771,0.208,needle_flaky,针片状候选,undersized,过小噪声(<5mm)
543,10919.0,13013.0,598.845444255074,1.0791853478114577,55.91069358999095,277.649505057406,1761.7413682571664,1665.9178496199286,0.8390839929301468,0.979514943418632,75.74136825716641,108.91784961992856,1686,1557,1826,1803,0.38,0.85,28.16723425804566,57.75109705194044,11.629424266718116,11.629424266718116,57.75109705194044,10919.0,24.525045810536334,0.208,needle_flaky,针片状候选,normal,正常骨料
544,4286.0,4726.0,273.83329114679555,-1.0335393034597686,61.06856003392148,96.17744597513752,1724.2328511432572,580.7855809612693,0.9068980110029624,0.7725473302529443,36.23285114325712,51.78558096126925,1688,529,1756,623,0.72,0.77,149.21744004913558,20.0049087628286,12.702260487055668,12.702260487055668,20.0049087628286,4286.0,15.365421479849715,0.208,regular,普通,normal,正常骨料
545,5820.0,7412.0,365.4812951072406,1.2716956330766007,61.26545025135725,140.03940738576583,1734.8560137457046,1497.707560137457,0.7852131678359417,0.8992246311055822,46.85601374570447,68.70756013745705,1688,1429,1775,1557,0.55,0.7,17.137207399493448,29.12819673623929,12.743213652282307,12.743213652282307,29.12819673623929,5820.0,17.90522927976954,0.208,needle_flaky,针片状候选,normal,正常骨料
546,572.0,738.0,108.94311183800606,1.2364039129782995,21.58069619110336,39.87876258809747,1704.624125874126,2451.5996503496503,0.7750677506775068,0.8409211805716015,16.624125874125873,15.59965034965035,1688,2436,1719,2470,0.61,0.69,19.15927401288313,8.294782618324273,4.488784807749499,4.488784807749499,8.294782618324273,572.0,5.613276155640076,0.208,angular,棱角状,undersized,过小噪声(<5mm)
548,784.0,815.0,104.13543808260688,1.2939296752527991,28.681820155332343,35.41704302804499,1703.780612244898,1350.5765306122448,0.9619631901840492,0.5866632046043538,13.78061224489796,16.5765306122449,1690,1334,1720,1368,0.91,0.92,15.863290621281394,7.366744949833358,5.965818592309127,5.965818592309127,7.366744949833358,784.0,6.571680269164265,0.208,round,圆形,normal,正常骨料
549,541.0,649.0,118.78849714493208,0.8252529841355588,17.37824321919913,44.66016268211553,1704.6044362292052,1630.072088724584,0.8335901386748844,0.9211863107147984,14.604436229205175,20.072088724584106,1690,1610,1724,1648,0.48,0.66,42.7164869784558,9.28931383788003,3.614674589593419,3.614674589593419,9.28931383788003,541.0,5.459049431348954,0.208,needle_flaky,针片状候选,undersized,过小噪声(<5mm)
550,2344.0,2866.0,217.8862236760121,1.1965354100248238,39.605560693445554,85.03832349111741,1715.5580204778155,1405.653156996587,0.8178646196789952,0.8849227721442586,24.5580204778157,38.65315699658703,1691,1367,1749,1444,0.62,0.76,21.44357096762215,17.687971286152422,8.237956624236675,8.237956624236675,17.687971286152422,2344.0,11.363109662194647,0.208,needle_flaky,针片状候选,normal,正常骨料
551,298.0,324.0,70.56065828700996,-0.629228968752216,15.007728141076347,26.786981642020933,1704.0738255033557,2478.8557046979868,0.9197530864197532,0.8283154481454524,13.073825503355703,11.855704697986576,1691,2467,1715,2489,0.75,0.85,126.05216425687114,5.571692181540354,3.12160745334388,3.12160745334388,5.571692181540354,298.0,4.051599662812181,0.208,regular,普通,undersized,过小噪声(<5mm)
553,1970.0,2049.0,176.4016457175249,-0.1475472170610955,37.21034684484063,68.34350441643512,1736.0852791878172,639.7401015228427,0.961444607125427,0.8387864044894391,38.08527918781726,19.74010152284264,1698,620,1771,662,0.8,0.91,98.45383281650145,14.215448918618506,7.73975214372685,7.73975214372685,14.215448918618506,1970.0,10.417212115385839,0.208,regular,普通,normal,正常骨料
554,8061.0,8841.0,369.0434951069871,1.0082137773069806,80.09386903592006,134.52840040042742,1757.2121324897655,1141.8008931894306,0.9117746861214796,0.8034533341478678,59.21213248976554,59.80089318943059,1698,1082,1809,1202,0.74,0.82,32.23360571336736,27.9819072832889,16.659524759471374,16.659524759471374,27.9819072832889,8061.0,21.072344361338757,0.208,regular,普通,normal,正常骨料
555,230.0,243.0,59.50926747052986,0.4778459784505828,13.184353764559974,22.979072404080068,1707.9260869565217,1761.9565217391305,0.9465020576131687,0.8190271032515878,9.92608695652174,7.956521739130435,1698,1754,1721,1770,0.82,0.91,62.62144217748232,4.779647060048654,2.742345583028474,2.742345583028474,4.779647060048654,230.0,3.559445209943128,0.208,regular,普通,undersized,过小噪声(<5mm)
556,349.0,410.0,87.165652776188,-1.307497023982766,13.51127640189391,36.53917766845705,1708.1203438395416,2219.206303724928,0.8512195121951219,0.9291213103299608,9.120343839541547,15.206303724928366,1699,2204,1717,2238,0.58,0.81,164.91406120012786,7.600148955039066,2.810345491593933,2.810345491593933,7.600148955039066,349.0,4.3846113905948725,0.208,needle_flaky,针片状候选,undersized,过小噪声(<5mm)
557,1068.0,1135.0,125.3970050232538,1.0456544730116526,34.260861220982235,40.70244005082559,1717.562734082397,2258.181647940075,0.9409691629955949,0.5398835185581051,18.562734082397004,20.181647940074907,1699,2238,1740,2279,0.85,0.86,30.08841186745606,8.46610753057172,7.126259133964305,7.126259133964305,8.46610753057172,1068.0,7.670152885603701,0.208,regular,普通,normal,正常骨料
560,996.0,1105.0,134.05273310344288,-0.7418147042079144,33.22817260789454,43.12230190798687,1723.3965863453816,840.5220883534137,0.9013574660633484,0.6373716248659341,23.396586345381525,19.52208835341365,1700,821,1744,858,0.7,0.71,132.50285173185904,8.969438796861269,6.911459902442065,6.911459902442065,8.969438796861269,996.0,7.407097536874238,0.208,regular,普通,normal,正常骨料
562,5668.0,6116.0,329.0344287002802,1.2091694851151362,58.800258478144926,134.07408699663293,1737.956245589273,2196.1298517995765,0.9267495094833224,0.898699266189686,36.95624558927311,69.12985179957657,1701,2127,1781,2260,0.66,0.84,20.71969178689588,27.887410095299646,12.230453763454143,12.230453763454143,27.887410095299646,5668.0,17.66986840189469,0.208,needle_flaky,针片状候选,normal,正常骨料
563,4094.0,4293.0,246.2721906161519,0.7522948609810453,70.88669900223442,76.03224959258256,1743.1553492916464,1741.3126526624328,0.9536454693687398,0.3616237885837892,41.15534929164631,40.31265266243283,1702,1701,1779,1781,0.85,0.85,46.89667951640512,15.814707915257172,14.744433392464758,14.744433392464758,15.814707915257172,4094.0,15.017315792312885,0.208,regular,普通,normal,正常骨料
564,1607.0,1850.0,173.45062261396407,1.3953976109237198,33.78420635213345,69.0326932007385,1721.3907902924705,1832.4082140634723,0.8686486486486487,0.8720626251371641,19.39079029247044,33.40821406347231,1702,1799,1744,1863,0.67,0.81,10.049606151432712,14.358800185753609,7.027114921243758,7.027114921243758,14.358800185753609,1607.0,9.408628758279246,0.208,needle_flaky,针片状候选,normal,正常骨料
565,1803.0,2059.0,190.55516094149613,1.0781984709343004,30.94634823626063,80.03397155007781,1730.7459789240156,1194.9339988907377,0.8756677999028655,0.9222201774889568,25.745978924015528,34.93399889073766,1705,1160,1757,1228,0.62,0.85,28.22377813800582,16.647066082416185,6.43684043314221,6.43684043314221,16.647066082416185,1803.0,9.965893863630598,0.208,needle_flaky,针片状候选,normal,正常骨料
566,10187.0,10718.0,399.0166066567389,0.885088472589766,100.33505226868994,135.36243033023848,1765.445371551978,1364.185628742515,0.9504571748460534,0.6712482148737536,59.44537155197801,59.18562874251497,1706,1305,1829,1423,0.8,0.83,39.28816602492597,28.1553855086896,20.869690871887503,20.869690871887503,28.1553855086896,10187.0,23.68871742208262,0.208,regular,普通,normal,正常骨料
568,394.0,418.0,90.6720362470186,0.896900448170538,12.437070318418684,40.67771620826084,1719.2005076142132,1150.1725888324872,0.9425837320574164,0.9521129467191324,12.200507614213198,17.17258883248731,1707,1133,1733,1168,0.6,0.96,38.61138967643613,8.460964971318255,2.586910626231086,2.586910626231086,8.460964971318255,394.0,4.658718885207423,0.208,needle_flaky,针片状候选,undersized,过小噪声(<5mm)
570,367.0,394.0,77.2249826942475,0.3773540123698431,15.732894727594577,30.5331679336746,1722.485013623978,812.0108991825613,0.931472081218274,0.8570265390144433,13.4850136239782,9.010899182561309,1709,803,1736,822,0.77,0.91,68.37920770888053,6.350898930204317,3.272442103339672,3.272442103339672,6.350898930204317,367.0,4.496260100180582,0.208,regular,普通,undersized,过小噪声(<5mm)
571,796.0,843.0,116.43230265473971,0.3545851460875951,21.21913827212386,48.3041657098171,1733.605527638191,2492.5854271356784,0.9442467378410438,0.8983493458931571,23.60552763819096,12.585427135678392,1710,2480,1755,2508,0.74,0.94,69.68376765115107,10.047266467641956,4.4135807606017625,4.4135807606017625,10.047266467641956,796.0,6.621782749991423,0.208,needle_flaky,针片状候选,undersized,过小噪声(<5mm)
572,998.0,1031.0,115.09154412407248,1.4839365850302044,31.901550932001022,40.13510408755357,1726.5741482965932,2440.2054108216435,0.967992240543162,0.6068006291339822,15.574148296593188,20.205410821643287,1711,2420,1744,2460,0.95,0.97,4.97669661271307,8.348101650211143,6.635522593856212,6.635522593856212,8.348101650211143,998.0,7.414530652178547,0.208,regular,普通,normal,正常骨料
573,696.0,866.0,121.00993861401126,-0.6740362109915341,27.06216269627064,37.41738641513161,1728.1695402298851,1783.5488505747126,0.8036951501154734,0.6905852370104203,16.169540229885058,16.548850574712645,1712,1767,1755,1801,0.6,0.62,128.61943012880437,7.782816374347375,5.628929840824293,5.628929840824293,7.782816374347375,696.0,6.191886887027392,0.208,angular,棱角状,normal,正常骨料
574,1735.0,1899.0,166.74682996062788,1.5323969506614283,40.946446657028005,57.6378258078252,1735.4195965417866,2401.26916426513,0.913638757240653,0.7037887800327088,20.419596541786746,27.26916426512968,1715,2374,1754,2434,0.78,0.82,2.200122188383105,11.98866776802764,8.516860904661824,8.516860904661824,11.98866776802764,1735.0,9.776156242411295,0.208,regular,普通,normal,正常骨料
575,330.0,362.0,76.24901498082107,0.7438923452666653,15.079136612122571,29.04945637070188,1725.8484848484848,2472.133333333333,0.9116022099447514,0.85472263266389,10.848484848484848,13.133333333333333,1715,2459,1740,2483,0.71,0.83,47.37810820413144,6.042286925105991,3.1364604153214946,3.1364604153214946,6.042286925105991,330.0,4.263589305846575,0.208,regular,普通,undersized,过小噪声(<5mm)
576,7355.0,8170.0,382.6416499636885,1.3074943373461625,64.0444850080698,152.35891465874727,1757.4420122365736,2112.180965329708,0.9002447980416156,0.9073607806663202,41.44201223657376,71.18096532970767,1716,2041,1796,2190,0.63,0.82,15.086092732810611,31.69065424901943,13.321252881678518,13.321252881678518,31.69065424901943,7355.0,20.128422176228057,0.208,needle_flaky,针片状候选,normal,正常骨料
577,8555.0,10615.0,439.913127682322,-0.0810456257410765,98.97335187947488,127.67090667508228,1776.7872589129165,2303.1762711864408,0.8059349976448422,0.6316883467579912,60.78725891291642,61.17627118644068,1716,2242,1845,2359,0.56,0.57,94.64357230296052,26.555548588417118,20.586457190930773,20.586457190930773,26.555548588417118,8555.0,21.708429286813356,0.208,angular,棱角状,normal,正常骨料
578,1466.0,1575.0,155.0447940018635,-0.3632450490494885,33.2848946108275,57.45868909205045,1743.230559345157,674.4788540245567,0.9307936507936508,0.8151258436132667,26.23055934515689,20.47885402455661,1717,654,1772,695,0.77,0.85,110.81240823955828,11.951407331146491,6.92325807905212,6.92325807905212,11.951407331146491,1466.0,8.986392417570956,0.208,regular,普通,normal,正常骨料
579,1462.0,1567.0,156.48083730754522,1.3087349348163675,37.48286752098324,53.08051862110882,1735.078659370725,1687.1928864569084,0.9329929802169752,0.7080611554143595,16.078659370725035,26.192886456908344,1719,1661,1761,1712,0.75,0.78,15.015011733693228,11.040747873190634,7.796436444364514,7.796436444364514,11.040747873190634,1462.0,8.974124299335456,0.208,regular,普通,normal,正常骨料
580,477.0,545.0,91.74328873545954,0.2396633418656728,18.250610415363283,35.06739075921796,1735.5283018867924,1869.7463312368973,0.8752293577981651,0.8538958502266406,15.528301886792454,9.746331236897277,1720,1860,1752,1882,0.71,0.83,76.26830200709594,7.294017277917335,3.796126966395563,3.796126966395563,7.294017277917335,477.0,5.125987983935617,0.208,angular,棱角状,undersized,过小噪声(<5mm)
581,1541.0,1763.0,162.6687378397103,0.1413870111158186,43.16582407712497,47.59162632025953,1753.80272550292,2466.3491239454897,0.8740782756664776,0.4211207100212213,30.802725502920183,22.349123945489943,1723,2444,1779,2491,0.73,0.73,81.89912098509433,9.89905827461398,8.978491408041993,8.978491408041993,9.89905827461398,1541.0,9.213395484691484,0.208,angular,棱角状,normal,正常骨料
584,3737.0,3903.0,248.76313812745727,0.4695004194671844,47.85532400481364,101.8527029908972,1779.4867540808134,1253.1477120685042,0.9574686138867536,0.8827471506880605,49.48675408081348,32.14771206850415,1730,1221,1826,1289,0.76,0.93,63.09960748490854,21.185362222106612,9.953907393001236,9.953907393001236,21.185362222106612,3737.0,14.34762255825711,0.208,needle_flaky,针片状候选,normal,正常骨料
585,4706.0,5725.0,312.6363520439483,1.2883498950257637,60.020392311251385,106.94964638469034,1762.9747131321717,508.2165320866978,0.8220087336244541,0.8276786383326932,31.974713132171697,51.21653208669783,1731,457,1807,561,0.61,0.68,16.18298847890108,22.24552644801559,12.484241600740289,12.484241600740289,22.24552644801559,4706.0,16.100685085798812,0.208,angular,棱角状,normal,正常骨料
586,9525.0,9746.0,362.3791706997495,0.7744105143217104,97.3098097685139,126.24538153871016,1785.0828346456692,1834.954015748032,0.9773240303714344,0.6370784499363312,54.082834645669294,54.954015748031495,1731,1780,1847,1895,0.91,0.93,45.6295459188106,26.259039360051712,20.24044043185089,20.24044043185089,26.259039360051712,9525.0,22.906085975000078,0.208,regular,普通,normal,正常骨料
589,1234.0,1374.0,143.4380428181136,-0.34505858988118,36.343201529274246,48.2038842595944,1759.260940032415,802.5259319286872,0.8981077147016011,0.6569345916545505,25.26094003241491,22.5259319286872,1734,780,1782,822,0.75,0.78,109.7704008849272,10.026407925995636,7.559385918089043,7.559385918089043,10.026407925995636,1234.0,8.244721196539205,0.208,angular,棱角状,normal,正常骨料
590,1056.0,1128.0,130.03045751144114,1.328391029020745,25.89232215345332,53.33788439099471,1749.0217803030305,2601.3626893939395,0.9361702127659576,0.874270197681781,15.021780303030305,24.362689393939394,1734,2577,1765,2626,0.78,0.95,13.88880049407085,11.0942799533269,5.385603007918291,5.385603007918291,11.0942799533269,1056.0,7.626940412811268,0.208,needle_flaky,针片状候选,normal,正常骨料
591,6929.0,7335.0,346.29006833174253,0.8140572084316137,70.78503629444438,133.05030444717906,1797.103189493433,858.8452879203348,0.9446489434219496,0.8467336133392696,61.1031894934334,46.845287920334826,1736,812,1846,922,0.73,0.84,43.35795767466696,27.67446332501324,14.72328754924443,14.72328754924443,27.67446332501324,6929.0,19.536810991353004,0.208,regular,普通,normal,正常骨料
592,1917.0,2876.0,234.8001924535152,1.295631733427239,38.02121352546452,89.61685043890036,1770.2889932185708,629.2138758476787,0.6665507649513213,0.9055384932512576,28.288993218570685,35.213875847678665,1742,594,1798,668,0.44,0.57,15.765769871400266,18.640304891291272,7.908412413296619,7.908412413296619,18.640304891291272,1917.0,10.276126710331093,0.208,needle_flaky,针片状候选,normal,正常骨料
593,21188.0,23048.0,575.5924736414756,0.5342624857331177,158.72470747322134,177.0324847633453,1837.1039739475173,1578.7306494242025,0.9192988545643872,0.4428712699733598,95.10397394751746,82.73064942420238,1742,1496,1926,1669,0.8,0.81,59.389014415324,36.82275683077582,33.01473915443004,33.01473915443004,36.82275683077582,21188.0,34.16358018177525,0.208,regular,普通,normal,正常骨料
594,1213.0,1270.0,138.6303690627144,-0.1176632788263609,27.40081075226245,56.79948951600199,1770.242374278648,2434.217642209398,0.9551181102362204,0.8759439028464704,27.24237427864798,13.217642209398186,1743,2421,1800,2449,0.79,0.96,96.7416092804215,11.814293819328414,5.69936863647059,5.69936863647059,11.814293819328414,1213.0,8.1742665395576,0.208,needle_flaky,针片状候选,normal,正常骨料
595,1457.0,1598.0,157.63102628818348,1.0011406336571596,32.38784050133415,60.564893316422825,1770.774193548387,1475.022649279341,0.9117647058823528,0.8450023370292861,25.774193548387096,24.02264927934112,1745,1451,1793,1504,0.74,0.85,32.63886699239186,12.597497809815946,6.736670824277503,6.736670824277503,12.597497809815946,1457.0,8.958765526656334,0.208,regular,普通,normal,正常骨料
597,433.0,480.0,99.787839919463,-0.0850646351126822,14.987321393953632,41.65643157563865,1773.1570438799076,1204.6004618937643,0.9020833333333332,0.9330355874391127,23.157043879907626,7.600461893764434,1750,1197,1794,1215,0.55,0.78,94.87384457777704,8.664537767732838,3.117362849942355,3.117362849942355,8.664537767732838,433.0,4.883850288682257,0.208,needle_flaky,针片状候选,undersized,过小噪声(<5mm)
598,1365.0,1443.0,146.34959767557572,-1.049399211940948,31.32795292018706,56.756722133439936,1770.6783882783882,2500.311355311356,0.945945945945946,0.8338646105865161,20.67838827838828,27.31135531135531,1750,2473,1791,2525,0.8,0.91,150.12614586857092,11.805398203755509,6.516214207398908,6.516214207398908,11.805398203755509,1365.0,8.671310147871031,0.208,regular,普通,normal,正常骨料
599,167.0,183.0,49.10852179633406,0.473917316556548,14.506077932663825,14.98796175509075,1758.2814371257484,2377.335329341317,0.912568306010929,0.2515334382155901,7.281437125748503,6.335329341317365,1751,2371,1766,2386,0.87,0.87,62.84653792314438,3.117496045058876,3.0172642099940754,3.0172642099940754,3.117496045058876,167.0,3.0330294683354935,0.208,regular,普通,undersized,过小噪声(<5mm)
601,893.0,1057.0,128.45966118464628,-0.9170331203420256,26.368693972858544,48.00811332975673,1769.7077267637178,1434.020156774916,0.8448438978240302,0.8356548318086516,17.707726763717805,18.02015677491601,1752,1416,1793,1453,0.68,0.77,142.54212746931057,9.9856875725894,5.484688346354577,5.484688346354577,9.9856875725894,893.0,7.013650550707236,0.208,angular,棱角状,normal,正常骨料
605,781.0,840.0,112.9653874300078,-1.0681153322459005,29.649501981874767,37.65550685424934,1766.089628681178,569.460947503201,0.9297619047619048,0.6164574708021344,13.089628681177976,14.460947503201025,1753,555,1784,592,0.77,0.79,151.19850057090378,7.8323454256838625,6.167096412229951,6.167096412229951,7.8323454256838625,781.0,6.559094850139967,0.208,regular,普通,normal,正常骨料
606,12215.0,14756.0,496.8361628665318,-1.4569245023419477,89.4715040710107,190.9737922825825,1810.509046254605,1034.851575931232,0.8277988614800759,0.8834627125617419,56.509046254605,94.85157593123208,1754,940,1867,1125,0.62,0.76,173.4756250533914,39.72254879477716,18.610072846770223,18.610072846770223,39.72254879477716,12215.0,25.93971080464662,0.208,needle_flaky,针片状候选,normal,正常骨料
608,157.0,172.0,49.10852179633405,-0.1056052827474934,12.517272823637972,16.46667000803584,1762.8662420382166,2389.917197452229,0.9127906976744186,0.6497381327294042,6.86624203821656,5.917197452229299,1756,2384,1772,2397,0.82,0.84,96.0507369957171,3.425067361671455,2.603592747316698,2.603592747316698,3.425067361671455,157.0,2.9408184913655018,0.208,regular,普通,undersized,过小噪声(<5mm)
609,125.0,132.0,42.53948216411099,-0.4137407313651654,12.489383259730134,13.306044708761982,1763.944,2366.488,0.946969696969697,0.3449398879198841,6.944,7.488,1757,2359,1771,2373,0.87,0.87,113.70559771987996,2.7676572994224924,2.597791718023868,2.597791718023868,2.7676572994224924,125.0,2.6240578229009666,0.208,regular,普通,undersized,过小噪声(<5mm)
611,408.0,433.0,77.35973571536067,0.431948661530494,18.76864422656877,28.041546743393504,1772.3946078431372,2404.3651960784314,0.9422632794457276,0.7429782294310663,13.394607843137257,10.365196078431373,1759,2394,1787,2415,0.86,0.91,65.2511647279778,5.832641722625849,3.903877999126305,3.903877999126305,5.832641722625849,408.0,4.740765523697223,0.208,regular,普通,undersized,过小噪声(<5mm)
613,4965.0,5873.0,302.0055685736249,-0.4425659029565413,64.51191488362926,108.81689529744833,1810.8517623363543,348.0787512588117,0.8453941767410182,0.8053141344232551,44.85176233635448,32.07875125881168,1766,316,1862,400,0.68,0.76,115.35715839580618,22.63391422186925,13.418478295794886,13.418478295794886,22.63391422186925,4965.0,16.53781086083919,0.208,angular,棱角状,normal,正常骨料
614,808.0,943.0,118.42370632769126,0.9844324675619132,27.25921726324961,41.7034139138708,1787.8873762376238,795.1559405940594,0.8568398727465536,0.7568015262660684,20.88737623762376,16.155940594059405,1767,779,1803,816,0.72,0.77,33.596174393053055,8.674310094085126,5.669917190755919,5.669917190755919,8.674310094085126,808.0,6.671508975939779,0.208,angular,棱角状,normal,正常骨料
615,828.0,857.0,104.82555147098984,0.7837635160115016,30.95962576396661,34.48074185714731,1783.464975845411,1906.8333333333333,0.9661610268378062,0.4402368944295738,16.464975845410628,14.833333333333334,1767,1892,1800,1926,0.95,0.95,45.093658396206834,7.171994306286639,6.439602158905054,6.439602158905054,7.171994306286639,828.0,6.753572441997901,0.208,round,圆形,normal,正常骨料
616,1743.0,1815.0,159.622429961135,-0.6371357436958285,39.01766972463643,57.9404386597537,1793.5490533562822,2574.4538152610444,0.9603305785123968,0.7392692316383052,26.549053356282272,21.453815261044177,1767,2553,1821,2598,0.86,0.91,126.50518909069991,12.05161124122877,8.115675302724377,8.115675302724377,12.05161124122877,1743.0,9.798669009684156,0.208,regular,普通,normal,正常骨料
617,1053.0,1464.0,159.29710738999287,-0.6466653520726209,28.53943936956667,60.52369446364772,1789.593542260209,440.3618233618234,0.7192622950819673,0.8818438212135343,21.593542260208928,16.36182336182336,1768,424,1824,468,0.52,0.64,127.05119543110264,12.588928448438724,5.936203388869867,5.936203388869867,12.588928448438724,1053.0,7.6160989852800265,0.208,needle_flaky,针片状候选,normal,正常骨料
618,18134.0,20942.0,682.4257770682341,-1.3938134411457226,83.82341036296062,301.30836711650426,1822.5855850887835,2141.176629535679,0.8659153853500143,0.960523724940334,54.5855850887835,145.17662953567884,1768,1996,1891,2289,0.49,0.84,169.85962760625586,62.67214036023288,17.43526935549581,17.43526935549581,62.67214036023288,18134.0,31.605684462142186,0.208,needle_flaky,针片状候选,normal,正常骨料
620,1170.0,1226.0,132.48193677664798,-1.1436337061470256,32.07045684294452,47.36886145476681,1784.6068376068376,2055.260683760684,0.9543230016313212,0.7359492711439677,15.606837606837606,22.26068376068376,1769,2033,1803,2079,0.84,0.89,155.52538467112916,9.852723182591497,6.67065502333246,6.67065502333246,9.852723182591497,1170.0,8.028073226260696,0.208,regular,普通,normal,正常骨料
621,2604.0,2855.0,207.7549840440426,-1.2848785274013468,53.11440347719022,65.05776246147849,1797.543010752688,2376.413978494624,0.9120840630472856,0.5774597499323423,28.54301075268817,38.413978494623656,1769,2338,1827,2412,0.76,0.77,163.61811680708146,13.532014591987526,11.047795923255563,11.047795923255563,13.532014591987526,2604.0,11.976747240697328,0.208,regular,普通,normal,正常骨料
622,722.0,849.0,117.1224160431227,-0.5074074674328457,22.961787243250985,43.94467911784663,1794.8240997229916,1499.9570637119114,0.850412249705536,0.8526296291185601,22.82409972299169,14.957063711911358,1772,1485,1817,1517,0.66,0.77,119.07230637732384,9.1404932565121,4.776051746596204,4.776051746596204,9.1404932565121,722.0,6.306479568585848,0.208,angular,棱角状,undersized,过小噪声(<5mm)
624,935.0,1060.0,127.29312392119084,0.8487797537414071,30.87391630961924,42.33556953794636,1790.3807486631017,588.1101604278075,0.8820754716981132,0.6842296726598869,17.380748663101603,23.11016042780749,1773,565,1815,608,0.73,0.75,41.36850237446403,8.805798463892843,6.421774592400801,6.421774592400801,8.805798463892843,935.0,7.176690208257539,0.208,angular,棱角状,normal,正常骨料
625,1497.0,1643.0,157.63102628818348,0.2927007145832557,35.66920827104025,56.47685512517283,1803.6072144288576,2465.748162992652,0.9111381618989652,0.775317116763963,30.60721442885772,20.74816299265197,1773,2445,1830,2486,0.76,0.82,73.22948439391614,11.747185866035949,7.419195320376371,7.419195320376371,11.747185866035949,1497.0,9.080908390031409,0.208,regular,普通,normal,正常骨料
626,1096.0,1186.0,131.1806464920794,-0.5310607837210038,32.63816999284696,45.73174166030032,1800.1824817518248,1211.2481751824816,0.924114671163575,0.7004642936883346,26.182481751824817,22.248175182481752,1774,1189,1820,1228,0.8,0.83,120.42754157212332,9.512202265342466,6.788739358512168,6.788739358512168,9.512202265342466,1096.0,7.770047457198096,0.208,regular,普通,normal,正常骨料
628,2993.0,3696.0,246.04215282002423,-1.559421268527862,61.017092476303695,71.01279825196264,1807.046107584364,1451.5068493150684,0.8097943722943723,0.5115713775520907,30.046107584363515,28.506849315068493,1777,1423,1844,1500,0.62,0.63,179.34825716958352,14.770662036408227,12.691555235071167,12.691555235071167,14.770662036408227,2993.0,12.840198944744676,0.208,angular,棱角状,normal,正常骨料
630,2105.0,2199.0,178.5278024115896,-1.1056400774606605,44.6694648102192,62.78011225175364,1803.909263657957,625.2589073634205,0.9572532969531604,0.702663274838217,24.909263657957244,28.258907363420427,1779,597,1831,661,0.83,0.87,153.34851009901325,13.058263348364758,9.291248680525594,9.291248680525594,13.058263348364758,2105.0,10.7682330059998,0.208,regular,普通,normal,正常骨料
631,464.0,509.0,98.58183440990892,1.0174029971301524,17.587995307177575,37.316508607502016,1791.5172413793102,1776.3146551724135,0.911591355599214,0.8819625850650175,11.517241379310343,18.3146551724138,1780,1758,1807,1794,0.6,0.73,31.707102200481664,7.761833790360419,3.6583030238929353,3.6583030238929353,7.761833790360419,464.0,5.055654472749087,0.208,needle_flaky,针片状候选,undersized,过小噪声(<5mm)
632,230.0,248.0,58.49383151100477,-0.591770551389338,16.49623544445721,18.49389314979114,1791.4173913043478,2080.6478260869567,0.9274193548387096,0.452069245282013,9.417391304347824,7.647826086956521,1782,2073,1801,2091,0.84,0.85,123.90595503473868,3.846729775156557,3.4312169724470998,3.4312169724470998,3.846729775156557,230.0,3.559445209943128,0.208,regular,普通,undersized,过小噪声(<5mm)
634,4679.0,4910.0,263.8531528187564,-1.516543311329323,59.85874020974299,100.85348090209187,1811.7413977345584,483.6749305407138,0.9529531568228106,0.8048179078658145,28.741397734558667,47.67493054071383,1783,436,1844,534,0.84,0.93,176.89153118796463,20.97752402763511,12.45061796362654,12.45061796362654,20.97752402763511,4679.0,16.05443096061495,0.208,regular,普通,normal,正常骨料
635,448.0,485.0,95.53552653133364,0.2133171990624202,14.400255332657784,41.91854451994472,1804.872767857143,1233.359375,0.9237113402061856,0.9391418977194154,21.872767857142858,7.359375,1783,1226,1823,1243,0.62,0.91,77.77782479617127,8.719057260148501,2.9952531091928187,2.9952531091928187,8.719057260148501,448.0,4.967723339439616,0.208,needle_flaky,针片状候选,undersized,过小噪声(<5mm)
636,9489.0,12661.0,524.5878329472044,-0.8371375680166995,107.5205567436413,129.05405729088508,1850.5839392981347,682.8846032247866,0.7494668667561803,0.5530567856685085,66.58393929813468,59.8846032247866,1784,623,1911,762,0.43,0.44,137.96444951920276,26.843243916504097,22.364275802677387,22.364275802677387,26.843243916504097,9489.0,22.86275790472821,0.208,angular,棱角状,normal,正常骨料
637,1123.0,1182.0,134.0527331034429,1.0216685957223333,31.74884961158744,47.32004934834945,1807.014247551202,1659.5342831700802,0.9500846023688664,0.7415128722662236,23.014247551202136,18.534283170080144,1784,1641,1826,1682,0.79,0.83,31.46270140405275,9.842570264456684,6.603760719210187,6.603760719210187,9.842570264456684,1123.0,7.865172868413191,0.208,regular,普通,normal,正常骨料
638,820.0,940.0,120.68461604286912,0.3894566310094949,27.77701889920453,42.3356746114799,1803.8573170731704,2419.5914634146343,0.8723404255319149,0.7546619947102668,19.85731707317073,15.591463414634148,1784,2404,1825,2439,0.71,0.76,67.68577873977212,8.80582031918782,5.777619931034542,5.777619931034542,8.80582031918782,820.0,6.720867298496981,0.208,angular,棱角状,normal,正常骨料
640,3437.0,3553.0,222.17800531024017,0.6621230741532929,56.29936668790567,79.60746090554353,1824.894966540588,570.2362525458249,0.9673515339150014,0.7070013576556334,37.89496654058773,32.23625254582485,1787,538,1861,609,0.87,0.91,52.06314233278867,16.558351868353054,11.71026827108438,11.71026827108438,16.558351868353054,3437.0,13.759674501062214,0.208,regular,普通,normal,正常骨料
641,749.0,773.0,101.2633514712434,0.8929787423538059,24.125907102631107,39.75479329006567,1804.2510013351127,2498.198931909212,0.9689521345407504,0.7948027282728743,15.251001335113484,17.198931909212284,1789,2481,1820,2516,0.92,1.01,38.83608686822679,8.26899700433366,5.01818867734727,5.01818867734727,8.26899700433366,749.0,6.423316223875572,0.208,regular,普通,normal,正常骨料
642,168.0,181.0,51.69475408265404,-0.8494088710631963,14.13509770861229,16.66554517523919,1798.8869047619048,1319.1666666666667,0.9281767955801103,0.5297354393965097,8.886904761904763,8.166666666666666,1790,1311,1806,1329,0.79,0.8,138.66754339289307,3.466433396449751,2.9401003233913565,2.9401003233913565,3.466433396449751,168.0,3.042096841235484,0.208,regular,普通,undersized,过小噪声(<5mm)
644,682.0,937.0,127.52316171731847,-0.7153890655435415,20.25526194330245,52.72054820333028,1814.239002932552,1287.1656891495602,0.727854855923159,0.923249674659862,23.23900293255132,22.16568914956012,1791,1265,1834,1307,0.53,0.72,130.98877416545275,10.965874026292695,4.213094484206909,4.213094484206909,10.965874026292695,682.0,6.129295809671275,0.208,needle_flaky,针片状候选,undersized,过小噪声(<5mm)
645,776.0,869.0,114.40143073568952,-0.8967504010373933,30.043437145710588,36.33933206668906,1806.2938144329896,1136.1829896907216,0.8929804372842347,0.562573767879758,13.293814432989691,17.182989690721648,1793,1119,1825,1155,0.75,0.76,141.38001325610662,7.558581069871324,6.249034926307802,6.249034926307802,7.558581069871324,776.0,6.538065315887837,0.208,angular,棱角状,normal,正常骨料
647,2281.0,2680.0,199.9010024100681,-0.0032117531051839,44.44361793646158,71.77321656241755,1826.7864971503727,388.1144234984656,0.8511194029850746,0.7852152721896095,29.786497150372643,21.114423498465584,1797,367,1865,418,0.72,0.78,90.18401989776508,14.928829044982848,9.244272530784007,9.244272530784007,14.928829044982848,2281.0,11.209365671092444,0.208,angular,棱角状,normal,正常骨料
648,1938.0,2005.0,162.95459216475376,1.088885285632321,46.40201787744175,53.929884483697336,1819.3508771929824,2652.1934984520126,0.9665835411471322,0.5095959769619137,22.35087719298245,25.193498452012385,1797,2627,1844,2679,0.92,0.92,27.611468759370865,11.217415972609045,9.651619718507884,9.651619718507884,11.217415972609045,1938.0,10.332258916408938,0.208,round,圆形,normal,正常骨料
649,858.0,1169.0,160.50311289954695,1.2656308146822166,17.12223906999162,77.61350204982791,1817.2179487179487,1968.710955710956,0.7339606501283148,0.9753623212788778,18.21794871794872,31.710955710955712,1799,1937,1833,2001,0.42,0.86,17.48469589700497,16.143608426364207,3.5614257265582565,3.5614257265582565,16.143608426364207,858.0,6.874831183324877,0.208,needle_flaky,针片状候选,undersized,过小噪声(<5mm)
650,5729.0,6955.0,337.4995872304403,-0.9853601844878724,69.87143858969996,112.8270093548015,1850.4257287484727,786.5517542328504,0.82372393961179,0.785170726265842,50.425728748472686,57.55175423285041,1800,729,1899,837,0.63,0.69,146.45697987138726,23.46801794579871,14.533259226657592,14.533259226657592,23.46801794579871,5729.0,17.764697039796232,0.208,angular,棱角状,normal,正常骨料
651,501.0,543.0,88.08580396069863,0.6874685111241895,23.01375539365639,29.0562190911509,1812.4670658682635,925.1976047904192,0.9226519337016574,0.6104661756783111,12.467065868263472,15.19760479041916,1800,910,1828,939,0.81,0.83,50.61095576444146,6.043693570959387,4.786861121880529,4.786861121880529,6.043693570959387,501.0,5.253361140010694,0.208,regular,普通,undersized,过小噪声(<5mm)
652,1556.0,1634.0,159.7177147361495,-0.0271311105671274,31.301546869284348,63.974372709046406,1835.719151670951,2592.9646529562983,0.9522643818849448,0.8721253038673017,35.71915167095116,14.9646529562982,1800,2578,1867,2609,0.77,0.92,91.5544981289992,13.306669523481652,6.510721748811144,6.510721748811144,13.306669523481652,1556.0,9.258128206731897,0.208,needle_flaky,针片状候选,normal,正常骨料
653,6147.0,6477.0,315.8174129436368,-1.179040263433254,70.11416576131731,116.11613742695228,1844.8062469497315,1320.5874410281438,0.9490504863362668,0.7971146986580118,42.80624694973157,50.58744102814381,1802,1270,1893,1381,0.77,0.85,157.5540309707182,24.15215658480607,14.583746478354,14.583746478354,24.15215658480607,6147.0,18.40136334685709,0.208,regular,普通,normal,正常骨料
654,937.0,1006.0,121.00993861401123,0.2797133541481184,28.553508266610216,43.89980153667939,1824.87833511206,2526.4674493062967,0.9314115308151092,0.7595708764835496,22.87833511205977,14.467449306296691,1802,2512,1845,2545,0.8,0.86,73.9736053338647,9.131158719629314,5.939129719454924,5.939129719454924,9.131158719629314,937.0,7.1843617125411,0.208,regular,普通,normal,正常骨料
656,1003.0,1126.0,130.26049530756882,0.5963156755383244,31.05874886934686,43.4406283635548,1825.2043868394808,1704.5613160518444,0.8907637655417406,0.6991550662480516,21.20438683948156,16.561316051844468,1804,1688,1843,1726,0.74,0.77,55.83362853416143,9.035650699619396,6.460219764824147,6.460219764824147,9.035650699619396,1003.0,7.433080920480574,0.208,angular,棱角状,normal,正常骨料
658,16193.0,17683.0,549.7927389876558,1.522420164485152,112.0420773608616,196.78360255591144,1870.3676279874016,1913.7776199592413,0.9157382797036702,0.8220835049976379,64.36762798740196,104.77761995924163,1806,1809,1926,2014,0.67,0.76,2.771749929388207,40.930989331629576,23.30475209105921,23.30475209105921,40.930989331629576,16193.0,29.866343259558807,0.208,regular,普通,normal,正常骨料
659,947.0,996.0,117.58249163537798,0.5079312174424745,29.84808046348254,41.05509984204173,1827.929250263992,2442.757127771911,0.9508032128514056,0.6866110786358642,21.929250263991552,18.7571277719113,1806,2424,1848,2461,0.86,0.89,60.89768495760451,8.539460767144678,6.208400736404368,6.208400736404368,8.539460767144678,947.0,7.222597010304583,0.208,regular,普通,normal,正常骨料
661,12703.0,13578.0,445.2925100878081,0.0368663973572543,104.89956835416444,156.66001954087514,1886.262142800913,1159.819806344958,0.9355575195168656,0.7427218020732006,79.26214280091317,52.81980634495788,1807,1107,1967,1219,0.81,0.85,87.88771102557708,32.58528406450203,21.819110217666204,21.819110217666204,32.58528406450203,12703.0,26.452793599777902,0.208,regular,普通,normal,正常骨料
662,924.0,1282.0,176.36217747142624,0.3119809367451295,21.357586517899247,68.95476576551422,1838.003246753247,1202.9415584415583,0.7207488299531981,0.9508234791806462,31.00324675324676,24.94155844155844,1807,1178,1873,1215,0.37,0.59,72.12480903596617,14.34259127922696,4.442377995723043,4.442377995723043,14.34259127922696,924.0,7.134349483519994,0.208,needle_flaky,针片状候选,undersized,过小噪声(<5mm)
663,469.0,513.0,91.9733265315872,0.3606648193683132,18.136183978742466,35.32102194587967,1823.319829424307,1417.6972281449894,0.9142300194931774,0.8581092589289732,16.319829424307038,10.69722814498934,1807,1407,1841,1430,0.7,0.82,69.33542803134746,7.346772564742971,3.772326267578433,3.772326267578433,7.346772564742971,469.0,5.082821000797191,0.208,regular,普通,undersized,过小噪声(<5mm)
665,1713.0,1771.0,155.5048695941188,1.5633262920173625,40.53655003039444,54.774448904504055,1826.8879159369528,739.6211325160538,0.9672501411631846,0.6725374082557777,18.88791593695272,28.621132516053702,1808,711,1851,767,0.89,0.92,0.4280014655686415,11.393085372136843,8.431602406322042,8.431602406322042,11.393085372136843,1713.0,9.71397710988872,0.208,regular,普通,normal,正常骨料
667,4309.0,4451.0,265.46341739164995,0.3363243960768668,50.93855560227181,109.07277260700684,1865.896727779067,431.3864005569738,0.9680970568411592,0.8842497096040831,54.89672777906707,29.386400556973776,1811,402,1917,465,0.77,0.95,70.73003155750928,22.687136702257423,10.595219565272536,10.595219565272536,22.687136702257423,4309.0,15.406594116601038,0.208,needle_flaky,针片状候选,normal,正常骨料
668,858.0,1100.0,139.41576722611185,0.7545011488576451,33.370896850036814,39.7865525637222,1837.100233100233,2486.4592074592074,0.78,0.5445195701495605,25.1002331002331,20.45920745920746,1812,2466,1855,2506,0.55,0.56,46.770268532685066,8.275602933254218,6.9411465448076575,6.9411465448076575,8.275602933254218,858.0,6.874831183324877,0.208,angular,棱角状,normal,正常骨料
669,182.0,214.0,58.72386930713242,-0.6263889149910884,12.31244023019578,20.69184955927869,1823.3131868131868,1218.3516483516485,0.8504672897196262,0.8036974430770985,10.313186813186814,7.351648351648351,1813,1211,1833,1227,0.66,0.73,125.88944116276826,4.303904708329967,2.560987567880722,2.560987567880722,4.303904708329967,182.0,3.1663147807416143,0.208,angular,棱角状,undersized,过小噪声(<5mm)
670,276.0,293.0,65.75298453161078,0.9284122464906622,18.18602645616101,20.82310171490399,1821.1992753623188,1725.0326086956522,0.9419795221843004,0.4870785042012906,8.19927536231884,9.032608695652174,1813,1716,1833,1738,0.8,0.81,36.80589662782558,4.33120515670003,3.78269350288149,3.78269350288149,4.33120515670003,276.0,3.899176867379126,0.208,regular,普通,undersized,过小噪声(<5mm)
671,3773.0,4612.0,290.3824691070578,-1.0326108980856528,56.641397762156686,102.12464785992216,1850.0145772594751,2358.0877285979327,0.8180832610581092,0.8320970593513557,37.01457725947522,45.08772859793268,1813,2313,1891,2412,0.56,0.64,149.16424633952147,21.241926754863808,11.78141073452859,11.78141073452859,21.241926754863808,3773.0,14.416565081810976,0.208,angular,棱角状,normal,正常骨料
675,4449.0,4605.0,257.9742265749163,-0.5781087430961952,57.313642055851,100.20235244563584,1862.5652955720384,1463.0298943582827,0.9661237785016288,0.820268258251522,44.56529557203866,34.02989435828276,1818,1429,1911,1499,0.84,0.94,123.12319107902476,20.84208930869225,11.921237547617007,11.921237547617007,20.84208930869225,4449.0,15.654874744518553,0.208,regular,普通,normal,正常骨料
676,2586.0,2718.0,194.7680060835268,0.7615102632005492,54.176303058998855,63.16174517049533,1846.6484918793503,1753.2730085073472,0.9514348785871964,0.5140851207141696,28.64849187935035,30.273008507347253,1818,1723,1879,1782,0.86,0.86,46.368675862712045,13.137642995463027,11.268671036271762,11.268671036271762,13.137642995463027,2586.0,11.935281170781419,0.208,round,圆形,normal,正常骨料
677,1322.0,1389.0,146.02427510443357,-1.297432890555542,29.76025425117066,58.21262580299055,1836.4856278366112,1240.5771558245085,0.9517638588912888,0.859441758373355,17.485627836611194,25.57715582450832,1819,1215,1855,1273,0.78,0.92,164.3374288302914,12.108226167022034,6.190132884243497,6.190132884243497,12.108226167022034,1322.0,8.533636150378335,0.208,regular,普通,normal,正常骨料
678,297.0,313.0,67.51435040843465,1.283282203106568,16.164219394598618,24.79300721248112,1828.1582491582487,1652.3636363636365,0.9488817891373802,0.7582474503643931,9.158249158249156,9.363636363636363,1819,1643,1836,1666,0.82,0.88,16.47334583774355,5.1569455001960725,3.3621576340765125,3.3621576340765125,5.1569455001960725,297.0,4.04479596420343,0.208,regular,普通,undersized,过小噪声(<5mm)
679,572.0,677.0,104.04015330759238,0.5155717210068622,21.90494109367604,38.67357195794517,1840.8951048951049,1687.2884615384614,0.844903988183161,0.8241263888598297,19.895104895104897,10.288461538461538,1821,1677,1858,1706,0.66,0.75,60.45991635001043,8.044102967252595,4.556227747484616,4.556227747484616,8.044102967252595,572.0,5.613276155640076,0.208,angular,棱角状,undersized,过小噪声(<5mm)
681,463.0,507.0,91.5132509393319,0.0186448611449114,15.062556748482852,40.81480280029687,1839.907127429805,2614.2138228941685,0.9132149901380672,0.929410964986833,18.907127429805616,7.213822894168467,1821,2607,1859,2623,0.69,0.98,88.93172814678911,8.489478982461748,3.133011803684433,3.133011803684433,8.489478982461748,463.0,5.050203630762271,0.208,needle_flaky,针片状候选,undersized,过小噪声(<5mm)
682,1918.0,3206.0,248.8189546563732,0.569531628760074,38.35820651633054,88.35814476932043,1864.9869655891555,554.2090719499479,0.5982532751091703,0.900854132364525,42.98696558915537,31.209071949947862,1822,523,1904,585,0.39,0.5,57.36824137283615,18.37849411201865,7.978506955396752,7.978506955396752,18.37849411201865,1918.0,10.278806623457976,0.208,needle_flaky,针片状候选,normal,正常骨料
683,531.0,562.0,92.43340212384253,1.3098568974627516,18.75748475681354,37.40856021424872,1831.606403013183,1799.662900188324,0.9448398576512456,0.8652027037026634,9.606403013182677,18.66290018832392,1822,1781,1844,1818,0.78,0.93,14.950728009284106,7.780980524563734,3.901556829417216,3.901556829417216,7.780980524563734,531.0,5.408360780983192,0.208,regular,普通,undersized,过小噪声(<5mm)
685,370.0,400.0,79.906499755582,-0.1143762028673066,14.216842539622249,33.81029986922158,1838.7594594594595,1669.7270270270271,0.925,0.907297864443909,15.75945945945946,7.727027027027027,1823,1662,1856,1677,0.73,0.95,96.55327370102876,7.032542372798089,2.9571032482414275,2.9571032482414275,7.032542372798089,370.0,4.51459978242437,0.208,needle_flaky,针片状候选,undersized,过小噪声(<5mm)
686,1321.0,1505.0,154.06882628843704,0.3897766840192349,38.01193103977079,46.22344449765642,1848.99242997729,2411.853898561696,0.8777408637873754,0.5689794188978834,22.99242997728993,24.853898561695686,1826,2387,1873,2433,0.7,0.71,67.66744105309357,9.614476455512536,7.906481656272325,7.906481656272325,9.614476455512536,1321.0,8.53040799208224,0.208,angular,棱角状,normal,正常骨料
687,5029.0,5510.0,286.32072526895735,0.8361530135859521,65.4477745712294,103.43266501382055,1872.0622390137205,873.2849473056274,0.9127041742286752,0.7743501729984951,43.06223901372042,44.28494730562736,1829,829,1921,913,0.77,0.83,42.09196129437996,21.513994322874677,13.613137110815716,13.613137110815716,21.513994322874677,5029.0,16.644057676881246,0.208,regular,普通,normal,正常骨料
688,261.0,286.0,64.6422637970712,-0.4935803398113786,13.65749944482307,25.686438238466188,1839.4291187739464,1404.6704980842912,0.9125874125874126,0.8469322714066098,10.42911877394636,7.670498084291188,1829,1397,1853,1415,0.78,0.91,118.280070321825,5.342779153600967,2.8407598845231985,2.8407598845231985,5.342779153600967,261.0,3.7917408545618145,0.208,regular,普通,undersized,过小噪声(<5mm)
689,504.0,539.0,103.1200021230818,-1.4288267986167575,14.717923389304918,46.08634299084783,1835.6765873015872,2256.371031746032,0.935064935064935,0.9476350121070968,6.676587301587301,18.371031746031747,1829,2238,1846,2282,0.6,0.93,171.86574521592902,9.585959342096348,3.061328064975423,3.061328064975423,9.585959342096348,504.0,5.26906629056465,0.208,needle_flaky,针片状候选,undersized,过小噪声(<5mm)
690,273.0,303.0,66.07830710275293,-0.5631152034668259,16.450870346834744,22.69878106943388,1839.978021978022,613.010989010989,0.900990099009901,0.6890152293716851,9.978021978021978,10.010989010989013,1830,603,1850,623,0.79,0.82,122.26412453829974,4.721346462442247,3.4217810321416264,3.4217810321416264,4.721346462442247,273.0,3.8779277889246764,0.208,regular,普通,undersized,过小噪声(<5mm)
692,4690.0,4809.0,258.1089795960294,-0.6951227738720421,61.65048320171477,98.08397448420442,1878.2825159914712,502.64733475479744,0.975254730713246,0.7777708193836107,45.282515991471215,41.64733475479744,1833,461,1919,541,0.88,0.96,129.82760118629471,20.40146669271452,12.823300505956672,12.823300505956672,20.40146669271452,4690.0,16.07329130145564,0.208,regular,普通,normal,正常骨料
693,905.0,976.0,124.24681604261554,-1.2515774284943066,26.23937901031188,46.98434929278809,1845.070718232044,932.8530386740332,0.9272540983606558,0.8295242966547938,12.070718232044198,19.85303867403315,1833,913,1865,959,0.74,0.83,161.71010438656035,9.772744652899922,5.457790834144871,5.457790834144871,9.772744652899922,905.0,7.060617485418466,0.208,regular,普通,normal,正常骨料
694,7171.0,7427.0,324.5684257988403,1.4145510679702782,87.7677375760749,108.52130015638735,1880.7767396457955,1060.1757077116165,0.965531170055204,0.5881381676978715,47.776739645795566,57.17570771161624,1833,1003,1924,1110,0.86,0.87,8.952193899579811,22.57243043252857,18.25568941582358,18.25568941582358,22.57243043252857,7171.0,19.875051173327822,0.208,round,圆形,normal,正常骨料
695,690.0,1026.0,141.7719617163042,-0.8179494639584736,34.45477378590673,40.075999713394935,1853.2608695652173,1260.508695652174,0.672514619883041,0.5107389387969077,20.26086956521739,22.50869565217392,1833,1238,1879,1280,0.43,0.44,136.86505213980857,8.335807940386147,7.1665929474686,7.1665929474686,8.335807940386147,690.0,6.165139950379166,0.208,angular,棱角状,normal,正常骨料
697,1065.0,1119.0,130.3557800825833,-0.2919295835693464,31.93150160078885,45.13394955992938,1856.971830985916,1790.1530516431924,0.9517426273458444,0.706730371762061,22.97183098591549,16.153051643192487,1834,1774,1879,1808,0.79,0.82,106.7263330535352,9.38786150846531,6.641752332964081,6.641752332964081,9.38786150846531,1065.0,7.659372623233871,0.208,regular,普通,normal,正常骨料
698,328.0,340.0,72.32202416383385,0.5577735681426899,16.548636686534532,27.20374194171603,1845.2896341463413,1655.5396341463415,0.9647058823529412,0.7936902769443364,9.289634146341465,10.539634146341465,1836,1645,1861,1664,0.79,0.86,58.04192862147124,5.658378323876934,3.4421164307991825,3.4421164307991825,5.658378323876934,328.0,4.250649702998642,0.208,regular,普通,undersized,过小噪声(<5mm)
699,20170.0,23659.0,634.197938210312,1.383808625394649,142.0438657029324,211.5233527791046,1908.5530986613785,2201.3318294496776,0.8525296927173591,0.7409791300670256,72.55309866137829,111.33182944967774,1836,2090,1997,2294,0.63,0.67,10.713606111086648,43.99685737805376,29.54512406620994,29.54512406620994,43.99685737805376,20170.0,33.33276522179376,0.208,angular,棱角状,normal,正常骨料
701,293.0,329.0,69.77526012361251,0.0098329678157588,19.483841902572376,21.12861048967297,1846.982935153584,1416.8054607508532,0.8905775075987842,0.3868219164297444,9.982935153583618,11.805460750853245,1837,1405,1860,1427,0.76,0.76,89.43661244406904,4.394750981851978,4.052639115735054,4.052639115735054,4.394750981851978,293.0,4.017465948752107,0.208,angular,棱角状,undersized,过小噪声(<5mm)
702,210.0,222.0,56.50242783805324,-1.1844000061262714,14.11549731654973,19.72239747758489,1846.3666666666663,1815.652380952381,0.945945945945946,0.6983986194534395,9.366666666666667,9.652380952380952,1837,1806,1854,1827,0.83,0.86,157.8611216063042,4.102258675337657,2.936023441842344,2.936023441842344,4.102258675337657,210.0,3.4011676655699636,0.208,regular,普通,undersized,过小噪声(<5mm)
704,1100.0,1137.0,124.70689163487086,0.3678985259337357,31.22792239845032,45.464361884000304,1859.729090909091,2006.296363636364,0.9674582233948988,0.726784120777454,21.72909090909091,16.296363636363637,1838,1990,1885,2023,0.89,0.94,68.92096717491268,9.456587271872063,6.495407858877667,6.495407858877667,9.456587271872063,1100.0,7.784213462499874,0.208,regular,普通,normal,正常骨料
705,1553.0,1699.0,159.33657563609154,-0.6883475823847722,33.9970009714907,60.81541100481629,1864.815196394076,2451.609787508049,0.9140670982931136,0.829154504751673,25.815196394075983,22.60978750804894,1839,2429,1895,2478,0.77,0.87,129.43941130868117,12.649605489001788,7.0713762020700655,7.0713762020700655,12.649605489001788,1553.0,9.249198969926773,0.208,regular,普通,normal,正常骨料
706,410.0,514.0,90.8626057970476,1.506944426259898,16.479165130823958,36.76674059733894,1848.678048780488,2525.9975609756098,0.7976653696498055,0.8939290538177908,8.678048780487805,14.997560975609757,1840,2511,1859,2543,0.62,0.78,3.658444414544533,7.647482044246499,3.427666347211383,3.427666347211383,7.647482044246499,410.0,4.752370842222128,0.208,needle_flaky,针片状候选,undersized,过小噪声(<5mm)
707,691.0,758.0,106.81695514394136,-1.4542842519155537,22.831139883253435,41.6670507723483,1851.3589001447176,2656.4876989869754,0.9116094986807388,0.8365161261602038,11.3589001447178,16.4876989869754,1840,2640,1865,2679,0.76,0.87,173.32434984710142,8.666746560648445,4.748877095716714,4.748877095716714,8.666746560648445,691.0,6.16960582561193,0.208,regular,普通,undersized,过小噪声(<5mm)
710,196.0,211.0,54.24151812287538,-0.0037155948937064,12.01363262204974,21.11011162484524,1850.928571428572,1429.3775510204082,0.9289099526066352,0.8222726444727595,9.928571428571429,5.377551020408164,1841,1424,1862,1436,0.84,0.94,90.21288790578974,4.39090321796781,2.4988355853863458,2.4988355853863458,4.39090321796781,196.0,3.2858401345821324,0.208,regular,普通,undersized,过小噪声(<5mm)
711,1520.0,1794.0,173.1647682889206,1.0199805929553478,32.7456097762591,65.11694991643687,1866.1947368421047,1720.3019736842105,0.8472686733556298,0.8643598293499557,24.194736842105264,30.301973684210527,1842,1690,1886,1758,0.64,0.76,31.559416838407422,13.544325582618868,6.811086833461893,6.811086833461893,13.544325582618868,1520.0,9.15040229762613,0.208,angular,棱角状,normal,正常骨料
712,3379.0,3629.0,239.0525058416445,-0.3269465876839819,49.97218521585521,89.951549893845,1887.8141461971,2299.795501627701,0.931110498759989,0.8314860899049975,44.81414619709973,30.795501627700503,1843,2269,1933,2336,0.74,0.84,108.73265960049606,18.70992237791976,10.394214524897883,10.394214524897883,18.70992237791976,3379.0,13.643082023747537,0.208,regular,普通,normal,正常骨料
717,6960.0,7529.0,333.8026342095808,-0.7969283088227422,84.21945749097198,109.83881188085276,1893.599856321839,955.753735632184,0.924425554522513,0.6419398569381465,46.59985632183908,53.75373563218391,1847,902,1952,1009,0.78,0.81,135.66062867004143,22.84647287121737,17.51764715812217,17.51764715812217,22.84647287121737,6960.0,19.580465577136252,0.208,regular,普通,normal,正常骨料
719,1404.0,1582.0,156.29026775751623,-0.7838407213365769,32.07445256540879,60.16255011715305,1870.6324786324783,597.6431623931624,0.8874841972187105,0.8460334159825451,20.63247863247864,20.64316239316239,1850,577,1899,627,0.72,0.83,134.9107651430759,12.513810424367836,6.671486133605028,6.671486133605028,12.513810424367836,1404.0,8.794313598652518,0.208,angular,棱角状,normal,正常骨料
721,1751.0,1847.0,159.75718298224817,-0.3769229609223451,43.66092686031511,52.13930550384886,1877.539691604797,1405.068532267276,0.9480238224147266,0.5466060613151886,26.53969160479726,22.06853226727584,1851,1383,1906,1430,0.86,0.87,111.59609486242483,10.844975544800562,9.08147278694554,9.08147278694554,10.844975544800562,1751.0,9.821130171556227,0.208,regular,普通,normal,正常骨料
722,1637.0,1686.0,148.34100134852724,-0.0735755166429538,40.4075004424334,52.11552937319648,1879.0616982284664,2674.802687843616,0.9709371293001188,0.6315382551826578,26.061698228466707,19.80268784361637,1853,2655,1904,2694,0.93,0.96,94.2155665791358,10.840030109624868,8.404760092026148,8.404760092026148,10.840030109624868,1637.0,9.49604434388456,0.208,regular,普通,normal,正常骨料
724,813.0,1032.0,127.2536556750922,0.2896460246850869,29.29971135535457,41.34719773031559,1874.5264452644528,2640.2324723247234,0.7877906976744186,0.705583999418672,19.526445264452644,19.232472324723247,1855,2621,1896,2658,0.63,0.66,73.40450523280246,8.600217127905642,6.09433996191375,6.09433996191375,8.600217127905642,813.0,6.692119185606466,0.208,angular,棱角状,normal,正常骨料
726,1380.0,1428.0,141.40717089906337,1.4809347883263049,34.58118881301268,51.92829648209023,1872.7434782608696,1236.9905797101449,0.9663865546218487,0.7460042907131549,16.743478260869566,22.990579710144928,1856,1214,1890,1265,0.87,0.92,5.148686894802808,10.801085668274768,7.192887273106638,7.192887273106638,10.801085668274768,1380.0,8.718824531754407,0.208,regular,普通,normal,正常骨料
727,761.0,819.0,108.84782706299156,1.0558668113025858,26.231972698107807,37.96552776969003,1869.15505913272,1680.3390275952693,0.9291819291819292,0.722910322425221,13.155059132720105,17.339027595269382,1856,1663,1887,1700,0.81,0.85,29.503287984425747,7.896829776095525,5.456250321206424,5.456250321206424,7.896829776095525,761.0,6.474566899790611,0.208,regular,普通,normal,正常骨料
728,1286.0,1383.0,149.12639951192472,0.2548110771731974,35.59898328407312,52.53996581922728,1886.651632970451,2558.2566096423016,0.9298626174981924,0.735467431030647,30.65163297045101,18.25660964230171,1856,2540,1907,2581,0.73,0.77,75.40040070479347,10.928312890399273,7.404588523087209,7.404588523087209,10.928312890399273,1286.0,8.416642457842723,0.208,regular,普通,normal,正常骨料
730,5156.0,5362.0,270.32690767596495,0.5439219709856232,71.90802008353353,92.07368735548164,1901.4788595810703,383.50678820791313,0.9615814994405072,0.6245518003188331,43.478859581070594,36.50678820791311,1858,347,1943,423,0.89,0.91,58.83556667808657,19.15132696994018,14.956868177374972,14.956868177374972,19.15132696994018,5156.0,16.852907947312957,0.208,regular,普通,normal,正常骨料
731,1327.0,1516.0,153.70403547119625,-1.093552174927125,33.15987799160361,54.54810063854806,1877.0218538055765,1354.1258477769404,0.8753298153034301,0.7940123659100009,19.021853805576487,24.125847776940468,1858,1330,1897,1381,0.71,0.77,152.6559243006762,11.346004932817996,6.89725462225355,6.89725462225355,11.346004932817996,1327.0,8.549758658895646,0.208,angular,棱角状,normal,正常骨料
732,1679.0,1768.0,157.30570371704135,-0.2370546405180971,39.06046712200092,56.01831507182173,1885.723049434187,2611.039904705181,0.9496606334841629,0.716798572548363,26.72304943418701,20.03990470518165,1859,2591,1916,2631,0.85,0.89,103.58223041567788,11.65180953493892,8.124577161376191,8.124577161376191,11.65180953493892,1679.0,9.617091373117221,0.208,regular,普通,normal,正常骨料
735,1472.0,2152.0,200.17050845229448,0.7419872117980858,37.28214165846799,68.33157188509557,1895.797554347826,1807.976902173913,0.6840148698884758,0.8380415722297572,34.797554347826086,24.976902173913043,1861,1783,1921,1843,0.46,0.53,47.48726431129016,14.212966952099878,7.754685464961342,7.754685464961342,14.212966952099878,1472.0,9.004763255997199,0.208,angular,棱角状,normal,正常骨料
736,2736.0,2836.0,197.3937066159455,-0.5879058758266087,48.18012470078541,73.01128342113715,1895.891812865497,2380.6388888888887,0.9647390691114246,0.7513536941721178,32.89181286549707,27.63888888888889,1863,2353,1932,2412,0.88,0.94,123.68452543580692,15.186346951596526,10.021465937763365,10.021465937763365,15.186346951596526,2736.0,12.276552935377373,0.208,regular,普通,normal,正常骨料
737,1121.0,1199.0,129.14977457302922,-0.4238762274524261,35.48266229079261,40.86320245978378,1885.4371097234607,2508.9545049063336,0.9349457881567972,0.4959904322067144,22.437109723461194,18.954504906333632,1863,2490,1905,2528,0.84,0.85,114.28631886895134,8.499546111635025,7.380393756484863,7.380393756484863,8.499546111635025,1121.0,7.858166031504815,0.208,regular,普通,normal,正常骨料
738,290.0,307.0,65.88773755272393,-1.5200924666659017,16.822677953253756,22.595162819037245,1873.8827586206896,2044.3896551724133,0.9446254071661238,0.6675938723017126,9.882758620689655,12.389655172413793,1864,2032,1883,2058,0.84,0.87,177.09488280958692,4.699793866359747,3.499117014276781,3.499117014276781,4.699793866359747,290.0,3.996845799176196,0.208,regular,普通,undersized,过小噪声(<5mm)
739,1208.0,1334.0,141.0260317990054,0.1375845273470818,33.149731437575184,48.48200439727955,1893.033940397351,2469.031456953642,0.9055472263868066,0.7297132301226094,26.033940397350992,20.031456953642383,1867,2449,1919,2488,0.76,0.81,82.11698725670996,10.084256914634146,6.895144139015638,6.895144139015638,10.084256914634146,1208.0,8.157401932074565,0.208,regular,普通,normal,正常骨料
740,376.0,404.0,79.58117718443984,0.1746562292876294,14.857644684325145,33.29336262918864,1886.130319148936,1378.3909574468084,0.9306930693069309,0.8949011267584225,16.13031914893617,8.39095744680851,1870,1370,1902,1387,0.75,0.94,79.99293519614963,6.925019426871238,3.09039009433963,3.09039009433963,6.925019426871238,376.0,4.551057438601132,0.208,needle_flaky,针片状候选,undersized,过小噪声(<5mm)
741,24444.0,25749.0,604.8591235200273,-0.8923750204501266,147.24960992939486,216.54996336151257,1964.2299132711505,775.4795450826379,0.9493184201328206,0.7332308054842743,93.22991327115038,97.47954508263788,1871,678,2056,881,0.84,0.89,141.12932241469278,45.04239237919461,30.62791886531413,30.62791886531413,45.04239237919461,24444.0,36.69480057660335,0.208,regular,普通,normal,正常骨料
742,699.0,929.0,132.61668979776113,1.110444695542373,19.5227777410186,55.94129105921685,1890.390557939914,1722.9198855507868,0.7524219590958019,0.9371276026907442,19.390557939914164,23.91988555078684,1871,1699,1909,1745,0.5,0.73,26.37620556273237,11.635788540317105,4.060737770131869,4.060737770131869,11.635788540317105,699.0,6.2052171218042025,0.208,needle_flaky,针片状候选,undersized,过小噪声(<5mm)
743,157.0,171.0,48.3231236329366,0.4337418170142247,14.081331085904369,14.629602017121991,1877.031847133758,2416.019108280255,0.9181286549707602,0.271199417370799,6.031847133757962,6.019108280254777,1871,2410,1885,2424,0.84,0.85,65.14842448674928,3.042957219561374,2.9289168658681084,2.9289168658681084,3.042957219561374,157.0,2.9408184913655018,0.208,regular,普通,undersized,过小噪声(<5mm)
744,530.0,558.0,87.76048138955647,-1.1677197644857351,23.354612773814782,29.46478521997308,1885.703773584905,2023.966037735849,0.949820788530466,0.6097055910148842,13.70377358490566,14.966037735849056,1872,2009,1898,2040,0.86,0.88,156.9054141590431,6.1286753257544,4.857759456953475,4.857759456953475,6.1286753257544,530.0,5.403265762630384,0.208,regular,普通,undersized,过小噪声(<5mm)
745,413.0,434.0,75.13829424628148,0.2592346448270555,20.1476735731198,26.26164932963613,1884.869249394673,2584.1065375302665,0.9516129032258064,0.6414199658684023,12.869249394673124,10.106537530266344,1872,2574,1899,2596,0.92,0.94,75.14694894783682,5.462423060564315,4.190716103208918,4.190716103208918,5.462423060564315,413.0,4.769725875665531,0.208,regular,普通,undersized,过小噪声(<5mm)
747,735.0,764.0,105.74570265550044,1.0659280702849008,25.872444648095023,38.18405247153572,1892.688435374149,741.3537414965987,0.962041884816754,0.7354564502750681,17.68843537414966,16.35374149659864,1875,725,1907,764,0.83,0.87,28.926820308151008,7.942282914079429,5.381468486803764,5.381468486803764,7.942282914079429,735.0,6.363002059768268,0.208,regular,普通,normal,正常骨料
748,725.0,781.0,109.30790265524686,0.4959174878430225,22.84838665879088,41.298873215548845,1894.686896551724,1499.968275862069,0.9282970550576184,0.8330187251551772,19.68689655172414,13.968275862068966,1875,1486,1914,1518,0.76,0.87,61.5860209598645,8.590165628834159,4.752464425028503,4.752464425028503,8.590165628834159,725.0,6.319568090936358,0.208,regular,普通,undersized,过小噪声(<5mm)
749,1038.0,1085.0,133.44155620725726,-0.8839882649640769,24.02784472052344,55.88250177799344,1895.5655105973024,2048.312138728324,0.9566820276497696,0.902842788081176,19.565510597302502,23.3121387283237,1876,2025,1916,2075,0.73,0.94,140.64879672153396,11.623560369822634,4.997791701868875,4.997791701868875,11.623560369822634,1038.0,7.561658694931431,0.208,needle_flaky,针片状候选,undersized,过小噪声(<5mm)
751,5061.0,6188.0,345.0051263299911,-0.0717782250644955,54.69050843920551,133.34253160037326,1934.427978660344,1765.81051175657,0.8178733031674208,0.9120178465294442,56.42797866034381,25.81051175656985,1878,1740,2012,1808,0.53,0.71,94.11258935713572,27.73524657287764,11.375625755354744,11.375625755354744,27.73524657287764,5061.0,16.69692755846354,0.208,needle_flaky,针片状候选,normal,正常骨料
756,2133.0,2206.0,186.8976761667352,-0.7997065938288132,37.28833238139596,73.87654971429355,1912.240506329114,318.648382559775,0.9669084315503174,0.863272341457777,30.240506329113924,29.64838255977497,1882,289,1946,347,0.77,0.91,135.81981267517375,15.366322340573056,7.755973135330359,7.755973135330359,15.366322340573056,2133.0,10.839614119980439,0.208,regular,普通,normal,正常骨料
757,1213.0,1512.0,178.5278024115896,-0.9264174247557638,29.470742354830563,67.34961633919742,1909.2967848309968,2328.0263808738664,0.8022486772486772,0.8991802260545969,26.296784830997527,38.02638087386645,1883,2290,1933,2354,0.48,0.61,143.07980850588376,14.008720198553064,6.129914409804757,6.129914409804757,14.008720198553064,1213.0,8.1742665395576,0.208,needle_flaky,针片状候选,normal,正常骨料
758,322.0,341.0,67.64910342954782,-1.0456083334196435,17.018460378027765,24.387580658729465,1892.0900621118008,2418.546583850932,0.9442815249266864,0.7162604280978895,9.090062111801242,11.546583850931675,1883,2407,1902,2430,0.88,0.93,149.90894452865336,5.072616777015728,3.5398397586297747,3.5398397586297747,5.072616777015728,322.0,4.211592369119061,0.208,regular,普通,undersized,过小噪声(<5mm)
759,5648.0,6025.0,303.7111179215329,-1.3200985985534162,69.25872052004006,108.83502325755956,1923.7469900849856,619.248052407932,0.9374273858921162,0.7713886901272674,38.74699008498584,49.248052407932015,1885,570,1963,675,0.77,0.83,165.6360782382455,22.637684837572387,14.405813868168332,14.405813868168332,22.637684837572387,5648.0,17.63866606710972,0.208,regular,普通,normal,正常骨料
761,27098.0,28145.0,644.1617282555341,1.2482796856590732,148.59635958894617,238.69106486034784,1971.9022068049303,1374.4970846556942,0.9627997868182626,0.7825825686417094,86.90220680493026,112.49708465569417,1885,1262,2056,1501,0.82,0.89,18.47884235981803,49.64774149095235,30.9080427945008,30.9080427945008,49.64774149095235,27098.0,38.635542387902504,0.208,regular,普通,normal,正常骨料
762,3431.0,4290.0,262.45657775917334,-1.4649774692236452,53.94268606433585,93.32938949253924,1919.94199941708,1664.772661031769,0.7997668997668997,0.8160496733841519,34.94199941707957,39.77266103176916,1885,1625,1957,1715,0.63,0.7,173.93702606827134,19.41251301444816,11.220078701381857,11.220078701381857,19.41251301444816,3431.0,13.747659064771762,0.208,angular,棱角状,normal,正常骨料
763,791.0,832.0,112.17998926661036,-1.357647582573197,23.471842325613668,43.94762245431721,1899.4589127686472,546.0581542351454,0.950721153846154,0.8454296872853955,13.458912768647282,21.058154235145384,1886,525,1912,569,0.79,0.91,167.78747654758314,9.14110547049798,4.882143203727643,4.882143203727643,9.14110547049798,791.0,6.600952931946028,0.208,regular,普通,undersized,过小噪声(<5mm)
765,898.0,1207.0,160.7726189417733,0.6117034376798071,19.2070033731271,76.39521927242629,1909.786191536748,1706.3942093541202,0.743993371996686,0.9678790441243412,23.78619153674833,23.394209354120267,1886,1683,1944,1729,0.44,0.81,54.95197470730328,15.890205608664669,3.995056701610437,3.995056701610437,15.890205608664669,898.0,7.033258222598756,0.208,needle_flaky,针片状候选,undersized,过小噪声(<5mm)
767,1280.0,1940.0,193.37143102394376,-1.5475541838336424,32.65692283693068,74.55074188384803,1910.42109375,1446.128125,0.6597938144329897,0.8989508028158147,21.42109375,32.128125,1889,1414,1926,1480,0.43,0.55,178.66832330148043,15.50655431184039,6.792639950081582,6.792639950081582,15.50655431184039,1280.0,8.396985033283093,0.208,needle_flaky,针片状候选,normal,正常骨料
769,1227.0,1394.0,145.00883914490848,-0.4506730101540033,38.29799568308944,43.83334836367785,1914.070089649552,2067.343928280359,0.8802008608321378,0.4864323685280424,23.07008964955176,26.3439282803586,1891,2041,1937,2086,0.73,0.74,115.82166142228088,9.117336459644992,7.965983102082603,7.965983102082603,9.117336459644992,1227.0,8.221303397820742,0.208,angular,棱角状,normal,正常骨料
770,4450.0,5369.0,297.31629955652164,1.2258890158356657,58.89057274581473,108.7653427502124,1929.3301123595504,2671.4429213483145,0.8288321847643881,0.840735451792753,38.33011235955056,55.442921348314606,1891,2616,1968,2720,0.63,0.73,19.76173324117024,22.62319129204418,12.249239131129464,12.249239131129464,22.62319129204418,4450.0,15.656634015720885,0.208,angular,棱角状,normal,正常骨料
771,940.0,1052.0,123.92149347147338,-0.2435492291534191,33.76188449297528,37.43978922644907,1909.8797872340424,1232.8531914893615,0.8935361216730038,0.4322270512647498,17.879787234042553,19.853191489361706,1892,1213,1934,1250,0.77,0.77,103.95434293415546,7.787476159101407,7.022471974538857,7.022471974538857,7.787476159101407,940.0,7.1958536341157435,0.208,angular,棱角状,normal,正常骨料
772,1193.0,1307.0,150.46715804259196,-0.2154106067011247,27.44410413606464,58.88915817713772,1917.753562447611,1259.7150041911148,0.9127773527161438,0.8847690101479533,25.753562447611063,13.715004191114836,1892,1246,1950,1280,0.66,0.82,102.34211862632694,12.248944900844648,5.708373660301445,5.708373660301445,12.248944900844648,1193.0,8.106597606052896,0.208,needle_flaky,针片状候选,normal,正常骨料
778,1468.0,1792.0,171.6892567371402,-1.3760877700950385,34.13115214716197,61.375052787130016,1916.429155313352,2501.963215258856,0.8191964285714286,0.8311100984692569,20.429155313351497,27.963215258855588,1896,2474,1937,2534,0.63,0.71,168.84402146601445,12.766010979723044,7.0992796466096895,7.0992796466096895,12.766010979723044,1468.0,8.992520200361165,0.208,angular,棱角状,normal,正常骨料
779,1404.0,1657.0,164.23953416650522,-0.4985891924918739,31.72581292086014,63.32813396246887,1921.059829059829,687.5377492877493,0.8473144236572119,0.8654617457813194,24.05982905982906,20.53774928774929,1897,667,1958,711,0.65,0.78,118.56705644062018,13.172251864193523,6.598969087538909,6.598969087538909,13.172251864193523,1404.0,8.794313598652518,0.208,angular,棱角状,normal,正常骨料
780,16157.0,17105.0,524.6273011933032,0.6354531330464175,103.9969529202518,206.4625517161524,1979.101627777434,1555.8341276227022,0.9445776088862906,0.8638736567756815,82.10162777743393,88.83412762270224,1897,1467,2069,1634,0.74,0.87,53.591217398075095,42.9442107569597,21.631366207412373,21.631366207412373,42.9442107569597,16157.0,29.833125615897348,0.208,regular,普通,normal,正常骨料
784,599.0,625.0,91.3226813893029,-1.121674472109567,26.007800334052234,29.873265277971942,1913.474123539232,2409.2671118530884,0.9584,0.4919834726437688,14.474123539232052,15.267111853088482,1899,2394,1927,2425,0.9,0.91,154.26721323944275,6.213639177818163,5.409622469482865,5.409622469482865,6.213639177818163,599.0,5.744229797143375,0.208,round,圆形,normal,正常骨料
785,1329.0,1394.0,138.6698373088131,-0.9341952093947292,33.4015089865574,50.961564869142656,1920.3310759969904,2440.1519939804366,0.9533715925394548,0.7552598346076997,21.33107599699022,24.15199398043642,1899,2416,1942,2464,0.87,0.93,143.52544273965816,10.600005492781673,6.94751386920394,6.94751386920394,10.600005492781673,1329.0,8.55619915597387,0.208,regular,普通,normal,正常骨料
786,579.0,628.0,97.10632285812852,0.2151159085700641,20.601119257868422,36.80779506949568,1918.578583765112,1730.0794473229707,0.9219745222929936,0.8286990425681419,17.578583765112263,11.07944732297064,1901,1719,1938,1741,0.77,0.87,77.67476633281322,7.656021374455102,4.285032805636631,4.285032805636631,7.656021374455102,579.0,5.647518680723542,0.208,regular,普通,undersized,过小噪声(<5mm)
789,2991.0,3287.0,229.72301265588965,-1.456392106859299,49.04620595104759,85.66706032149054,1929.6616516215315,537.4546974256102,0.9099482811073928,0.8198899348608452,24.66165162153126,46.45469742561016,1905,491,1961,579,0.71,0.8,173.44512103920383,17.81874854687003,10.201610837817896,10.201610837817896,17.81874854687003,2991.0,12.83590815132671,0.208,regular,普通,normal,正常骨料
793,250.0,273.0,62.74614489913415,0.9249729954764891,13.985534533571508,23.36830725170908,1918.024,1853.808,0.9157509157509156,0.8011355088842049,9.024,10.808,1909,1843,1928,1865,0.8,0.88,37.00295119562379,4.860607908355488,2.9089911829828736,2.9089911829828736,4.860607908355488,250.0,3.710978161597764,0.208,regular,普通,undersized,过小噪声(<5mm)
794,3979.0,4698.0,271.2865271065742,-1.1074940425875015,67.00931901414933,85.32040987898911,1942.1927620005024,2010.7720532797184,0.8469561515538527,0.6190083541550235,32.19276200050264,41.77205327971852,1910,1969,1994,2057,0.68,0.69,153.4547344761457,17.746645254829733,13.93793835494306,13.93793835494306,17.746645254829733,3979.0,14.804896099086829,0.208,angular,棱角状,normal,正常骨料
795,16246.0,16919.0,516.4643452710036,-0.9183874762055428,136.76156853361266,168.98336847116778,1973.3501785054784,1037.8554105626,0.9602222353566996,0.5873683923978107,62.35017850547827,68.85541056260003,1911,969,2062,1133,0.77,0.78,142.61972634424893,35.1485406420029,28.44640625499143,28.44640625499143,35.1485406420029,16246.0,29.915179888945264,0.208,regular,普通,normal,正常骨料
796,1543.0,1637.0,178.2188281232646,-1.4957806330708363,27.15624483080643,74.77048372547277,1927.6649384316268,455.5748541801685,0.9425778863775198,0.9317132584896712,14.664938431626702,38.5748541801685,1913,417,1940,493,0.61,0.87,175.70191735236534,15.552260614898335,5.648498924807737,5.648498924807737,15.552260614898335,1543.0,9.219372388002355,0.208,needle_flaky,针片状候选,normal,正常骨料
799,364.0,390.0,73.0121375522168,0.2664620863915677,18.047844494702485,26.744480146092737,1926.717032967033,2587.788461538461,0.9333333333333332,0.7379777673163549,12.717032967032967,7.788461538461538,1914,2580,1940,2600,0.86,0.91,74.73284704951284,5.562851870387289,3.753951654898117,3.753951654898117,5.562851870387289,364.0,4.477845305667184,0.208,regular,普通,undersized,过小噪声(<5mm)
800,15686.0,16181.0,522.7080623320846,0.2723132743082854,95.52074275009916,214.45487596181573,2019.8273619788347,933.961430575035,0.9694085656016316,0.8953257982986154,104.82736197883465,57.96143057503506,1915,876,2119,990,0.72,0.91,74.39759867674697,44.60661420005767,19.868314492020623,19.868314492020623,44.60661420005767,15686.0,29.395070059730063,0.208,needle_flaky,针片状候选,normal,正常骨料
801,15628.0,16110.0,491.1641544555378,0.5343964994269178,108.04488781557734,188.1692292381068,2004.5004479140005,1952.2533273611464,0.97008069522036,0.8187220869266706,89.50044791400052,61.25332736114666,1915,1891,2083,2027,0.81,0.91,59.3813359962723,39.139199681526215,22.473336665640087,22.473336665640087,39.139199681526215,15628.0,29.34067464370852,0.208,regular,普通,normal,正常骨料
802,2408.0,2837.0,222.46385963528363,1.153657835328624,37.78714520400023,86.81809531363787,1941.9497508305649,2356.034053156146,0.848783926683116,0.9003120330167904,26.949750830564785,35.03405315614618,1915,2321,1975,2398,0.61,0.78,23.90027503347133,18.05816382523668,7.859726202432048,7.859726202432048,18.05816382523668,2408.0,11.517192760283226,0.208,needle_flaky,针片状候选,normal,正常骨料
803,7024.0,7335.0,339.6815604534208,0.0248772417770254,76.14723914974833,123.15681739875332,1986.5968109339408,1212.055381548975,0.9576005453306068,0.7859461469005197,69.59681093394077,45.05538154897494,1917,1167,2044,1249,0.76,0.83,88.5746390402499,25.616618018940688,15.838625743147652,15.838625743147652,25.616618018940688,7024.0,19.670284697987384,0.208,regular,普通,normal,正常骨料
806,1257.0,1365.0,146.52381894278756,-1.46236830230382,35.60829373438696,47.866197913940425,1939.8448687350835,343.4049323786794,0.9208791208791208,0.6682763168390792,20.844868735083534,29.4049323786794,1919,314,1962,371,0.74,0.76,173.78753181572017,9.956169166099608,7.406525096752488,7.406525096752488,9.956169166099608,1257.0,8.321201393363914,0.208,regular,普通,normal,正常骨料
807,12624.0,12891.0,414.5108804113773,-0.7328164953258497,120.00596579209582,136.23169286908418,1984.956115335868,1830.4773447401767,0.9792878752618106,0.4733097040116513,65.95611533586819,60.47734474017744,1919,1770,2046,1895,0.92,0.93,131.9872923397396,28.33619211676951,24.96124088475593,24.96124088475593,28.33619211676951,12624.0,26.370410308052477,0.208,round,圆形,normal,正常骨料
809,866.0,922.0,114.5361837568027,0.4851777994694755,33.02927473144711,34.44899881200833,1938.227482678984,1603.5831408775982,0.9392624728850324,0.2841236276184927,16.227482678983833,16.58314087759815,1922,1587,1958,1623,0.83,0.83,62.20135977695446,7.165391752897731,6.870089144140999,6.870089144140999,7.165391752897731,866.0,6.906807314854202,0.208,regular,普通,normal,正常骨料
810,511.0,544.0,92.4334021238425,1.1203280815175565,20.15384991925194,34.44983647142596,1931.9412915851271,1879.1917808219173,0.9393382352941176,0.8110187272133158,9.9412915851272,18.19178082191781,1922,1861,1947,1893,0.75,0.84,25.809929259055565,7.1655659860566,4.192000783204403,4.192000783204403,7.1655659860566,511.0,5.305530852234174,0.208,regular,普通,undersized,过小噪声(<5mm)
811,753.0,813.0,112.17998926661032,-1.2449560462421638,22.424593054012004,44.02515026882388,1935.4741035856573,2516.887118193891,0.92619926199262,0.8605543100913718,13.474103585657373,21.8871181938911,1922,2495,1948,2537,0.75,0.89,161.33072712896973,9.157231255915368,4.664315355234496,4.664315355234496,9.157231255915368,753.0,6.440445097550077,0.208,regular,普通,undersized,过小噪声(<5mm)
818,302.0,339.0,72.456777184947,-1.0820249548350154,16.996445516446133,25.66528780879533,1938.6986754966888,2452.6059602649007,0.8908554572271387,0.7492964251612592,12.69867549668874,14.605960264900665,1926,2438,1948,2463,0.72,0.77,151.99546323987988,5.338379864229428,3.535260667420796,3.535260667420796,5.338379864229428,302.0,4.078700966037283,0.208,angular,棱角状,undersized,过小噪声(<5mm)
819,1277.0,1436.0,167.72279767405428,-1.5657554476454052,23.92806229471909,73.52411930478485,1940.5912294440093,2090.5622552858263,0.8892757660167131,0.94556094735637,12.591229444009397,37.56225528582616,1928,2053,1956,2122,0.57,0.87,179.71117889969867,15.293016815395248,4.9770369573015705,4.9770369573015705,15.293016815395248,1277.0,8.387139043928507,0.208,needle_flaky,针片状候选,undersized,过小噪声(<5mm)
820,315.0,343.0,71.34605645040742,0.4165814896253543,17.54078309599878,24.55922590199456,1941.9238095238093,2600.980952380952,0.9183673469387756,0.6999174206042031,12.923809523809524,10.98095238095238,1929,2590,1954,2611,0.78,0.81,66.1316388211943,5.108318987614868,3.648482883967746,3.648482883967746,5.108318987614868,315.0,4.165562655149716,0.208,regular,普通,undersized,过小噪声(<5mm)
822,990.0,1047.0,126.1987514694684,-1.3991144104766695,31.37425031429628,42.54319838369826,1945.1181818181817,2301.937373737374,0.9455587392550144,0.6753820021501896,13.11818181818182,19.937373737373736,1932,2282,1963,2323,0.78,0.81,170.1633507762474,8.848985263809238,6.525844065373626,6.525844065373626,8.848985263809238,990.0,7.384753300333591,0.208,regular,普通,normal,正常骨料
823,276.0,282.0,59.27922967440222,0.0677061074019685,17.408585943458718,20.38209234289375,1941.3840579710145,2395.463768115942,0.9787234042553192,0.5200894178263482,9.384057971014492,9.46376811594203,1932,2386,1952,2404,0.99,1.0,86.12072579860774,4.2394752073219,3.620985876239413,3.620985876239413,4.2394752073219,276.0,3.899176867379126,0.208,round,圆形,undersized,过小噪声(<5mm)
826,6708.0,6881.0,310.6449483709968,1.270484896591062,74.03063982397927,116.56369205716234,1973.963774597496,1695.6808288610614,0.9748583054788548,0.7724225967083065,39.96377459749553,54.68082886106142,1934,1641,2013,1755,0.87,0.94,17.206577490217313,24.24524794788977,15.398373083387687,15.398373083387687,24.24524794788977,6708.0,19.222723595532326,0.208,regular,普通,normal,正常骨料
827,349.0,367.0,79.16056983828321,0.3810221043619858,16.909101054729984,29.370699597114463,1947.730659025788,1736.707736389685,0.9509536784741144,0.8176516669620757,13.730659025787965,11.707736389684811,1934,1725,1965,1746,0.7,0.78,68.16904151886501,6.109105516199808,3.5170930193838363,3.5170930193838363,6.109105516199808,349.0,4.3846113905948725,0.208,regular,普通,undersized,过小噪声(<5mm)
828,413.0,467.0,86.05493204164841,0.8779184266275388,18.66160290377,31.44176131378093,1948.3995157384988,1245.8232445520582,0.8843683083511777,0.8048124681940219,11.39951573849879,12.823244552058112,1937,1233,1961,1262,0.7,0.77,39.69897939747639,6.539886353266433,3.88161340398416,3.88161340398416,6.539886353266433,413.0,4.769725875665531,0.208,angular,棱角状,undersized,过小噪声(<5mm)
829,41253.0,43031.0,797.6289542501382,-1.5320779459388838,184.7042495768398,290.8367955330561,2029.1505587472427,428.2239109882918,0.9586809509423438,0.7724474507742557,91.15055874724264,149.22391098829175,1938,279,2116,570,0.81,0.88,177.78160018737034,60.49405347087566,38.41848391198268,38.41848391198268,60.49405347087566,41253.0,47.670110944103655,0.208,regular,普通,normal,正常骨料
830,2719.0,2821.0,196.3782706564204,-0.0844536438958971,48.180418739928754,73.05169175525553,1973.0470761309305,2652.829349025377,0.9638426090038992,0.7516705970477305,35.04707613093049,22.829349025376978,1938,2630,2012,2680,0.89,0.94,94.83883735973568,15.194751885093153,10.02152709790518,10.02152709790518,15.194751885093153,2719.0,12.23835362983292,0.208,regular,普通,normal,正常骨料
831,500.0,546.0,93.0840472661268,-1.4763500966952372,19.31428500816101,34.790752717116185,1948.616,2472.892,0.9157509157509156,0.8317464386620852,9.616,20.892,1939,2452,1960,2488,0.73,0.82,174.58862962436808,7.236476565160166,4.01737128169749,4.01737128169749,7.236476565160166,500.0,5.248115645801933,0.208,regular,普通,undersized,过小噪声(<5mm)
834,2636.0,2948.0,237.86284861490765,0.3155292213769418,38.08038303897718,98.60395025368632,1984.5049317147195,1627.3368740515932,0.8941655359565808,0.9224170332824936,40.50493171471927,29.336874051593323,1944,1598,2041,1649,0.59,0.8,71.9215073020522,20.509621652766757,7.920719672107253,7.920719672107253,20.509621652766757,2636.0,12.050112381583029,0.208,needle_flaky,针片状候选,normal,正常骨料
835,1487.0,1596.0,150.27658849256298,1.0061178744802033,34.15620905214814,56.78299547189359,1969.06523201076,2603.238063214526,0.931704260651629,0.798856393038823,22.06523201075992,26.23806321452589,1947,2577,1992,2629,0.83,0.91,32.35369209961124,11.810863058153869,7.1044914828468135,7.1044914828468135,11.810863058153869,1487.0,9.050527212903601,0.208,regular,普通,normal,正常骨料
837,15347.0,16105.0,494.26627886302896,-0.0985462728111376,114.4549509591406,182.40302908731223,2023.676874959276,2073.146217501792,0.952933871468488,0.7786295944808593,75.67687495927542,59.14621750179188,1948,2014,2128,2139,0.79,0.86,95.646285518823,37.93983005016094,23.806629799501245,23.806629799501245,37.93983005016094,15347.0,29.075697431472534,0.208,regular,普通,normal,正常骨料
838,499.0,525.0,92.10807955270036,0.7134618708692337,23.415484040063426,30.1078195635882,1966.3286573146293,871.8176352705411,0.9504761904761904,0.6286095928819596,16.328657314629258,15.817635270541082,1950,856,1981,885,0.74,0.76,49.121645955685175,6.262426469226345,4.870420680333193,4.870420680333193,6.262426469226345,499.0,5.242864903470966,0.208,regular,普通,undersized,过小噪声(<5mm)
839,378.0,404.0,77.81981130761596,-0.7780111256786831,19.210590294095407,25.4584217712906,1961.246031746032,559.2830687830688,0.9356435643564356,0.6562001871275347,10.246031746031743,12.283068783068783,1951,547,1975,571,0.78,0.81,134.57675391561082,5.295351728428444,3.995802781171845,3.995802781171845,5.295351728428444,378.0,4.563145261853226,0.208,regular,普通,undersized,过小噪声(<5mm)
843,903.0,1304.0,157.07566592091368,-0.8565854366208467,27.605358148263,55.5135653926843,1967.671096345515,2439.095238095238,0.6924846625766872,0.8675945269305089,15.67109634551495,23.09523809523809,1952,2416,1994,2466,0.46,0.55,139.0787303107454,11.546821601678332,5.741914494838703,5.741914494838703,11.546821601678332,903.0,7.05281138299261,0.208,needle_flaky,针片状候选,normal,正常骨料
844,28158.0,29378.0,660.9967605408397,1.4085544147646938,179.32185020071108,203.73230835896416,2044.1979544001704,2335.181511470985,0.9584723262305126,0.4746332403439913,91.19795440017046,100.18151147098516,1953,2235,2145,2438,0.81,0.81,9.2957768194634,42.37632013866455,37.298944841747904,37.298944841747904,42.37632013866455,28158.0,39.38395228275901,0.208,regular,普通,normal,正常骨料
846,3989.0,4151.0,240.4490809012276,-0.3194424278098994,62.16725279557343,83.57931630840056,1997.4615191777389,2466.740536475307,0.9609732594555528,0.6683894977914179,39.46151917773878,33.740536475307096,1958,2433,2041,2499,0.87,0.9,108.30270291091972,17.384497792147318,12.930788581479272,12.930788581479272,17.384497792147318,3989.0,14.823488215038681,0.208,regular,普通,normal,正常骨料
847,489.0,512.0,85.07896432822199,1.0024165149131696,21.40203311273122,29.57629185992761,1971.3353783231084,2374.271983640082,0.955078125,0.69019728703404,11.335378323108383,14.2719836400818,1960,2360,1986,2390,0.85,0.88,32.56576438126263,6.151868706864943,4.451622887448094,4.451622887448094,6.151868706864943,489.0,5.19006532130506,0.208,regular,普通,undersized,过小噪声(<5mm)
849,211.0,225.0,55.48699187852813,-1.0622838810172712,13.69311055807388,20.27060683228502,1968.805687203792,1253.39336492891,0.9377777777777778,0.7373457213005823,6.805687203791469,8.393364928909953,1962,1245,1978,1265,0.86,0.91,150.86438302706694,4.216286221115284,2.848166996079367,2.848166996079367,4.216286221115284,211.0,3.4092560662088816,0.208,regular,普通,undersized,过小噪声(<5mm)
850,945.0,1231.0,149.58647510418,1.5390618631014266,22.47487530656906,61.53286688797623,1975.1534391534392,1149.5597883597884,0.7676685621445979,0.9309094955130608,12.153439153439152,26.55978835978836,1963,1123,1991,1179,0.53,0.75,1.8182508347469764,12.798836312699056,4.674774063766365,4.674774063766365,12.798836312699056,945.0,7.214966160830823,0.208,needle_flaky,针片状候选,undersized,过小噪声(<5mm)
852,4648.0,5187.0,311.0492074343362,0.7481454050362673,48.50366184561511,129.46817719787435,2023.4851549053355,1288.1372633390706,0.8960863697705803,0.9271712807253016,54.48515490533563,41.13726333907057,1969,1247,2068,1350,0.6,0.84,47.13442582931636,26.929380857157863,10.088761663887944,10.088761663887944,26.929380857157863,4648.0,16.001159488099162,0.208,needle_flaky,针片状候选,normal,正常骨料
854,1066.0,1122.0,127.48369347121982,0.8239172610512323,31.534983881623248,44.98790378012686,1991.8039399624763,2576.560037523452,0.9500891265597148,0.7131948453675683,20.803939962476548,17.56003752345216,1971,2559,2012,2599,0.82,0.86,42.793018273785904,9.357483986266386,6.559276647377636,6.559276647377636,9.357483986266386,1066.0,7.66296772909869,0.208,regular,普通,normal,正常骨料
855,203.0,238.0,61.73070893960904,-1.1019056641406917,12.992436024548873,22.125738980486663,1981.512315270936,2504.1970443349755,0.8529411764705882,0.8094352556045407,7.512315270935961,8.19704433497537,1974,2496,1991,2516,0.67,0.74,153.1345439768216,4.602153707941226,2.7024266931061653,2.7024266931061653,4.602153707941226,203.0,3.344001112391364,0.208,angular,棱角状,undersized,过小噪声(<5mm)
856,533.0,615.0,105.70623440940176,-0.4115930011025027,15.880518049363944,45.64648205817466,1994.514071294559,847.4502814258911,0.8666666666666667,0.9375307780883182,18.5140712945591,14.450281425891182,1976,833,2013,862,0.6,0.88,113.58254184029684,9.494468268100327,3.3031477542677004,3.3031477542677004,9.494468268100327,533.0,5.418536445259362,0.208,needle_flaky,针片状候选,undersized,过小噪声(<5mm)
857,1116.0,1238.0,132.71197457277563,0.241852600392423,35.611958201895035,41.209815857385614,1996.8933691756272,871.3512544802867,0.901453957996769,0.5032136551957485,20.89336917562724,19.351254480286737,1976,852,2020,890,0.8,0.8,76.14286673325012,8.571641698336208,7.407287305994167,7.407287305994167,8.571641698336208,1116.0,7.840621544264144,0.208,regular,普通,normal,正常骨料
859,1403.0,1453.0,142.4226068585885,-0.3142439675451868,35.963309413163806,51.54595089242357,2003.5424091233072,2540.836778332145,0.9655884377150724,0.7163957324423871,25.5424091233072,20.836778332145403,1978,2520,2027,2558,0.87,0.91,108.00485307778524,10.721557785624102,7.480368357938071,7.480368357938071,10.721557785624102,1403.0,8.791181162721035,0.208,regular,普通,normal,正常骨料
862,20668.0,21196.0,528.34060249698,0.1583335683830297,149.39332964178183,178.2666970211013,2074.242935939617,1121.2630152893362,0.9750896395546328,0.5456199377528148,92.2429359396168,78.26301528933617,1982,1043,2161,1197,0.93,0.94,80.92815477640639,37.07947298038907,31.07381256549062,31.07381256549062,37.07947298038907,20668.0,33.741751351872765,0.208,round,圆形,normal,正常骨料
865,1016.0,1170.0,165.63610922608825,1.4273586488336167,22.267444741473224,67.36617807748578,2014.5708661417325,1686.1377952755906,0.8683760683760684,0.9437907970619168,14.570866141732283,31.137795275590552,2000,1655,2029,1728,0.47,0.71,8.218373570338002,14.012165040117042,4.631628506226431,4.631628506226431,14.012165040117042,1016.0,7.481096352409641,0.208,needle_flaky,针片状候选,undersized,过小噪声(<5mm)
866,7532.0,8092.0,345.08406282218846,0.3722062282222527,85.59861493440867,116.33202195736658,2065.106213489113,2158.024694636219,0.9307958477508652,0.6771847739929353,65.10621348911312,52.0246946362188,2000,2106,2123,2206,0.79,0.82,68.67415401438181,24.197060567132247,17.804511906357003,17.804511906357003,24.197060567132247,7532.0,20.369180185193883,0.208,regular,普通,normal,正常骨料
867,8258.0,8898.0,352.9543927389801,-0.4117931315799303,94.89887019690195,114.38425464662636,2067.617825139259,1481.2559941874547,0.9280737244324568,0.5582842147101252,65.6178251392589,50.25599418745459,2002,1431,2121,1530,0.83,0.84,113.59400847200538,23.79192496649828,19.73896500095561,19.73896500095561,23.79192496649828,8258.0,21.328279998831118,0.208,regular,普通,normal,正常骨料
869,350.0,379.0,74.1228582867564,0.0650926250346186,17.39451560567859,26.67905641760218,2019.86,857.5514285714286,0.9234828496042216,0.7582263524536719,13.86,7.551428571428572,2006,850,2034,868,0.8,0.86,86.27046730808875,5.549243734861253,3.618059245981146,3.618059245981146,5.549243734861253,350.0,4.390888575470542,0.208,regular,普通,undersized,过小噪声(<5mm)
871,516.0,575.0,101.45392102127238,-1.4175670815502164,20.64020202787027,37.25589981553737,2022.2790697674416,1735.8313953488373,0.8973913043478261,0.8325089228167607,12.27906976744186,22.83139534883721,2010,1713,2034,1751,0.63,0.72,171.2206109495048,7.749227161631772,4.293162021797016,4.293162021797016,7.749227161631772,516.0,5.331424275212562,0.208,angular,棱角状,undersized,过小噪声(<5mm)
874,399.0,412.0,75.88422416358027,-1.3769930175063327,19.570538266864723,27.10316929421632,2021.741854636592,839.2531328320802,0.9684466019417476,0.6918141171139061,9.741854636591478,13.2531328320802,2012,826,2031,851,0.87,0.91,168.89588832209677,5.637459213196994,4.070671959507862,4.070671959507862,5.637459213196994,399.0,4.688186091624927,0.208,regular,普通,undersized,过小噪声(<5mm)
875,1498.0,1549.0,150.65772759262092,0.0923650371862068,34.27652860390591,57.06606786238811,2041.3865153538047,880.6869158878504,0.9670755326016786,0.7995147867071252,27.38651535380508,15.686915887850468,2014,865,2068,900,0.83,0.91,84.70787319466145,11.869742115376726,7.129517949612429,7.129517949612429,11.869742115376726,1498.0,9.08394091921597,0.208,regular,普通,normal,正常骨料
877,3276.0,3737.0,241.5598016357672,-1.1914874071284385,49.38345709753212,91.64313616268994,2049.8217338217337,1870.7384004884004,0.8766390152528767,0.8423908904151561,33.82173382173382,49.73840048840049,2016,1821,2079,1910,0.71,0.81,158.26719977144518,19.061772321839506,10.27175907628668,10.27175907628668,19.061772321839506,3276.0,13.433535917001551,0.208,angular,棱角状,normal,正常骨料
879,16028.0,17020.0,508.36397755808446,0.0117267831571353,113.20993210219126,186.6924910145604,2116.169016720739,2497.0359371100576,0.9417156286721504,0.7951613688005643,98.16901672073872,66.0359371100574,2018,2431,2209,2553,0.78,0.85,89.32810481783105,38.83203813102856,23.54766587725578,23.54766587725578,38.83203813102856,16028.0,29.713790784976073,0.208,regular,普通,normal,正常骨料
880,390.0,439.0,82.16740947075985,1.0019758308779934,19.67790720386264,28.060111246364546,2034.8692307692309,2441.6358974358973,0.8883826879271071,0.7128890101190254,14.86923076923077,10.635897435897435,2020,2431,2046,2458,0.73,0.76,32.59101371657703,5.836503139243825,4.093004698403429,4.093004698403429,5.836503139243825,390.0,4.63501023825564,0.208,angular,棱角状,undersized,过小噪声(<5mm)
881,780.0,840.0,115.87694228746992,0.3816357950749011,25.1462407270106,43.411902857535736,2042.051282051282,1531.255128205128,0.9285714285714286,0.8151516502761748,20.05128205128205,15.255128205128203,2022,1516,2064,1548,0.73,0.81,68.1338796310886,9.029675794367432,5.230418071218205,5.230418071218205,9.029675794367432,780.0,6.554894340679278,0.208,regular,普通,normal,正常骨料
882,6084.0,7783.0,388.4647596786127,1.5232806055355574,61.62972139384544,159.02397613493594,2056.8831360946747,1726.8583168967784,0.781703713221123,0.9218487390555082,33.883136094674555,61.85831689677843,2023,1665,2098,1810,0.51,0.69,2.7224502886801787,33.07698703606668,12.818982049919851,12.818982049919851,33.07698703606668,6084.0,18.306823606957593,0.208,needle_flaky,针片状候选,normal,正常骨料
884,315.0,389.0,82.72276983802965,-0.2362053086072203,14.42352716001414,30.981015974058508,2047.006349206349,1245.7142857142858,0.8097686375321337,0.8850162287854121,18.006349206349206,8.714285714285714,2029,1237,2063,1255,0.58,0.71,103.53356728177886,6.444051322604169,3.0000936492829413,3.0000936492829413,6.444051322604169,315.0,4.165562655149716,0.208,needle_flaky,针片状候选,undersized,过小噪声(<5mm)
885,2536.0,2750.0,207.0648706556597,-0.419753441048326,41.36540167858423,79.42702316576835,2064.654968454259,1644.951498422713,0.9221818181818182,0.8536801963768649,35.65496845425867,24.95149842271293,2029,1620,2105,1672,0.74,0.87,114.0501006081625,16.520820818479816,8.604003549145519,8.604003549145519,16.520820818479816,2536.0,11.819334365455543,0.208,regular,普通,normal,正常骨料
886,1469.0,1522.0,142.327322083574,1.1611151645090692,39.33873787417514,48.2228503289647,2048.95234853642,842.3893805309734,0.9651773981603152,0.5783769302327402,18.952348536419333,23.38938053097345,2030,819,2072,867,0.91,0.93,23.47300154499206,10.030352868424655,8.182457477828429,8.182457477828429,10.030352868424655,1469.0,8.995582526416342,0.208,round,圆形,normal,正常骨料
887,4040.0,4334.0,254.5073113501843,-1.2870228841346585,64.05651229211935,85.56148900697285,2069.391584158416,786.4014851485149,0.9321642824180896,0.6629535169152482,37.39158415841584,45.40148514851485,2032,741,2104,826,0.78,0.81,163.74097939767069,17.79678971345035,13.323754556760823,13.323754556760823,17.79678971345035,4040.0,14.917947582701354,0.208,regular,普通,normal,正常骨料
888,201.0,210.0,52.80547481719365,1.0103938323926385,13.72028986048921,18.883613349779846,2039.6716417910447,1259.5174129353234,0.9571428571428572,0.6870911673132413,6.6716417910447765,8.517412935323383,2033,1251,2048,1270,0.91,0.94,32.10869775785313,3.927791576754208,2.8538202909817554,2.8538202909817554,3.927791576754208,201.0,3.327487425723475,0.208,regular,普通,undersized,过小噪声(<5mm)
890,944.0,989.0,119.53442706223083,1.3330045912328818,27.44529631136244,44.810285089103694,2051.727754237288,1217.354872881356,0.9544994944388272,0.7904879362409422,14.727754237288137,19.35487288135593,2037,1198,2067,1241,0.83,0.91,13.624462850794371,9.320539298533568,5.708621632763387,5.708621632763387,9.320539298533568,944.0,7.211147707977589,0.208,regular,普通,normal,正常骨料
891,1423.0,1624.0,159.622429961135,-0.3846562330331264,29.71449762199122,64.67256907730459,2072.269852424455,2442.115952213633,0.8762315270935961,0.8881981500638755,31.269852424455376,23.115952213633168,2041,2419,2100,2460,0.7,0.87,112.03917871619882,13.451894368079351,6.180615505374174,6.180615505374174,13.451894368079351,1423.0,8.853619313537804,0.208,needle_flaky,针片状候选,normal,正常骨料
893,220.0,239.0,56.59771261306773,-1.0937811384827396,14.633505057757285,19.410503269173844,2052.704545454545,1265.7681818181818,0.9205020920502092,0.6569935222799153,8.704545454545455,8.768181818181818,2044,1257,2062,1275,0.86,0.89,152.6690429460752,4.037384679988159,3.043769052013515,3.043769052013515,4.037384679988159,220.0,3.4812060907037456,0.208,regular,普通,undersized,过小噪声(<5mm)
895,399.0,443.0,83.5081680014271,1.5567020628370725,20.1299136882135,28.39875552670838,2057.3358395989976,1553.31328320802,0.9006772009029346,0.7053785101617717,12.335839598997492,12.31328320802005,2045,1541,2069,1571,0.72,0.75,0.8075418401266745,5.906941149555343,4.187022047148408,4.187022047148408,5.906941149555343,399.0,4.688186091624927,0.208,regular,普通,undersized,过小噪声(<5mm)
896,386.0,413.0,87.165652776188,1.4130717264005563,14.125167769325683,36.1484666578924,2055.1943005181347,2223.20725388601,0.9346246973365616,0.9204950293126613,7.194300518134715,21.207253886010363,2048,2202,2064,2239,0.64,0.87,9.036953927983134,7.518881064841619,2.938034896019742,2.938034896019742,7.518881064841619,386.0,4.611179693536235,0.208,needle_flaky,针片状候选,undersized,过小噪声(<5mm)
897,8146.0,9520.0,379.4837090272815,-0.1566274081977703,100.77182140663064,114.83368440565349,2116.495703412718,1014.8957770685,0.855672268907563,0.4794927615828632,64.4957034127179,61.89577706849988,2052,953,2170,1076,0.71,0.72,98.974089445805,23.885406356375924,20.96053885257917,20.96053885257917,23.885406356375924,8146.0,21.183152714226374,0.208,angular,棱角状,normal,正常骨料
898,1720.0,1858.0,169.98370738923217,-0.2578882189996538,42.93743219805756,55.79796649974876,2076.23488372093,718.453488372093,0.9257265877287406,0.6386274419795916,23.23488372093023,19.453488372093023,2053,699,2110,744,0.75,0.77,104.77590653482564,11.605977031947742,8.930985897195972,8.930985897195972,11.605977031947742,1720.0,9.733804463881837,0.208,regular,普通,normal,正常骨料
899,9254.0,9612.0,383.5781494310162,1.5146866000414927,77.84028437096042,156.08732383019114,2095.4244650961746,1368.4843311000648,0.9627548897211818,0.8667763697200543,41.42446509617463,75.48433110006484,2054,1293,2131,1444,0.79,0.94,3.214850532602327,32.46616335667976,16.190779149159766,16.190779149159766,32.46616335667976,9254.0,22.57787903301167,0.208,needle_flaky,针片状候选,normal,正常骨料
900,231.0,242.0,57.61314857259282,-1.0058056417716923,15.592394442984649,19.89287391287263,2065.3376623376626,1269.965367965368,0.9545454545454546,0.6209905000556967,8.337662337662337,10.965367965367966,2057,1259,2075,1279,0.87,0.89,147.62841828396515,4.137717773877507,3.2432180441408067,3.2432180441408067,4.137717773877507,231.0,3.567174741759997,0.208,regular,普通,undersized,过小噪声(<5mm)
902,3666.0,4078.0,265.1380948205078,-1.2758504833265685,47.3645342347288,103.84000404577137,2087.0796508456083,1569.057555919258,0.898970083374203,0.8899131884253647,28.07965084560829,47.05755591925805,2059,1522,2117,1624,0.66,0.82,163.1008479843386,21.598720841520443,9.85182312082359,9.85182312082359,21.598720841520443,3666.0,14.210672297330106,0.208,needle_flaky,针片状候选,normal,正常骨料
904,199.0,215.0,54.37627114398854,1.3718083037691018,14.44570544088887,18.114065031004408,2068.180904522613,1198.7537688442212,0.9255813953488372,0.6033380219718694,8.180904522613066,8.753768844221106,2060,1190,2077,1209,0.85,0.86,11.40117389303009,3.767725526448917,3.004706731704885,3.004706731704885,3.767725526448917,199.0,3.3108913749957116,0.208,regular,普通,undersized,过小噪声(<5mm)
905,6438.0,6766.0,333.35890690014253,1.4602141113278164,76.15215294741472,116.19127432406252,2103.188878533706,1242.3059956508232,0.9515223174697014,0.7552790348207784,41.18887853370612,53.30599565082324,2062,1189,2137,1313,0.73,0.78,6.335894235469979,24.167785059405,15.83964781306226,15.83964781306226,24.167785059405,6438.0,18.831888774127552,0.208,regular,普通,normal,正常骨料
906,312.0,369.0,89.65660028749352,-0.5336418027772155,15.78360954066237,27.092154513915045,2073.275641025641,1282.775641025641,0.8455284552845529,0.8127664292691538,11.275641025641026,9.775641025641026,2062,1273,2087,1294,0.49,0.54,120.5754230708871,5.635168138894329,3.282990784457773,3.282990784457773,5.635168138894329,312.0,4.1456791876588435,0.208,angular,棱角状,undersized,过小噪声(<5mm)
907,211.0,226.0,54.70159371513069,1.2575394579471126,13.298568311561304,20.38092338123544,2068.4075829383887,1816.2654028436016,0.9336283185840708,0.7577880561069562,6.407582938388626,10.265402843601896,2062,1806,2077,1826,0.89,0.95,17.948296488461168,4.239232063296972,2.7661022088047518,2.7661022088047518,4.239232063296972,211.0,3.4092560662088816,0.208,regular,普通,undersized,过小噪声(<5mm)
909,916.0,1003.0,123.78674045036024,-0.5395299839870143,28.54746640145336,42.74286556369983,2084.10807860262,829.4344978165939,0.913260219341974,0.7442613875482443,20.10807860262009,16.434497816593886,2064,813,2103,850,0.75,0.8,120.9127910032168,8.890516037249565,5.937873011502298,5.937873011502298,8.890516037249565,916.0,7.103397712904341,0.208,regular,普通,normal,正常骨料
911,8424.0,8621.0,337.4043024554258,0.0378282822004289,94.52782273947524,114.34621739716728,2124.2705365622032,1727.4808879392212,0.9771488226423848,0.5626711749194901,59.270536562203226,50.48088793922128,2065,1677,2184,1779,0.93,0.94,87.83259908368557,23.78401321861079,19.66178712981085,19.66178712981085,23.78401321861079,8424.0,21.54158095471796,0.208,round,圆形,normal,正常骨料
912,12940.0,13945.0,477.24067702769423,-0.4330678219033645,102.6044403764248,165.95697073783637,2156.1603554868625,2210.9901081916537,0.9279311581211904,0.7859741976172546,91.16035548686244,60.99010819165379,2065,2150,2246,2271,0.71,0.78,114.81295843798596,34.51904991346996,21.34172359829636,21.34172359829636,34.51904991346996,12940.0,26.698418258104386,0.208,regular,普通,normal,正常骨料
913,8015.0,8330.0,345.36991714723194,0.3927905760255756,77.27102479491869,133.41764570129715,2128.5735495945105,886.435807860262,0.96218487394958,0.8152093094868036,60.57354959451029,45.43580786026201,2068,841,2193,933,0.84,0.94,67.49475776122202,27.750870305869807,16.072373157343087,16.072373157343087,27.750870305869807,8015.0,21.01213380031471,0.208,regular,普通,normal,正常骨料
917,28894.0,31683.0,776.4463238016887,1.4405120072440163,117.95215525829887,327.660087489231,2132.871945732678,1936.3819131999724,0.9119717198497616,0.9329587521434418,61.871945732678064,164.3819131999723,2071,1772,2204,2086,0.6,0.86,7.464741646999187,68.15329819776004,24.534048293726165,24.534048293726165,68.15329819776004,28894.0,39.8953453182062,0.208,needle_flaky,针片状候选,normal,正常骨料
918,591.0,625.0,91.55271918543056,-0.6462818690854161,24.961002407469767,30.689378768318328,2089.02538071066,2573.610829103215,0.9456,0.5817839639129238,15.0253807106599,12.61082910321489,2074,2561,2104,2589,0.89,0.9,127.02922347442072,6.383390783810212,5.191888500753711,5.191888500753711,6.383390783810212,591.0,5.705742061912932,0.208,regular,普通,normal,正常骨料
919,606.0,642.0,93.77416065450974,-0.6428579575849351,23.6810359170628,33.36355142008559,2089.8300330033003,2669.828382838284,0.9439252336448598,0.7044157349841191,13.830033003300333,13.828382838283828,2076,2656,2106,2686,0.87,0.9,126.83304779601688,6.939618695377803,4.925655470749062,4.925655470749062,6.939618695377803,606.0,5.777696254739754,0.208,regular,普通,undersized,过小噪声(<5mm)
920,1957.0,2273.0,189.6186614741684,-0.6331494212583975,45.05402816801004,61.86665555027497,2107.814512008176,742.7981604496679,0.8609766827980643,0.6853178100389015,30.81451200817578,25.79816044966785,2077,717,2142,780,0.68,0.71,126.27678963925682,12.868264354457192,9.371237858946088,9.371237858946088,12.868264354457192,1957.0,10.382783711188297,0.208,angular,棱角状,normal,正常骨料
921,2633.0,2739.0,195.2675499218808,0.6843060388387563,52.96987946580748,64.9509803805028,2110.154196733764,2621.399544246108,0.9612997444322744,0.5787059811068885,33.15419673376377,27.3995442461071,2077,2594,2141,2655,0.87,0.88,50.79215207922387,13.50980391914458,11.017734928887956,11.017734928887956,13.50980391914458,2633.0,12.04325338526888,0.208,round,圆形,normal,正常骨料
922,3157.0,3281.0,208.7704200035677,0.7529500057474784,60.9957711975732,66.59777294613583,2118.8571428571427,2112.558758314856,0.9622066443157574,0.401445194940878,35.857142857142854,33.55875831485588,2083,2079,2150,2147,0.91,0.91,46.85914248631841,13.852336772796251,12.687120409095224,12.687120409095224,13.852336772796251,3157.0,13.187293899410276,0.208,round,圆形,normal,正常骨料
923,9385.0,10595.0,396.6277156009122,-0.0004278446347224,104.14856243745274,126.431365357884,2156.9327650506125,1650.110282365477,0.8857951864086834,0.566944871420569,72.93276505061267,58.11028236547683,2084,1592,2218,1714,0.75,0.76,90.02451369185691,26.29772399443987,21.66290098699017,21.66290098699017,26.29772399443987,9385.0,22.73712412996015,0.208,angular,棱角状,normal,正常骨料
924,394.0,427.0,76.01897718469343,1.2730180600613954,21.092022609422127,24.792345627602284,2098.175126903553,2415.3375634517765,0.9227166276346604,0.5255748549742333,11.1751269035533,11.33756345177665,2087,2404,2109,2430,0.86,0.87,17.061437914550496,5.156807890541275,4.387140702759802,4.387140702759802,5.156807890541275,394.0,4.658718885207423,0.208,regular,普通,undersized,过小噪声(<5mm)
926,2302.0,2671.0,216.9497242086844,-0.617851770405642,36.42858777908415,89.07290017391884,2128.451781059948,1596.3588184187663,0.8618494945713217,0.9125455954570224,37.45178105994787,30.35881841876629,2091,1566,2172,1629,0.61,0.81,125.40029880892922,18.52716323617512,7.577146258049503,7.577146258049503,18.52716323617512,2302.0,11.260846899642923,0.208,needle_flaky,针片状候选,normal,正常骨料
928,494.0,538.0,89.52184726638035,-0.0956267893568788,19.97845571394707,32.80383890708959,2114.736842105264,835.8805668016195,0.9182156133828996,0.7931487381071646,17.736842105263158,10.880566801619434,2097,825,2130,848,0.77,0.85,95.47901143853572,6.823198492674635,4.155518788500991,4.155518788500991,6.823198492674635,494.0,5.216531914762001,0.208,regular,普通,undersized,过小噪声(<5mm)
930,6794.0,7100.0,330.01039641370664,-0.6804106484937259,67.09069206754072,130.22942382742778,2153.6368854871944,770.1181925228143,0.9569014084507044,0.8570861730454103,53.63688548719458,47.11819252281425,2100,723,2212,823,0.78,0.92,128.9846584944499,27.08772015610498,13.954863950048468,13.954863950048468,27.08772015610498,6794.0,19.34555375008143,0.208,regular,普通,normal,正常骨料
931,547.0,688.0,121.14469163512442,-0.8018399574898685,14.624659444272371,56.39288101219441,2119.6654478976234,1573.9378427787933,0.7950581395348837,0.965787373417479,19.6654478976234,15.93784277879342,2100,1558,2141,1597,0.47,0.85,135.9420454091188,11.729719250536435,3.041929164408653,3.041929164408653,11.729719250536435,547.0,5.489237953294781,0.208,needle_flaky,针片状候选,undersized,过小噪声(<5mm)
932,799.0,882.0,119.24857273718736,0.7164012183128746,26.42062987687535,43.30424881275254,2121.1088861076346,2683.6896120150186,0.9058956916099772,0.7923118384044234,21.108886107634543,19.68961201501877,2100,2664,2141,2702,0.71,0.77,48.95323375264199,9.007283753052528,5.495491014390073,5.495491014390073,9.007283753052528,799.0,6.634249248790268,0.208,regular,普通,normal,正常骨料
933,3337.0,3510.0,229.492974859762,-1.1231432248971829,49.981306981988006,87.71474923218545,2126.789331735092,527.4441114773749,0.9507122507122509,0.8217719962403688,25.7893317350914,40.44411147737489,2101,487,2161,570,0.8,0.89,154.3513665753212,18.24466784029457,10.396111852253505,10.396111852253505,18.24466784029457,3337.0,13.558027098690998,0.208,regular,普通,normal,正常骨料
934,175.0,197.0,55.25695408240048,0.650338844108723,12.882904325396522,19.26840240509629,2109.0457142857144,821.2457142857143,0.8883248730964467,0.7436198873995845,7.045714285714285,9.245714285714286,2102,812,2120,829,0.72,0.76,52.73832897915379,4.007827700260028,2.6796440996824766,2.6796440996824766,4.007827700260028,175.0,3.10482708714976,0.208,angular,棱角状,undersized,过小噪声(<5mm)
936,353.0,378.0,75.78893938856577,-1.3333403277057545,20.46836039573001,24.022042318828195,2117.0481586402266,2405.147308781869,0.9338624338624338,0.5234347089015723,12.048158640226628,14.147308781869688,2105,2391,2126,2417,0.77,0.78,166.39477343212982,4.9965848023162645,4.257418962311842,4.257418962311842,4.9965848023162645,353.0,4.40966651677743,0.208,regular,普通,undersized,过小噪声(<5mm)
939,609.0,628.0,90.53728322590544,1.2327977462277264,23.78124196820669,32.79165221280928,2119.169129720854,2573.623973727422,0.9697452229299364,0.688514644163344,11.169129720853858,16.623973727422005,2108,2557,2133,2590,0.93,0.97,19.365892147911367,6.82066366026433,4.946498329386992,4.946498329386992,6.82066366026433,609.0,5.791979827228687,0.208,regular,普通,undersized,过小噪声(<5mm)
940,615.0,643.0,100.57323808286044,1.270840603873758,23.48148564366577,36.22716337006883,2119.9739837398374,462.8991869918699,0.9564541213063764,0.7614927263816568,9.9739837398374,21.89918699186992,2110,441,2135,479,0.76,0.82,17.18619696417676,7.535249980974316,4.88414901388248,4.88414901388248,7.535249980974316,615.0,5.820441815962477,0.208,regular,普通,undersized,过小噪声(<5mm)
941,2150.0,2250.0,178.39304939047645,0.4981760872271257,46.66232120804465,59.90453526484139,2140.2902325581395,2287.614418604652,0.9555555555555556,0.6270926003710334,30.290232558139536,24.614418604651163,2110,2263,2171,2315,0.85,0.87,61.45661274754454,12.46014333508701,9.705762811273289,9.705762811273289,12.46014333508701,2150.0,10.88272423046534,0.208,regular,普通,normal,正常骨料
942,18450.0,19262.0,537.7259122116507,0.5523494578852973,121.08590431317418,199.31200781569345,2196.154796747968,442.08856368563687,0.9578444605959922,0.7943048670580474,82.15479674796748,84.08856368563686,2114,358,2297,512,0.8,0.88,58.352707246833454,41.45689762566423,25.18586809714023,25.18586809714023,41.45689762566423,18450.0,31.87987277248981,0.208,regular,普通,normal,正常骨料
943,1259.0,1456.0,156.61559032865836,-0.0139600954602775,33.164615715789594,52.67630969926478,2137.666401906275,942.1532962668784,0.8646978021978022,0.776925437672699,23.66640190627482,17.153296266878474,2114,925,2169,962,0.64,0.7,90.79985455147364,10.956672417447074,6.898240068884236,6.898240068884236,10.956672417447074,1259.0,8.327818651978944,0.208,angular,棱角状,normal,正常骨料
944,940.0,1013.0,125.22278375604198,-0.9042600468554928,29.84986745000204,42.85018707398728,2130.758510638298,1539.840425531915,0.9279368213228036,0.7174500347522904,16.75851063829787,17.840425531914892,2114,1522,2152,1559,0.75,0.79,141.8102842671218,8.912838911389354,6.208772429600424,6.208772429600424,8.912838911389354,940.0,7.1958536341157435,0.208,regular,普通,normal,正常骨料
945,448.0,471.0,80.59661314396496,-1.1225689322341932,23.115568877704938,25.48362326165005,2128.1116071428573,2154.410714285714,0.951167728237792,0.4209680978370893,11.111607142857142,11.410714285714286,2117,2143,2142,2169,0.87,0.87,154.3184620295266,5.3005936384232095,4.8080383265626265,4.8080383265626265,5.3005936384232095,448.0,4.967723339439616,0.208,round,圆形,undersized,过小噪声(<5mm)
946,435.0,455.0,78.04984910374361,-1.038628098061044,19.871395748528307,28.24530223896426,2131.0137931034483,2654.9471264367817,0.956043956043956,0.7106663224583117,12.013793103448275,13.947126436781607,2119,2641,2143,2669,0.9,0.94,149.50900650259763,5.875022865704566,4.133250315693887,4.133250315693887,5.875022865704566,435.0,4.895116394284063,0.208,regular,普通,undersized,过小噪声(<5mm)
948,818.0,857.0,108.61778926686392,0.2434085030575719,31.08706834419673,35.35763701042246,2140.333740831296,571.0684596577017,0.9544924154025672,0.4764198100789317,19.333740831295845,17.068459657701712,2121,554,2158,586,0.87,0.88,76.05372007720393,7.354388498167871,6.46611021559292,6.46611021559292,7.354388498167871,818.0,6.7126661150901334,0.208,round,圆形,normal,正常骨料
950,5775.0,6747.0,328.40013184081306,0.7838756347473104,68.53854555807935,119.08897926962024,2168.074285714286,2408.294891774892,0.855935971542908,0.81778500851664,44.07428571428572,51.294891774891774,2124,2357,2235,2451,0.67,0.75,45.08723446584065,24.770507688081008,14.256017476080505,14.256017476080505,24.770507688081008,5775.0,17.835873708799983,0.208,angular,棱角状,normal,正常骨料
951,156.0,175.0,52.48015224605149,1.1825739832699285,13.56364266330131,15.70162652967166,2133.224358974359,2318.435897435897,0.8914285714285715,0.5037717735125365,7.2243589743589745,7.435897435897436,2126,2311,2142,2328,0.71,0.72,22.24350179665868,3.265938318171705,2.821237673966672,2.821237673966672,3.265938318171705,156.0,2.9314378662175056,0.208,angular,棱角状,undersized,过小噪声(<5mm)
952,457.0,483.0,81.3820113073624,-0.2904350536565973,21.08275466399847,28.81584894578256,2140.043763676149,2557.100656455142,0.9461697722567288,0.6816939345061092,13.043763676148796,9.100656455142232,2127,2548,2157,2570,0.87,0.9,106.64070279717863,5.993696580722772,4.385212970111682,4.385212970111682,5.993696580722772,457.0,5.017374223454325,0.208,regular,普通,undersized,过小噪声(<5mm)
953,40304.0,41803.0,827.6251857631717,-1.458345869064711,158.93801803295605,337.5278431929596,2198.851627630012,1294.6765333465662,0.9641413295696482,0.8821926738868929,69.8516276300119,168.6765333465661,2129,1126,2297,1465,0.74,0.91,173.5570633677461,70.2057913841356,33.05910775085486,33.05910775085486,70.2057913841356,40304.0,47.11860990074477,0.208,needle_flaky,针片状候选,normal,正常骨料
954,850.0,946.0,116.98766302200951,1.403362928805765,29.86366568918636,38.2917498000076,2146.5082352941176,2601.864705882353,0.8985200845665962,0.6259064152084214,13.508235294117648,16.86470588235294,2133,2585,2164,2622,0.78,0.8,9.59322705431144,7.96468395840158,6.2116424633507625,6.2116424633507625,7.96468395840158,850.0,6.842705628178723,0.208,angular,棱角状,normal,正常骨料
955,4624.0,5380.0,302.4656441658801,-0.5289553808964561,63.57629554726563,106.0764442292743,2180.8230968858134,826.4539359861592,0.8594795539033457,0.8004914730246162,45.82309688581315,38.453935986159166,2135,788,2234,871,0.64,0.7,120.30691087610182,22.063900399689054,13.22386947383125,13.22386947383125,22.063900399689054,4624.0,15.959794939398929,0.208,angular,棱角状,normal,正常骨料
956,1858.0,2205.0,192.0701407393752,-1.0322519801879215,42.05214527667808,63.51485152829908,2169.362755651238,1776.3638320775026,0.8426303854875283,0.749429936008659,34.36275565123789,36.36383207750269,2135,1740,2193,1812,0.63,0.67,149.1436818587898,13.211089117886209,8.746846217549042,8.746846217549042,13.211089117886209,1858.0,10.116755382168643,0.208,angular,棱角状,normal,正常骨料
957,2376.0,2512.0,193.46671579895823,-1.0462801674916744,43.62987766460065,71.05659847625769,2161.696127946128,2667.043771043771,0.945859872611465,0.7892936948686797,25.696127946127945,30.043771043771045,2136,2637,2190,2703,0.8,0.87,149.9474377855138,14.7797724830616,9.075014554236937,9.075014554236937,14.7797724830616,2376.0,11.440410619216902,0.208,regular,普通,normal,正常骨料
958,743.0,784.0,103.9448685325779,-0.4071833249978001,27.12218244883488,35.53655997780972,2156.85598923284,1075.156123822342,0.9477040816326532,0.6461397349269846,19.85598923283984,15.156123822341858,2137,1060,2174,1091,0.86,0.89,113.3298860104777,7.391604475384423,5.641413949357655,5.641413949357655,7.391604475384423,743.0,6.397536924310996,0.208,regular,普通,normal,正常骨料
960,684.0,788.0,113.4254630222631,-1.4302278514747249,21.861176181658102,43.732385636959386,2150.5804093567253,2331.470760233918,0.868020304568528,0.8660916227572798,13.580409356725148,20.470760233918128,2137,2311,2163,2357,0.67,0.79,171.9460196315653,9.096336212487552,4.547124645784885,4.547124645784885,9.096336212487552,684.0,6.138276467688686,0.208,needle_flaky,针片状候选,undersized,过小噪声(<5mm)
962,5524.0,5969.0,310.0501197576283,0.3169648558715229,65.62541720898281,113.77053863714492,2192.7836712527155,2131.027697320782,0.925448148768638,0.8168694480374582,53.78367125271542,37.02769732078204,2139,2094,2253,2165,0.72,0.81,71.8392515045893,23.664272036526143,13.650086779468424,13.650086779468424,23.664272036526143,5524.0,17.443965908151263,0.208,regular,普通,normal,正常骨料
963,983.0,1049.0,120.68461604286912,1.1115413328714825,32.37683652373207,40.53442990699392,2163.034587995931,969.0335707019328,0.9370829361296472,0.6016643490271004,21.034587995930824,17.03357070193286,2142,952,2180,992,0.85,0.86,26.31337287211789,8.431161420654735,6.7343819969362695,6.7343819969362695,8.431161420654735,983.0,7.358599272765429,0.208,regular,普通,normal,正常骨料
964,745.0,824.0,109.95854779753115,-1.0256188731074696,27.57906912239434,36.62337402362995,2156.3973154362416,1541.0953020134227,0.904126213592233,0.6579683790161048,14.39731543624161,18.09530201342282,2142,1523,2172,1561,0.77,0.8,148.7636328180215,7.617661796915029,5.736446377458023,5.736446377458023,7.617661796915029,745.0,6.406141550828349,0.208,regular,普通,normal,正常骨料
965,2680.0,2796.0,200.3216097562248,-1.2882122543022565,49.119322023505525,71.17796705985057,2173.033582089552,536.6291044776119,0.9585121602288984,0.7237219697900469,24.03358208955224,32.62910447761194,2149,504,2199,574,0.84,0.88,163.80912528855282,14.805017148448918,10.21681898088915,10.21681898088915,14.805017148448918,2680.0,12.150266152556954,0.208,regular,普通,normal,正常骨料
966,2402.0,2793.0,209.5163499208665,0.1270161859331287,56.67974123445226,61.6497732762713,2180.927976686095,1112.7622814321398,0.8600071607590405,0.3933640365668903,29.92797668609492,26.762281432139883,2151,1086,2215,1151,0.69,0.69,82.7225086161828,12.82315284146443,11.789386176766069,11.789386176766069,12.82315284146443,2402.0,11.502835148933494,0.208,angular,棱角状,normal,正常骨料
967,474.0,504.0,92.10807955270036,-1.0854714558664242,17.410965265609462,35.78663401512919,2164.5611814346,1046.8628691983122,0.9404761904761904,0.8736686290673298,12.561181434599156,18.86286919831224,2152,1028,2176,1063,0.7,0.85,152.19293320306713,7.4436198751468705,3.621480775246768,3.621480775246768,7.4436198751468705,474.0,5.109843099789079,0.208,needle_flaky,针片状候选,undersized,过小噪声(<5mm)
969,256.0,276.0,62.420822327992,0.766759605775807,16.954346988662508,20.229767115887185,2166.9765625,2310.4453125,0.927536231884058,0.5455333972642363,9.9765625,11.4453125,2157,2299,2178,2320,0.83,0.84,46.06791068793144,4.207791560104535,3.526504173641801,3.526504173641801,4.207791560104535,256.0,3.7552458680938656,0.208,regular,普通,undersized,过小噪声(<5mm)
970,580.0,648.0,102.14403440965536,-1.0440255212303005,20.252446597944967,39.86144105394671,2170.794827586207,2335.0482758620687,0.8950617283950617,0.8613151265935891,13.794827586206896,17.048275862068966,2157,2318,2186,2354,0.7,0.82,149.81825607044215,8.291179739220915,4.212508892372553,4.212508892372553,8.291179739220915,580.0,5.6523935359089075,0.208,angular,棱角状,undersized,过小噪声(<5mm)
971,197.0,211.0,57.38311077646517,-0.7304067888120284,12.031249407362338,21.861859196474835,2165.9543147208124,575.243654822335,0.933649289099526,0.834946863582929,7.9543147208121825,7.243654822335025,2158,568,2178,585,0.75,0.86,131.84922632663245,4.547266712866765,2.5024998767313664,2.5024998767313664,4.547266712866765,197.0,3.2942117153720023,0.208,regular,普通,undersized,过小噪声(<5mm)
974,423.0,484.0,86.41972285888923,0.2586807949915478,18.71207993540597,30.493492042043016,2174.082742316785,946.9125295508276,0.8739669421487604,0.7895845730660105,15.08274231678487,10.912529550827424,2159,936,2191,960,0.71,0.78,75.17868220589543,6.342646344744947,3.8921126265644417,3.8921126265644417,6.342646344744947,423.0,4.827125364606511,0.208,angular,棱角状,undersized,过小噪声(<5mm)
976,1676.0,1796.0,160.50311289954698,-0.0899088934847844,40.66376939839744,53.71524334913702,2188.160501193317,2572.098448687351,0.933184855233853,0.6533861854124967,27.160501193317423,19.098448687350835,2161,2553,2219,2594,0.82,0.84,95.15140013736942,11.1727706166205,8.458064034866668,8.458064034866668,11.1727706166205,1676.0,9.60849572887949,0.208,regular,普通,normal,正常骨料
978,2122.0,2245.0,181.6299268190807,-0.187268170980301,43.59788809848185,64.9824429043222,2191.947219604147,2614.554194156456,0.9452115812917594,0.7415315836284382,29.94721960414703,22.554194156456173,2162,2592,2228,2640,0.81,0.86,100.72967583430552,13.516348124099016,9.068360724484226,9.068360724484226,13.516348124099016,2122.0,10.81162774413648,0.208,regular,普通,normal,正常骨料
979,2171.0,2461.0,205.53354257496343,-1.031138921028923,50.095902355551054,65.38418575448443,2197.928604329802,573.3929064947029,0.8821617228768793,0.64262881615422,33.928604329801935,39.3929064947029,2164,534,2229,599,0.65,0.66,149.07990826663078,13.599910636932762,10.419947689954618,10.419947689954618,13.599910636932762,2171.0,10.935743268076905,0.208,angular,棱角状,normal,正常骨料
980,16349.0,17013.0,499.1692373934426,-1.3889990751928123,111.4629168906366,191.6810316887976,2223.55324484678,1855.741023915836,0.9609710221595252,0.8135449228347089,56.55324484677962,85.74102391583583,2167,1770,2285,1956,0.82,0.92,169.5837847561226,39.86965459126989,23.18428671325241,23.18428671325241,39.86965459126989,16349.0,30.009861506866166,0.208,regular,普通,normal,正常骨料
981,2556.0,2889.0,243.64649008373323,0.2575122596017495,31.802501019791126,107.23050773927352,2219.546948356808,1037.3243348982785,0.8847352024922118,0.9550077892210588,50.54694835680751,22.32433489827856,2169,1015,2268,1060,0.54,0.89,75.24563435194254,22.30394560976889,6.614920212116554,6.614920212116554,22.30394560976889,2556.0,11.86584904487272,0.208,needle_flaky,针片状候选,normal,正常骨料
982,8608.0,9981.0,395.2080205780477,0.3811974995451157,89.3098603166515,136.51773266997827,2234.208294609665,2284.414265799257,0.8624386334034666,0.7563218542127397,65.20829460966543,59.414265799256505,2169,2225,2314,2332,0.69,0.74,68.15899211512475,28.39568839535548,18.57645094586351,18.57645094586351,28.39568839535548,8608.0,21.775569572131452,0.208,angular,棱角状,normal,正常骨料
983,2378.0,2544.0,235.9109131880548,0.5473168263917971,30.55496297216046,101.49033323472052,2214.3069806560134,1089.96173254836,0.934748427672956,0.9536043183315492,44.30698065601346,30.961732548359965,2170,1059,2260,1123,0.54,0.87,58.64105579125564,21.109989312821867,6.355432298209376,6.355432298209376,21.109989312821867,2378.0,11.445224594022509,0.208,needle_flaky,针片状候选,normal,正常骨料
984,282.0,307.0,73.43274489837343,-0.2860737648383518,13.341954416210918,30.248538713719874,2185.40780141844,2546.446808510638,0.9185667752442996,0.89746894396116,15.407801418439716,10.4468085106383,2170,2536,2197,2553,0.66,0.83,106.39081935465556,6.291696052453734,2.7751265185718705,2.7751265185718705,6.291696052453734,282.0,3.941331355910719,0.208,needle_flaky,针片状候选,undersized,过小噪声(<5mm)
985,5900.0,6914.0,343.7433042915212,0.0875396929539301,77.30750074554649,109.5786623607249,2225.134406779661,913.9050847457628,0.8533410471507087,0.7087121502006626,54.13440677966102,45.90508474576272,2171,868,2288,953,0.63,0.66,84.9843450538687,22.79236177103078,16.07996015507367,16.07996015507367,22.79236177103078,5900.0,18.027869269943974,0.208,angular,棱角状,normal,正常骨料
986,492.0,542.0,87.85576616457098,0.0730787203786631,23.533189222876413,28.081160121115584,2185.3008130081303,1050.1849593495936,0.9077490774907748,0.5456058536489014,13.30081300813008,12.184959349593496,2172,1038,2202,1063,0.8,0.81,85.81289775008592,5.840881305192041,4.8949033583582935,4.8949033583582935,5.840881305192041,492.0,5.205961423829768,0.208,regular,普通,undersized,过小噪声(<5mm)
988,5353.0,5471.0,273.4685003295548,0.4433040317674543,73.72752104085987,94.4464548897675,2216.0517466841025,989.3261722398656,0.9784317309449826,0.6249962862598041,43.05174668410237,41.32617223986549,2173,948,2263,1027,0.9,0.92,64.6005499385915,19.64486261707164,15.335324376498852,15.335324376498852,19.64486261707164,5353.0,17.171847224637727,0.208,regular,普通,normal,正常骨料
989,13330.0,14161.0,457.1292990676857,0.601215281817579,104.32404373149896,166.29068092140088,2245.610952738185,2380.952663165792,0.941317703552009,0.778729746327198,70.61095273818455,67.95266316579145,2175,2313,2331,2446,0.8,0.87,55.55290177308434,34.588461631651384,21.69940109615178,21.69940109615178,34.588461631651384,13330.0,27.09776480437854,0.208,regular,普通,normal,正常骨料
990,436.0,460.0,86.41972285888923,0.6872782434644421,17.565846162936438,33.43989012909238,2193.488532110092,370.5963302752294,0.9478260869565216,0.8509194646163529,15.488532110091745,11.596330275229358,2178,359,2208,386,0.73,0.85,50.621857298322816,6.955497146851215,3.653696001890779,3.653696001890779,6.955497146851215,436.0,4.90073973490248,0.208,regular,普通,undersized,过小噪声(<5mm)
992,1642.0,1705.0,158.0516336343401,0.2384335737326486,35.66328433163176,59.47427374580821,2208.2551766138854,2465.1680876979294,0.963049853372434,0.8002682252824425,29.255176613885503,17.168087697929355,2179,2448,2238,2485,0.83,0.91,76.33876253089791,12.370648939128108,7.417963140979405,7.417963140979405,12.370648939128108,1642.0,9.510535492775317,0.208,regular,普通,normal,正常骨料
993,2032.0,2153.0,186.6676383706076,-1.242183951564782,34.00070506967705,76.66864970866139,2202.9581692913384,1717.6062992125983,0.9437993497445424,0.8962862541189572,20.95816929133858,37.60629921259842,2182,1680,2225,1756,0.73,0.93,161.17189780354508,15.947079139401568,7.072146654492827,7.072146654492827,15.947079139401568,2032.0,10.579867922997606,0.208,needle_flaky,针片状候选,normal,正常骨料
994,7979.0,8217.0,344.8145567799621,-0.7616400062240016,81.03953429264749,128.32945164754548,2231.1728286752727,1535.4811379872165,0.9710356577826458,0.775379141361757,47.17282867527259,50.48113798721644,2184,1485,2288,1594,0.84,0.91,133.63875786495305,26.69252594268946,16.856223132870678,16.856223132870678,26.69252594268946,7979.0,20.964891870897993,0.208,regular,普通,normal,正常骨料
995,1144.0,1305.0,161.51854885907204,0.2400574584349517,22.76511957446292,68.77857532205918,2225.221153846154,1066.9344405594406,0.8766283524904215,0.9436337572013028,39.22115384615385,12.93444055944056,2186,1054,2255,1084,0.55,0.83,76.24572079104009,14.305943666988307,4.735144871488287,4.735144871488287,14.305943666988307,1144.0,7.938371268651704,0.208,needle_flaky,针片状候选,undersized,过小噪声(<5mm)
996,1032.0,1086.0,128.1343386135041,-0.8834260248988269,35.05964589616881,40.25992861635493,2207.2693798449613,777.6143410852713,0.9502762430939228,0.491580227355377,20.26937984496124,21.61434108527132,2187,756,2228,794,0.79,0.8,140.61658273872197,8.374065152201824,7.292406346403112,7.292406346403112,8.374065152201824,1032.0,7.539772516770753,0.208,regular,普通,normal,正常骨料
997,2448.0,3185.0,257.323581432632,1.3341709795311192,30.114230904421987,118.79537649149908,2218.717320261438,1639.623774509804,0.7686028257456828,0.9673362623601104,26.71732026143791,47.62377450980392,2192,1592,2243,1698,0.46,0.86,13.55763372403193,24.709438310231807,6.263760028119773,6.263760028119773,24.709438310231807,2448.0,11.61245652323647,0.208,needle_flaky,针片状候选,normal,正常骨料
998,224.0,240.0,60.619988205069454,1.0373727482819557,15.435275036306145,20.372598803357512,2204.1428571428573,604.0401785714286,0.9333333333333332,0.6526624670180071,10.142857142857142,8.040178571428571,2194,596,2212,617,0.77,0.79,30.56291974155684,4.237500551098362,3.210537207551678,3.210537207551678,4.237500551098362,224.0,3.512710860376434,0.208,regular,普通,undersized,过小噪声(<5mm)
999,11369.0,12426.0,492.1632421322458,-0.7692682988615394,68.12089998212056,221.4595974050801,2277.8819597150145,807.855748086903,0.9149364236278772,0.95151586456046,82.88195971501452,82.85574808690298,2195,725,2361,882,0.59,0.94,134.07582683797466,46.06359626025666,14.169147196281076,14.169147196281076,46.06359626025666,11369.0,25.025313545637058,0.208,needle_flaky,针片状候选,normal,正常骨料
1000,21082.0,21972.0,554.7351657641681,-1.194936947483583,144.85602353915098,187.3967080591708,2273.927141637416,2004.1661132719853,0.9594939013289642,0.6344166312429328,78.9271416374158,104.16611327198558,2195,1900,2354,2093,0.86,0.88,158.464843875055,38.978515276307526,30.130052896143404,30.130052896143404,38.978515276307526,21082.0,34.078015708903365,0.208,regular,普通,normal,正常骨料
1001,658.0,697.0,97.6616832253983,0.1109355522244172,24.80323523258125,34.236864715654065,2211.595744680851,1762.4255319148936,0.9440459110473458,0.6893169578231969,15.595744680851064,12.425531914893616,2196,1750,2229,1776,0.87,0.9,83.64386105958776,7.121267860856045,5.1590729283769,5.1590729283769,7.121267860856045,658.0,6.020483092454602,0.208,regular,普通,normal,正常骨料
1002,755.0,855.0,119.34385751220188,1.1801554682492554,20.143971225788,50.24651250820556,2213.129801324503,374.38807947019865,0.8830409356725146,0.9161205632296368,16.129801324503312,20.38807947019868,2197,354,2228,399,0.67,0.89,22.38207250003224,10.451274601706755,4.189946014963903,4.189946014963903,10.451274601706755,755.0,6.448992473703444,0.208,needle_flaky,针片状候选,undersized,过小噪声(<5mm)
1003,1417.0,1452.0,137.74968612430249,0.6806979104625108,41.21441441620343,44.92539807239,2216.5370501058574,2540.021171489061,0.9758953168044076,0.3979738604591664,19.53705010585745,24.0211714890614,2197,2516,2240,2560,0.94,0.94,50.99888260712412,9.34448279905712,8.572598198570313,8.572598198570313,9.34448279905712,1417.0,8.834934200947345,0.208,round,圆形,normal,正常骨料
1004,1127.0,1212.0,136.04413677639442,-0.0289642168177195,28.27370888698454,53.261718332244776,2220.9787045252883,520.5696539485359,0.92986798679868,0.8474690230715128,21.97870452528837,12.569653948535937,2199,508,2248,537,0.77,0.88,91.65952738055717,11.078437413106911,5.880931448492784,5.880931448492784,11.078437413106911,1127.0,7.87916784899755,0.208,regular,普通,normal,正常骨料
1005,650.0,822.0,123.55670265423258,-1.1418039727392295,28.999245805778585,34.9932907614779,2216.82,2494.766153846154,0.7907542579075426,0.5596801126467994,17.82,12.766153846153848,2199,2482,2234,2516,0.54,0.54,155.42054866922837,7.278604478387403,6.031843127601945,6.031843127601945,7.278604478387403,650.0,5.983772487421656,0.208,angular,棱角状,normal,正常骨料
1007,1903.0,2079.0,174.83084939073,-0.9204786514149051,42.62925523831677,59.830785864355,2233.015239096164,331.348922753547,0.9153439153439152,0.7016751596708583,30.01523909616396,28.34892275354704,2203,303,2260,359,0.78,0.82,142.73954185796777,12.44480345978584,8.86688508956989,8.86688508956989,12.44480345978584,1903.0,10.238534273395397,0.208,regular,普通,normal,正常骨料
1009,14195.0,14765.0,471.09224474162784,-1.1414757379913467,103.15685285394684,177.69057983346147,2270.769284959493,696.841845720324,0.96139519133085,0.8142302698174735,61.76928495949278,78.84184572032406,2209,618,2333,790,0.8,0.9,155.40174220348513,36.95964060535999,21.456625393620943,21.456625393620943,36.95964060535999,14195.0,27.963150023598494,0.208,regular,普通,normal,正常骨料
1010,1798.0,2470.0,212.42790477832864,-0.3283589134983766,37.14077225754831,77.82983396340796,2238.4933259176864,606.9199110122358,0.7279352226720648,0.8787921002556662,28.49332591768632,18.91991101223582,2210,588,2283,637,0.5,0.61,108.81357990895826,16.188605464388857,7.725280629570049,7.725280629570049,16.188605464388857,1798.0,9.952065781677334,0.208,needle_flaky,针片状候选,normal,正常骨料
1011,1392.0,1559.0,154.02935804233834,1.3913026884923465,33.061291030522575,56.43942695114219,2228.478448275862,2586.913074712644,0.8928800513149455,0.8104674991254444,18.478448275862068,29.91307471264368,2210,2557,2247,2614,0.74,0.82,10.284227924183853,11.739400805837574,6.876748534348695,6.876748534348695,11.739400805837574,1392.0,8.756650412314261,0.208,angular,棱角状,normal,正常骨料
1014,2329.0,2486.0,192.9113554316885,1.068891905782624,41.697185875165765,73.83879383790344,2239.4182052383,564.2799484757406,0.9368463395012068,0.825292373185706,25.4182052382997,35.27994847574066,2214,529,2272,595,0.79,0.89,28.757005042960408,15.358469118283914,8.673014662034479,8.673014662034479,15.358469118283914,2329.0,11.326693235896787,0.208,regular,普通,normal,正常骨料
1015,1623.0,2140.0,203.31210110588427,0.9148767485479672,31.009818147633545,83.37481209579603,2245.910043130006,1141.5237215033887,0.758411214953271,0.9282597018348274,31.91004313000616,33.523721503388785,2214,1108,2274,1181,0.49,0.69,37.581423533550016,17.341960915925572,6.450042174707777,6.450042174707777,17.341960915925572,1623.0,9.455350976126377,0.208,needle_flaky,针片状候选,normal,正常骨料
1016,411.0,449.0,85.95964726663394,1.2876245997780695,20.06311578468702,29.171698601307988,2227.364963503649,646.9635036496351,0.9153674832962138,0.7259385177187736,10.364963503649635,13.963503649635037,2217,633,2240,665,0.7,0.74,16.224544835494854,6.067713309072061,4.1731280832149,4.1731280832149,6.067713309072061,411.0,4.758162886836312,0.208,regular,普通,undersized,过小噪声(<5mm)
1017,885.0,933.0,113.3301782472486,-1.3012081773253656,31.97760399662171,37.04291574526975,2233.0632768361584,2649.987570621469,0.9485530546623794,0.504762448780233,15.063276836158192,18.98757062146893,2218,2631,2253,2671,0.87,0.87,164.55373682865388,7.704926475016108,6.651341631297315,6.651341631297315,7.704926475016108,885.0,6.982163745009747,0.208,regular,普通,normal,正常骨料
1018,465.0,505.0,85.63432469549178,-0.0520167158450421,20.51876940386753,30.392702614935995,2236.122580645161,396.7118279569892,0.9207920792079208,0.7377064812544231,17.12258064516129,11.711827956989248,2219,385,2251,408,0.8,0.84,92.9803382820522,6.321682143906687,4.267904036004446,4.267904036004446,6.321682143906687,465.0,5.061099444141684,0.208,regular,普通,undersized,过小噪声(<5mm)
1019,519.0,583.0,100.57323808286046,-1.269161529245998,17.702405281169884,41.41123709321504,2228.2504816955684,1729.2466281310212,0.8902229845626072,0.9040256091754444,9.2504816955684,16.246628131021193,2219,1713,2241,1754,0.64,0.83,162.71759914616507,8.61353731538873,3.682100298483336,3.682100298483336,8.61353731538873,519.0,5.346900140204234,0.208,needle_flaky,针片状候选,undersized,过小噪声(<5mm)
1020,1089.0,1172.0,148.4757543696404,1.1229848583289472,24.65087215448477,60.51403908675113,2242.966023875115,2120.89898989899,0.9291808873720137,0.913268601043052,22.966023875114782,22.8989898989899,2220,2098,2258,2154,0.62,0.82,25.657707160654653,12.586920130044236,5.127381408132832,5.127381408132832,12.586920130044236,1089.0,7.745194602943598,0.208,needle_flaky,针片状候选,normal,正常骨料
1021,182.0,213.0,62.51610710300649,-1.4362301738772405,12.266059914295,19.9673565081581,2227.2747252747254,2213.368131868132,0.8544600938967136,0.789068164760436,6.274725274725275,11.368131868131869,2221,2202,2234,2223,0.59,0.64,172.28992737250624,4.153210153696885,2.55134046217336,2.55134046217336,4.153210153696885,182.0,3.1663147807416143,0.208,angular,棱角状,undersized,过小噪声(<5mm)
1022,654.0,705.0,101.49338926737104,0.8573790596713674,23.32934022232988,36.955902927987104,2240.989296636086,2455.619266055046,0.9276595744680852,0.7755590148398497,17.989296636085626,15.619266055045872,2223,2440,2256,2473,0.8,0.86,40.87579843793548,7.686827809021318,4.852502766244615,4.852502766244615,7.686827809021318,654.0,6.002155856346787,0.208,regular,普通,undersized,过小噪声(<5mm)
1024,19706.0,20065.0,509.0146227003687,-1.4422174616557433,149.33879108162512,168.89017308372595,2301.5624175378057,1626.040596772557,0.9821081485173188,0.4670401341813072,74.56241753780574,82.04059677255658,2227,1544,2376,1713,0.96,0.96,172.63297369294474,35.129156001415,31.062468544978024,31.062468544978024,35.129156001415,19706.0,32.94713333787016,0.208,round,圆形,normal,正常骨料
1025,1912.0,2311.0,199.8451858811524,0.6378183737156119,37.204825528674405,75.99022942451191,2254.2479079497907,1756.870292887029,0.8273474686282994,0.8719470863639901,27.2479079497908,34.87029288702929,2227,1722,2291,1787,0.6,0.72,53.45569909019756,15.805967720298476,7.738603709964276,7.738603709964276,15.805967720298476,1912.0,10.262716647577435,0.208,needle_flaky,针片状候选,normal,正常骨料
1026,454.0,491.0,95.90031734857445,-1.1562919573646062,16.450532234146717,37.413939352722416,2237.8920704845814,2188.79295154185,0.924643584521385,0.8981496360672623,9.892070484581495,18.792951541850226,2228,2170,2251,2209,0.62,0.79,156.25064904191288,7.782099385366262,3.421710704702517,3.421710704702517,7.782099385366262,454.0,5.000878701907658,0.208,needle_flaky,针片状候选,undersized,过小噪声(<5mm)
1027,871.0,927.0,115.55161971632778,-1.3792915079631851,28.03315661026723,42.02521742299289,2241.7588978185995,2497.5464982778417,0.9395900755124056,0.7450079374879104,13.75889781859931,21.54649827784156,2228,2476,2260,2519,0.82,0.87,169.02758212452548,8.74124522398252,5.830896574935584,5.830896574935584,8.74124522398252,871.0,6.926717437779646,0.208,regular,普通,normal,正常骨料
1029,1074.0,1167.0,131.08536171706493,0.7890740415613259,33.51802025863296,43.82365318259137,2253.0772811918064,957.4767225325884,0.9203084832904884,0.6442219810926282,24.07728119180633,18.47672253258845,2229,939,2272,983,0.79,0.81,44.78938769520551,9.115319861979003,6.971748213795655,6.971748213795655,9.115319861979003,1074.0,7.6916680832258555,0.208,regular,普通,normal,正常骨料
1030,7935.0,8248.0,347.72611163742425,-1.0401691001280775,79.66904540820718,128.6478809816944,2284.662381852552,1387.5027095148075,0.9620514064015518,0.7851703124323717,55.66238185255199,58.50270951480781,2229,1329,2330,1445,0.82,0.9,149.5972994172596,26.75875924419244,16.571161444907094,16.571161444907094,26.75875924419244,7935.0,20.907006767810024,0.208,regular,普通,normal,正常骨料
1032,609.0,644.0,96.22563991971656,1.4137210522333934,21.943916625824308,36.459665132111375,2240.440065681445,2682.139573070608,0.9456521739130436,0.7985953612233888,10.440065681444992,19.13957307060756,2230,2663,2254,2699,0.83,0.91,8.999750298232755,7.583610347479166,4.564334658171456,4.564334658171456,7.583610347479166,609.0,5.791979827228687,0.208,regular,普通,undersized,过小噪声(<5mm)
1036,2862.0,3033.0,205.07346698270817,-1.405879586305782,53.208356722375584,71.73523823130701,2261.00139762404,2541.3570929419984,0.9436201780415432,0.6706958449364334,28.00139762403913,39.3570929419986,2233,2502,2291,2574,0.86,0.88,170.5509667989195,14.920929552111858,11.06733819825412,11.06733819825412,14.920929552111858,2862.0,12.556054988280115,0.208,regular,普通,normal,正常骨料
1037,32719.0,33721.0,694.3251542574918,-0.8819580099732648,165.37505461861588,254.29215024965453,2342.318530517437,2171.472447201932,0.9702855787194924,0.7596476458831981,108.31853051743636,112.4724472019316,2234,2059,2450,2292,0.85,0.91,140.53247167922504,52.89276725192814,34.3980113606721,34.3980113606721,52.89276725192814,32719.0,42.45397943033735,0.208,regular,普通,normal,正常骨料
1039,1467.0,1602.0,156.19498298250173,-0.7334346552341655,32.09189986952623,61.278382139254894,2259.690524880709,364.3721881390593,0.9157303370786516,0.8518986339318042,23.69052488070893,21.372188139059304,2236,343,2286,395,0.76,0.88,132.0227102935503,12.745903484965018,6.675115172861456,6.675115172861456,12.745903484965018,1467.0,8.989456831101654,0.208,regular,普通,normal,正常骨料
1040,639.0,747.0,117.67777641039244,1.1765508695299156,17.610293684031657,49.82431308945809,2248.5774647887324,1697.641627543036,0.8554216867469879,0.9354542506190364,12.577464788732394,23.641627543035995,2236,1674,2266,1720,0.58,0.84,22.588600793488663,10.36345712260728,3.662941086278584,3.662941086278584,10.36345712260728,639.0,5.93292452243636,0.208,needle_flaky,针片状候选,undersized,过小噪声(<5mm)
1041,483.0,548.0,90.63256800091996,-1.3924547360918431,19.344782674749087,33.675838092958585,2253.658385093168,1472.6935817805384,0.8813868613138686,0.8185459780920122,11.658385093167702,16.693581780538302,2242,1456,2264,1489,0.74,0.83,169.78177954106548,7.004574323335386,4.02371479634781,4.02371479634781,7.004574323335386,483.0,5.158126154470523,0.208,angular,棱角状,undersized,过小噪声(<5mm)
1042,522.0,666.0,106.39634779778474,-0.3913727247831341,17.420366707035118,46.77041676692601,2262.229885057471,616.4386973180077,0.7837837837837838,0.9280460390847908,19.229885057471265,11.438697318007662,2243,605,2283,633,0.58,0.81,112.42400534660872,9.72824668752061,3.623436275063305,3.623436275063305,9.72824668752061,522.0,5.362331341525468,0.208,needle_flaky,针片状候选,undersized,过小噪声(<5mm)
1043,3015.0,3178.0,216.62440163754223,1.387745826737618,52.153972541058295,75.904456904879,2275.4616915422885,1095.498839137645,0.948709880427942,0.7265626086313696,31.461691542288555,37.49883913764511,2244,1058,2305,1141,0.81,0.85,10.488021091041304,15.788127036214831,10.848026288540124,10.848026288540124,15.788127036214831,3015.0,12.887303384541607,0.208,regular,普通,normal,正常骨料
1044,214.0,225.0,55.35223885741497,1.0908220667493724,15.623006642929791,17.920065729718885,2252.728971962617,1446.2429906542056,0.9511111111111112,0.4898328471426876,7.728971962616822,7.242990654205608,2245,1439,2261,1455,0.88,0.88,27.50049937552319,3.727373671781528,3.2495853817293963,3.2495853817293963,3.727373671781528,214.0,3.433406942378419,0.208,round,圆形,undersized,过小噪声(<5mm)
1045,14991.0,19522.0,596.3150284976698,0.4760028023562213,108.5562739512278,201.254161261598,2340.18411046628,428.3250617036889,0.7679028788034012,0.8420503682549793,94.18411046627976,63.32506170368888,2246,365,2446,516,0.53,0.61,62.72704838858864,41.860865542412384,22.57970498185538,22.57970498185538,41.860865542412384,14991.0,28.736488408126007,0.208,angular,棱角状,normal,正常骨料
1046,21538.0,22312.0,565.8260248267468,-0.3615623091132772,153.49310881720126,187.08776921915344,2342.063747794596,544.7194261305599,0.9653101470060954,0.5717416904850462,95.0637477945956,75.71942613055994,2247,469,2442,642,0.85,0.86,110.71599434319523,38.91425599758392,31.92656663397786,31.92656663397786,38.91425599758392,21538.0,34.44459483458595,0.208,regular,普通,normal,正常骨料
1047,10390.0,12970.0,479.2320807006458,-0.7677225295808714,117.7515619384011,126.00771045333369,2330.081135707411,2465.785851780558,0.8010794140323825,0.3560182000741953,81.08113570741097,67.78585178055823,2249,2398,2393,2540,0.57,0.57,133.98726078209145,26.20960377429341,24.492324883187425,24.492324883187425,26.20960377429341,10390.0,23.923579927405417,0.208,angular,棱角状,normal,正常骨料
1048,289.0,305.0,61.730708939609045,-1.0171532609474825,17.852766527643922,20.69903961686313,2258.024221453288,2627.204152249135,0.9475409836065574,0.5060698361248013,9.024221453287195,9.204152249134948,2249,2618,2268,2638,0.95,0.96,148.27858897025965,4.305400240307531,3.713375437749936,3.713375437749936,4.305400240307531,289.0,3.9899487348497322,0.208,regular,普通,undersized,过小噪声(<5mm)
1049,267.0,285.0,63.301505266403936,-1.5184397019319684,15.645732427501711,22.13478742579945,2260.5992509363296,2472.973782771536,0.936842105263158,0.7073743969785281,8.599250936329588,10.97378277153558,2252,2462,2269,2486,0.84,0.88,177.0001863658045,4.604035784566285,3.254312344920356,3.254312344920356,4.604035784566285,267.0,3.8350764428018507,0.208,regular,普通,undersized,过小噪声(<5mm)
1050,10357.0,12814.0,463.0476935576244,0.3027018550298699,126.98646257584782,129.6144801348943,2329.976923819639,1742.7675002413823,0.8082565943499298,0.2003501780838752,76.9769238196389,85.76750024138263,2253,1657,2383,1809,0.61,0.61,72.65646125600756,26.95981186805801,26.413184215776347,26.413184215776347,26.95981186805801,10357.0,23.885557501680015,0.208,angular,棱角状,normal,正常骨料
1051,166.0,176.0,46.98236510226936,0.6428956782684976,13.950647207182756,15.29639891981088,2259.4337349397592,2455.403614457832,0.9431818181818182,0.4101420279215134,6.433734939759036,6.403614457831325,2253,2449,2267,2463,0.95,0.95,53.16479096801465,3.1816509753206628,2.901734619094013,2.901734619094013,3.1816509753206628,166.0,3.0239349067279977,0.208,regular,普通,undersized,过小噪声(<5mm)
1052,215.0,233.0,59.27922967440222,0.904673260197814,13.88926068532449,20.86858467826561,2263.0046511627907,882.2790697674419,0.9227467811158798,0.7463458240804952,8.004651162790697,9.27906976744186,2255,873,2274,891,0.77,0.82,38.16604035232469,4.340665613079247,2.888966222547494,2.888966222547494,4.340665613079247,215.0,3.441419571577367,0.208,regular,普通,undersized,过小噪声(<5mm)
1053,940.0,1067.0,129.9351727364267,-0.8992177606766307,31.080903914139952,43.47375111655735,2273.885106382979,2102.401063829788,0.8809746954076851,0.6991909773094541,18.885106382978723,17.401063829787233,2255,2085,2297,2125,0.7,0.73,141.52138254997587,9.04254023224393,6.464828014141109,6.464828014141109,9.04254023224393,940.0,7.1958536341157435,0.208,angular,棱角状,normal,正常骨料
1054,5905.0,6185.0,305.7814580866818,-1.19827504172401,68.84973875816158,114.30249739319706,2294.7173581710413,986.334631668078,0.9547291835084882,0.7982345412811486,38.71735817104149,58.3346316680779,2256,928,2337,1042,0.79,0.87,158.6561025866484,23.774919457784986,14.320745661697607,14.320745661697607,23.774919457784986,5905.0,18.03550657986926,0.208,regular,普通,normal,正常骨料
1055,396.0,537.0,99.69255514444852,-0.5272272622639026,18.04717183459613,37.60812425601818,2273.373737373737,1053.141414141414,0.7374301675977654,0.8773372601907975,17.373737373737374,12.141414141414142,2256,1041,2288,1068,0.5,0.61,120.2078969719586,7.822489845251781,3.753811741595995,3.753811741595995,7.822489845251781,396.0,4.670528077499925,0.208,needle_flaky,针片状候选,undersized,过小噪声(<5mm)
1056,430.0,455.0,83.64292102254025,0.7945801336295176,17.586939901874416,32.95304244251669,2270.3255813953488,1137.6511627906978,0.945054945054945,0.8456757723179319,14.325581395348838,11.651162790697674,2256,1126,2285,1154,0.77,0.89,44.47391185808767,6.854232828043471,3.6580834995898783,3.6580834995898783,6.854232828043471,430.0,4.8669022319409185,0.208,regular,普通,undersized,过小噪声(<5mm)
1057,213.0,239.0,61.17534857233925,0.875498492113752,13.95580125477972,20.21963557708382,2266.2018779342725,334.9342723004695,0.891213389121339,0.723608807617727,8.2018779342723,8.934272300469484,2258,326,2276,345,0.72,0.75,39.83763143181442,4.205684200033435,2.9028066609941816,2.9028066609941816,4.205684200033435,213.0,3.425375570110364,0.208,angular,棱角状,undersized,过小噪声(<5mm)
1058,216.0,230.0,55.81231444967027,-0.7650404544106463,14.156743720055893,20.10071986786168,2266.333333333333,1450.3657407407406,0.9391304347826088,0.7099120048355865,8.333333333333334,7.36574074074074,2258,1443,2276,1460,0.87,0.91,133.8335891945007,4.18094973251523,2.9446026937716256,2.9446026937716256,4.18094973251523,216.0,3.4494135883218133,0.208,regular,普通,undersized,过小噪声(<5mm)
1059,1776.0,1823.0,151.71263179824467,-0.227935893523696,45.59924348786483,50.03265851234522,2281.0686936936936,2590.313626126126,0.9742183214481624,0.4115446981402189,23.06869369369369,22.313626126126128,2258,2568,2309,2614,0.97,0.97,103.0597646984511,10.406792970567803,9.484642645475883,9.484642645475883,10.406792970567803,1776.0,9.89099255576697,0.208,round,圆形,normal,正常骨料
1060,347.0,371.0,71.80613204266271,1.422252854570385,18.704757938914064,24.576765541126928,2267.5273775216137,2493.077809798271,0.935309973045822,0.6486640776460708,8.527377521613833,14.077809798270891,2259,2479,2280,2506,0.85,0.87,8.510914032683289,5.1119672325544006,3.890589651294125,3.890589651294125,5.1119672325544006,347.0,4.372029983338113,0.208,regular,普通,undersized,过小噪声(<5mm)
1061,33838.0,35521.0,714.7060382597268,-0.5788830296286628,192.02775352697296,229.81937235952745,2386.61354098942,1137.6270169631775,0.952619577151544,0.5494000072834297,125.61354098942016,114.6270169631775,2261,1023,2501,1251,0.83,0.84,123.16755442946896,47.80242945078171,39.94177273361037,39.94177273361037,47.80242945078171,33838.0,43.17384592526911,0.208,regular,普通,normal,正常骨料
1062,13223.0,13859.0,484.72986784442793,0.5713874241059538,96.93242767471624,185.85490964163336,2359.790592150041,923.0220071088256,0.954109243091132,0.8532213795414667,95.7905921500416,58.022007108825534,2264,865,2435,1001,0.71,0.82,57.26191213187721,38.65782120545973,20.161944956340974,20.161944956340974,38.65782120545973,13223.0,26.988788705264824,0.208,regular,普通,normal,正常骨料
1063,1663.0,1730.0,154.35468061348053,-1.568743032397161,37.93491784101994,56.9201104518549,2284.399278412508,1879.896572459411,0.961271676300578,0.7455417153579748,18.39927841250752,26.896572459410702,2266,1853,2304,1908,0.88,0.93,179.8823548969119,11.83938297398582,7.890462910932147,7.890462910932147,11.83938297398582,1663.0,9.571158733835256,0.208,regular,普通,normal,正常骨料
1065,857.0,987.0,126.5077257577934,1.181634128748792,30.153169305123534,41.56931434623743,2287.696616102684,2512.6907817969663,0.8682877406281662,0.6883582753023899,19.69661610268378,17.69078179696616,2268,2495,2306,2541,0.67,0.7,22.29735149407608,8.646417384017385,6.271859215465695,6.271859215465695,8.646417384017385,857.0,6.870823703425429,0.208,angular,棱角状,normal,正常骨料
1066,311.0,353.0,78.37517167488578,1.159079204496478,14.72822945739973,30.238985790372787,2280.038585209003,2339.250803858521,0.8810198300283286,0.8733679756876301,11.038585209003216,12.2508038585209,2269,2327,2290,2356,0.64,0.77,23.589653460970936,6.289709044397539,3.0634717271391434,3.0634717271391434,6.289709044397539,311.0,4.139030138972688,0.208,needle_flaky,针片状候选,undersized,过小噪声(<5mm)
1067,149.0,161.0,46.88708032725487,0.9170933805855292,12.225004853536191,16.19910690000168,2279.261744966443,1483.9530201342282,0.9254658385093169,0.6561027936086594,6.261744966442953,7.953020134228188,2273,1476,2288,1491,0.85,0.88,37.45441987306423,3.3694142352003493,2.542801009535528,2.542801009535528,3.3694142352003493,149.0,2.8649135962276224,0.208,regular,普通,undersized,过小噪声(<5mm)
1068,9796.0,11780.0,439.0093247806285,-1.130986702724533,82.00988192683717,169.19585529146127,2340.311861984484,1421.0936096365865,0.8315789473684211,0.8746783299429495,63.31186198448346,79.09360963658636,2277,1342,2390,1496,0.64,0.77,154.80076475153282,35.192737900623946,17.05805544078213,17.05805544078213,35.192737900623946,9796.0,23.229656212670964,0.208,needle_flaky,针片状候选,normal,正常骨料
1070,373.0,400.0,77.26445094034617,0.5992212758166038,17.002891773968994,29.517253219141384,2291.686327077748,610.9222520107238,0.9325,0.8174269198864871,12.68632707774799,11.92225201072386,2279,599,2308,621,0.79,0.88,55.66714990126398,6.139588669581408,3.5366014889855504,3.5366014889855504,6.139588669581408,373.0,4.53286526409692,0.208,regular,普通,undersized,过小噪声(<5mm)
1071,253.0,275.0,66.07830710275292,0.4170958901472033,12.961472630414866,25.86980845358302,2292.905138339921,1482.2332015810275,0.92,0.8654316501012524,13.90513833992095,7.233201581027668,2279,1475,2305,1490,0.73,0.86,66.10216584231303,5.380920158345268,2.695986307126292,2.695986307126292,5.380920158345268,253.0,3.733177630765215,0.208,regular,普通,undersized,过小噪声(<5mm)
1072,525.0,557.0,87.99051918568414,1.054884998245208,24.25166570703467,28.1449360484878,2294.775238095238,1788.9942857142858,0.9425493716337524,0.5074678988863549,13.775238095238096,15.994285714285716,2281,1773,2309,1803,0.85,0.86,29.559541728884334,5.854146698085462,5.044346467063211,5.044346467063211,5.854146698085462,525.0,5.3777182636594665,0.208,regular,普通,normal,正常骨料
1073,15121.0,15934.0,521.5251767858119,-0.611820051299707,95.04932796530252,206.42969887727745,2382.917531909265,805.5568414787382,0.9489770302497804,0.8876887239850969,100.91753190926526,74.55684147873818,2282,731,2479,873,0.7,0.87,125.05470676095072,42.9373773664737,19.770260216782923,19.770260216782923,42.9373773664737,15121.0,28.860818988147326,0.208,needle_flaky,针片状候选,normal,正常骨料
1074,139.0,145.0,44.43560106204804,-0.8348573451264465,12.61716396899118,14.914825368707891,2287.7697841726617,919.705035971223,0.9586206896551724,0.5332656843205782,5.76978417266187,7.705035971223022,2282,912,2296,927,0.88,0.89,137.83380237124214,3.102283676691241,2.6243701055501654,2.6243701055501654,3.102283676691241,139.0,2.767105989516063,0.208,round,圆形,undersized,过小噪声(<5mm)
1075,2121.0,2739.0,213.6339102878827,1.4537675394739156,45.07842719046546,71.39665231325148,2310.706742102782,1302.956152758133,0.7743702081051479,0.7754734934363299,28.706742102781707,37.95615275813296,2282,1265,2337,1336,0.58,0.63,6.70525559502633,14.850503681156306,9.376312855616815,9.376312855616815,14.850503681156306,2121.0,10.809079935041568,0.208,angular,棱角状,normal,正常骨料
1076,629.0,667.0,95.67027955244676,1.0112568303288472,26.321645839151508,31.24321452053316,2296.1701112877586,1502.8108108108108,0.9430284857571214,0.5387345047780714,14.170111287758347,13.81081081081081,2282,1489,2312,1519,0.86,0.87,32.059251618379875,6.498588620270898,5.474902334543513,5.474902334543513,6.498588620270898,629.0,5.8863179520216615,0.208,regular,普通,normal,正常骨料
1077,291.0,316.0,68.98986196021507,0.8519884716950544,14.517831385532167,26.108069475987804,2291.333333333333,1810.8041237113405,0.9208860759493672,0.8311375833805584,9.333333333333334,10.804123711340209,2282,1800,2302,1823,0.77,0.87,41.18465637807218,5.430478451005463,3.0197089281906906,3.0197089281906906,5.430478451005463,291.0,4.003730982228429,0.208,regular,普通,undersized,过小噪声(<5mm)
1078,2165.0,2300.0,183.7002669842296,0.839589684114075,46.47025214446028,63.02095172442364,2315.131177829099,2626.231408775981,0.941304347826087,0.6754805305251466,32.13117782909931,30.231408775981524,2283,2596,2343,2661,0.81,0.83,41.89505457754152,13.108357958680116,9.665812446047738,9.665812446047738,13.108357958680116,2165.0,10.920621237425497,0.208,regular,普通,normal,正常骨料
1079,1409.0,1487.0,142.09728428744634,-1.0642762557704182,40.07188828194641,46.18290760328432,2306.168914123492,347.5656493967353,0.9475453934095496,0.4971268067309697,22.16891412349184,23.565649396735274,2284,324,2327,370,0.88,0.88,150.9785376916307,9.606044781483138,8.334952762644852,8.334952762644852,9.606044781483138,1409.0,8.809959071968592,0.208,regular,普通,normal,正常骨料
1080,390.0,435.0,88.7364491029829,0.020473252369736,14.598743498973503,36.31691830874166,2302.9589743589745,1831.792307692308,0.896551724137931,0.9156476174081776,18.95897435897436,9.792307692307691,2284,1822,2322,1839,0.62,0.83,88.82696904630791,7.553919008218266,3.0365386477864886,3.0365386477864886,7.553919008218266,390.0,4.63501023825564,0.208,needle_flaky,针片状候选,undersized,过小噪声(<5mm)
1081,3787.0,3983.0,260.04456674006514,-0.6499232589712131,52.409097768750186,101.30291221969637,2323.601795616583,1044.3390546606813,0.9507908611599296,0.8557736899739202,38.60179561658305,34.33905466068128,2285,1010,2374,1093,0.7,0.82,127.23785974643852,21.071005741696844,10.90109233590004,10.90109233590004,21.071005741696844,3787.0,14.443287190157905,0.208,regular,普通,normal,正常骨料
1084,720.0,752.0,100.01787771559066,1.003870239718171,26.766733706483755,34.66010742818176,2300.6208333333334,2341.086111111111,0.9574468085106383,0.6353024343619128,13.620833333333334,17.086111111111112,2287,2324,2317,2357,0.9,0.93,32.482472085362595,7.209302345061806,5.567480610948621,5.567480610948621,7.209302345061806,720.0,6.29773877496232,0.208,regular,普通,normal,正常骨料
1085,1445.0,1582.0,156.3855525325307,-1.3810875507685352,36.57989448307347,54.50863856161215,2308.723875432526,2537.236678200692,0.913400758533502,0.7413810020144599,21.72387543252595,28.23667820069204,2287,2509,2330,2561,0.74,0.79,169.13048779709686,11.337796820815328,7.60861805247928,7.60861805247928,11.337796820815328,1445.0,8.921796597863285,0.208,regular,普通,normal,正常骨料
1087,391.0,455.0,82.9528076341573,0.6426342607345706,19.27512465584397,29.34656536917186,2311.700767263427,1910.8132992327369,0.8593406593406593,0.7540559051354948,15.70076726342711,11.813299232736572,2296,1899,2323,1926,0.71,0.76,53.179769089399386,6.104085596787747,4.009225928415546,4.009225928415546,6.104085596787747,391.0,4.640948754769657,0.208,angular,棱角状,undersized,过小噪声(<5mm)
1088,1367.0,1436.0,147.5556031851298,0.0997339469750022,30.73579536113695,57.80670638736387,2326.296269202633,1815.2911485003656,0.951949860724234,0.8469330963494498,28.296269202633503,14.291148500365765,2298,1801,2356,1832,0.79,0.91,84.28566576415082,12.023794928571684,6.393045435116486,6.393045435116486,12.023794928571684,1367.0,8.677660430778447,0.208,regular,普通,normal,正常骨料
1090,149.0,161.0,45.77635959271528,-0.4142208028262376,13.6853475665367,14.17671251887172,2304.5436241610737,1856.765100671141,0.9254658385093169,0.2609955891056622,6.543624161073826,6.76510067114094,2298,1850,2313,1865,0.89,0.89,113.73310378846406,2.948756203925317,2.846552293839633,2.846552293839633,2.948756203925317,149.0,2.8649135962276224,0.208,regular,普通,undersized,过小噪声(<5mm)
1092,2045.0,2104.0,164.20006592040653,0.4243652167899313,47.40119291941795,55.13254377273472,2326.720782396088,1880.140831295844,0.971958174904943,0.5106849421630861,26.72078239608802,23.14083129584352,2300,1857,2354,1906,0.95,0.96,65.68566410578272,11.467569104728822,9.859448127238933,9.859448127238933,11.467569104728822,2045.0,10.613657047959396,0.208,round,圆形,normal,正常骨料
1094,14548.0,16832.0,513.5922586596402,-1.1619639873152474,132.65495184764944,155.890249133013,2401.16476491614,1487.33441022821,0.8643060836501901,0.525245201415733,93.16476491613967,87.33441022821006,2308,1400,2467,1556,0.69,0.7,156.5756324193564,32.4251718196667,27.59222998431108,27.59222998431108,32.4251718196667,14548.0,28.30870745956912,0.208,angular,棱角状,normal,正常骨料
1095,4410.0,5538.0,320.85512449516364,0.874886437533709,55.61294376492292,120.09441871916312,2350.9897959183672,2375.8791383219955,0.7963163596966414,0.8863181378420495,42.98979591836735,71.87913832199547,2308,2304,2400,2419,0.54,0.67,39.87269957608254,24.979639093585927,11.567492303103966,11.567492303103966,24.979639093585927,4410.0,15.586108278710608,0.208,needle_flaky,针片状候选,normal,正常骨料
1097,242.0,263.0,62.190784531864345,1.1208375288404515,14.73143268585862,22.405252534347465,2322.392561983472,1273.714876033058,0.9201520912547528,0.7534553563683843,9.392561983471074,8.714876033057852,2313,1265,2332,1287,0.79,0.84,25.78074007756944,4.660292527144272,3.064137998658593,3.064137998658593,4.660292527144272,242.0,3.651119750233912,0.208,regular,普通,undersized,过小噪声(<5mm)
1098,566.0,653.0,107.27703073619666,-0.3712245897209576,18.852378275703508,43.83575922094801,2334.167844522968,722.482332155477,0.8667687595712098,0.9027962692262952,20.1678445229682,10.482332155477032,2314,712,2356,738,0.62,0.79,111.26960224248644,9.117837917957186,3.9212946813463296,3.9212946813463296,9.117837917957186,566.0,5.583758285017081,0.208,needle_flaky,针片状候选,undersized,过小噪声(<5mm)
1099,11302.0,11517.0,409.305719273103,0.8350960606182296,100.50048161316802,149.01418211973825,2381.7012033268447,2316.7173951513005,0.9813319440826604,0.7383336036193613,67.7012033268448,70.71739515130065,2314,2246,2445,2383,0.85,0.9,42.15252023857428,30.994949880905555,20.904100175538947,20.904100175538947,30.994949880905555,11302.0,24.95146476397721,0.208,regular,普通,normal,正常骨料
1101,1243.0,1324.0,145.79423730830592,-1.4227490872689832,36.50616791845991,48.16799155148198,2342.0836685438458,1931.787610619469,0.9388217522658612,0.6523792567883792,22.083668543845533,22.787610619469028,2320,1909,2360,1962,0.73,0.76,171.51751800660278,10.018942242708253,7.5932829270396605,7.5932829270396605,10.018942242708253,1243.0,8.274732414382573,0.208,regular,普通,normal,正常骨料
1103,2427.0,2538.0,194.2521139623557,-0.6151205402662753,41.05390692588612,76.4348482693877,2357.964153275649,2690.0140090646887,0.9562647754137116,0.8435123298880361,32.96415327564895,29.01400906468892,2325,2661,2390,2720,0.81,0.93,125.2438108490646,15.898448440032642,8.539212640584312,8.539212640584312,15.898448440032642,2427.0,11.562540912581687,0.208,regular,普通,normal,正常骨料
1104,1681.0,1786.0,157.40098849205583,-1.3257249075040272,40.608269663644656,53.69127039994076,2347.378941106484,2557.0249851279,0.9412094064949608,0.6541913390987881,20.37894110648424,30.02498512790006,2327,2527,2369,2585,0.85,0.88,165.9584419953522,11.167784243187675,8.446520090038089,8.446520090038089,11.167784243187675,1681.0,9.622817536990532,0.208,regular,普通,normal,正常骨料
1105,576.0,612.0,97.01103808311404,-0.3963683189606283,18.7460235336686,39.621313876831216,2346.173611111112,2663.425347222222,0.9411764705882352,0.8809927416837827,19.17361111111111,12.42534722222222,2327,2651,2364,2676,0.77,0.94,112.71023180913924,8.241233286380893,3.899172895003068,3.899172895003068,8.241233286380893,576.0,5.632868802140798,0.208,needle_flaky,针片状候选,undersized,过小噪声(<5mm)
1106,315.0,327.0,65.29290893935547,1.5528678028531029,17.310478457576636,23.455172314619656,2335.574603174603,1335.1746031746031,0.963302752293578,0.6747745388644096,7.574603174603174,11.174603174603174,2328,1324,2345,1347,0.93,0.96,1.0272287547640389,4.878675841440888,3.60057951917594,3.60057951917594,4.878675841440888,315.0,4.165562655149716,0.208,regular,普通,undersized,过小噪声(<5mm)
1109,4877.0,5030.0,268.98614914529765,1.5088952207759752,61.54993615218047,103.46736212249336,2366.06458888661,671.7736313307361,0.969582504970179,0.8038197306341671,34.06458888661062,50.77363133073611,2332,621,2396,722,0.85,0.94,3.5466721220760604,21.521211321478617,12.802386719653535,12.802386719653535,21.521211321478617,4877.0,16.39059699127855,0.208,regular,普通,normal,正常骨料
1111,2761.0,3145.0,226.3908504522709,-1.009524796957145,49.054894562457775,76.62111052081043,2367.473741398044,1833.7482796088373,0.8779014308426073,0.7681858769839804,33.47374139804419,44.74827960883738,2334,1789,2396,1867,0.68,0.73,147.84151017944578,15.937190988328569,10.203418068991216,10.203418068991216,15.937190988328569,2761.0,12.332513444821714,0.208,angular,棱角状,normal,正常骨料
1112,2695.0,2826.0,203.31210110588424,-0.915675191067208,45.00380161986938,78.44300354510109,2367.130983302412,344.9424860853432,0.953644727530078,0.8190561300492741,32.13098330241188,34.942486085343226,2335,310,2399,379,0.82,0.92,142.4643238529863,16.316144737381027,9.360790736932833,9.360790736932833,16.316144737381027,2695.0,12.18422131746311,0.208,regular,普通,normal,正常骨料
1113,426.0,495.0,91.9733265315872,-0.7442262328547796,16.80681784349965,36.81147046277373,2351.2089201877934,1900.896713615024,0.8606060606060606,0.8896902145196459,16.208920187793428,14.896713615023474,2335,1886,2364,1914,0.63,0.79,132.6410221454993,7.656785856256935,3.495818111447927,3.495818111447927,7.656785856256935,426.0,4.844212587471549,0.208,needle_flaky,针片状候选,undersized,过小噪声(<5mm)
1115,1192.0,1301.0,154.3941488595792,-1.1154163906003736,33.74322003234109,47.22610034849309,2354.4874161073826,2037.0822147651008,0.916218293620292,0.6996317357467996,17.48741610738255,24.08221476510067,2337,2013,2376,2061,0.63,0.66,153.9086515811171,9.823028872486562,7.018589766726947,7.018589766726947,9.823028872486562,1192.0,8.103199325624361,0.208,regular,普通,normal,正常骨料
1116,790.0,849.0,119.859749633373,1.3466851983303851,20.164442063563964,51.269514602452126,2351.040506329114,988.4683544303796,0.9305064782096584,0.9194090122563352,11.040506329113924,23.468354430379748,2340,965,2364,1013,0.69,0.94,12.840621802930713,10.66405903731004,4.194203949221304,4.194203949221304,10.66405903731004,790.0,6.596779075738662,0.208,needle_flaky,针片状候选,undersized,过小噪声(<5mm)
1118,1025.0,1079.0,128.95920502300024,-0.5428357074292359,25.282164286780173,52.42038754046348,2365.480975609756,1274.7141463414634,0.9499536607970342,0.8760080940846389,24.480975609756097,17.714146341463415,2341,1257,2391,1292,0.77,0.94,121.10219500469356,10.903440608416403,5.258690171650276,5.258690171650276,10.903440608416403,1025.0,7.51415807359731,0.208,needle_flaky,针片状候选,normal,正常骨料
1121,15866.0,16602.0,483.5238623348739,-0.2514524946889659,125.45611653895824,165.37818681725682,2433.1871297113325,1313.0322072355982,0.955667991808216,0.6515550512554703,88.1871297113324,63.032207235598136,2345,1250,2518,1390,0.85,0.88,104.40716669371348,34.398662857989414,26.094872240103317,26.094872240103317,34.398662857989414,15866.0,29.563246138336275,0.208,regular,普通,normal,正常骨料
1122,521.0,555.0,90.3072454297778,-0.9318397502195842,20.420867638310146,32.98562427550548,2357.902111324376,1252.9193857965452,0.9387387387387388,0.7853248836542848,11.9021113243762,13.919385796545106,2346,1239,2371,1270,0.8,0.87,143.390484870107,6.861009849305139,4.24754046876851,4.24754046876851,6.861009849305139,521.0,5.357192546534322,0.208,regular,普通,undersized,过小噪声(<5mm)
1125,21598.0,22638.0,584.1134487005515,-1.5461802699585427,122.9222398483129,230.4317784775033,2415.799796277433,1943.183628113714,0.9540595458962806,0.8458359593798287,64.79979627743309,118.18362811371424,2351,1825,2474,2052,0.8,0.92,178.5896038350228,47.92980992332068,25.56782588844908,25.56782588844908,47.92980992332068,21598.0,34.492538895514635,0.208,regular,普通,normal,正常骨料
1127,753.0,888.0,121.66058375629557,1.4280962806843076,26.37027787910393,40.11277418704892,2368.7569721115538,737.9229747675963,0.847972972972973,0.7535387494430942,13.756972111553784,17.92297476759628,2355,720,2384,760,0.64,0.68,8.176110378458986,8.343457030906174,5.485017798853617,5.485017798853617,8.343457030906174,753.0,6.440445097550077,0.208,angular,棱角状,normal,正常骨料
1128,281.0,303.0,67.87914122567548,-0.1382437904603461,16.831210782295233,23.70746535036817,2365.4661921708184,1870.505338078292,0.9273927392739274,0.704248011972281,10.466192170818506,6.505338078291815,2355,1864,2380,1882,0.77,0.8,97.92078573726874,4.93115279287658,3.5008918427174085,3.5008918427174085,4.93115279287658,281.0,3.934336973547335,0.208,regular,普通,undersized,过小噪声(<5mm)
1129,1000.0,1053.0,130.95060869595176,0.981721607872472,28.882381223397203,47.80896358285078,2375.775,997.354,0.949667616334283,0.7968928810071582,16.775,24.354,2359,973,2397,1019,0.73,0.8,33.751495212110186,9.944264425232962,6.007535294466618,6.007535294466618,9.944264425232962,1000.0,7.421956323195528,0.208,regular,普通,normal,正常骨料
1130,284.0,306.0,67.09374306227801,1.0115022409284973,15.188798155129884,25.14040465881786,2369.404929577465,1557.2359154929577,0.9281045751633988,0.7968638998816143,9.404929577464788,11.235915492957746,2360,1546,2379,1570,0.79,0.87,32.04519062677215,5.229204169034115,3.159270016267016,3.159270016267016,5.229204169034115,284.0,3.955283014957573,0.208,regular,普通,undersized,过小噪声(<5mm)
1131,194.0,210.0,53.45611995947793,1.4883353144527944,12.582348862172228,19.970840240514825,2375.1546391752577,1247.4536082474226,0.923809523809524,0.7765659040579092,6.154639175257732,9.45360824742268,2369,1238,2382,1257,0.85,0.92,4.724667981578648,4.1539347700270834,2.6171285633318235,2.6171285633318235,4.1539347700270834,194.0,3.2690326579439186,0.208,regular,普通,undersized,过小噪声(<5mm)
1133,654.0,703.0,111.3945911032129,1.368380494697414,18.57757833103765,46.48005113747173,2380.6819571865444,1749.5152905198777,0.930298719772404,0.9166506841451038,9.681957186544343,22.51529051987768,2371,1727,2392,1775,0.66,0.89,11.597572885814458,9.66785063659412,3.864136292855831,3.864136292855831,9.66785063659412,654.0,6.002155856346787,0.208,needle_flaky,针片状候选,undersized,过小噪声(<5mm)
1134,14018.0,14901.0,465.6502741267616,0.2239455380800642,112.43999640166967,164.04929707828165,2443.3887858467683,1615.1030104151805,0.940742232064962,0.728163277008563,71.38878584676844,61.103010415180485,2372,1554,2527,1671,0.81,0.86,77.16886582722606,34.122253792282585,23.38751925154729,23.38751925154729,34.122253792282585,14018.0,27.788264377788167,0.208,regular,普通,normal,正常骨料
1135,846.0,986.0,122.9060575119483,0.5646721776814098,26.4443809582182,45.180201922328585,2393.4881796690306,1729.451536643026,0.8580121703853956,0.8108102853194753,20.48817966903073,18.451536643026003,2373,1711,2412,1749,0.7,0.78,57.6466674103939,9.397481999844343,5.5004312393093855,5.5004312393093855,9.397481999844343,846.0,6.826586157901699,0.208,angular,棱角状,normal,正常骨料
1136,3262.0,4385.0,301.450208206355,-1.528932040525202,36.36578249652082,140.65317990326446,2402.034641324341,691.2017167381974,0.7438996579247434,0.9659980614513848,26.034641324340896,67.20171673819742,2376,624,2423,751,0.45,0.82,177.60135308441903,29.255861419879007,7.564082759276331,7.564082759276331,29.255861419879007,3262.0,13.40480104791126,0.208,needle_flaky,针片状候选,normal,正常骨料
1137,4001.0,4352.0,268.3355040030134,-0.1727458102959071,60.1378131969571,91.94557646061826,2416.8802799300174,1688.869782554361,0.9193474264705882,0.7564437117885239,40.88027993001749,29.86978255436141,2376,1659,2471,1720,0.7,0.75,99.89760585852304,19.124679903808595,12.508665144967075,12.508665144967075,19.124679903808595,4001.0,14.84576801951828,0.208,regular,普通,normal,正常骨料
1138,540.0,584.0,91.9733265315872,1.210017723949342,23.23520609413172,31.141968585261576,2386.507407407408,2050.859259259259,0.9246575342465754,0.6658273089839309,10.507407407407408,16.85925925925926,2376,2034,2400,2065,0.8,0.83,20.671091281676794,6.477529465734408,4.832922867579398,4.832922867579398,6.477529465734408,540.0,5.454001765515659,0.208,regular,普通,undersized,过小噪声(<5mm)
1139,6534.0,6968.0,314.61140743408265,0.704032728709282,86.61411329775427,99.66540915011596,2433.036883991429,606.053872053872,0.937715269804822,0.4947262121297269,54.03688399142945,50.053872053872055,2379,556,2484,652,0.83,0.84,49.66189600587927,20.73040510322412,18.01573556593289,18.01573556593289,20.73040510322412,6534.0,18.971774735769973,0.208,regular,普通,normal,正常骨料
1140,10352.0,13118.0,477.56599959883647,-0.0480807553351506,89.29170511984479,178.4917788803894,2484.292310664606,1230.0011591962905,0.7891446866900442,0.8658771574640545,105.29231066460588,54.00115919629057,2379,1176,2556,1284,0.57,0.68,92.75482435650524,37.12629000712099,18.57267466492772,18.57267466492772,37.12629000712099,10352.0,23.879791246737174,0.208,angular,棱角状,normal,正常骨料
1141,233.0,254.0,68.66453938907291,0.6333353793259632,12.01648480191079,26.96410283237469,2389.5450643776826,1365.3476394849786,0.9173228346456692,0.8952085303733366,10.545064377682404,11.34763948497854,2379,1354,2404,1374,0.62,0.78,53.712555748305256,5.608533389133935,2.4994288387974444,2.4994288387974444,5.608533389133935,233.0,3.582583775653731,0.208,needle_flaky,针片状候选,undersized,过小噪声(<5mm)
1143,4633.0,4857.0,255.75278510583703,-0.9689885011220242,74.77962665604547,80.2362134108883,2422.9924454996763,1778.851284265055,0.9538809964998972,0.3624750734280836,40.99244549967624,38.85128426505504,2382,1740,2462,1820,0.89,0.89,145.5189515109996,16.689132389464763,15.554162344457456,15.554162344457456,16.689132389464763,4633.0,15.97531919645534,0.208,round,圆形,normal,正常骨料
1145,3694.0,4050.0,242.7658071453213,0.9243774673527592,58.09787963744755,86.65429196344688,2417.096101786681,2532.237412019491,0.9120987654320988,0.7419493998876395,34.0961017866811,39.23741201949107,2383,2493,2458,2568,0.79,0.84,37.03707244369486,18.02409272839695,12.08435896458909,12.08435896458909,18.02409272839695,3694.0,14.264837865909348,0.208,regular,普通,normal,正常骨料
1146,10519.0,12420.0,482.7942807003923,0.1968693439571957,83.43380548135772,188.15234596010217,2491.2116170738664,1040.9098773647686,0.8469404186795492,0.8963052971070351,107.21161707386634,41.90987736476851,2384,999,2581,1096,0.57,0.72,78.72021747574335,39.13568795970125,17.354231540122406,17.354231540122406,39.13568795970125,10519.0,24.071636789872368,0.208,needle_flaky,针片状候选,normal,正常骨料
1148,8570.0,9925.0,420.6429644146266,1.4234468146070798,80.80854027033163,146.9228659131658,2442.0422403733955,2251.9651108518087,0.8634760705289672,0.835160333366559,57.042240373395565,93.96511085180865,2385,2158,2483,2321,0.61,0.69,8.442505161673381,30.559956109938483,16.808176376228978,16.808176376228978,30.559956109938483,8570.0,21.727452304297604,0.208,angular,棱角状,normal,正常骨料
1149,688.0,712.0,95.6702795524468,-0.7932510915908993,26.883556392360127,32.929372218486954,2399.4869186046512,2480.963662790697,0.9662921348314608,0.5774861049071575,14.486918604651162,13.963662790697674,2385,2467,2415,2498,0.94,0.96,135.44993964230403,6.849309421445286,5.591779729610906,5.591779729610906,6.849309421445286,688.0,6.156198480916156,0.208,round,圆形,normal,正常骨料
1150,758.0,808.0,112.410027062738,-0.8190945089547658,22.917104581703544,43.931786211820665,2402.333773087071,2667.5646437994724,0.938118811881188,0.8531583560097787,14.33377308707124,17.564643799472297,2388,2650,2421,2688,0.75,0.88,136.93065838544868,9.1378115320587,4.766757752994337,4.766757752994337,9.1378115320587,758.0,6.461792339039837,0.208,regular,普通,undersized,过小噪声(<5mm)
1152,855.0,881.0,107.50706853232433,-0.3124839463348104,27.46597116627855,39.83408965028504,2413.749707602339,2690.009356725146,0.970488081725312,0.7242769272259086,19.749707602339186,14.0093567251462,2394,2676,2434,2705,0.93,0.98,107.90401129057716,8.285490647259287,5.712922002585938,5.712922002585938,8.285490647259287,855.0,6.862801723219597,0.208,regular,普通,normal,正常骨料
1153,13745.0,14788.0,468.7986384608157,-0.9388237761385062,117.2255553606494,154.702133554448,2472.0296835212803,852.8264096034922,0.9294698404111442,0.6525448671819998,77.02968352128046,88.82640960349218,2395,764,2541,926,0.79,0.81,143.7906400792712,32.178043779325186,24.382915515015075,24.382915515015075,32.178043779325186,13745.0,27.51634629077299,0.208,regular,普通,normal,正常骨料
1154,436.0,547.0,96.32092469473106,-0.0494023147485987,16.930674163875427,37.41894176641133,2410.204128440367,1819.894495412844,0.7970749542961609,0.891783345635818,14.204128440366972,8.894495412844037,2396,1811,2430,1831,0.59,0.74,92.83054413327162,7.783139887413556,3.5215802260860887,3.5215802260860887,7.783139887413556,436.0,4.90073973490248,0.208,needle_flaky,针片状候选,undersized,过小噪声(<5mm)
1156,629.0,662.0,97.89172102152595,0.6373428248201866,23.352165800739904,35.62154962834573,2413.3720190779013,1388.6422893481715,0.9501510574018128,0.755140586479506,13.372019077901433,16.6422893481717,2400,1372,2430,1403,0.82,0.88,53.48294603485754,7.409282322695912,4.8572504865539,4.8572504865539,7.409282322695912,629.0,5.8863179520216615,0.208,regular,普通,undersized,过小噪声(<5mm)
1157,9593.0,10305.0,392.5265035167131,0.5456804691841096,84.39167094281508,148.28202129666087,2469.246950901699,437.4839987490879,0.9309073265405144,0.8222479098510843,66.24695090169915,53.483998749087874,2403,384,2535,498,0.78,0.88,58.73481215303194,30.84266042970546,17.553467556105538,17.553467556105538,30.84266042970546,9593.0,22.987705068562367,0.208,regular,普通,normal,正常骨料
1160,189.0,203.0,55.81231444967028,-0.4167912529758784,12.597425357129012,20.46663943157196,2418.798941798942,1722.428571428571,0.9310344827586208,0.7881289184235512,8.798941798941799,6.428571428571429,2410,1716,2430,1731,0.76,0.83,113.88037973348725,4.257061001766967,2.6202644742828345,2.6202644742828345,4.257061001766967,189.0,3.2266309581956802,0.208,regular,普通,undersized,过小噪声(<5mm)
1161,4307.0,4873.0,280.3465142501028,-0.6281959000610265,58.72890901858992,103.9494552435763,2465.68377060599,350.0060366844671,0.8838497845269855,0.8251075911158543,53.68377060599025,48.00603668446715,2412,302,2507,388,0.69,0.78,125.99297378091887,21.62148669066387,12.215613075866704,12.215613075866704,21.62148669066387,4307.0,15.403018256249615,0.208,angular,棱角状,normal,正常骨料
1162,2622.0,3089.0,217.23557853372785,0.1748997897907287,49.12404817132579,75.32501456188403,2453.390160183066,2065.9046529366897,0.848818387827776,0.7580803608784693,41.39016018306637,28.90465293668955,2412,2037,2488,2091,0.7,0.75,79.97898020726596,15.66760302887188,10.217802019635764,10.217802019635764,15.66760302887188,2622.0,12.018070240662295,0.208,angular,棱角状,normal,正常骨料
1164,1704.0,1773.0,175.94157012526958,-1.0391915647191978,32.075615910559044,70.57953372357373,2436.6666666666665,675.7987089201878,0.961082910321489,0.890766849526995,19.666666666666668,28.798708920187792,2417,647,2462,715,0.69,0.86,149.5412907640062,14.680543014503336,6.671728109396281,6.671728109396281,14.680543014503336,1704.0,9.688425174943099,0.208,needle_flaky,针片状候选,normal,正常骨料
1165,288.0,314.0,69.870544898627,-0.1135203687262699,13.770434492882837,28.41554214002947,2432.152777777778,1734.763888888889,0.9171974522292994,0.8747307455830217,15.15277777777778,6.763888888888889,2417,1728,2445,1743,0.74,0.89,96.50423801678416,5.91043276512613,2.8642503745196297,2.8642503745196297,5.91043276512613,288.0,3.9830397275279035,0.208,needle_flaky,针片状候选,undersized,过小噪声(<5mm)
1166,12280.0,14020.0,467.5300447418814,0.226595599875658,110.19602497230268,156.52974758047282,2507.74332247557,725.8450325732899,0.8758915834522111,0.7102057810139437,87.74332247557004,56.8450325732899,2420,669,2591,790,0.71,0.74,77.01702847088967,32.55818749673834,22.92077319423896,22.92077319423896,32.55818749673834,12280.0,26.008636064715564,0.208,angular,棱角状,normal,正常骨料
1169,212.0,231.0,57.47839555147967,-0.6113984481668562,14.157731769453958,19.902755711206904,2436.867924528302,1720.7264150943397,0.9177489177489178,0.7028427004003134,9.867924528301886,7.726415094339623,2427,1713,2445,1729,0.81,0.84,125.03055068080889,4.139773187931036,2.9448082080464237,2.9448082080464237,4.139773187931036,212.0,3.4173253226237446,0.208,regular,普通,undersized,过小噪声(<5mm)
1170,5103.0,6144.0,319.93497331065294,-1.4395185417807344,70.28076317470457,104.66812227579732,2472.0484029002546,538.2655300803449,0.83056640625,0.7410381535427543,44.04840290025475,44.265530080344895,2428,494,2514,605,0.63,0.66,172.47833697486274,21.77096943336584,14.61839874033855,14.61839874033855,21.77096943336584,5103.0,16.766066270608704,0.208,angular,棱角状,normal,正常骨料
1171,20255.0,20934.0,552.4184395200745,-0.420126418060247,128.88267618667328,206.99945769630605,2537.798765736855,947.6306590965194,0.967564727237986,0.7825217453956108,108.7987657368551,85.63065909651938,2429,862,2635,1014,0.83,0.91,114.07147061680097,43.055887200831656,26.80759664682804,26.80759664682804,43.055887200831656,20255.0,33.40292650895448,0.208,regular,普通,normal,正常骨料
1172,15678.0,17524.0,517.042825601555,-0.6641351381965063,134.77889536399624,162.65244097809406,2511.5640387804565,1395.000446485521,0.8946587537091988,0.5597948309321022,82.56403878045668,96.00044648552112,2429,1299,2600,1464,0.74,0.75,128.0521404449975,33.831707723443564,28.034010235711214,28.034010235711214,33.831707723443564,15678.0,29.38757322970257,0.208,angular,棱角状,normal,正常骨料
1173,3438.0,4437.0,320.5692701701201,0.7251781057804532,34.82546739631289,146.5332590631911,2489.173647469459,1864.456660849331,0.7748478701825557,0.9713477823695196,55.17364746945898,47.45666084933101,2434,1817,2548,1907,0.42,0.82,48.45035514348847,30.47891788514375,7.243697218433081,7.243697218433081,30.47891788514375,3438.0,13.76167605384043,0.208,needle_flaky,针片状候选,normal,正常骨料
1174,941.0,1009.0,119.89921787947168,0.9649897964663988,30.0001408712282,41.96079411696529,2454.0977683315623,481.1328374070138,0.9326065411298315,0.6991689771298814,19.09776833156217,18.132837407013817,2435,463,2474,501,0.82,0.86,34.71015738928702,8.72784517632878,6.240029301215466,6.240029301215466,8.72784517632878,941.0,7.1996801984032714,0.208,regular,普通,normal,正常骨料
1175,3158.0,3374.0,222.46385963528363,1.465857565914501,57.69401184343485,71.78263506198073,2463.469284357188,2120.5516149461687,0.935981031416716,0.5949912821647437,28.46928435718809,34.55161494616846,2435,2086,2496,2159,0.8,0.82,6.012548105779217,14.93078809289199,12.000354463434448,12.000354463434448,14.93078809289199,3158.0,13.189382314008755,0.208,regular,普通,normal,正常骨料
1176,17442.0,18723.0,555.0210200892116,-0.5218006104805055,107.94534119848603,212.89746952280663,2538.4191606467148,1502.1183923861945,0.9315814773273514,0.8619285806257515,101.41916064671484,82.11839238619424,2437,1420,2626,1575,0.71,0.84,119.8969727278828,44.282673660743775,22.45263096928509,22.45263096928509,44.282673660743775,17442.0,30.99677674922681,0.208,regular,普通,normal,正常骨料
1177,7322.0,8004.0,350.0823061276166,-1.4990585116277604,85.48997721492681,117.0273577910188,2480.543430756624,2377.422698716198,0.914792603698151,0.6828990547431718,39.54343075662387,57.42269871619776,2441,2320,2527,2443,0.75,0.78,175.88972595943352,24.341690420531908,17.781915260704775,17.781915260704775,24.341690420531908,7322.0,20.083215876138375,0.208,regular,普通,normal,正常骨料
1179,1069.0,1233.0,143.57279583922676,0.2732394780784883,30.93051189671973,50.590419573628274,2467.0168381665108,1747.178671655753,0.8669910786699108,0.7913288920101159,25.01683816651076,16.17867165575304,2442,1731,2496,1770,0.65,0.71,74.34453110974525,10.52280727131468,6.433546474517703,6.433546474517703,10.52280727131468,1069.0,7.6737429409772515,0.208,angular,棱角状,normal,正常骨料
1180,5399.0,7023.0,359.888223188444,-1.078015530993069,73.50177304348446,117.5683823378818,2491.90720503797,1700.1218744211892,0.7687597892638474,0.7804780674143984,46.90720503797,72.1218744211891,2445,1628,2537,1750,0.52,0.57,151.76574017545724,24.454223526279414,15.288368793044768,15.288368793044768,24.454223526279414,5399.0,17.245470916933982,0.208,angular,棱角状,normal,正常骨料
1182,8771.0,9074.0,365.84608592448143,1.3397590753212312,89.13919985418687,131.70651022772964,2506.493786341352,1805.753277847452,0.9666078906766584,0.7361653060555416,52.49378634135218,62.75327784745183,2454,1743,2548,1881,0.82,0.87,13.237459419743686,27.394954127367765,18.54095356967087,18.54095356967087,27.394954127367765,8771.0,21.980772420546895,0.208,regular,普通,normal,正常骨料
1183,15648.0,16149.0,473.1394649434952,-1.129247661560583,133.48544704203286,154.8214338984404,2522.215874233129,2558.015401329244,0.9689764072078768,0.5065855363808603,67.21587423312883,69.01540132924336,2455,2489,2594,2641,0.88,0.89,154.701125032439,32.2028582508756,27.764972984742837,27.764972984742837,32.2028582508756,15648.0,29.359443067967565,0.208,round,圆形,normal,正常骨料
1184,10152.0,11407.0,451.44094237387446,-1.165086129782314,77.25570282407529,174.8296313258047,2521.075650118203,2252.380023640662,0.8899798369422285,0.8970685757797664,65.07565011820331,80.38002364066193,2456,2172,2571,2336,0.63,0.79,156.75451800575786,36.36456331576738,16.06918618740766,16.06918618740766,36.36456331576738,10152.0,23.647988135464313,0.208,needle_flaky,针片状候选,normal,正常骨料
1185,252.0,271.0,63.07146747027629,-1.003206460090581,18.016856610475045,19.120813944488702,2466.623015873016,1467.329365079365,0.9298892988929888,0.3348706603578482,8.623015873015873,8.329365079365079,2458,1459,2477,1479,0.8,0.8,147.47949614344975,3.97712930045365,3.747506174978809,3.747506174978809,3.97712930045365,252.0,3.725792504579712,0.208,regular,普通,undersized,过小噪声(<5mm)
1186,1040.0,1225.0,138.76512208382758,-0.6745291002706234,31.186585507543484,47.92866438351668,2483.206730769231,2158.576923076923,0.8489795918367347,0.7593455761324259,24.20673076923077,26.57692307692308,2459,2132,2503,2176,0.68,0.73,128.64767060426345,9.969162191771469,6.4868097855690445,6.4868097855690445,9.969162191771469,1040.0,7.568940024201471,0.208,angular,棱角状,normal,正常骨料
1187,216.0,237.0,60.48523518395629,-1.4886116092662651,12.548226025170404,23.095217565021866,2465.476851851852,654.8564814814815,0.9113924050632912,0.8395219754449063,5.476851851851852,10.85648148148148,2460,644,2473,666,0.74,0.85,175.2911625451346,4.803805253524548,2.610031013235444,2.610031013235444,4.803805253524548,216.0,3.4494135883218133,0.208,regular,普通,undersized,过小噪声(<5mm)
1188,1701.0,1806.0,168.68241710466356,-1.0885380986678064,42.86924110228716,55.10225118576095,2480.132863021752,2640.476778365667,0.9418604651162792,0.628271249476313,20.13286302175191,30.47677836566725,2460,2610,2508,2669,0.75,0.77,152.36863889286047,11.461268246638276,8.91680214927573,8.91680214927573,11.461268246638276,1701.0,9.67989287458704,0.208,regular,普通,normal,正常骨料
1190,1222.0,1281.0,140.7565257567791,-1.1722082080724263,32.822609781636835,50.10238215890225,2481.3396072013093,1919.146481178396,0.9539422326307572,0.7555328509022933,16.339607201309327,22.14648117839608,2465,1897,2502,1947,0.78,0.83,157.16258303314305,10.421295489051667,6.827102834580462,6.827102834580462,10.421295489051667,1222.0,8.204535476229095,0.208,regular,普通,normal,正常骨料
1192,14925.0,15426.0,461.3257959268992,1.1928182058761856,111.64390522951798,171.81595966531657,2526.732194304858,2018.388006700168,0.9675223648385842,0.7601157047485769,59.73219430485762,85.38800670016751,2467,1933,2589,2104,0.88,0.94,21.656551076927627,35.737719610385845,23.22193228773974,23.22193228773974,35.737719610385845,14925.0,28.673160399170765,0.208,regular,普通,normal,正常骨料
1194,3025.0,3283.0,220.0123803700768,-1.450608064662887,50.37814601201842,79.30778139115904,2496.232396694215,642.6502479338843,0.9214133414559854,0.7723285782674408,26.23239669421488,40.650247933884295,2470,602,2525,679,0.79,0.85,173.11371983282385,16.49601852936108,10.47865437049983,10.47865437049983,16.49601852936108,3025.0,12.908657671572664,0.208,regular,普通,normal,正常骨料
1195,968.0,1059.0,127.48369347121982,0.307995310220127,29.088782656835583,44.33695113183665,2493.335743801653,2188.0402892561983,0.9140698772426816,0.7546875115435373,23.33574380165289,15.040289256198347,2470,2173,2516,2205,0.75,0.8,72.35316861456421,9.222085835422025,6.050466792621801,6.050466792621801,9.222085835422025,968.0,7.302239500467824,0.208,regular,普通,normal,正常骨料
1198,8150.0,8413.0,379.7137468234092,-1.092775086138709,67.28482016856641,158.5211255972376,2534.838036809816,535.9176687116565,0.9687388565315584,0.9054498151720436,49.838036809815954,68.91766871165645,2485,467,2589,610,0.71,0.92,152.61140039279303,32.972394124225424,13.995242595061812,13.995242595061812,32.972394124225424,8150.0,21.188352948185706,0.208,needle_flaky,针片状候选,normal,正常骨料
1199,1195.0,1473.0,177.09175910590784,0.7959381473218403,28.770925431759213,63.54224346954016,2504.738075313808,2094.454393305439,0.8112695179904956,0.8916201242975033,19.73807531380753,33.45439330543933,2485,2061,2535,2117,0.48,0.6,44.3961034049966,13.216786641664353,5.984352489805916,5.984352489805916,13.216786641664353,1195.0,8.113389896818061,0.208,needle_flaky,针片状候选,normal,正常骨料
1200,3979.0,5095.0,310.4149105748691,0.961903622133772,56.46022984062568,113.83446460246144,2525.064840412164,1153.1618497109826,0.7809617271835132,0.8683308734631675,34.06484041216386,58.16184971098266,2491,1095,2577,1192,0.52,0.62,34.886982153388146,23.67756863731198,11.74372780685014,11.74372780685014,23.67756863731198,3979.0,14.804896099086829,0.208,needle_flaky,针片状候选,normal,正常骨料
1201,388.0,416.0,76.7090905730764,0.0681963060142293,21.763241095968887,23.40983979883381,2509.2319587628867,1574.3041237113405,0.9326923076923076,0.3684132985438423,14.231958762886595,11.304123711340209,2495,1563,2521,1587,0.83,0.83,86.09263948700203,4.869246678157433,4.526754147961528,4.526754147961528,4.869246678157433,388.0,4.623110320704857,0.208,regular,普通,undersized,过小噪声(<5mm)
1202,132.0,138.0,44.43560106204804,1.0974928063599556,12.102530649574112,15.012355205266267,2501.818181818182,2170.878787878788,0.9565217391304348,0.5916821408732915,6.818181818181818,7.878787878787879,2495,2163,2508,2179,0.84,0.85,27.11829414960603,3.1225698826953834,2.517326375111415,2.517326375111415,3.1225698826953834,132.0,2.6965306428022866,0.208,regular,普通,undersized,过小噪声(<5mm)
1203,2620.0,2719.0,200.72586881956428,-1.2687856603097163,48.42155208525839,71.7671893523583,2521.999618320611,2142.335496183206,0.9635895549834498,0.7380891519017669,25.999618320610686,33.335496183206104,2496,2109,2548,2185,0.82,0.87,162.69606344246608,14.927575385290526,10.071682833733744,10.071682833733744,14.927575385290526,2620.0,12.013485815456137,0.208,regular,普通,normal,正常骨料
1204,2779.0,2868.0,197.16366881981784,0.9214087835137278,53.20169482715944,67.610772701773,2526.664267722202,303.1183879093199,0.9689679218967922,0.6171035889811846,28.66426772220223,34.1183879093199,2498,269,2560,334,0.9,0.92,37.20716549838005,14.063040721968784,11.065952524049164,11.065952524049164,14.063040721968784,2779.0,12.372648290024653,0.208,regular,普通,normal,正常骨料
1205,2276.0,2953.0,221.7573979640835,0.9990232354140468,40.64799513817359,84.87269998811307,2536.580404217926,428.3255711775044,0.7707416186928547,0.8778536539338317,37.58040421792619,36.32557117750439,2499,392,2566,472,0.58,0.71,32.76018497527065,17.65352159752752,8.454782988740106,8.454782988740106,17.65352159752752,2276.0,11.197073348422284,0.208,needle_flaky,针片状候选,normal,正常骨料
1206,236.0,251.0,58.95390710326007,1.3160665920818524,17.517841076412125,17.976332028450418,2511.228813559322,497.65677966101697,0.9402390438247012,0.224410325301562,10.228813559322036,7.656779661016949,2501,490,2520,509,0.85,0.85,14.59493871554453,3.739077061917687,3.643710943893722,3.643710943893722,3.739077061917687,236.0,3.6055738539887945,0.208,regular,普通,undersized,过小噪声(<5mm)
1207,525.0,560.0,90.63256800091996,0.2845519147005669,20.40245947319606,33.78050727092288,2519.215238095238,2644.190476190476,0.9375,0.7970060077838084,15.215238095238096,12.19047619047619,2504,2632,2537,2655,0.8,0.88,73.69637623529091,7.026345512351959,4.2437115704247805,4.2437115704247805,7.026345512351959,525.0,5.3777182636594665,0.208,regular,普通,undersized,过小噪声(<5mm)
1211,1114.0,1168.0,132.52140502274665,0.7902807695929313,31.36877368207272,47.001885019489,2532.996409335727,623.1122082585279,0.9537671232876712,0.7447048516221848,20.996409335727108,23.11220825852783,2512,600,2556,641,0.8,0.85,44.7202472719744,9.776392084053713,6.5247049258711245,6.5247049258711245,9.776392084053713,1114.0,7.8335927472043245,0.208,regular,普通,normal,正常骨料
1212,1114.0,1279.0,150.79248061373409,-1.557173250528428,27.95960624284211,57.12542700813041,2530.54039497307,1595.088868940754,0.870992963252541,0.8720356268891835,18.54039497307002,27.08886894075404,2512,1568,2545,1628,0.62,0.74,179.2194552259465,11.882088817691123,5.815598098511159,5.815598098511159,11.882088817691123,1114.0,7.8335927472043245,0.208,needle_flaky,针片状候选,normal,正常骨料
1213,1819.0,1915.0,163.41466775700908,0.2096799022565212,43.51495833601357,56.60604737704708,2541.495327102804,1923.53106102254,0.949869451697128,0.6395693745327287,29.49532710280374,19.531061022539856,2512,1904,2569,1948,0.86,0.88,77.98622655198571,11.774057854425791,9.051111333890823,9.051111333890823,11.774057854425791,1819.0,10.010015358218226,0.208,regular,普通,normal,正常骨料
1214,2387.0,2744.0,218.2904827393516,-0.1569278893317751,42.6751980022057,81.94091994207479,2555.554252199413,345.83912861332215,0.8698979591836735,0.8536759901396435,41.55425219941349,29.839128613322163,2514,316,2600,370,0.63,0.73,98.99130574660676,17.043711347951554,8.876441184458784,8.876441184458784,17.043711347951554,2387.0,11.466862470989547,0.208,angular,棱角状,normal,正常骨料
1215,520.0,549.0,96.78100028698636,-0.3847843496461975,17.49330199421386,39.61508298035506,2535.6692307692306,1561.8384615384616,0.9471766848816028,0.8972209658936593,19.66923076923077,11.83846153846154,2516,1550,2553,1574,0.7,0.88,112.04651925741332,8.239937259913853,3.6386068147964825,3.6386068147964825,8.239937259913853,520.0,5.352048817507131,0.208,needle_flaky,针片状候选,undersized,过小噪声(<5mm)
1216,1455.0,1492.0,142.19256906246085,1.0492074281787602,41.533714010952906,46.04910587696264,2535.7821305841926,667.6316151202749,0.975201072386059,0.4318530419686067,18.78213058419244,24.631615120274915,2517,643,2559,688,0.9,0.91,29.8848425315816,9.578214022408227,8.639012514278203,8.639012514278203,9.578214022408227,1455.0,8.95261463988477,0.208,round,圆形,normal,正常骨料
1217,16762.0,17595.0,523.5887452704965,-0.1535348189107366,118.0820430741298,187.8605860502888,2599.977389333016,1678.5071590502328,0.952657004830918,0.7777594074120384,81.97738933301515,62.507159050232666,2518,1616,2714,1739,0.77,0.83,98.7968971318906,39.07500189846007,24.561064959419,24.561064959419,39.07500189846007,16762.0,30.386544268644318,0.208,regular,普通,normal,正常骨料
1218,3373.0,3778.0,243.26535098367523,1.2764844447831185,55.393363425476736,85.23717814999863,2562.236584642751,395.73732582270975,0.8928004235044997,0.7600425889197089,39.23658464275126,38.73732582270976,2523,357,2588,448,0.72,0.77,16.862828699827134,17.729333055199714,11.52181959249916,11.52181959249916,17.729333055199714,3373.0,13.63096381378524,0.208,angular,棱角状,normal,正常骨料
1220,12533.0,13632.0,496.0902329492331,0.6360731695741708,96.77485651394618,184.9776047954302,2611.330567302322,1351.6930503470835,0.919380868544601,0.8522279362156642,83.33056730232187,74.6930503470837,2528,1277,2712,1421,0.64,0.74,53.55569192189088,38.47534179744948,20.129170154900805,20.129170154900805,38.47534179744948,12533.0,26.275192961606752,0.208,regular,普通,normal,正常骨料
1221,664.0,718.0,106.72167036892688,-1.1525144255514068,20.23564866536473,43.27713712127114,2542.3343373493976,2653.753012048193,0.924791086350975,0.8839492320741639,14.33433734939759,19.75301204819277,2528,2634,2555,2674,0.73,0.9,156.03421241204012,9.001644521224396,4.209014922395864,4.209014922395864,9.001644521224396,664.0,6.047869813455995,0.208,needle_flaky,针片状候选,undersized,过小噪声(<5mm)
1222,1692.0,1793.0,197.58427616597447,-1.4592559852663314,32.97118201865305,76.70627105709413,2553.699763593381,593.0856973995271,0.94366982710541,0.9029065739867408,22.699763593380613,48.085697399527184,2531,545,2568,632,0.54,0.7,173.60920918496544,15.954904379875575,6.858005859879834,6.858005859879834,15.954904379875575,1692.0,9.654250729213022,0.208,needle_flaky,针片状候选,normal,正常骨料
1223,551.0,685.0,111.2993063281984,0.6452233524689729,26.08008330855782,35.35644616500615,2555.3647912885663,1955.174228675136,0.8043795620437956,0.675201806817745,21.36479128856624,16.174228675136117,2534,1939,2568,1974,0.56,0.58,53.03142506024593,7.354140802321278,5.424657328180027,5.424657328180027,7.354140802321278,551.0,5.509271735043169,0.208,angular,棱角状,normal,正常骨料
1224,277.0,305.0,68.43450159294528,1.049794302965442,13.026087993434636,28.133766123960594,2543.8916967509026,845.7509025270758,0.9081967213114754,0.8863554151884312,8.891696750902527,11.750902527075812,2535,834,2554,859,0.74,0.92,29.85121708320209,5.851823353783804,2.7094263026344043,2.7094263026344043,5.851823353783804,277.0,3.9062342068503666,0.208,needle_flaky,针片状候选,undersized,过小噪声(<5mm)
1225,38068.0,40742.0,787.6555876025634,-0.0649985074167963,202.45206647524856,246.05175563177608,2659.6325522748766,1090.3060575811703,0.9343674831868832,0.568327017791556,124.63255227487652,114.30605758117052,2535,976,2790,1191,0.77,0.78,93.7241401496322,51.178765171409424,42.1100298268517,42.1100298268517,51.178765171409424,38068.0,45.79292920129866,0.208,regular,普通,normal,正常骨料
1226,33527.0,34556.0,698.8402020073831,-0.65050528107918,197.26675061557845,221.48191500770253,2652.488143884034,773.864914844752,0.970222247945364,0.4546551962719144,116.48814388403376,105.864914844752,2536,668,2762,871,0.86,0.87,127.27120715680834,46.06823832160213,41.03148412804031,41.03148412804031,46.06823832160213,33527.0,42.974985764832454,0.208,round,圆形,normal,正常骨料
1227,2102.0,2327.0,195.2280816757821,0.1137799640824518,46.27728745622177,66.01597573308429,2565.465746907707,1605.52093244529,0.903308981521272,0.7131599548435349,27.465746907706947,29.5209324452902,2538,1576,2607,1628,0.69,0.73,83.48088826492541,13.731322952481532,9.625675790894128,9.625675790894128,13.731322952481532,2102.0,10.760556944903605,0.208,regular,普通,normal,正常骨料
1228,712.0,861.0,125.91289714442492,1.1914034945350782,20.60297187001392,49.345920339228,2557.4705056179773,1214.1966292134832,0.826945412311266,0.9086671447501604,18.47050561797753,20.196629213483146,2539,1194,2572,1238,0.56,0.74,21.73760806600238,10.263951430559423,4.285418148962895,4.285418148962895,10.263951430559423,712.0,6.262653606288353,0.208,needle_flaky,针片状候选,undersized,过小噪声(<5mm)
1230,6237.0,7053.0,337.65068853437066,-0.4380130622891915,69.08511355553524,128.4389131408364,2593.333012666346,1762.1696328362996,0.8843045512547852,0.8430194725412602,50.333012666346,48.16963283629951,2543,1714,2658,1807,0.69,0.79,115.09629984077152,26.71529393329397,14.36970361955133,14.36970361955133,26.71529393329397,6237.0,18.535583676614113,0.208,angular,棱角状,normal,正常骨料
1232,719.0,867.0,120.7799008178836,-1.295132343532852,27.95235044615061,35.834781446394416,2558.529902642559,1839.497913769124,0.8292964244521338,0.6257370441851517,14.52990264255911,15.497913769123784,2544,1824,2577,1861,0.62,0.63,164.20561719531986,7.453634540850039,5.814088892799327,5.814088892799327,7.453634540850039,719.0,6.2933638256500375,0.208,angular,棱角状,normal,正常骨料
1233,8000.0,8330.0,347.3613208201835,-1.495582422102026,82.29947882943284,126.86967632142736,2590.388375,2133.669125,0.9603841536614646,0.7610501370427717,45.388375,64.669125,2545,2069,2631,2194,0.83,0.89,175.69056070039932,26.38889267485689,17.11829159652203,17.11829159652203,26.38889267485689,8000.0,20.992462583207733,0.208,regular,普通,normal,正常骨料
1236,1949.0,2122.0,182.70117930752164,-1.3746902740160107,43.74120757216453,60.65418461929229,2574.5572088250383,1254.4730631092868,0.9184731385485392,0.692771361386508,27.557208825038483,30.47306310928681,2547,1224,2594,1285,0.73,0.76,168.76395083880007,12.616070400812797,9.09817117501022,9.09817117501022,12.616070400812797,1949.0,10.361540141697548,0.208,regular,普通,normal,正常骨料
1237,34085.0,36497.0,739.3324639696268,0.2926499295518164,177.92699540470022,252.5248593470965,2696.793750916825,1567.1219598063665,0.9339123763597008,0.7096126514991414,143.7937509168256,104.12195980636643,2553,1463,2819,1664,0.78,0.82,73.23239416188005,52.52517074419608,37.008815044177645,37.008815044177645,52.52517074419608,34085.0,43.331132856039446,0.208,regular,普通,normal,正常骨料
1239,33532.0,36046.0,720.0459524191142,1.021941568596339,202.1772608802504,223.31160374866576,2655.580848145056,587.6696886556125,0.9302557842756478,0.4246461424672723,96.58084814505548,123.66968865561256,2559,464,2764,691,0.81,0.82,31.44706121045067,46.44881357972248,42.05287026309208,42.05287026309208,46.44881357972248,33532.0,42.97819015112047,0.208,regular,普通,normal,正常骨料
1241,1097.0,1240.0,146.15902812554674,-1.517106170102072,31.80848241198787,46.93301931898319,2580.025524156791,1200.9480401093892,0.8846774193548387,0.7352997109795115,16.02552415679125,27.948040109389243,2564,1173,2600,1227,0.65,0.68,176.9237806201051,9.762068018348504,6.616164341693477,6.616164341693477,9.762068018348504,1097.0,7.773591378685531,0.208,angular,棱角状,normal,正常骨料
1242,9380.0,11564.0,465.8244953939734,1.365752223582802,72.66217756383637,191.05224024335945,2598.886247334755,1930.5633262260128,0.8111380145278451,0.9248523998805632,32.8862473347548,99.5633262260128,2566,1831,2657,2011,0.54,0.75,11.74816172809787,39.73886597061876,15.113732933277964,15.113732933277964,39.73886597061876,9380.0,22.73106655049206,0.208,needle_flaky,针片状候选,normal,正常骨料
1243,1677.0,1979.0,189.1191176358144,-1.0243455713681966,29.945042811622564,79.7213409772683,2594.8747763864044,2560.7990459153248,0.8473976755937342,0.926773194185037,28.87477638640429,30.799045915324985,2566,2530,2621,2596,0.59,0.82,148.69067800231454,16.582038923271806,6.228568904817493,6.228568904817493,16.582038923271806,1677.0,9.611361797766163,0.208,needle_flaky,针片状候选,normal,正常骨料
1246,360.0,375.0,71.67137902154954,-1.1921273219311903,16.65011003835685,27.73149715532936,2578.1833333333334,1013.1972222222222,0.96,0.7996966179961155,9.183333333333334,14.197222222222225,2569,999,2588,1026,0.88,0.97,158.3038641888908,5.768151408308507,3.4632228879782248,3.4632228879782248,5.768151408308507,360.0,4.453173793917316,0.208,regular,普通,undersized,过小噪声(<5mm)
1248,842.0,917.0,121.70005200239422,-0.5568601487514004,22.71126625326174,49.42766970258123,2603.5083135391924,1816.7363420427555,0.9182115594329336,0.8881855981383995,22.5083135391924,18.736342042755343,2581,1798,2625,1833,0.71,0.89,121.90573630248248,10.280955298136895,4.723943380678442,4.723943380678442,10.280955298136895,842.0,6.810428534872191,0.208,needle_flaky,针片状候选,undersized,过小噪声(<5mm)
1249,1906.0,2129.0,205.12928351162395,0.0303542647561375,30.982523157649226,84.83705781046167,2624.664218258132,1189.4973767051415,0.8952559887271019,0.930928947219154,41.664218258132216,15.497376705141658,2583,1174,2670,1207,0.57,0.81,88.26082873925061,17.646108024576026,6.444364816791039,6.444364816791039,17.646108024576026,1906.0,10.24660140605081,0.208,needle_flaky,针片状候选,normal,正常骨料
1250,28848.0,29777.0,641.1154203769587,0.4577546145050409,168.14998875037446,221.5529065076682,2697.99216583472,1273.9957362728785,0.9688014239177888,0.6511362250586431,111.99216583471993,91.99573627287852,2586,1182,2800,1373,0.88,0.91,63.77259253622319,46.08300455359499,34.97519766007789,34.97519766007789,46.08300455359499,28848.0,39.86357545452239,0.208,regular,普通,normal,正常骨料
1252,783.0,884.0,115.74218926635676,-0.4709991798422201,26.15798446938328,40.84503451219893,2603.69220945083,2019.7484035759896,0.8857466063348416,0.7680247323122688,16.69220945083014,15.748403575989784,2587,2004,2623,2037,0.73,0.79,116.98626515908244,8.495767178537378,5.440860769631722,5.440860769631722,8.495767178537378,783.0,6.567487809235696,0.208,angular,棱角状,normal,正常骨料
1253,408.0,441.0,85.95964726663392,-0.6524910307045828,16.390364973402736,33.90079716324036,2599.313725490196,2041.887254901961,0.9251700680272108,0.8753552844063733,12.31372549019608,12.887254901960784,2587,2029,2616,2055,0.69,0.84,127.3849822295136,7.051365809953995,3.409195914467769,3.409195914467769,7.051365809953995,408.0,4.740765523697223,0.208,needle_flaky,针片状候选,undersized,过小噪声(<5mm)
1254,22210.0,24460.0,615.2762174770403,-0.1658460317872548,132.7008302585807,219.974578499618,2690.6224673570464,402.62377307519137,0.9080130825838104,0.7975481449397152,100.62246735704638,69.62377307519135,2590,333,2796,479,0.74,0.81,99.5022776704022,45.75471232792054,27.601772693784785,27.601772693784785,45.75471232792054,22210.0,34.97781477000249,0.208,regular,普通,normal,正常骨料
1255,353.0,374.0,76.01897718469343,-1.0389310321680487,18.074578420784096,27.398769988423208,2607.900849858357,2053.4929178470256,0.9438502673796793,0.7515415472154366,10.90084985835694,16.492917847025495,2597,2037,2617,2065,0.77,0.82,149.52636334839957,5.6989441575920265,3.759512311523092,3.759512311523092,5.6989441575920265,353.0,4.40966651677743,0.208,regular,普通,undersized,过小噪声(<5mm)
1257,1874.0,2009.0,176.95700608479467,-1.140429582916747,34.673319126030925,70.65509288185632,2621.5821771611527,1843.25613660619,0.9328023892483824,0.8713057516139929,20.58217716115261,30.25613660618997,2601,1813,2648,1881,0.75,0.9,155.34180193299437,14.696259319426114,7.212050378214432,7.212050378214432,14.696259319426114,1874.0,10.160221770869619,0.208,needle_flaky,针片状候选,normal,正常骨料
1258,3182.0,3761.0,254.64206437129752,0.4774874017888012,52.53884678080589,86.2819219341788,2647.387492143306,1442.8302954116907,0.8460515820260569,0.7932311154863332,43.3874921433061,32.83029541169076,2604,1410,2695,1474,0.62,0.67,62.64198710683429,17.94663976230919,10.928080130407626,10.928080130407626,17.94663976230919,3182.0,13.239405435328623,0.208,angular,棱角状,normal,正常骨料
1259,7223.0,7512.0,319.87915678173715,0.817017667179964,84.43284431795674,111.0879957525152,2658.0121833033368,2358.296968018829,0.961528221512247,0.6498602496671205,54.01218330333656,53.29696801882874,2604,2305,2710,2408,0.89,0.91,43.18833588296391,23.10630311652316,17.562031618135002,17.562031618135002,23.10630311652316,7223.0,19.94698227293787,0.208,regular,普通,normal,正常骨料
1261,2428.0,2524.0,193.7920383701004,1.0890536618346196,47.853144945046,68.88949374065244,2630.985172981878,2640.390444810544,0.9619651347068146,0.7193610861880116,25.98517298187809,38.390444810543656,2605,2602,2660,2670,0.81,0.85,27.60182151360872,14.329014698055706,9.953454148569566,9.953454148569566,14.329014698055706,2428.0,11.56492273172583,0.208,regular,普通,normal,正常骨料
1262,30133.0,30640.0,637.4974038482965,-0.6477611001813751,174.15803489960513,221.12527968364336,2720.4642750472904,1874.1193707895,0.983453002610966,0.6161882153512885,112.46427504729034,102.11937078949988,2608,1772,2823,1971,0.93,0.95,127.1139771731437,45.99405817419782,36.22487125911786,36.22487125911786,45.99405817419782,30133.0,40.74174067029902,0.208,regular,普通,normal,正常骨料
1266,14040.0,14480.0,476.14630457597184,-1.525383217381418,102.87661271026472,177.61709658893753,2665.2309829059827,2057.236111111112,0.9696132596685084,0.81518231414616,50.230982905982906,89.23611111111111,2615,1968,2720,2148,0.78,0.87,177.39802049604185,36.94435609049901,21.39833544373506,21.39833544373506,36.94435609049901,14040.0,27.810061429533846,0.208,regular,普通,normal,正常骨料
1267,8598.0,11256.0,454.313028985238,-0.2460363553116206,74.4192757169927,182.40404579960287,2707.94231216562,1765.119795301233,0.7638592750533049,0.9129857861348164,82.94231216561991,37.11979530123285,2625,1728,2796,1822,0.52,0.69,104.096844766137,37.940041526317394,15.47920934913448,15.47920934913448,37.940041526317394,8598.0,21.762917447670084,0.208,needle_flaky,针片状候选,normal,正常骨料
1268,11600.0,12380.0,420.9124704568529,0.1075307732942498,117.3013739167412,133.5978598341852,2700.5166379310344,2173.333275862069,0.936995153473344,0.4786269506115756,75.51663793103448,67.33327586206896,2625,2106,2763,2238,0.82,0.83,83.83894052246143,27.78835484551052,24.398685774682168,24.398685774682168,27.78835484551052,11600.0,25.278272363745433,0.208,regular,普通,normal,正常骨料
1269,25320.0,27726.0,682.4652453143328,-0.4603876458695284,132.39026883562158,252.21776811162323,2742.6799763033177,913.692654028436,0.9132222462670416,0.8511610611048526,111.67997630331752,88.69265402843602,2631,825,2866,999,0.68,0.79,116.37826904828752,52.46129576721763,27.53717591780929,27.53717591780929,52.46129576721763,25320.0,37.34652903547861,0.208,regular,普通,normal,正常骨料
1272,6749.0,7307.0,368.56707123191455,0.7282247457848534,59.303491305428,149.41716409267997,2714.7310712698177,1444.516076455771,0.9236348706719584,0.9178623819724158,67.73107126981775,54.51607645577123,2647,1390,2770,1507,0.62,0.84,48.275795529540616,31.07877013127743,12.335126191529024,12.335126191529024,31.07877013127743,6749.0,19.281379755931255,0.208,needle_flaky,针片状候选,normal,正常骨料
1273,591.0,618.0,94.78959661403483,-0.6857398090506714,24.25688211956435,32.938839983328194,2674.648054145516,1712.1082910321488,0.9563106796116504,0.6765226013426827,17.648054145516074,15.1082910321489,2657,1697,2689,1727,0.83,0.86,129.28999690271044,6.851278716532264,5.045431480869384,5.045431480869384,6.851278716532264,591.0,5.705742061912932,0.208,regular,普通,normal,正常骨料
1275,6573.0,7010.0,323.4413567814836,0.9295649421154484,79.05146260059549,111.36578271823926,2728.122927126122,493.5528677924844,0.937660485021398,0.704366798761019,60.122927126122015,47.552867792484406,2668,446,2771,550,0.79,0.82,36.739852033462135,23.164082805393765,16.44270422092386,16.44270422092386,23.164082805393765,6573.0,19.02830966259676,0.208,regular,普通,normal,正常骨料
1276,20692.0,22509.0,600.4162405818689,-1.154438546538282,124.2334621411536,224.581845579948,2756.274937173787,2281.769137831046,0.919276733750944,0.8330638932769454,80.27493717378697,117.7691378310458,2676,2164,2823,2397,0.72,0.82,156.14445642386062,46.71302388062919,25.840560125359943,25.840560125359943,46.71302388062919,20692.0,33.76133638864921,0.208,regular,普通,normal,正常骨料
1278,9067.0,9753.0,389.5360121670536,-0.226770655756206,92.01524271158966,136.72526833829704,2762.4254990625345,1692.3755376640563,0.9296626678970572,0.7396482235727017,74.42549906253447,57.37553766405647,2688,1635,2821,1736,0.75,0.8,102.99300149224467,28.438855814365784,19.13917048401065,19.13917048401065,28.438855814365784,9067.0,22.34859380722304,0.208,regular,普通,normal,正常骨料
1279,708.0,918.0,128.7849837557884,-0.0760397173052728,19.984016308019765,51.94376248740166,2719.6228813559323,1977.9322033898304,0.7712418300653595,0.9230316252340012,22.622881355932204,9.932203389830509,2697,1968,2745,1992,0.54,0.74,94.35675487696004,10.804302597379545,4.156675392068111,4.156675392068111,10.804302597379545,708.0,6.245037105550521,0.208,needle_flaky,针片状候选,undersized,过小噪声(<5mm)
1280,3439.0,3677.0,234.8954772285296,0.5163793926564779,59.00249666490989,78.4185708078033,2741.9127653387613,1398.7304448967725,0.9352733206418276,0.6587011881501104,43.91276533876127,34.73044489677232,2698,1364,2777,1436,0.78,0.81,60.41364017325508,16.31106272802309,12.272519306301255,12.272519306301255,16.31106272802309,3439.0,13.763677315547199,0.208,regular,普通,normal,正常骨料
1281,302.0,321.0,70.3306204908823,-0.5882211416030566,15.655740897996546,26.87458034663912,2716.864238410596,686.3807947019867,0.940809968847352,0.8127960916926745,14.864238410596029,11.380794701986757,2702,675,2727,695,0.77,0.85,123.7025888342223,5.589912712100937,3.2563941067832816,3.2563941067832816,5.589912712100937,302.0,4.078700966037283,0.208,regular,普通,undersized,过小噪声(<5mm)
1282,3506.0,3660.0,235.50665412471528,1.4258133557185064,54.13221794700954,85.93550817676478,2730.3542498573875,2023.0607529948657,0.9579234972677596,0.7766626422221811,28.354249857387337,40.06075299486594,2702,1983,2761,2069,0.79,0.86,8.306912343944447,17.874585700767074,11.259501332977983,11.259501332977983,17.874585700767074,3506.0,13.897105361763572,0.208,regular,普通,normal,正常骨料
1285,1257.0,1658.0,165.21550187993162,0.7335533987286469,42.77145761535418,48.212886041717546,2727.728719172633,2403.3961813842484,0.7581423401688782,0.4615052698212088,17.728719172633255,29.39618138424821,2710,2374,2754,2426,0.58,0.58,47.97048620537129,10.028280296677249,8.896463183993669,8.896463183993669,10.028280296677249,1257.0,8.321201393363914,0.208,angular,棱角状,normal,正常骨料
1287,523.0,616.0,113.84607036841972,1.1944999523823652,15.682635221293282,47.58896667958446,2726.390057361377,2093.2370936902485,0.849025974025974,0.944140388697872,9.390057361376671,25.237093690248567,2717,2068,2739,2115,0.51,0.77,21.56019409991268,9.898505069353568,3.2619881260290025,3.2619881260290025,9.898505069353568,523.0,5.36746521665206,0.208,needle_flaky,针片状候选,undersized,过小噪声(<5mm)
1289,966.0,1029.0,126.92833310395002,-0.7238758082187098,30.67005543085838,44.35277182603457,2738.8530020703934,997.4037267080744,0.9387755102040816,0.7223740057689365,20.853002070393376,19.403726708074533,2718,978,2759,1018,0.75,0.79,131.47502870255346,9.22537653981519,6.379371529618543,6.379371529618543,9.22537653981519,966.0,7.294691964083592,0.208,regular,普通,normal,正常骨料
1292,11901.0,13108.0,444.467643678312,-0.034933812266349,113.37394843180353,143.349865337791,2802.5366775901184,2055.825056717923,0.9079188281965213,0.6119585778719635,73.53667759011847,63.82505671792286,2729,1992,2876,2109,0.76,0.77,92.00156000516414,29.816771990260523,23.58178127381513,23.58178127381513,29.816771990260523,11901.0,25.60413579542153,0.208,regular,普通,normal,正常骨料
1293,359.0,400.0,87.30040579730118,-1.3227932678175254,13.447325339630016,36.68646905337906,2739.323119777159,1178.3147632311975,0.8975,0.9303994269218974,7.323119777158774,17.314763231197773,2732,1161,2749,1198,0.59,0.84,165.79047141426258,7.630785563102844,2.7970436706430437,2.7970436706430437,7.630785563102844,359.0,4.446984529225229,0.208,needle_flaky,针片状候选,undersized,过小噪声(<5mm)
1296,28945.0,29774.0,683.1553587027156,-0.1022183956089782,137.90610232141412,272.28516756602124,2881.124822940059,2592.690481948523,0.9721569154295694,0.862253627510511,146.12482294005872,78.69048194852306,2735,2514,3010,2663,0.78,0.92,95.85668265699304,56.63531485373242,28.68446928285414,28.68446928285414,56.63531485373242,28945.0,39.93053888038267,0.208,regular,普通,normal,正常骨料
1297,1289.0,1344.0,135.5282446552233,-0.5180547408533497,33.852439890272414,49.39112916353661,2761.351435221102,667.8044996121024,0.9590773809523808,0.7281713410975253,25.351435221101628,19.804499612102404,2736,648,2784,687,0.88,0.93,119.68235020764052,10.273354866015614,7.041307497176662,7.041307497176662,10.273354866015614,1289.0,8.426453973656479,0.208,regular,普通,normal,正常骨料
1298,475.0,527.0,109.49847220527586,-1.3096843932184536,12.623111052576997,50.32433148464536,2746.932631578947,805.6063157894737,0.9013282732447818,0.968029818424496,10.932631578947367,25.606315789473683,2736,780,2756,828,0.5,0.93,165.03938822556952,10.467460948806234,2.6256070989360154,2.6256070989360154,10.467460948806234,475.0,5.115230389740573,0.208,needle_flaky,针片状候选,undersized,过小噪声(<5mm)
1300,1388.0,1928.0,187.91311212626027,-0.9750123726990044,36.53248132682895,67.50327082465111,2764.9034582132563,1966.3090778097985,0.7199170124481328,0.840896659241079,26.903458213256485,33.30907780979827,2738,1933,2793,1994,0.49,0.57,145.8640939286894,14.04068033152743,7.598756115980421,7.598756115980421,14.04068033152743,1388.0,8.744059966676225,0.208,angular,棱角状,normal,正常骨料
1301,762.0,806.0,110.3791551436878,1.1776715743441148,28.0341569851044,35.65053786559693,2752.8648293963256,2115.9238845144355,0.9454094292803972,0.6177685238952018,14.86482939632546,16.923884514435695,2738,2099,2768,2134,0.79,0.8,22.524389137555065,7.415311876044162,5.831104652901715,5.831104652901715,7.415311876044162,762.0,6.478819489345851,0.208,regular,普通,normal,正常骨料
1302,1667.0,1719.0,150.46715804259196,0.1661297908894314,43.56324242270483,49.41111781887015,2765.086982603479,1188.2237552489505,0.9697498545666084,0.4719065175929274,24.086982603479303,21.22375524895021,2741,1167,2790,1212,0.93,0.93,80.48146413064467,10.27751250632499,9.061154423922604,9.061154423922604,10.27751250632499,1667.0,9.582662534542507,0.208,round,圆形,normal,正常骨料
1303,842.0,881.0,108.94311183800606,-0.1797230092560237,27.84530922888321,39.41461493168868,2767.5641330166272,1155.939429928741,0.9557321225879682,0.7077413124177298,20.56413301662708,13.939429928741092,2747,1142,2786,1170,0.89,0.93,100.2973699117608,8.198239905791246,5.791824319607708,5.791824319607708,8.198239905791246,842.0,6.810428534872191,0.208,regular,普通,normal,正常骨料
1304,2607.0,2698.0,207.56441449401365,-0.5551450847008266,40.09588100038114,84.26671835958237,2784.812044495589,994.1948599923284,0.9662713120830244,0.8795420962763292,35.8120444955888,29.194859992328347,2749,965,2827,1024,0.76,0.93,121.80747037078996,17.527477418793133,8.339943248079276,8.339943248079276,17.527477418793133,2607.0,11.98364430273785,0.208,needle_flaky,针片状候选,normal,正常骨料
1305,415.0,444.0,88.31584175682627,1.029369305556357,14.444484260697267,37.54300428264532,2762.1831325301205,1036.0144578313252,0.9346846846846848,0.9230228940176192,13.18313253012048,14.0144578313253,2749,1022,2775,1054,0.67,0.92,31.02148323130829,7.808944890790226,3.004452726225032,3.004452726225032,7.808944890790226,415.0,4.781260900674649,0.208,needle_flaky,针片状候选,undersized,过小噪声(<5mm)
1307,12434.0,13112.0,449.9654308220941,0.1864536594662636,91.43139997290773,175.58787007480873,2839.7212481904457,808.3981019784462,0.9482916412446614,0.8537300080868986,84.72124819044555,50.3981019784462,2755,758,2930,860,0.77,0.9,79.31699223781362,36.52227697556022,19.017731194364806,19.017731194364806,36.52227697556022,12434.0,26.171211417108495,0.208,regular,普通,normal,正常骨料
1310,787.0,817.0,106.95170816505453,-1.4847810743144625,27.705212821085343,37.72132100281359,2772.1372299872937,1368.1473951715377,0.96328029375765,0.6786401755742077,15.13722998729352,19.14739517153748,2757,1349,2786,1389,0.86,0.9,175.07168905911894,7.846034768585226,5.762684266785751,5.762684266785751,7.846034768585226,787.0,6.584241631889976,0.208,regular,普通,normal,正常骨料
1311,863.0,951.0,146.21484465446258,1.5083871502111743,19.792704171330808,62.05030725827376,2767.720741599073,605.7126303592121,0.907465825446898,0.9477620043599017,9.720741599073,31.71263035921205,2758,574,2780,641,0.51,0.79,3.575782421133951,12.906463909720944,4.116882467636808,4.116882467636808,12.906463909720944,863.0,6.894833643934656,0.208,needle_flaky,针片状候选,undersized,过小噪声(<5mm)
1312,678.0,756.0,133.07676539001648,-0.5633358136059049,15.606961257196694,58.818110348888496,2785.830383480826,964.0825958702064,0.8968253968253969,0.9641541401706882,27.83038348082596,19.08259587020649,2758,945,2808,981,0.48,0.86,122.27676456818676,12.234166952568806,3.2462479414969123,3.2462479414969123,12.234166952568806,678.0,6.111294902048187,0.208,needle_flaky,针片状候选,undersized,过小噪声(<5mm)
1313,6928.0,9125.0,432.38446861948967,0.0421932496538273,66.42758372406692,176.64220245537976,2839.977915704388,2423.791570438799,0.7592328767123288,0.9265964238288996,80.977915704388,36.79157043879908,2759,2387,2929,2461,0.47,0.65,87.58250487089387,36.74157811071899,13.81693741460592,13.81693741460592,36.74157811071899,6928.0,19.535401154729026,0.208,needle_flaky,针片状候选,normal,正常骨料
1314,4968.0,5278.0,287.7567685746391,-0.5108152987744886,62.19731371642413,107.1009391090525,2815.923309178744,612.817230273752,0.9412656309208032,0.8140923284534084,52.92330917874396,38.81723027375201,2763,574,2863,653,0.75,0.84,119.26756073049236,22.27699533468292,12.937041253016218,12.937041253016218,22.27699533468292,4968.0,16.542806423816995,0.208,regular,普通,normal,正常骨料
1315,428.0,452.0,78.37517167488576,-1.1814088674783871,20.392059172255458,27.53008938545292,2774.420560747664,2657.9369158878503,0.9469026548672568,0.6718150211343671,11.42056074766355,12.936915887850468,2763,2645,2786,2673,0.88,0.91,157.68974198584198,5.726258592174207,4.241548307829135,4.241548307829135,5.726258592174207,428.0,4.8555706630575,0.208,regular,普通,undersized,过小噪声(<5mm)
1316,612.0,697.0,131.3712160421084,-1.3138834283662493,13.535255481664096,61.95381902654259,2772.606209150327,468.35130718954247,0.8780487804878049,0.9758429258019364,8.606209150326798,27.351307189542485,2764,441,2786,500,0.45,0.93,165.27997521756532,12.886394357520858,2.815333140186132,2.815333140186132,12.886394357520858,612.0,5.806228261618235,0.208,needle_flaky,针片状候选,undersized,过小噪声(<5mm)
1317,11063.0,14370.0,488.90324474036,-0.3610183638089491,89.33325808947377,185.06074712600764,2858.2293229684533,2116.1514959775827,0.7698677800974252,0.8757725567507778,93.2293229684534,78.15149597758294,2765,2038,2934,2165,0.58,0.7,110.68482857297128,38.49263540220959,18.581317682610543,18.581317682610543,38.49263540220959,11063.0,24.686234519351842,0.208,needle_flaky,针片状候选,normal,正常骨料
1318,13676.0,14225.0,466.1661662479327,1.5402191694406042,103.31360520650846,173.89765053436898,2816.431047089792,1441.7274056741735,0.9614059753954306,0.8043868981322823,49.43104708979234,91.72740567417374,2767,1350,2874,1523,0.79,0.87,1.7519420659083522,36.17071131114874,21.48922988295376,21.48922988295376,36.17071131114874,13676.0,27.447193265122035,0.208,regular,普通,normal,正常骨料
1319,5219.0,5957.0,302.4656441658802,0.895398908840635,75.2208278365958,99.04171082922969,2803.5635179153096,2498.102893274573,0.8761121369817022,0.6505232342646307,36.56351791530945,59.10289327457368,2767,2439,2849,2539,0.72,0.74,38.69742154281248,20.60067585247977,15.645932190011926,15.645932190011926,20.60067585247977,5219.0,16.955556278913406,0.208,angular,棱角状,normal,正常骨料
1320,24330.0,25379.0,640.8064460886337,-1.2227381612945496,123.14311973567972,254.1438847424592,2840.466625565146,466.35211672831895,0.9586666141297924,0.874768578711934,72.4666255651459,118.35211672831896,2768,348,2914,588,0.74,0.9,160.05773609176418,52.86192802643151,25.61376890502138,25.61376890502138,52.86192802643151,24330.0,36.609133419012515,0.208,needle_flaky,针片状候选,normal,正常骨料
1321,2816.0,3010.0,251.00092787935367,0.086002589702931,33.341307116115495,111.92268949417092,2820.7542613636365,1054.0745738636365,0.935548172757475,0.9545983709413108,52.75426136363637,19.074573863636363,2768,1035,2881,1072,0.56,0.92,85.07241458282678,23.27991941478755,6.934991880152023,6.934991880152023,23.27991941478755,2816.0,12.4547415399998,0.208,needle_flaky,针片状候选,normal,正常骨料
1322,10927.0,13960.0,512.5604744172979,-0.6277055826953581,99.0936022712006,164.78315028377395,2865.7874073396174,995.48970440194,0.7827363896848137,0.7989799864224927,95.78740733961746,84.48970440194014,2770,911,2933,1056,0.52,0.57,125.9648806652441,34.27489525902498,20.611469272409725,20.611469272409725,34.27489525902498,10927.0,24.53402852150892,0.208,angular,棱角状,normal,正常骨料
1323,6849.0,10204.0,437.6127497210455,-1.1959617557312867,61.89867189028246,188.0672965428976,2824.492918674259,2315.848445028472,0.6712073696589572,0.9442844667059556,54.492918674259016,84.8484450284713,2770,2231,2872,2394,0.45,0.68,158.5235610624586,39.11799768092269,12.87492375317875,12.87492375317875,39.11799768092269,6849.0,19.42370069937183,0.208,needle_flaky,针片状候选,normal,正常骨料
1324,1325.0,1358.0,132.7514428188743,1.1448932038888795,36.42849602637303,46.99402899140475,2791.600754716981,1222.7011320754716,0.975699558173785,0.6317491840161257,20.60075471698113,22.701132075471698,2771,1200,2810,1248,0.94,0.97,24.402451423956336,9.774758030212189,7.57712717348559,7.57712717348559,9.774758030212189,1325.0,8.543313306559362,0.208,regular,普通,normal,正常骨料
1325,21062.0,21732.0,561.8364458003795,0.4275221014240026,149.6093838611748,187.0645047084075,2870.070173772672,1961.627528249929,0.9691698877231733,0.6003008115349706,98.07017377267115,77.62752824992879,2772,1884,2949,2043,0.84,0.85,65.50478793984072,38.90941697934876,31.118751843124357,31.118751843124357,38.90941697934876,21062.0,34.0618473653881,0.208,regular,普通,normal,正常骨料
1326,6339.0,8412.0,380.2854554734961,0.3579018217919246,81.01875563231452,117.64062897282514,2856.0495346269126,2192.0391228900457,0.7535663338088445,0.7250492092093657,82.04953462691276,45.03912289004575,2774,2147,2907,2236,0.55,0.58,69.4937361312794,24.46925082634763,16.85190117152142,16.85190117152142,24.46925082634763,6339.0,18.6865346351439,0.208,angular,棱角状,normal,正常骨料
1327,1182.0,1220.0,126.92833310395002,-1.393742069381565,32.48528941000555,46.63795151176424,2792.1641285956007,2721.148054145516,0.9688524590163936,0.7175160766519253,16.164128595600676,24.14805414551608,2776,2697,2810,2744,0.92,0.97,169.85553830539322,9.700693914446962,6.756940197281154,6.756940197281154,9.700693914446962,1182.0,8.069137807359898,0.208,regular,普通,normal,正常骨料
1328,972.0,1045.0,125.45282155216962,-1.266284263410296,26.47752284791608,47.74510467210537,2791.4156378600824,2671.3353909465022,0.9301435406698564,0.8321437749150763,14.415637860082304,22.33539094650206,2777,2649,2808,2694,0.78,0.88,162.55274395724217,9.930981771797915,5.507324752366544,5.507324752366544,9.930981771797915,972.0,7.317311218258129,0.208,regular,普通,normal,正常骨料
1329,386.0,424.0,87.95105093958546,1.4178903781009569,14.199672658469566,36.38973014419278,2786.4300518134714,1081.603626943005,0.910377358490566,0.9207254653662876,8.430051813471502,15.603626943005182,2778,1066,2796,1102,0.63,0.85,8.76086552260665,7.569063869992099,2.9535319129616697,2.9535319129616697,7.569063869992099,386.0,4.611179693536235,0.208,needle_flaky,针片状候选,undersized,过小噪声(<5mm)
1330,8531.0,8936.0,380.2459872273975,0.0984013856157909,74.45037028548089,149.7016973397416,2859.7238307349667,708.1161645762513,0.9546777081468218,0.8675644180175691,79.7238307349666,41.11616457625132,2780,667,2933,744,0.74,0.88,84.36201590597585,31.13795304666625,15.485677019380024,15.485677019380024,31.13795304666625,8531.0,21.677957736942236,0.208,needle_flaky,针片状候选,normal,正常骨料
1331,543.0,564.0,87.53044359342883,-1.3503960818356118,21.529049933679936,32.737274160304814,2794.3222836095765,670.4088397790056,0.9627659574468084,0.7533401114977789,12.322283609576427,15.408839779005524,2782,655,2806,688,0.89,0.95,167.37199616018347,6.809353025343401,4.478042386205426,4.478042386205426,6.809353025343401,543.0,5.469130786993321,0.208,regular,普通,undersized,过小噪声(<5mm)
1332,12458.0,12937.0,438.8582234766982,0.866812026091823,96.78212137075964,167.17715687018656,2854.8004495103546,1140.8471664793708,0.9629744144701244,0.8153846796358467,68.8004495103548,68.84716647937069,2786,1072,2919,1218,0.81,0.91,40.33532927375475,34.7728486289988,20.130681245118005,20.130681245118005,34.7728486289988,12458.0,26.196456964538395,0.208,regular,普通,normal,正常骨料
1333,1737.0,1862.0,164.3742871876184,1.1543563096890892,40.53856800369197,57.51208575435458,2806.876223373633,1181.496833621186,0.9328678839957036,0.7093360923549161,20.8762233736327,31.49683362118596,2786,1150,2834,1212,0.81,0.85,23.860255400518568,11.962513836905751,8.432022144767929,8.432022144767929,11.962513836905751,1737.0,9.781789291707533,0.208,regular,普通,normal,正常骨料
1334,509.0,658.0,117.77306118540696,1.526364744142533,19.5766335165602,35.48481963993651,2796.524557956778,1754.1218074656188,0.7735562310030395,0.8340489962741778,10.524557956777995,18.12180746561886,2786,1736,2809,1775,0.46,0.52,2.5457421630671178,7.380842485106794,4.071939771444521,4.071939771444521,7.380842485106794,509.0,5.295138029615643,0.208,angular,棱角状,undersized,过小噪声(<5mm)
1336,18423.0,19373.0,549.6974542126413,-0.4688730899447016,118.98926440728138,204.10867408299487,2899.5840525430167,1312.3361558920917,0.9509626800185824,0.8124935715816902,108.58405254301688,81.33615589209141,2791,1231,2987,1384,0.77,0.85,116.86444918108924,42.45460420926294,24.749766996714527,24.749766996714527,42.45460420926294,18423.0,31.856537495892816,0.208,regular,普通,normal,正常骨料
1337,195.0,208.0,53.82091077671875,-1.0493759078643514,14.58650760141362,17.76592420685044,2799.0666666666666,1305.9589743589745,0.9375,0.5708728372867549,7.066666666666666,8.95897435897436,2792,1297,2809,1316,0.85,0.86,150.12481064333647,3.695312235024891,3.033993581094033,3.033993581094033,3.695312235024891,195.0,3.277447170339639,0.208,regular,普通,undersized,过小噪声(<5mm)
1338,23101.0,23781.0,586.0490358445871,-1.3068451861737755,139.2889984887292,213.39763283935204,2877.8449417774123,1742.2863512402062,0.9714057440814096,0.7575988495813185,83.84494177741223,106.28635124020605,2794,1636,2950,1847,0.85,0.9,164.87671364474568,44.38670763058522,28.97211168565567,28.97211168565567,44.38670763058522,23101.0,35.672519524988886,0.208,regular,普通,normal,正常骨料
1340,1977.0,2113.0,173.12530004282195,-1.4732565348192508,42.64054819730998,61.83532757407282,2816.1876580677795,1268.3732928679815,0.935636535731188,0.7242073142145364,19.187658067779463,31.37329286798179,2797,1237,2840,1299,0.83,0.87,174.41138158521147,12.861748135407144,8.869234025040475,8.869234025040475,12.861748135407144,1977.0,10.435703440908306,0.208,regular,普通,normal,正常骨料
1341,1238.0,1306.0,144.77880134878083,0.3036819785515363,26.45748284443152,61.024162272732696,2824.2875605815834,2464.651050080776,0.9479326186830016,0.9011259067062908,27.2875605815832,16.651050080775445,2797,2448,2855,2481,0.74,0.95,72.60030431481458,12.6930257527284,5.503156431641756,5.503156431641756,12.6930257527284,1238.0,8.25807298050317,0.208,needle_flaky,针片状候选,normal,正常骨料
1342,1372.0,1469.0,151.7126317982447,-0.2655498033497216,32.06604285264279,55.30529674278738,2825.721574344024,2692.950437317784,0.9339686861810756,0.8147584262936347,25.721574344023324,16.950437317784257,2800,2676,2853,2713,0.75,0.84,105.21488298246804,11.503501722499774,6.669736913349699,6.669736913349699,11.503501722499774,1372.0,8.693515844019329,0.208,regular,普通,normal,正常骨料
1344,506.0,549.0,102.00928138854218,-1.5006852117431893,13.87835186896332,47.0322676095983,2812.312252964427,1540.4743083003953,0.9216757741347904,0.9554720879955684,8.312252964426877,22.474308300395258,2804,1518,2820,1564,0.61,1.0,175.98292901058102,9.782711662796446,2.88669718874437,2.88669718874437,9.782711662796446,506.0,5.279510436176026,0.208,needle_flaky,针片状候选,undersized,过小噪声(<5mm)
1346,2743.0,2847.0,199.8451858811524,-0.4727571087557154,45.866816144792345,76.80176196495367,2839.773605541378,945.846882974845,0.9634703196347032,0.802084570271748,34.77360554137805,26.84688297484506,2805,919,2878,974,0.86,0.95,117.08698706650976,15.974766488710362,9.540297758116807,9.540297758116807,15.974766488710362,2743.0,12.292247557902776,0.208,regular,普通,normal,正常骨料
1348,3225.0,3470.0,225.5496357599576,0.1552214972101159,58.31839813372546,73.15000644646895,2844.354418604651,1221.0790697674418,0.9293948126801151,0.6036572923885958,37.354418604651165,35.07906976744186,2807,1186,2887,1255,0.8,0.81,81.10646332015867,15.21520134086554,12.130226811814897,12.130226811814897,15.21520134086554,3225.0,13.328560688031406,0.208,regular,普通,normal,正常骨料
1349,19001.0,21064.0,601.7733473953533,-1.2522122730263006,112.21378076460113,227.51942241514723,2876.990368927952,1550.5631282564077,0.902060387390809,0.8699129556242083,68.99036892795117,121.56312825640757,2808,1429,2944,1656,0.66,0.79,161.74647829889057,47.324039862350624,23.340466399037037,23.340466399037037,47.324039862350624,19001.0,32.35240892175856,0.208,needle_flaky,针片状候选,normal,正常骨料
1351,426.0,460.0,84.61888873596669,1.222796956882832,21.75000925510597,27.1068075562838,2826.455399061033,1876.7018779342725,0.9260869565217392,0.5968110540620266,10.455399061032864,15.7018779342723,2816,1861,2841,1889,0.75,0.76,19.93889516917322,5.638215971707029,4.524001925062041,4.524001925062041,5.638215971707029,426.0,4.844212587471549,0.208,regular,普通,undersized,过小噪声(<5mm)
1352,7690.0,7843.0,325.20272265830744,-1.3266176675032453,81.91362707602416,120.59645968017458,2868.089466840052,2364.736020806242,0.9804921586127756,0.7339186189168286,45.08946684005202,62.73602080624188,2823,2302,2909,2424,0.91,0.97,166.00959337542548,25.08406361347631,17.038034431813024,17.038034431813024,25.08406361347631,7690.0,20.58171519217278,0.208,regular,普通,normal,正常骨料
1353,745.0,821.0,115.87694228746994,-1.3436237594409093,23.929617265079024,42.84420198840348,2850.036241610738,1267.6939597315436,0.907429963459196,0.8294867551628808,14.036241610738257,23.693959731543625,2836,1244,2864,1288,0.7,0.79,166.9839706694651,8.911594013587925,4.977360391136437,4.977360391136437,8.911594013587925,745.0,6.406141550828349,0.208,regular,普通,undersized,过小噪声(<5mm)
1354,5309.0,5646.0,301.8544672696945,-0.3167614059843989,67.50721920964871,108.01294045550937,2896.2467508005275,1860.6057637973247,0.9403117251151256,0.7806311880029204,60.24675080052741,47.605763797325295,2836,1813,2946,1895,0.73,0.79,108.14909167553608,22.466691614745947,14.041501595606931,14.041501595606931,22.466691614745947,5309.0,17.101127972654545,0.208,regular,普通,normal,正常骨料
1355,598.0,671.0,106.72167036892688,0.3992097357493497,23.09753173228478,37.650759596196906,2857.650501672241,2243.8060200668897,0.8912071535022354,0.789719670626439,19.650501672240804,11.806020066889632,2838,2232,2876,2261,0.66,0.72,67.1269670010294,7.831357996008956,4.804286600315233,4.804286600315233,7.831357996008956,598.0,5.739432944701629,0.208,angular,棱角状,undersized,过小噪声(<5mm)
1357,813.0,855.0,115.41686669521462,1.0113642652871326,27.675243960593686,40.833322244806034,2863.4821648216484,1391.859778597786,0.950877192982456,0.7352820367594798,19.48216482164821,14.859778597785978,2844,1377,2879,1414,0.77,0.81,32.05309604869795,8.493331026919655,5.756450743803486,5.756450743803486,8.493331026919655,813.0,6.692119185606466,0.208,regular,普通,normal,正常骨料
1358,5260.0,6869.0,342.5931153108829,1.1834915356713251,67.89301077666377,121.86146159731278,2909.010076045628,1093.8807984790874,0.7657592080361042,0.8304234479586688,58.01007604562738,49.88079847908745,2851,1044,2942,1166,0.56,0.64,22.19092991657655,25.34718401224106,14.121746241546065,14.121746241546065,25.34718401224106,5260.0,17.022026659290606,0.208,angular,棱角状,normal,正常骨料
1360,1314.0,1359.0,139.64580502223953,0.7839798388857985,33.23352705587042,51.62915153161822,2882.6499238965,658.4162861491628,0.9668874172185432,0.7652805004985295,21.64992389649924,21.41628614916286,2861,637,2907,679,0.85,0.91,45.081264008497484,10.73886351857659,6.912573627621047,6.912573627621047,10.73886351857659,1314.0,8.507776587436732,0.208,regular,普通,normal,正常骨料
1361,1777.0,2077.0,190.74573049152508,-1.4215145340602693,33.18109762076789,72.43201679686915,2881.495779403489,2267.6989307822173,0.855560905151661,0.8889007297253246,17.495779403489028,34.69893078221722,2864,2233,2905,2306,0.61,0.76,171.4467833181591,15.065859493748782,6.901668305119721,6.901668305119721,15.065859493748782,1777.0,9.893776790179826,0.208,needle_flaky,针片状候选,normal,正常骨料
1362,1758.0,2085.0,194.6727213085124,-1.2263272957838054,38.5319516755984,65.8945774204654,2896.0255972696245,887.6092150170648,0.8431654676258993,0.8112124916129871,28.025597269624573,37.60921501706485,2868,850,2916,915,0.58,0.65,160.2633783501034,13.7060721034568,8.014645948524468,8.014645948524468,13.7060721034568,1758.0,9.840741633448975,0.208,angular,棱角状,normal,正常骨料
1363,887.0,1029.0,126.69829530782238,1.0163856972964391,31.575897624098648,40.980445653570015,2886.347237880496,1415.9627959413754,0.8620019436345967,0.6374263036727406,14.347237880496056,21.962795941375425,2872,1394,2906,1436,0.69,0.71,31.765389187452776,8.523932695942563,6.567786705812519,6.567786705812519,8.523932695942563,887.0,6.990048743281793,0.208,angular,棱角状,normal,正常骨料
1364,464.0,491.0,87.39569057231567,-0.042221590783305,18.10758514748431,34.002246120227724,2895.5969827586205,539.4655172413793,0.945010183299389,0.8464043005868868,18.59698275862069,9.46551724137931,2877,530,2911,549,0.76,0.88,92.41911895621185,7.072467193007366,3.766377710676736,3.766377710676736,7.072467193007366,464.0,5.055654472749087,0.208,regular,普通,undersized,过小噪声(<5mm)
1365,7842.0,8779.0,415.77947413031154,-0.7953269999359148,68.65421920049724,161.8892195469533,2944.696761030349,1190.204922213721,0.8932680259710674,0.9056240398612598,66.6967610303494,60.20492221372099,2878,1130,3010,1260,0.57,0.74,135.56888042912942,33.67295766576629,14.280077593703425,14.280077593703425,33.67295766576629,7842.0,20.784128234606232,0.208,needle_flaky,针片状候选,normal,正常骨料
1367,15649.0,18717.0,546.2468872707266,-1.4468903261308703,125.79135986022634,176.3214592508144,2964.1318934117194,2136.2556073870533,0.8360848426564086,0.7007360835257064,84.1318934117196,90.25560738705347,2880,2046,3026,2210,0.66,0.69,172.90070910560615,36.6748635241694,26.16460285092708,26.16460285092708,36.6748635241694,15649.0,29.36038117424384,0.208,angular,棱角状,normal,正常骨料
1368,300.0,319.0,65.75298453161078,-1.3895975116816792,19.240936728513063,20.923935215930776,2893.6666666666665,2231.563333333333,0.9404388714733544,0.3929358820521451,10.666666666666666,11.563333333333333,2883,2220,2904,2241,0.87,0.87,169.61807264124133,4.352178524913601,4.002114839530717,4.002114839530717,4.352178524913601,300.0,4.0651728990322935,0.208,regular,普通,undersized,过小噪声(<5mm)
1369,1470.0,1639.0,168.9124549007912,0.2086625804369138,43.54848148691973,51.970785029122446,2918.6285714285714,1632.7326530612245,0.896888346552776,0.5457599436199249,34.628571428571426,25.73265306122449,2884,1607,2941,1659,0.65,0.66,78.04451479865578,10.809923286057469,9.058084149279304,9.058084149279304,10.809923286057469,1470.0,8.998643810332224,0.208,angular,棱角状,normal,正常骨料
1372,2845.0,3307.0,223.1539730236666,-0.0097828074768803,59.878967718496405,64.58357894114545,2923.900527240773,769.1325131810194,0.8602963410946477,0.3746787852506373,33.900527240773286,28.13251318101933,2890,741,2963,799,0.72,0.72,90.56051358021428,13.433384419758251,12.454825285447251,12.454825285447251,13.433384419758251,2845.0,12.518708578061709,0.208,angular,棱角状,normal,正常骨料
1373,1546.0,1690.0,159.1065378399639,0.4192822083034545,35.80518505285256,57.23272469845883,2917.976067270375,1402.556274256145,0.914792899408284,0.7801384874957624,27.97606727037516,20.55627425614489,2890,1382,2950,1425,0.77,0.83,65.97689903928702,11.904406737279436,7.447478490993332,7.447478490993332,11.904406737279436,1546.0,9.228330484743735,0.208,regular,普通,normal,正常骨料
1374,1011.0,1384.0,167.1116207778687,-0.1167628261742623,22.36740563444117,73.77795241867021,2920.578635014837,2048.4441147378834,0.7304913294797688,0.952935868401743,30.578635014836795,13.444114737883284,2890,2035,2961,2065,0.45,0.73,96.6900171438049,15.345814103083404,4.652420371963763,4.652420371963763,15.345814103083404,1011.0,7.462665439085402,0.208,needle_flaky,针片状候选,undersized,过小噪声(<5mm)
1375,4304.0,4500.0,248.49363208523107,1.5171750032137226,68.48218898620817,82.19208765914026,2922.389172862453,2285.456552044609,0.9564444444444444,0.5529764913193157,32.389172862453535,44.45655204460967,2890,2241,2960,2326,0.88,0.89,3.072275533106591,17.09595423310117,14.2442953091313,14.2442953091313,17.09595423310117,4304.0,15.397652908653598,0.208,round,圆形,normal,正常骨料
1376,3106.0,3415.0,226.62088824839853,-1.2139883656981414,54.55274340218451,77.33866967413556,2928.6580811332906,364.9578235672891,0.9095168374816984,0.708834597997391,33.65808113329041,35.95782356728912,2895,329,2959,408,0.76,0.8,159.55640973248785,16.086443292220196,11.346970627654375,11.346970627654375,16.086443292220196,3106.0,13.080342624357703,0.208,regular,普通,normal,正常骨料
1377,1036.0,1076.0,123.69145567534574,0.9149334423524468,28.811459897178885,46.38016758548243,2913.846525096525,932.3696911196912,0.9628252788104088,0.783650360050398,16.846525096525095,21.36969111969112,2897,911,2934,952,0.85,0.92,37.57817521782879,9.647074857780346,5.992783658613208,5.992783658613208,9.647074857780346,1036.0,7.554370347507811,0.208,regular,普通,normal,正常骨料
1378,4626.0,6819.0,377.373900616034,1.456246836292482,52.14132430661928,156.29375018189688,2942.9945957630785,1474.6655858192823,0.6783985921689397,0.9427108029114996,41.99459576307825,56.66558581928232,2901,1418,2969,1560,0.41,0.62,6.563202351162261,32.50910003783455,10.84539545577681,10.84539545577681,32.50910003783455,4626.0,15.963246079008822,0.208,needle_flaky,针片状候选,normal,正常骨料
1379,594.0,630.0,94.32952102177951,1.0234755141737455,24.304023916951166,31.67177328860093,2917.4309764309764,469.6683501683502,0.9428571428571428,0.6412024687141014,14.43097643097643,13.668350168350168,2903,456,2931,486,0.84,0.86,31.359172602862515,6.587728844028994,5.055236974725842,5.055236974725842,6.587728844028994,594.0,5.720205309608451,0.208,regular,普通,normal,正常骨料
1380,1953.0,2212.0,184.50201343044412,0.0450366051917623,37.36453785373183,72.43998375730953,2937.380440348182,1024.4618535586278,0.8829113924050633,0.8567090767260326,33.38044034818228,20.46185355862775,2904,1004,2973,1044,0.72,0.84,87.41959259891505,15.067516621520385,7.771823873576221,7.771823873576221,15.067516621520385,1953.0,10.372167365149066,0.208,angular,棱角状,normal,正常骨料
1382,14139.0,14944.0,458.68374711166337,1.1649505341462874,132.54611742281446,143.0863513980883,2981.090176108636,649.5875238701464,0.946132226980728,0.3766969498608929,76.09017610863569,84.5875238701464,2905,565,3056,717,0.84,0.85,23.253251051906844,29.76196109080237,27.569592423945405,27.569592423945405,29.76196109080237,14139.0,27.907937488197238,0.208,regular,普通,normal,正常骨料
1383,1405.0,1498.0,148.57103914465492,-1.016488077086899,34.843111455901486,54.03040133465728,2924.6042704626334,2342.3551601423487,0.937917222963952,0.7642840532082283,18.60427046263345,22.355160142348755,2906,2320,2947,2371,0.8,0.86,148.24047674244798,11.238323477608713,7.247367182827508,7.247367182827508,11.238323477608713,1405.0,8.797444919242633,0.208,regular,普通,normal,正常骨料
1384,12810.0,13507.0,488.57792216921786,1.4685363361831822,96.9000366132022,185.41968727701925,2959.5372365339576,914.4708040593288,0.9483971274154144,0.8525789615903561,51.537236533957845,84.47080405932864,2908,830,3017,1018,0.67,0.79,5.859065875098651,38.56729495362,20.155207615546058,20.155207615546058,38.56729495362,12810.0,26.563968657722,0.208,regular,普通,normal,正常骨料
1385,2225.0,2779.0,215.76006698194743,-1.5395860702454336,53.63122705241114,62.73930141922771,2951.094382022472,1062.2867415730336,0.8006477150053977,0.5189136663116317,37.09438202247191,24.28674157303371,2914,1038,2981,1103,0.6,0.61,178.21178402219522,13.049774695199362,11.155295226901517,11.155295226901517,13.049774695199362,2225.0,11.070912083072203,0.208,angular,棱角状,normal,正常骨料
1386,4481.0,4722.0,264.0273740859682,0.330941171756663,64.6307070785603,92.08975771174524,2968.2515063601872,1381.751841106896,0.9489623041084286,0.7123514031743051,53.251506360187456,37.75184110689578,2915,1344,3010,1418,0.81,0.85,71.03846759122914,19.154669604043008,13.443187072340542,13.443187072340542,19.154669604043008,4481.0,15.711073712760511,0.208,regular,普通,normal,正常骨料
1387,12869.0,13300.0,444.45129539549487,0.898504721287941,105.61806435444922,162.01152816110636,2987.14756391328,2395.8376719247804,0.967593984962406,0.7582903571524178,66.14756391327998,81.83767192478048,2921,2314,3057,2466,0.82,0.88,38.51947159762265,33.69839785751012,21.96855738572544,21.96855738572544,33.69839785751012,12869.0,26.625072235631187,0.208,regular,普通,normal,正常骨料
1388,14194.0,16921.0,529.871930577676,-0.185666843664564,110.48371528346108,178.3797962943468,3022.113498661406,2234.354938706496,0.8388393120973938,0.7850964855615901,100.11349866140624,80.3549387064957,2922,2154,3103,2292,0.64,0.69,100.6379265374948,37.10299762922413,22.980612778959905,22.980612778959905,37.10299762922413,14194.0,27.962165041473682,0.208,angular,棱角状,normal,正常骨料
1389,8610.0,10113.0,405.3950767389329,-0.0532222700148474,89.62965348565942,133.6925653802678,2996.9833914053424,816.653774680604,0.8513794126371996,0.741985310275386,73.98339140534263,46.65377468060395,2923,770,3059,883,0.66,0.7,93.04941144795644,27.808053599095704,18.64296792501716,18.64296792501716,27.808053599095704,8610.0,21.778099114983938,0.208,angular,棱角状,normal,正常骨料
1390,1366.0,2209.0,202.2571969002605,-1.2668057149638725,34.154297366121845,79.06403784776265,2942.189604685212,1581.5790629575404,0.6183793571751924,0.9018818868894796,17.1896046852123,34.579062957540266,2925,1547,2975,1616,0.42,0.54,162.58262093048265,16.44531987233463,7.104093852153343,7.104093852153343,16.44531987233463,1366.0,8.674485870426821,0.208,needle_flaky,针片状候选,normal,正常骨料
1391,428.0,450.0,79.48589240942536,0.3158608953667304,20.218061956503856,27.915169674355496,2937.978971962617,717.8060747663551,0.9511111111111112,0.689518655227714,11.978971962616823,10.80607476635514,2926,707,2955,729,0.85,0.88,71.90250378226304,5.806355292265943,4.205356886952802,4.205356886952802,5.806355292265943,428.0,4.8555706630575,0.208,regular,普通,undersized,过小噪声(<5mm)
1392,6984.0,7703.0,359.2375780461597,-1.304641674266557,70.78654142374326,134.5896147884546,2970.1093928980526,1817.105526918672,0.9066597429572892,0.8505194703730858,41.10939289805269,62.105526918671245,2929,1755,3014,1897,0.68,0.79,164.75046171235522,27.99463987599856,14.723600616138595,14.723600616138595,27.99463987599856,6984.0,19.614195947663514,0.208,regular,普通,normal,正常骨料
1393,836.0,964.0,127.48369347121984,1.148942279282512,26.69628548808881,45.89336672288457,2949.4964114832537,1648.657894736842,0.8672199170124482,0.8134016341441832,13.496411483253588,25.657894736842103,2936,1623,2968,1667,0.65,0.72,24.170456492970928,9.54582027835999,5.552827381522473,5.552827381522473,9.54582027835999,836.0,6.786119967597158,0.208,angular,棱角状,normal,正常骨料
1394,9728.0,10214.0,408.9014602097636,0.6020253683125971,82.0466816415454,155.83399270597607,3003.2733347039475,1724.2245065789473,0.9524182494615234,0.8501747932865013,64.27333470394737,62.22450657894737,2939,1662,3078,1778,0.73,0.85,55.506487235879256,32.413470482843024,17.065709781441445,17.065709781441445,32.413470482843024,9728.0,23.148890213869215,0.208,regular,普通,normal,正常骨料
1395,6725.0,9192.0,443.2779864515751,1.3839152061197024,79.91348560165952,144.91457785102605,2973.985130111524,1967.72,0.7316144473455178,0.834206387733081,34.985130111524164,74.72,2939,1893,3026,2049,0.43,0.49,10.707499485363655,30.142232193013417,16.62200500514518,16.62200500514518,30.142232193013417,6725.0,19.247066135816997,0.208,angular,棱角状,normal,正常骨料
1396,2993.0,3346.0,242.34519979916465,0.0047647564589454,46.795574358815344,84.85382900623105,2984.9812896759104,760.8159037754762,0.8945008965929468,0.8341851165138598,38.98128967591046,24.815903775476112,2946,736,3043,785,0.64,0.73,89.72699956449473,17.649596433296058,9.733479466633591,9.733479466633591,17.649596433296058,2993.0,12.840198944744676,0.208,angular,棱角状,normal,正常骨料
1397,4423.0,5595.0,332.04126833275683,-1.123999022636077,57.55508290036371,114.06215082251607,2996.5152611349763,1217.5150350440877,0.7905272564789991,0.8633567294918705,50.51526113497626,57.515035044087725,2946,1160,3032,1287,0.5,0.6,154.40040017387668,23.724927371083343,11.971457243275651,11.971457243275651,23.724927371083343,4423.0,15.609064095560496,0.208,angular,棱角状,normal,正常骨料
1398,22388.0,23081.0,596.259211968754,-0.92861321289222,148.34476221298274,204.8937339570848,3038.3118634983025,1593.7909594425585,0.969975304362896,0.6897912685594749,91.31186349830266,90.79095944255852,2947,1503,3125,1704,0.79,0.82,143.20561789880762,42.61789666307364,30.85571054030041,30.85571054030041,42.61789666307364,22388.0,35.117698296339036,0.208,regular,普通,normal,正常骨料
1399,5257.0,7577.0,368.8923938030567,0.3704196838756641,64.18433610497041,138.9119706917081,3028.391858474415,739.3557161879398,0.6938102151247195,0.886853650859695,80.39185847441506,43.35571618793989,2948,696,3083,791,0.49,0.6,68.7765154653543,28.89368990387528,13.350341909833846,13.350341909833846,28.89368990387528,5257.0,17.01717177684382,0.208,needle_flaky,针片状候选,normal,正常骨料
1400,225.0,239.0,58.39854673599027,1.1587483287385214,14.914813466921014,20.263898775110853,2957.8977777777777,1631.1333333333334,0.9414225941422594,0.6769502040964338,7.897777777777778,11.133333333333333,2950,1620,2968,1641,0.83,0.86,23.608611245445047,4.214890945223058,3.102281201119571,3.102281201119571,4.214890945223058,225.0,3.520543001337999,0.208,regular,普通,undersized,过小噪声(<5mm)
1401,4050.0,5610.0,317.53931057436193,1.330303596106758,48.73037215699988,133.9927424395942,2986.529135802469,480.9217283950617,0.7219251336898396,0.9315242595369158,28.52913580246913,56.92172839506173,2958,424,3031,540,0.5,0.72,13.779218472006676,27.87049042743559,10.135917408655974,10.135917408655974,27.87049042743559,4050.0,14.93639897822964,0.208,needle_flaky,针片状候选,normal,正常骨料
1402,4387.0,4534.0,257.133011882603,1.219421075932126,58.54294039284243,97.4397579887708,2990.800775017096,1468.5352176886254,0.9675782973092192,0.7993906293185331,32.800775017095965,52.53521768862549,2958,1416,3026,1517,0.83,0.92,20.132318899787293,20.267469661664325,12.176931601711225,12.176931601711225,20.267469661664325,4387.0,15.545411099595682,0.208,regular,普通,normal,正常骨料
1403,199.0,215.0,57.05778820532302,0.8629662426499332,12.751138465443267,20.553172173909832,2968.3366834170856,1645.2763819095478,0.9255813953488372,0.7842874673327493,9.336683417085426,9.27638190954774,2959,1636,2978,1654,0.77,0.84,40.55567643389633,4.275059812173245,2.6522368008121995,2.6522368008121995,4.275059812173245,199.0,3.3108913749957116,0.208,regular,普通,undersized,过小噪声(<5mm)
1404,1512.0,1595.0,162.7640226147248,0.5463979044827894,34.95971366789568,58.96826543092568,2982.998015873016,1522.508597883598,0.9479623824451412,0.8053081936511743,21.99801587301588,24.508597883597883,2961,1498,3017,1543,0.72,0.79,58.693706138343885,12.26539920963254,7.2716204429223,7.2716204429223,12.26539920963254,1512.0,9.126290523706452,0.208,regular,普通,normal,正常骨料
1405,17920.0,19928.0,564.63636760001,0.6175786190630456,143.27020725253828,170.99688536813073,3062.1642299107143,2032.8901785714288,0.8992372541148134,0.545896329519716,94.16422991071428,88.89017857142858,2968,1944,3147,2109,0.71,0.71,54.61535161016988,35.56735215657119,29.800203108527963,29.800203108527963,35.56735215657119,17920.0,31.418641076413913,0.208,angular,棱角状,normal,正常骨料
1407,33230.0,34916.0,732.8750573952353,0.2400547057428873,163.42583913792598,267.00454389828155,3094.9406560337043,1090.9270237736985,0.9517126818650476,0.7908025215773123,120.94065603370449,90.92702377369848,2974,1000,3226,1178,0.78,0.85,76.24587850867768,55.53694513084256,33.9925745406886,33.9925745406886,55.53694513084256,33230.0,42.784214695323264,0.208,regular,普通,normal,正常骨料
1408,11595.0,12269.0,434.2411192713281,1.365716675116977,104.86110578899982,148.95203683562335,3025.625010780509,1891.8583872358768,0.9450647974570054,0.7102074795091928,51.62501078050884,82.85838723587753,2974,1809,3089,1964,0.77,0.81,11.750198505157812,30.982023661809656,21.811110004111963,21.811110004111963,30.982023661809656,11595.0,25.272823873033637,0.208,regular,普通,normal,正常骨料
1409,13363.0,15724.0,545.2940395205816,0.4611914145923297,97.64116061837596,193.6500451468375,3064.0377160817184,1324.5090174362044,0.8498473670821673,0.8635784494508357,87.03771608171817,65.50901743620445,2977,1259,3168,1404,0.56,0.67,63.575678396191336,40.2792093905422,20.3093614086222,20.3093614086222,40.2792093905422,13363.0,27.131285940226075,0.208,angular,棱角状,normal,正常骨料
1410,5644.0,6200.0,306.622672778995,-0.5195531103240322,69.09867149595694,110.04029489933092,3032.484053862509,971.5088589652728,0.9103225806451613,0.7782619825171079,50.48405386250886,43.50885896527286,2982,928,3078,1018,0.75,0.82,119.76820045446188,22.888381339060828,14.372523671159042,14.372523671159042,22.888381339060828,5644.0,17.632418974274465,0.208,regular,普通,normal,正常骨料
1411,14117.0,14443.0,455.65378751590526,0.275420814352799,121.14586234261137,155.0695123093224,3069.1233264857974,2332.379754905433,0.9774285120819776,0.6242359696643826,85.12332648579726,54.37975490543317,2984,2278,3144,2403,0.85,0.87,74.21954974752845,32.25445856033905,25.198339367263163,25.198339367263163,32.25445856033905,14117.0,27.886216940641653,0.208,regular,普通,normal,正常骨料
1412,717.0,807.0,131.96604465547685,-0.8529091459652435,18.2841959994516,53.96054604483135,3005.7726638772665,1268.4546722454672,0.8884758364312267,0.9408426463203527,20.77266387726639,17.454672245467226,2985,1251,3026,1296,0.52,0.77,138.86809437191593,11.22379357732492,3.8031127678859327,3.8031127678859327,11.22379357732492,717.0,6.284604790332772,0.208,needle_flaky,针片状候选,undersized,过小噪声(<5mm)
1415,223.0,239.0,59.50926747052986,0.8887042391047775,13.18472128871866,22.34499676292716,2999.286995515696,1355.1121076233185,0.9330543933054394,0.8073648758077243,9.286995515695068,10.112107623318384,2990,1345,3009,1365,0.79,0.88,39.08099786391108,4.647759326688849,2.742422028053481,2.742422028053481,4.647759326688849,223.0,3.504861217358417,0.208,regular,普通,undersized,过小噪声(<5mm)
1416,25712.0,26427.0,596.1244589476408,-0.5221416540467849,169.6974129152111,197.4833901161051,3084.2768357187306,449.5668948350964,0.9729443372308624,0.5114724516542777,87.27683571873055,86.56689483509645,2997,363,3188,549,0.91,0.92,119.9165130848607,41.07654514414986,35.297061886363906,35.297061886363906,41.07654514414986,25712.0,37.63451503311698,0.208,round,圆形,normal,正常骨料
1417,325.0,356.0,72.13145461380485,-0.3010029378834267,15.63573530200331,27.379747091535688,3010.7476923076924,1151.0184615384617,0.9129213483146068,0.820901796081313,13.747692307692308,10.01846153846154,2997,1141,3025,1161,0.78,0.88,107.24619796175884,5.694987395039423,3.2522329428166885,3.2522329428166885,5.694987395039423,325.0,4.231166102933348,0.208,regular,普通,undersized,过小噪声(<5mm)
1418,19566.0,20457.0,551.3798835972677,0.3681397711249163,128.39326710807669,198.18978100173948,3103.197280997649,1441.8481549626904,0.9564452265728112,0.76178501788248,102.197280997649,67.84815496269039,3001,1374,3192,1516,0.81,0.87,68.9071448436302,41.223474448361806,26.70579955847995,26.70579955847995,41.223474448361806,19566.0,32.82988934173425,0.208,regular,普通,normal,正常骨料
1419,707.0,735.0,98.25651183876678,-0.2568900249567283,26.09530824900181,35.02510933395227,3022.33946251768,1515.5728429985857,0.961904761904762,0.667013385235898,18.33946251768034,13.572842998585571,3004,1502,3041,1530,0.92,0.95,104.71871422903092,7.285222741462072,5.427824115792376,5.427824115792376,7.285222741462072,707.0,6.240625210188432,0.208,regular,普通,normal,正常骨料
1420,396.0,429.0,82.9528076341573,-1.2635126555189682,20.53741561386176,27.652719224030022,3014.65404040404,913.1994949494948,0.9230769230769232,0.6696346914080671,9.654040404040405,16.199494949494948,3005,897,3029,927,0.72,0.75,162.39394252260394,5.7517655985982445,4.271782447683246,4.271782447683246,5.7517655985982445,396.0,4.670528077499925,0.208,regular,普通,undersized,过小噪声(<5mm)
1421,1817.0,1891.0,163.3193829819946,-0.3555331509575663,39.08592438476454,60.70078226499585,3032.5943863511284,1372.1640066042928,0.960867265996827,0.7651000827525695,27.594386351128232,22.16400660429279,3005,1350,3064,1395,0.86,0.92,110.37054902685614,12.625762711119137,8.129872272031024,8.129872272031024,12.625762711119137,1817.0,10.004510812650357,0.208,regular,普通,normal,正常骨料
1422,19809.0,20887.0,570.8637363782736,0.6548948295134949,119.82234653411584,217.2235803743308,3109.770508354788,906.0197889848048,0.9483889500646336,0.8341032303266742,95.77050835478823,92.01978898480488,3014,814,3213,984,0.76,0.87,52.47729024393716,45.1825047178608,24.92304807909609,24.92304807909609,45.1825047178608,19809.0,33.033125723381495,0.208,regular,普通,normal,正常骨料
1423,5134.0,5689.0,307.54282396350567,1.2700864613947096,71.96037856892472,101.366623075902,3061.782820412933,1808.712699649396,0.9024433116540692,0.7043003682603548,43.78282041293338,51.712699649396185,3018,1757,3097,1871,0.68,0.71,17.22940614537778,21.084257599787616,14.967758742336342,14.967758742336342,21.084257599787616,5134.0,16.81691489828051,0.208,regular,普通,normal,正常骨料
1424,7544.0,7864.0,353.08914576009323,-0.6393142911961835,85.72322157906896,122.35653028991476,3067.878579003181,1206.427624602333,0.9593082400813836,0.7135523331416677,46.878579003181336,48.42762460233298,3021,1158,3139,1262,0.76,0.8,126.63001066793905,25.45015830030227,17.83043008844634,17.83043008844634,25.45015830030227,7544.0,20.385399840200733,0.208,regular,普通,normal,正常骨料
1425,1358.0,1431.0,143.43804281811356,1.2143599847603757,31.68321998386724,55.68340560683485,3040.775405007364,1488.177466863034,0.9489867225716282,0.8223454473020939,19.77540500736377,23.177466863033874,3021,1465,3058,1517,0.83,0.93,20.42229806365951,11.582148366221649,6.590109756644385,6.590109756644385,11.582148366221649,1358.0,8.649047440668086,0.208,regular,普通,normal,正常骨料
1426,2775.0,2860.0,199.15507249276936,0.601470882599262,48.01254053125851,74.69222417986668,3059.856936936937,2151.191711711712,0.9702797202797204,0.7660297902772193,32.85693693693694,31.19171171171171,3027,2120,3094,2180,0.88,0.94,55.53825692705367,15.53598262941227,9.98660843050177,9.98660843050177,15.53598262941227,2775.0,12.363740694708712,0.208,regular,普通,normal,正常骨料
1429,12337.0,14620.0,489.5770098459259,0.8087454080027644,120.38395856336828,144.1094866512149,3107.763799951366,717.3234984193888,0.843844049247606,0.5496963200718562,72.76379995136581,65.32349841938883,3035,652,3181,795,0.65,0.65,43.662301420855805,29.974773223452697,25.0398633811806,25.0398633811806,29.974773223452697,12337.0,26.068928243785518,0.208,angular,棱角状,normal,正常骨料
1430,790.0,824.0,104.17490632870556,0.5433426916600855,30.810690903312224,33.458374428698384,3060.817721518987,1706.2860759493672,0.95873786407767,0.3898784147731507,19.81772151898734,15.286075949367088,3041,1691,3077,1724,0.91,0.92,58.86875693859906,6.959341881169264,6.408623707888943,6.408623707888943,6.959341881169264,790.0,6.596779075738662,0.208,round,圆形,normal,正常骨料
1433,342.0,410.0,86.51500763390372,1.521050618340999,17.08705977534516,29.820031225917504,3067.6959064327484,1682.09649122807,0.8341463414634146,0.8195511028022325,10.695906432748538,16.096491228070175,3057,1666,3077,1699,0.57,0.64,2.8502191432965844,6.20256649499084,3.5541084332717934,3.5541084332717934,6.20256649499084,342.0,4.3404169151004774,0.208,angular,棱角状,undersized,过小噪声(<5mm)
1434,18437.0,20535.0,549.427948170415,-1.1716610048981817,135.19049409996032,186.3345196749438,3142.964744806639,2423.896078537723,0.8978329681032384,0.6881950092879836,84.96474480663882,104.89607853772306,3058,2319,3211,2512,0.77,0.8,157.1312306007227,38.75758009238831,28.119622772791747,28.119622772791747,38.75758009238831,18437.0,31.86863940187144,0.208,angular,棱角状,normal,正常骨料
1435,2962.0,3501.0,252.84123024837496,0.4511033508905454,42.99088263032419,98.28814672324636,3113.523632680621,1007.5958811613774,0.8460439874321622,0.8992688027267911,51.523632680621205,25.59588116137745,3062,982,3165,1039,0.58,0.74,64.15368186976269,20.44393451843524,8.94210358710743,8.94210358710743,20.44393451843524,2962.0,12.773529678012112,0.208,needle_flaky,针片状候选,normal,正常骨料
1436,8235.0,11304.0,471.6870733549964,1.380538515567869,105.33829385250908,132.92230766758382,3123.0780813600486,1791.5109896782028,0.7285031847133758,0.6098976715151565,61.07808136004857,72.51098967820279,3062,1719,3183,1871,0.47,0.47,10.900969602705388,27.647839994857435,21.910365121321888,21.910365121321888,27.647839994857435,8235.0,21.2985577607565,0.208,angular,棱角状,normal,正常骨料
1439,2319.0,2917.0,240.4096126551289,1.3759909903468943,35.53675077235395,97.57650206832908,3095.481673134972,1920.26347563605,0.7949948577305451,0.9313232108774632,24.48167313497197,42.263475636050025,3071,1878,3113,1968,0.5,0.72,11.161523605096562,20.295912430212447,7.391644160649621,7.391644160649621,20.295912430212447,2319.0,11.302350432696546,0.208,needle_flaky,针片状候选,normal,正常骨料
1440,1290.0,1598.0,168.26180975850693,-0.5901227625950193,38.08022947499704,53.59208869541175,3098.1372093023256,1645.5713178294573,0.8072590738423029,0.7036397256884429,25.13720930232558,29.571317829457364,3073,1616,3130,1669,0.57,0.6,123.81154369129524,11.147154448645644,7.920687730799384,7.920687730799384,11.147154448645644,1290.0,8.429721941192039,0.208,angular,棱角状,normal,正常骨料
1441,10218.0,11369.0,471.4570355588687,-0.5783091933281393,68.23939039013247,204.17670747878088,3165.157271481699,2089.194167156,0.8987597853813001,0.9424960414860504,90.15727148169896,58.19416715599922,3075,2031,3253,2154,0.58,0.87,123.13467603131755,42.46875515558642,14.193793201147551,14.193793201147551,42.46875515558642,10218.0,23.72473354136663,0.208,needle_flaky,针片状候选,normal,正常骨料
1442,449.0,471.0,90.17249240866464,0.1346383811518085,14.48064678236484,39.95143885951973,3094.953229398664,1873.964365256125,0.9532908704883228,0.9320008057040486,18.95322939866369,6.964365256124721,3076,1867,3114,1882,0.69,0.99,82.28578899952764,8.309899282780105,3.0119745307318864,3.0119745307318864,8.309899282780105,449.0,4.9732645830356255,0.208,needle_flaky,针片状候选,undersized,过小噪声(<5mm)
1443,14201.0,17218.0,622.9165095977042,-0.0916456896899299,90.76228535334504,237.2968427257456,3210.7228364199705,785.2378001549187,0.8247763967940528,0.9239620455245402,132.72283641997043,52.237800154918666,3078,733,3311,843,0.46,0.63,95.2509112297986,49.35774328695508,18.878555353495766,18.878555353495766,49.35774328695508,14201.0,27.969059187900065,0.208,needle_flaky,针片状候选,normal,正常骨料
1444,7260.0,7520.0,322.1958830258308,-0.8170753196229328,93.67388269104288,100.66528880025125,3123.734573002755,1698.921349862259,0.9654255319148936,0.3661699447144874,45.73457300275482,49.92134986225895,3078,1649,3179,1752,0.88,0.88,136.81496735869683,20.938380070452254,19.48416759973692,19.48416759973692,20.938380070452254,7260.0,19.998006473557414,0.208,round,圆形,normal,正常骨料
1446,188.0,206.0,57.38311077646517,-1.4822545623524137,15.577395353982688,17.20492104261438,3088.93085106383,1853.6755319148936,0.912621359223301,0.42455216602891,6.930851063829787,10.675531914893616,3082,1843,3098,1862,0.72,0.72,174.92693058680425,3.578623576863791,3.240098233628399,3.240098233628399,3.578623576863791,188.0,3.2180835764043403,0.208,regular,普通,undersized,过小噪声(<5mm)
1448,14784.0,15293.0,455.2495284525657,-1.1747139731719498,132.85367864193714,144.16521238887137,3152.319872835498,314.72429653679654,0.9667167985352776,0.3882888903924353,61.31987283549783,66.72429653679653,3091,248,3224,389,0.9,0.9,157.30615279779693,29.98636417688524,27.633565157522924,27.633565157522924,29.98636417688524,14784.0,28.537397934079976,0.208,round,圆形,normal,正常骨料
1450,6266.0,7629.0,385.2673504961072,-0.1382343855818372,94.56758801513008,113.91131410698516,3171.417172039579,843.243696137887,0.8213396251146939,0.5574863787854514,76.41717203957867,37.24369613788701,3095,806,3234,908,0.53,0.54,97.92024687742337,23.69355333425291,19.670058307147052,19.670058307147052,23.69355333425291,6266.0,18.578625887481635,0.208,angular,棱角状,normal,正常骨料
1451,31076.0,32226.0,698.7285689495515,-0.6934702253102724,170.9928578083452,241.05698256261235,3205.957072982366,2191.3629167202985,0.9643145286414696,0.7048602339848101,108.95707298236582,118.36291672029864,3097,2073,3319,2295,0.8,0.84,129.7329171282649,50.139852373023366,35.5665144241358,35.5665144241358,50.139852373023366,31076.0,41.37432777310713,0.208,regular,普通,normal,正常骨料
1452,4605.0,4756.0,258.7990929844124,-1.2348334193970214,67.19053076717714,89.30648486811961,3136.989576547231,1599.1776330076004,0.96825063078217,0.658753406874301,37.98957654723127,46.177633007600434,3099,1553,3177,1643,0.86,0.89,160.75074333315723,18.57574885256888,13.975630399572845,13.975630399572845,18.57574885256888,4605.0,15.926971816075355,0.208,regular,普通,normal,正常骨料
1453,18654.0,19378.0,521.834151074137,-0.9631697451378626,146.89500385682297,166.02259048893936,3185.0540366677387,1281.4480540366678,0.9626380431417072,0.4659913919606717,85.05403666773883,84.44805403666774,3100,1197,3279,1372,0.86,0.87,145.18556135109066,34.532698821699384,30.554160802219176,30.554160802219176,34.532698821699384,18654.0,32.05563471319006,0.208,round,圆形,normal,正常骨料
1454,13360.0,13765.0,428.4411295196852,-0.5989616988726972,126.10462748763844,137.70039059939256,3179.7096556886227,2556.896931137725,0.9705775517617145,0.4016576299954432,71.70965568862276,72.89693113772455,3108,2484,3251,2627,0.91,0.92,124.31797743539128,28.64168124467365,26.2297625174288,26.2297625174288,28.64168124467365,13360.0,27.128240275832837,0.208,round,圆形,normal,正常骨料
1455,13656.0,14308.0,473.7342935568637,-1.3896540941187283,95.95440225110798,187.682672048384,3154.99377562976,1908.1820445225544,0.9544310875034946,0.8594268575904176,44.99377562975981,88.1820445225542,3110,1820,3216,2006,0.76,0.9,169.62131457607882,39.037995786063874,19.958515668230454,19.958515668230454,39.037995786063874,13656.0,27.42711631615128,0.208,regular,普通,normal,正常骨料
1456,1171.0,1423.0,158.2422031843691,0.0519621517232146,28.05414174915853,61.55434951054548,3148.204099060632,1523.7002561912896,0.8229093464511595,0.890101610117833,24.20409906063194,13.700256191289496,3124,1510,3179,1540,0.59,0.73,87.02278801184136,12.80330469819346,5.835261483824974,5.835261483824974,12.80330469819346,1171.0,8.031503294020819,0.208,needle_flaky,针片状候选,normal,正常骨料
1457,22861.0,24095.0,617.4254941343864,0.7301324469943703,120.94319642547823,248.90958043318813,3218.387297143607,646.9269498272166,0.948786055198174,0.8740188077040545,93.387297143607,105.92694982721666,3125,541,3329,740,0.75,0.91,48.16649230166329,51.773192730103126,25.156184856499472,25.156184856499472,51.773192730103126,22861.0,35.48673195296366,0.208,needle_flaky,针片状候选,normal,正常骨料
1459,2391.0,3026.0,220.79777853347423,0.906697965140376,42.48687718265022,85.05916467109743,3169.750313676286,1560.836888331242,0.7901520158625248,0.8663150766499151,37.75031367628608,29.83688833124216,3132,1531,3195,1604,0.62,0.73,38.05003330435662,17.692306251588267,8.837270453991245,8.837270453991245,17.692306251588267,2391.0,11.476466210085846,0.208,needle_flaky,针片状候选,normal,正常骨料
1460,504.0,634.0,114.4408989817882,-0.822259353239295,15.808413395332188,49.81089484300201,3153.79761904762,1636.2916666666667,0.7949526813880127,0.9483022613825256,18.797619047619047,23.291666666666668,3135,1613,3171,1652,0.48,0.75,137.1119906057683,10.360666127344418,3.288149986229095,3.288149986229095,10.360666127344418,504.0,5.26906629056465,0.208,needle_flaky,针片状候选,undersized,过小噪声(<5mm)
1463,13396.0,14857.0,466.8004631073998,-0.0352857157609722,122.81592168829792,150.24122886246371,3228.452747088684,1003.9350552403704,0.9016625159857308,0.5759879529789081,89.45274708868318,66.93505524037026,3139,937,3298,1069,0.77,0.78,92.02172259020196,31.25017560339245,25.545711711165968,25.545711711165968,31.25017560339245,13396.0,27.16476571125181,0.208,regular,普通,normal,正常骨料
1464,3038.0,4054.0,270.54059718927545,-0.6293749486375342,39.01013888470104,117.84173081019912,3199.800197498354,1166.778143515471,0.7493833251110015,0.9436172809305856,52.80019749835418,42.7781435154707,3147,1124,3246,1203,0.52,0.79,126.06052828819368,24.511080008521414,8.114108888017817,8.114108888017817,24.511080008521414,3038.0,12.93636554622187,0.208,needle_flaky,针片状候选,normal,正常骨料
1465,10284.0,10912.0,391.0509919649327,-0.8613642542840433,112.83712520239874,117.9589003358871,3215.718300272268,1650.067483469467,0.9424486803519062,0.2914698928270736,59.7183002722676,59.067483469467135,3156,1591,3276,1708,0.85,0.85,139.35253639390913,24.535451269864517,23.470122042098936,23.470122042098936,24.535451269864517,10284.0,23.801231488362795,0.208,regular,普通,normal,正常骨料
1466,8895.0,12979.0,530.2367213949169,-1.4877812582759802,68.00390238682051,227.50024956284457,3210.492074198988,1935.8741989881955,0.6853378534555821,0.954278824299546,42.4920741989882,117.87419898819562,3168,1818,3246,2033,0.4,0.65,175.24358693787673,47.32005190907167,14.144811696458666,14.144811696458666,47.32005190907167,8895.0,22.135603678827902,0.208,needle_flaky,针片状候选,normal,正常骨料
1467,550.0,588.0,94.65484359292168,1.5352464345770205,20.01341459134761,36.55684512715823,3184.927272727273,1804.7672727272727,0.935374149659864,0.836831777516873,9.927272727272728,19.76727272727273,3175,1785,3196,1822,0.77,0.88,2.036858786229274,7.603823786448912,4.162790235000302,4.162790235000302,7.603823786448912,550.0,5.504270125537276,0.208,regular,普通,undersized,过小噪声(<5mm)
1468,2631.0,2861.0,203.2726328597856,1.499486977996915,52.13074561018782,68.7105289111502,3206.106423413151,1498.147852527556,0.9196085284865432,0.6514390402719267,30.106423413150893,39.14785252755606,3176,1459,3234,1529,0.8,0.82,4.085724725950612,14.29179001351924,10.843195086919067,10.843195086919067,14.29179001351924,2631.0,12.038678550009692,0.208,regular,普通,normal,正常骨料
1469,478.0,505.0,87.95105093958546,-0.0879210689018845,17.84140145539648,35.39841296653199,3197.4351464435144,1712.0460251046024,0.9465346534653464,0.8636937400514433,18.435146443514643,8.04602510460251,3179,1704,3215,1722,0.78,0.92,95.03750617835688,7.362869897038654,3.7110115027224673,3.7110115027224673,7.362869897038654,478.0,5.131358323788717,0.208,regular,普通,undersized,过小噪声(<5mm)
1470,1070.0,1121.0,124.57213861375767,-1.316634273535278,34.176405177600145,40.57650351340087,3197.1242990654205,455.1439252336448,0.9545049063336308,0.5390545925142951,17.124299065420562,20.14392523364486,3180,435,3215,475,0.87,0.88,165.43758703584462,8.43991273078738,7.10869227694083,7.10869227694083,8.43991273078738,1070.0,7.677331317577848,0.208,round,圆形,normal,正常骨料
1471,13871.0,15289.0,484.6740513155121,-1.0969782303185749,132.88371503842228,143.32493104072327,3263.965251243602,1451.2857760795905,0.907253581005952,0.3746902853198452,80.96525124360176,73.28577607959052,3183,1378,3339,1535,0.74,0.74,152.8522228149843,29.81158565647044,27.639812727991835,27.639812727991835,29.81158565647044,13871.0,27.6421793295559,0.208,regular,普通,normal,正常骨料
1473,3519.0,3720.0,225.89130661391687,1.2307298546509031,63.5657998448332,72.09428590196194,3220.386189258312,1558.4524012503553,0.9459677419354838,0.4718035138254016,30.38618925831202,35.452401250355216,3190,1523,3253,1593,0.87,0.87,19.484373607753994,14.995611467608082,13.221686367725304,13.221686367725304,14.995611467608082,3519.0,13.922846264308971,0.208,regular,普通,normal,正常骨料
1474,19686.0,22304.0,632.6666101296157,0.067797469597257,129.0877632789031,222.0619563336912,3298.753378035152,905.0662399674897,0.8826219512195121,0.8136791924314613,107.75337803515188,56.06623996748959,3191,849,3419,1001,0.62,0.69,86.11549113041066,46.18888691740776,26.850254762011847,26.850254762011847,46.18888691740776,19686.0,32.93040975253917,0.208,angular,棱角状,normal,正常骨料
1478,12695.0,13467.0,458.3747728233385,-1.2751603373829767,104.641211482117,162.5561247449556,3253.864119732178,2415.9523434423,0.9426746862701418,0.7652580906738964,51.864119732178025,70.95234344230012,3202,2345,3323,2506,0.76,0.82,163.06130553452272,33.81167394695076,21.765371988280336,21.765371988280336,33.81167394695076,12695.0,26.44446266701487,0.208,regular,普通,normal,正常骨料
1481,19865.0,20895.0,552.1652817606653,0.20217315821537,132.28537134296295,196.776362470444,3303.72937326957,1778.882557261515,0.9507059105049056,0.7403128511981253,88.72937326956959,70.88255726151523,3215,1708,3408,1847,0.82,0.87,78.41633130342865,40.92948339385235,27.515357239336293,27.515357239336293,40.92948339385235,19865.0,33.07978505755259,0.208,regular,普通,normal,正常骨料
1482,9801.0,11242.0,421.428362578024,0.0905797785026466,85.87563058532187,153.27716441304042,3297.9862258953167,1093.4801550862155,0.8718199608610567,0.8283143071270063,81.9862258953168,50.480155086215696,3216,1043,3374,1142,0.69,0.78,84.81016098256852,31.881650197912407,17.862131161746948,17.862131161746948,31.881650197912407,9801.0,23.235583808830796,0.208,angular,棱角状,normal,正常骨料
1484,6152.0,6313.0,292.6433788222356,-0.8767895022552049,82.68037380172916,96.06772814874564,3272.8997074122235,1344.57899869961,0.9744970695390464,0.5092025600248516,45.89970741222367,49.57899869960988,3227,1295,3321,1394,0.9,0.91,140.2363380005994,19.98208745493909,17.197517750759665,17.197517750759665,19.98208745493909,6152.0,18.40884570529539,0.208,round,圆形,normal,正常骨料
1485,388.0,420.0,81.61204910349005,0.4293470479708592,17.970322283077813,29.55732538445548,3249.036082474227,1593.59793814433,0.923809523809524,0.7939507968888327,18.03608247422681,10.597938144329897,3231,1583,3262,1605,0.73,0.8,65.40022620486887,6.147923679966739,3.7378270348801848,3.7378270348801848,6.147923679966739,388.0,4.623110320704857,0.208,regular,普通,undersized,过小噪声(<5mm)
1486,11240.0,11724.0,465.7686788650575,-0.4885053908687049,83.23604130542697,185.0703216120129,3307.0128113879005,1937.8018683274024,0.9587171613783692,0.89315267981374,75.01281138790036,54.80186832740213,3232,1883,3405,2010,0.65,0.82,117.9892971661654,38.49462689529868,17.313096591528808,17.313096591528808,38.49462689529868,11240.0,24.88293183804642,0.208,needle_flaky,针片状候选,normal,正常骨料
1487,145.0,151.0,43.42016510252294,-0.8008392986799042,12.983428690503658,14.410334402215376,3248.9310344827586,1144.496551724138,0.9602649006622516,0.4338598151945932,6.931034482758621,6.496551724137931,3242,1138,3256,1151,0.97,0.97,135.8847118825753,2.997349555660798,2.7005531676247605,2.7005531676247605,2.997349555660798,145.0,2.8261967679544537,0.208,round,圆形,undersized,过小噪声(<5mm)
1488,395.0,417.0,78.14513387875812,-0.8701299968202431,18.3551858315429,29.1324952393483,3257.653164556962,1542.2050632911391,0.947242206235012,0.7765474049967324,10.653164556962023,11.20506329113924,3247,1531,3271,1557,0.81,0.88,139.85477644553168,6.059559009784446,3.817878652960923,3.817878652960923,6.059559009784446,395.0,4.664627218444333,0.208,regular,普通,undersized,过小噪声(<5mm)
1490,746.0,771.0,103.81011551146472,-0.63607137175614,25.010481507735488,38.8353378685108,3272.2627345844503,1170.7761394101876,0.96757457846952,0.7650141329716885,18.262734584450403,14.776139410187668,3254,1156,3289,1186,0.87,0.93,126.44420507072364,8.077750276650246,5.202180153608981,5.202180153608981,8.077750276650246,746.0,6.410439532895765,0.208,regular,普通,normal,正常骨料
1492,10209.0,10585.0,403.02253396592346,-1.0721494654510366,86.19614711475086,154.7980601618211,3310.2748555196395,1588.9934371632874,0.9644780349551252,0.8306267267529412,49.27485551963954,63.9934371632873,3261,1525,3369,1668,0.79,0.89,151.42963937755167,32.19799651365879,17.928798599868177,17.928798599868177,32.19799651365879,10209.0,23.71428288369429,0.208,regular,普通,normal,正常骨料
1493,997.0,1033.0,118.00309898153463,-0.3718511330186502,30.30807133692372,42.04874180048763,3280.555667001003,2567.2998996990973,0.9651500484027106,0.693159467440483,19.55566700100301,16.299899699097292,3261,2551,3302,2584,0.9,0.94,111.30550052912643,8.746138294501428,6.304078838080133,6.304078838080133,8.746138294501428,997.0,7.410815026461787,0.208,regular,普通,normal,正常骨料
1495,347.0,364.0,68.98986196021505,-0.9524456541898374,19.278518911189096,23.18936988696564,3277.187319884726,2518.452449567724,0.9532967032967034,0.5557468649772503,9.187319884726223,10.452449567723344,3268,2508,3288,2530,0.92,0.93,144.5711162006544,4.823388936488852,4.009931933527332,4.009931933527332,4.823388936488852,347.0,4.372029983338113,0.208,round,圆形,undersized,过小噪声(<5mm)
1497,4137.0,4326.0,242.9400284125331,-1.5320211286745775,67.09257249216634,80.07641238787309,3310.1941020062845,313.19216823785354,0.9563106796116504,0.5458899707847186,33.194102006284744,37.19216823785352,3277,276,3347,361,0.88,0.89,177.7783447979221,16.6558937766776,13.955255078370598,13.955255078370598,16.6558937766776,4137.0,15.095974540902523,0.208,round,圆形,normal,正常骨料
1498,2740.0,2839.0,196.1087646141941,-0.3541812088882824,53.7507366896355,66.69371886147513,3315.15401459854,566.3317518248175,0.9651285663966184,0.592005373048251,35.154014598540144,28.33175182481752,3280,538,3345,594,0.9,0.91,110.29308845213998,13.872293523186826,11.180153231444184,11.180153231444184,13.872293523186826,2740.0,12.285523746172831,0.208,round,圆形,normal,正常骨料
1500,709.0,747.0,104.5955136748622,-0.900972157196267,25.528317029269967,36.94418063739414,3307.589562764457,2436.7179125528914,0.9491298527443106,0.7228576497838111,17.589562764456982,17.717912552891395,3290,2419,3322,2452,0.81,0.86,141.62190206614346,7.684389572577981,5.309889942088153,5.309889942088153,7.684389572577981,709.0,6.2494458862659386,0.208,regular,普通,normal,正常骨料
1503,6898.0,7231.0,335.0086397191348,0.769931363489838,87.30978055133644,111.86782019257777,3350.6326471441,1310.2760220353723,0.9539482782464388,0.6251898529570631,59.63264714409974,44.27602203537257,3291,1266,3394,1374,0.77,0.79,45.8861823572794,23.26850660005617,18.160434354677975,18.160434354677975,23.26850660005617,6898.0,19.493058641636654,0.208,regular,普通,normal,正常骨料
1504,11645.0,12209.0,417.6755930282486,-0.9086824509771544,109.5226335945944,139.52508977668518,3358.719622155432,1666.9506225848004,0.953804570398886,0.6195371912067095,63.71962215543152,80.95062258480034,3295,1586,3420,1730,0.84,0.86,142.06366935859427,29.021218673550518,22.780707787675635,22.780707787675635,29.021218673550518,11645.0,25.327256035752274,0.208,regular,普通,normal,正常骨料
1506,10158.0,10504.0,385.3626352711216,-0.4164332449414306,104.86305369787252,128.0746502677169,3361.4865130931285,645.8914156329986,0.9670601675552172,0.5741286552344862,62.48651309312857,50.89141563299862,3299,595,3430,706,0.86,0.87,113.8598673840816,26.639527255685117,21.81151516915748,21.81151516915748,26.639527255685117,10158.0,23.654975279400347,0.208,round,圆形,normal,正常骨料
1508,6670.0,7978.0,379.8648481273394,-0.0583082231322824,97.8232789890095,112.36117388476616,3378.56071964018,1859.368965517241,0.8360491351215844,0.4919656593968621,76.56071964017991,60.36896551724138,3302,1799,3419,1915,0.58,0.59,93.34081509638686,23.37112416803136,20.34724202971397,20.34724202971397,23.37112416803136,6670.0,19.168199077509218,0.208,angular,棱角状,normal,正常骨料
1509,664.0,688.0,93.31408506225443,-1.5051950485274073,26.31392253606344,32.2382449395573,3315.5301204819275,2637.0331325301204,0.9651162790697676,0.577722710289499,12.53012048192771,15.033132530120485,3303,2622,3329,2654,0.96,0.97,176.24132362460958,6.705554947427918,5.473295887501195,5.473295887501195,6.705554947427918,664.0,6.047869813455995,0.208,round,圆形,normal,正常骨料
1510,18265.0,19046.0,526.7139896412692,-1.0051716667222124,146.03973601289363,166.21336617334367,3382.4784013139883,382.62441828634,0.9589940144912318,0.4775066929692994,78.4784013139885,93.62441828634,3304,289,3468,460,0.83,0.83,147.59209418931334,34.57238016405548,30.376265090681876,30.376265090681876,34.57238016405548,18265.0,31.71963874939947,0.208,regular,普通,normal,正常骨料
1511,865.0,902.0,109.72851000140348,-1.5438539390586892,27.719242897643035,39.86798276029431,3321.5884393063584,2485.3387283237,0.958980044345898,0.7187430602882864,13.58843930635838,20.33872832369942,3308,2465,3336,2506,0.9,0.95,178.45631489271028,8.292540414141216,5.765602522709751,5.765602522709751,8.292540414141216,865.0,6.902818398948367,0.208,regular,普通,normal,正常骨料
1516,11128.0,11632.0,402.2140158392445,-0.5747801070339282,112.9004809722621,129.4554676703765,3392.0613767074046,743.6224838245867,0.9566712517193948,0.4892950949197295,62.06137670740475,62.62248382458663,3330,681,3449,800,0.86,0.87,122.9324742811218,26.92673727543831,23.48330004223052,23.48330004223052,26.92673727543831,11128.0,24.758649560558847,0.208,round,圆形,normal,正常骨料
1520,2092.0,2154.0,170.80857379872828,-1.0548852872598948,44.67867810296122,60.609549385526286,3374.028202676864,2436.938814531549,0.9712163416898792,0.6757228675355481,26.028202676864243,31.93881453154876,3348,2405,3398,2465,0.9,0.93,150.44047483043744,12.606786272189469,9.293165045415934,9.293165045415934,12.606786272189469,2092.0,10.73493043330412,0.208,regular,普通,normal,正常骨料
1521,7207.0,8030.0,356.9766683309818,1.503750040906394,68.20230539183996,140.9012258411446,3394.2543360621617,1547.3604828638822,0.8975093399750934,0.8750440033073288,43.25433606216178,63.36048286388234,3351,1484,3429,1618,0.71,0.86,3.841469213438728,29.307454974958077,14.18607952150271,14.18607952150271,29.307454974958077,7207.0,19.924877285099722,0.208,needle_flaky,针片状候选,normal,正常骨料
1523,678.0,701.0,95.90031734857445,-0.3142235328200407,24.224697190234856,35.75357549402696,3379.902654867257,2648.9085545722714,0.9671897289586304,0.7354802672452074,16.902654867256636,12.908554572271386,3363,2636,3398,2663,0.93,0.98,108.00368225427884,7.436743702757607,5.03873701556885,5.03873701556885,7.436743702757607,678.0,6.111294902048187,0.208,regular,普通,normal,正常骨料
1524,1633.0,1674.0,148.70579216576806,-0.7017747455678744,42.09238025362033,50.486571908150765,3388.252908756889,1232.5964482547458,0.9755077658303464,0.5521660344126177,23.252908756889163,20.596448254745862,3365,1212,3414,1259,0.93,0.94,130.2087310899064,10.50120695689536,8.755215092753028,8.755215092753028,10.50120695689536,1633.0,9.484435483378451,0.208,round,圆形,normal,正常骨料
1532,397.0,409.0,75.00354122516832,1.5496082511627969,16.88802401042564,30.09202714919568,3398.619647355164,2365.8942065491183,0.9706601466992664,0.8276717023619248,7.619647355163728,13.894206549118389,3391,2352,3407,2382,0.89,1.0,1.2139873097233078,6.259141647032701,3.5127089941685328,3.5127089941685328,6.259141647032701,397.0,4.676421490667685,0.208,regular,普通,undersized,过小噪声(<5mm)
1534,778.0,815.0,112.73534963388012,-1.327148189209859,22.78239175537622,44.43917680751481,3406.7043701799485,1968.3046272493573,0.9546012269938652,0.8585889773712327,12.704370179948588,23.304627249357328,3394,1945,3418,1991,0.77,0.9,166.03999003015454,9.24334877596308,4.7387374851182535,4.7387374851182535,9.24334877596308,778.0,6.546485236074575,0.208,regular,普通,undersized,过小噪声(<5mm)
1535,25042.0,25560.0,617.490887265655,-1.4450345471577055,154.10854528758335,213.2388348532374,3465.7066528232567,2702.5184490056704,0.9797339593114242,0.6911577393615274,69.70665282325693,95.51844900567048,3396,2607,3539,2801,0.83,0.86,172.79438080273468,44.353677649473376,32.054577419817335,32.054577419817335,44.353677649473376,25042.0,37.14094075119013,0.208,regular,普通,normal,正常骨料
1537,283.0,371.0,79.2558546132977,1.1735916376797917,13.137489903270652,33.063456750983924,3441.60777385159,687.7349823321555,0.7628032345013477,0.9176707353345668,12.607773851590109,11.734982332155475,3429,676,3450,705,0.57,0.76,22.75815228910146,6.877199004204656,2.7325978998802958,2.7325978998802958,6.877199004204656,283.0,3.948313347842145,0.208,needle_flaky,针片状候选,undersized,过小噪声(<5mm)
1543,774.0,801.0,100.57323808286044,0.9041556464774788,30.13041153049894,33.070162828198626,3553.250645994832,2609.5426356589146,0.9662921348314608,0.4121729386846826,15.25064599483204,15.542635658914728,3538,2594,3569,2626,0.96,0.96,38.19569743391797,6.878593868265314,6.267125598343779,6.267125598343779,6.878593868265314,774.0,6.529634538279205,0.208,round,圆形,normal,正常骨料
1546,443.0,463.0,82.81805461304413,1.5376751333270176,16.722415464255665,34.04220098416912,3557.092550790068,2348.031602708804,0.956803455723542,0.8710321354770671,7.09255079006772,16.03160270880361,3550,2332,3567,2366,0.81,0.97,1.8977045981457368,7.080777804707177,3.4782624165651783,3.4782624165651783,7.080777804707177,443.0,4.939923885941561,0.208,needle_flaky,针片状候选,undersized,过小噪声(<5mm)
1547,501.0,521.0,82.16740947075985,0.934913479270998,21.63233361945407,29.738603652272847,3561.4491017964074,2644.562874251497,0.961612284069098,0.6861968267155966,11.449101796407186,13.562874251497004,3550,2631,3575,2659,0.93,0.97,36.43340342788023,6.185629559672752,4.499525392846446,4.499525392846446,6.185629559672752,501.0,5.253361140010694,0.208,regular,普通,undersized,过小噪声(<5mm)
1548,574.0,590.0,86.05493204164841,-0.4302263687736909,24.36912407160298,30.113164722461004,3567.1585365853657,2218.5034843205576,0.9728813559322034,0.5874623314947035,13.158536585365852,11.503484320557492,3554,2207,3582,2232,0.97,0.99,114.65015516597144,6.263538262271888,5.06877780689342,5.06877780689342,6.263538262271888,574.0,5.623081012292484,0.208,round,圆形,normal,正常骨料
1549,1363.0,1400.0,135.06816906296797,1.3388287861504282,36.61253284482843,47.99857894987421,3576.3433602347764,2533.564930300807,0.9735714285714284,0.6466537346079928,19.343360234776227,21.56493030080704,3557,2512,3594,2560,0.94,0.96,13.290761062957417,9.983704421573837,7.615406831724313,7.615406831724313,9.983704421573837,1363.0,8.664955211035098,0.208,regular,普通,normal,正常骨料
1550,972.0,1011.0,117.08294779702402,-1.448003504193199,28.843767128493027,43.466914425423646,3576.303497942387,2319.314814814815,0.9614243323442137,0.7481054913648465,14.303497942386832,21.314814814814813,3562,2298,3591,2341,0.89,0.95,172.9644895104241,9.041118200488118,5.99950356272655,5.99950356272655,9.041118200488118,972.0,7.317311218258129,0.208,regular,普通,normal,正常骨料
1551,312.0,330.0,67.18902783729251,-0.0760180457185643,16.25621582579453,24.901876666013663,3573.419871794872,2364.782051282052,0.9454545454545454,0.7575209337935938,11.419871794871796,7.782051282051282,3562,2357,3586,2374,0.87,0.93,94.35551318650629,5.1795903465308415,3.3812928917652623,3.3812928917652623,5.1795903465308415,312.0,4.1456791876588435,0.208,regular,普通,undersized,过小噪声(<5mm)
1552,810.0,837.0,104.36547587873451,0.6785263572649493,28.74423554645532,36.46358054017473,3581.795061728395,2385.598765432099,0.967741935483871,0.6152912529049869,16.795061728395062,14.598765432098766,3565,2371,3598,2403,0.93,0.95,51.12330344033254,7.584424752356344,5.9788009936627065,5.9788009936627065,7.584424752356344,810.0,6.679760690875974,0.208,regular,普通,normal,正常骨料
1553,500.0,521.0,85.26953387825097,1.2357358792598314,20.31207975801249,32.05162572950301,3576.462,2581.66,0.9596928982725528,0.7735542444339258,9.462,15.66,3567,2566,3589,2596,0.86,0.93,19.197549525523783,6.6667381517366255,4.224912589666598,4.224912589666598,6.6667381517366255,500.0,5.248115645801933,0.208,regular,普通,undersized,过小噪声(<5mm)
1554,320.0,339.0,67.09374306227802,-1.5145153210068345,17.637886502026536,23.317666124456583,3575.965625,2697.3375,0.943952802359882,0.6540893204095739,8.965625,11.3375,3567,2686,3585,2710,0.89,0.92,176.77533590159263,4.850074553886969,3.66868039242152,3.66868039242152,4.850074553886969,320.0,4.198492516641546,0.208,regular,普通,undersized,过小噪声(<5mm)
1555,473.0,490.0,78.7957790210424,0.874044940223435,22.46437828898988,26.965100370330934,3601.395348837209,1318.551797040169,0.9653061224489796,0.5531361873491379,11.395348837209305,11.551797040169133,3590,1307,3614,1331,0.96,0.97,39.92091382043285,5.608740877028834,4.672590684109895,4.672590684109895,5.608740877028834,473.0,5.104450124038694,0.208,round,圆形,undersized,过小噪声(<5mm)
1557,444.0,470.0,78.93053204215556,0.5457216562773464,21.614779252034243,26.38300714703597,3615.108108108108,1024.445945945946,0.9446808510638298,0.5734094041650869,12.108108108108109,11.445945945945946,3603,1013,3628,1038,0.9,0.91,58.73245230641906,5.487665486583482,4.495874084423122,4.495874084423122,5.487665486583482,444.0,4.945496277883485,0.208,regular,普通,undersized,过小噪声(<5mm)
1558,681.0,708.0,96.22563991971656,1.5161823819941664,25.267685367707177,34.705144491863535,3615.251101321586,1283.619676945668,0.961864406779661,0.6855055192809453,12.251101321585905,17.619676945668136,3603,1266,3629,1301,0.92,0.96,3.129148539642287,7.218670054307615,5.255678556483092,5.255678556483092,7.218670054307615,681.0,6.124800542612832,0.208,regular,普通,normal,正常骨料
