,label,area,area_convex,perimeter_crofton,orientation,ell: b-axis (px),ell: a-axis (px),centerpoint y,centerpoint x,convexity,eccentricity,local centerpoint y,local centerpoint x,bbox y1,bbox x1,bbox y2,bbox x2,IR,IRn,b axis azimuth (deg)
0,183,23369.0,24965.0,626.9455568701703,-1.2565439796674553,144.05224227775324,221.83434327698242,436.03851255937354,1584.876503059609,0.9360704986981775,0.7604738700908352,94.03851255937353,131.8765030596089,342,1453,510,1695,0.75,0.8,161.99466680751752
1,190,10470.0,14871.0,517.9793250688828,-1.4648516205009403,85.85568185495069,196.54725981428,410.95912129894936,2190.6243553008594,0.7040548718983256,0.8995491633708506,54.95912129894938,93.6243553008596,356,2097,467,2275,0.49,0.63,173.92981546760322
2,194,17801.0,18276.0,509.95112216769644,-0.19331405655633746,130.30542109103322,180.49521269616542,454.0884219987641,2406.423066119881,0.9740096301159992,0.6919631333143557,94.08842199876412,73.4230661198809,360,2333,534,2465,0.86,0.89,101.07607956123144
3,196,21035.0,25150.0,689.7080500521216,0.8324146121698474,119.36476423670895,254.36308186887106,463.7351081530782,1920.0247682434037,0.8363817097415507,0.883055152337993,100.7351081530782,97.02476824340386,363,1823,574,2017,0.56,0.68,42.30615591764849
4,199,8455.0,8690.0,345.6394231894583,-0.33280064575339047,86.33827309948425,125.75519889651515,431.4930810171496,619.2665878178592,0.9729574223245109,0.7270747744782692,64.49308101714962,46.266587817859254,367,573,494,669,0.89,0.94,109.06807242089768
5,205,31546.0,35009.0,733.7625120141117,-0.779158182303231,157.30037546039551,273.6388905110706,512.9318138591264,371.66084448107523,0.9010825787654603,0.8182612236139376,125.93181385912635,127.66084448107526,387,244,625,487,0.74,0.82,134.6424754190599
6,206,891.0,986.0,125.16696722712615,0.8746594871543412,31.775317489880873,36.82270312979207,406.4051627384961,2667.8215488215487,0.9036511156186613,0.5053280076005838,19.40516273849607,15.821548821548822,387,2652,424,2689,0.71,0.72,39.88570287497921
7,208,15206.0,15844.0,478.71618857947465,-0.5532742956285086,135.88173255185612,151.15383687287553,481.84433776141,1781.8125082204392,0.9597323908104014,0.43802421921289786,90.84433776140997,77.8125082204393,391,1704,553,1848,0.83,0.84,121.70028205258696
8,209,21672.0,22025.0,542.8194402920933,0.5780292791094203,160.25277018078435,176.5059283200615,480.04886489479514,741.9798818752307,0.9839727582292849,0.41914954110776514,84.04886489479513,89.97988187523072,396,652,569,816,0.92,0.93,56.881361872040735
9,212,766.0,800.0,104.27019110372004,-1.3442661731777537,31.199607250420055,31.470286889399222,422.8028720626632,2477.882506527415,0.9575,0.1308749632661244,15.802872062663186,14.882506527415144,407,2463,440,2495,0.89,0.89,167.0207782652875
10,216,11456.0,14394.0,514.5518780902495,-0.042588424671049514,84.87457156103432,202.90287416796184,509.6636696927374,1050.91218575419,0.7958871752118939,0.9083082494129683,93.66366969273743,54.91218575418994,416,996,617,1095,0.54,0.71,92.44013698976197
11,218,11127.0,11487.0,407.1006260868409,-1.1098795237763113,97.08785160099363,147.3028272272407,482.1517929361014,2063.4589736676553,0.9686602246017237,0.7520519895074962,62.15179293610137,67.45897366765526,420,1996,538,2131,0.84,0.9,153.59141248037236
12,219,23029.0,26104.0,661.3220831119819,0.9775240869818131,141.17573057774518,220.4559858740956,507.93577662946717,1217.9377741109035,0.8822019613852283,0.7680577592824561,85.9357766294672,107.93777411090365,422,1110,625,1310,0.66,0.71,33.99199544356293
13,221,16105.0,16794.0,485.74530380395305,-0.7639976634504592,131.4746629111241,163.01861724434144,505.37969574666255,2546.4063334368207,0.9589734428962725,0.5912328514023102,71.37969574666252,80.40633343682086,434,2466,586,2624,0.86,0.87,133.77384167356757
14,222,4733.0,5192.0,292.52497408393964,-1.341982668533056,70.41236600458109,98.0958105203701,471.1360659201352,907.564124234101,0.9115947611710323,0.6962578308317344,36.13606592013522,39.564124234100994,435,868,511,967,0.7,0.72,166.8899430866478
15,223,16604.0,16946.0,500.835318495252,0.07121772717100959,115.78268320574732,187.7809634793314,526.924174897615,2182.1342447602988,0.9798182461937921,0.7872893547239525,87.92417489761503,55.13424476029872,439,2127,629,2245,0.83,0.91,85.91952480658698
16,224,10376.0,13127.0,500.68421719132175,-0.2907841082193927,113.2818832243214,153.9232548437119,527.8975520431766,2281.5556090979185,0.7904319341814581,0.6770213156928417,81.89755204317656,52.55560909791827,446,2229,612,2357,0.52,0.54,106.6607021504466
17,225,22704.0,23742.0,581.7803741736407,-1.2471485537226434,141.00337070960117,211.3334827184518,554.7600863284002,933.2206219168429,0.9562800101086681,0.744871538369197,76.76008632840028,104.22062191684284,478,829,643,1038,0.84,0.9,161.4563485541521
18,226,12216.0,15088.0,501.64383662193103,-0.6058673434095955,105.26132517390732,171.4439895045802,563.4277177472168,1874.0739194499017,0.8096500530222693,0.7893300003387582,79.42771774721676,71.07391944990177,484,1803,662,1946,0.61,0.67,124.71364172217312
19,228,26505.0,29207.0,697.2367091149539,0.800536195587594,140.21215143841957,254.7536733601934,608.2579890586682,1567.3182041124317,0.9074879309754511,0.8349121463866682,120.25798905866817,96.31820411243162,488,1471,710,1694,0.69,0.78,44.13265464537147
20,229,7603.0,7927.0,362.81612632872327,-0.19386038938415043,70.70986471631986,142.23018018607664,578.934104958569,2102.2260949625147,0.959127034186956,0.8676640849118119,79.93410495856898,38.2260949625148,499,2064,643,2138,0.73,0.87,101.10738212647456
21,230,12064.0,13165.0,434.4711570674557,0.08130028326897391,124.36878740237744,129.57390245803535,595.0048076923077,1415.4591346153845,0.9163691606532473,0.2805856691330286,73.0048076923077,70.45913461538461,522,1345,665,1474,0.8,0.8,85.34183689546974
22,231,10590.0,10943.0,393.978895105212,-1.5602223081890751,91.59377940163542,148.75029313790887,578.1247403210576,1722.486968838527,0.967741935483871,0.7879374511149956,46.1247403210576,71.4869688385269,532,1651,624,1795,0.86,0.93,179.39415336139362
23,233,16030.0,17194.0,513.3458725806954,1.1643130971418847,115.41872764597606,187.28214720332275,613.0056144728634,768.9642545227698,0.932301965802024,0.787525087406913,63.00561447286338,94.9642545227698,550,674,693,856,0.76,0.83,23.289773501964575
24,234,9206.0,9748.0,380.65024629073696,-0.4616846065131692,96.7388098235852,127.46071958417889,605.2012817727569,1111.1111231805344,0.9443988510463684,0.6511260742401965,53.2012817727569,52.111123180534435,552,1059,679,1172,0.8,0.82,116.4525794193627
25,235,8438.0,10457.0,427.25147229294834,0.782784571463591,68.052130911589,181.85061408764798,618.2107134392036,2404.93161886703,0.8069235918523477,0.9273399677846395,62.2107134392036,66.9316188670301,556,2338,697,2471,0.58,0.81,45.14974778717946
26,236,5296.0,5459.0,274.61868931019296,1.018709537442657,72.04056528729244,95.36434617084691,595.4756419939577,2493.7915407854985,0.970141051474629,0.655235680395302,39.4756419939577,42.79154078549849,556,2451,634,2544,0.88,0.91,31.632242954811446
27,237,17680.0,17951.0,495.37699959756856,0.33318310471461376,129.57089684791202,176.55632103053233,651.6375,551.4100678733032,0.9849033480028968,0.679280703423611,92.6375,62.41006787330317,559,489,732,624,0.91,0.94,70.91001429478727
28,238,8325.0,8650.0,349.43166098533237,0.9404998558157353,87.05291746635937,124.13570970617309,613.9628828828829,1211.039039039039,0.9624277456647399,0.7128936494944982,54.96288288288288,58.03903903903904,559,1153,667,1270,0.86,0.9,36.11332762909592
29,240,15612.0,16588.0,486.39594894623735,0.7993073614818524,120.19942237825981,169.28689892899288,645.2619139123751,2706.4042403279527,0.9411622859898722,0.7041675823656987,75.26191391237509,74.40424032795286,570,2632,724,2782,0.83,0.87,44.203061653352194
30,241,18853.0,19331.0,529.2212854353918,1.537579214248724,133.4061749281455,186.48567771581352,642.5762478120193,1957.5352463798865,0.975272877761109,0.6987463131650076,68.5762478120193,86.53524637988649,574,1871,719,2059,0.85,0.88,1.9032003565067441
31,242,20632.0,26078.0,744.1237894422088,0.5219136950792038,115.47770913403959,269.72202678557915,742.0480321830166,1876.6012989530825,0.7911649666385459,0.9037143172337858,153.0480321830167,93.60129895308259,589,1783,861,1964,0.47,0.6,60.09654800188386
32,243,6195.0,7039.0,360.44358355571376,0.955865772860637,68.12252129973774,123.59136983944805,649.3099273607749,1029.2361581920904,0.8800966046313397,0.8343787222210357,49.30992736077482,51.23615819209039,600,978,700,1095,0.6,0.68,35.232925434074915
33,244,7138.0,7755.0,367.9327743724474,-0.05489463029854788,67.5131363414005,139.73852467207993,682.6541047912581,962.5201737181284,0.9204384268214055,0.8755436426806291,81.65410479125805,31.520173718128326,601,931,750,1007,0.66,0.8,93.14523063403777
34,245,12771.0,13473.0,443.62642898599876,1.0677964882578532,112.56374246629014,150.00181980015782,673.8928040090831,2356.9354005167957,0.9478957915831663,0.6609660040260564,72.89280400908308,69.93540051679587,601,2287,739,2426,0.82,0.84,28.819767843934443
35,246,3551.0,4019.0,278.8710026983224,0.830694325661678,43.047651327105484,112.16336234315546,650.0315404111518,895.0275978597579,0.8835531226673302,0.9234186421816065,45.03154041115179,40.02759785975781,605,855,701,934,0.57,0.79,42.40472107411989
36,248,5847.0,6060.0,303.7900544137302,-0.9918475680631349,67.84615410826666,113.21428477812977,652.7135283051138,2246.7785188985804,0.9648514851485148,0.8005454613625785,43.71352830511373,61.778518898580465,609,2185,695,2297,0.8,0.88,146.8286795703323
37,250,24074.0,25032.0,593.1176193151642,1.3959024901894928,171.34862132565294,185.29049445857433,706.0043615518817,1739.9769876215005,0.9617289868967721,0.38055892372694683,86.0043615518817,102.97698762150037,620,1637,801,1823,0.86,0.86,10.02067870034027
38,251,12193.0,12511.0,427.8626491891339,0.05355036736324318,100.53193766785981,159.78024160385544,702.9375051258919,402.1268760764373,0.9745823675165854,0.7772525074507172,81.9375051258919,46.1268760764373,621,356,785,460,0.84,0.91,86.93178995871106
39,252,1728.0,1962.0,174.41024204457338,-0.7896330025284667,42.9118085936371,56.95661972415859,647.1435185185185,1305.2922453703704,0.8807339449541285,0.6575485925245944,23.14351851851852,25.29224537037037,624,1280,681,1338,0.71,0.74,135.2426384091242
40,253,7367.0,7653.0,333.99320375960974,-1.042376809029843,82.45859380255806,118.77994903645876,675.3598479706801,1354.3716573910683,0.9626290343656082,0.7197695498819143,48.35984797068006,55.371657391068275,627,1299,725,1410,0.83,0.87,149.7237918197242
41,254,5501.0,6051.0,299.363519758389,1.1085556805523076,77.0147809693278,100.11641018814045,676.4651881476095,1159.9636429740046,0.9091059329036523,0.6389451194622982,39.465188147609524,51.96364297400473,637,1108,727,1202,0.77,0.79,26.484438149100065
42,256,9127.0,9409.0,351.70891898332735,-0.1158057696438264,99.6969514726449,117.588811571177,696.5121069354662,2092.1835214199627,0.9700286959294293,0.5302459760860723,58.5121069354662,49.183521419962744,638,2043,755,2141,0.93,0.94,96.63518184385548
43,259,2294.0,2622.0,201.41598220794722,0.08201608487554896,39.447372670678035,78.1350567611344,703.1765475152572,1285.6708805579774,0.8749046529366895,0.8632004320254516,38.17654751525719,20.67088055797733,665,1265,743,1311,0.71,0.84,85.3008244844443
44,260,8108.0,9692.0,389.15487306699566,1.1161870601256607,85.80656841602459,130.3156244611572,708.8421312284164,2527.1930192402565,0.8365662401981016,0.7526228249994169,43.84213122841638,66.19301924025653,665,2461,777,2586,0.67,0.72,26.047192307684583
45,262,22535.0,25139.0,676.1262434782373,1.2711228848680076,128.37145402701037,251.60028132381447,753.5822942090082,2278.6288883958287,0.8964159274434146,0.8600440221036757,73.58229420900821,123.62888839582871,680,2155,844,2409,0.62,0.73,17.170023454569503
46,263,14918.0,19896.0,626.0022857223782,0.09561212757833462,121.25188164152915,188.6476873050158,794.6504223086205,1091.2824775439067,0.7497989545637314,0.7660823124622486,113.65042230862046,67.2824775439067,681,1024,873,1161,0.48,0.51,84.52182861949504
47,264,8411.0,8663.0,377.26226755820227,0.9586392969704041,72.03840026978341,153.25809289309746,728.776364284865,1542.4609440019024,0.9709107699411289,0.8826417569956847,46.77636428486506,75.46094400190228,682,1467,791,1604,0.74,0.91,35.07401420820748
48,265,6636.0,7217.0,331.12111714824624,-0.7612324681806742,71.99181216176046,122.61532406228999,742.0007534659434,1022.1844484629295,0.9194956353055286,0.8094886534815896,59.00075346594334,53.184448462929474,683,969,794,1068,0.76,0.84,133.61540765507937
49,268,10646.0,11448.0,399.70672004512176,-0.7844459371440963,106.51668296520171,133.78158496647754,744.9433590080781,739.6125305278978,0.9299440950384347,0.6050356344560291,53.943359008078154,54.6125305278978,691,685,818,805,0.84,0.85,134.94544145454137
50,269,946.0,1179.0,136.54368061474838,-0.8670374190668834,27.901915555912034,50.28506868537549,709.6955602536998,909.26955602537,0.8023748939779474,0.8319338902098847,18.69556025369979,20.26955602536998,691,889,735,933,0.64,0.72,139.6775847924481
51,270,4848.0,5579.0,311.46981478049287,-0.9277822416001202,57.26748274350648,113.74273324239607,732.506600660066,623.8351897689769,0.8689729342176017,0.8640053875679776,40.506600660066006,54.835189768976896,692,569,780,673,0.63,0.74,143.15800675087377
52,271,5039.0,5778.0,297.00732526819667,0.8773639310048458,77.18392205886799,87.1736252674045,733.9924588211946,1232.5052589799564,0.8721010730356524,0.4648212897957832,41.99245882119468,39.50525897995634,692,1193,780,1278,0.72,0.72,39.730749656415185
53,273,14930.0,16979.0,514.2265555191074,0.9150518222615418,126.12963510746992,163.92865465709696,757.9226389819156,1426.3108506363028,0.8793215148124154,0.638745765154331,61.922638981915604,103.31085063630275,696,1323,840,1506,0.71,0.73,37.57139254865851
54,275,11253.0,13090.0,452.45637833339964,-0.2933468999592079,122.97699524041627,129.72529647983092,761.840575846441,2693.9893361770196,0.8596638655462185,0.3183296918125579,64.84057584644096,69.98933617701947,697,2624,836,2765,0.69,0.69,106.80753930090899
55,276,3567.0,3953.0,245.48679245275446,-0.44754612822547485,64.8222581374103,75.81293888194611,736.2026913372582,1980.7687132043734,0.9023526435618517,0.5185802550525873,38.2026913372582,42.76871320437342,698,1938,780,2012,0.74,0.75,115.64250428474048
56,277,5663.0,5843.0,297.6974386565796,1.313276477839228,61.43396503552906,118.95066333107087,736.9360762846547,1144.0596856789687,0.9691939072394318,0.8563077382025149,30.936076284654778,61.05968567896875,706,1083,772,1202,0.8,0.94,14.754800486006246
57,278,4149.0,5267.0,295.7060349836281,0.1600456389227562,74.118807770463,82.77309210184684,759.3564714389009,926.2641600385635,0.7877349534839567,0.44517079146289573,46.35647143890094,32.26416003856351,713,894,802,980,0.6,0.6,80.83006036025138
58,279,2005.0,2070.0,168.1270567373938,-0.5817998135972945,42.40362407965365,60.892847374632545,746.1990024937655,2148.247880299252,0.9685990338164251,0.717688181696452,30.199002493765587,23.24788029925187,716,2125,775,2174,0.89,0.94,123.33467384062298
59,280,14831.0,15281.0,460.27089172127535,0.5654079650798735,118.03227584079161,161.76743895351396,793.3103634279549,2485.1999190883957,0.9705516654669197,0.6838296055149923,73.31036342795495,68.19991908839593,720,2417,877,2551,0.88,0.91,57.60450989784302
60,281,16093.0,17065.0,493.3692476417999,-0.2634660943667911,133.44462972816382,162.75642052699465,814.9817311874729,1329.793388429752,0.9430413126281864,0.5725011235351125,92.98173118747282,68.79338842975207,722,1261,894,1410,0.83,0.84,105.0954952520126
61,282,11664.0,13726.0,489.02164947865606,-0.6788131663665884,98.1017607545076,172.85745806496467,801.3345336076818,505.3604252400549,0.8497741512458109,0.8233528478067808,74.33453360768175,70.36042524005487,727,435,874,584,0.61,0.69,128.8931295107173
62,283,779.0,1090.0,151.06198665596042,-0.884687220089247,20.336447761540672,64.07572298476515,751.0641848523749,2022.258023106547,0.7146788990825688,0.9482979470949043,17.06418485237484,21.258023106546855,734,2001,782,2052,0.43,0.67,140.68884390027523
63,285,9488.0,9864.0,405.6482344983421,0.8500586563454583,89.13075573212292,148.2404910701609,802.1192032040473,1685.8157672849916,0.9618815896188159,0.7990550818724399,63.11920320404722,65.81576728499157,739,1620,867,1761,0.72,0.8,41.2952266528436
64,287,8482.0,8896.0,367.7585531052356,-0.24992377190014223,74.77102010870354,148.4874231721446,809.4027352039614,2038.6643480311247,0.9534622302158273,0.8639653865040894,68.40273520396133,37.66434803112473,741,2001,881,2086,0.79,0.93,104.31957732986842
65,290,13383.0,13971.0,445.0788205744976,0.41916804557132203,112.96832475351,154.97005786440874,817.0804005081073,2605.470223417769,0.9579128194116384,0.6845470071104653,70.0804005081073,57.470223417768814,747,2548,893,2663,0.85,0.88,65.98344008201589
66,291,10497.0,10886.0,391.64582057830125,1.0283646073369919,108.58254926538486,127.84793989645453,815.1212727445937,656.0567781270839,0.9642660297629984,0.5278942307579307,65.1212727445937,65.05677812708393,750,591,866,722,0.86,0.87,31.079048198962234
67,292,2271.0,2612.0,200.82115359457873,0.8203500575456254,48.91231927900251,64.53785538845536,782.0942316160282,2110.3016292382213,0.8694486983154671,0.6523873303706773,29.094231616028182,25.301629238221047,753,2085,815,2141,0.71,0.73,42.997403979321454
68,293,11216.0,11871.0,419.9528510262436,0.7119278542335125,97.97530488668703,149.26894426375068,824.5456490727532,2199.763641226819,0.9448235195013057,0.7544411966946466,66.5456490727532,61.763641226818834,758,2138,889,2262,0.8,0.85,49.20953863461486
69,295,3331.0,3461.0,230.87320163652794,-0.7823387901716573,47.60802539652622,91.62890712095412,792.9615731011709,1251.9666766736716,0.9624386015602427,0.8544252719960422,31.96157310117082,33.96667667367157,761,1218,833,1294,0.79,0.92,134.82471082620685
70,296,3384.0,4050.0,258.2437326171426,-1.0641332093385614,52.09154405375841,94.29477325687074,795.1471631205674,1515.025413711584,0.8355555555555556,0.8335573078332496,33.14716312056738,46.02541371158392,762,1469,830,1553,0.64,0.72,150.9703417348109
71,297,6390.0,6772.0,317.02341845319086,-0.24053224431347292,74.87248665255815,112.52385492095138,814.0945226917058,1185.5206572769953,0.9435912581216775,0.7464940209915663,49.09452269170579,37.52065727699531,765,1148,878,1230,0.8,0.85,103.7814824359716
72,298,784.0,835.0,108.19718192070728,-1.1094824766520741,26.78252778362345,38.374523194224544,782.9617346938776,595.1033163265306,0.9389221556886228,0.716171142963201,15.96173469387755,19.103316326530614,767,576,798,616,0.84,0.88,153.56866335588575
73,301,487.0,550.0,90.86260579704759,-1.4063006007809256,21.828774084828506,31.96631348249492,788.6652977412731,1985.2669404517453,0.8854545454545455,0.7305417368106221,11.6652977412731,13.26694045174538,777,1972,802,2004,0.74,0.78,170.5750891514591
74,303,5177.0,5996.0,302.3145428619498,0.7592382136021197,68.93141947281927,101.37612282940924,829.8954993239328,567.0141008305968,0.8634089392928619,0.7332518498407863,42.89549932393278,43.014100830596874,787,524,872,617,0.71,0.75,46.49885471554645
75,305,10458.0,12507.0,444.18178935326847,-0.6261477999864824,114.81947617005464,130.1489135507768,868.2753872633391,1963.8096194301013,0.8361717438234588,0.47084458971117554,74.27538726333907,68.80961943010136,794,1895,930,2039,0.67,0.67,125.87562629062707
76,306,10419.0,10657.0,377.4297171449498,0.5293911823211525,111.37250002543041,121.20536520393146,850.8445148286784,911.1453114502351,0.9776672609552407,0.3945503088836705,55.84451482867838,53.14531145023515,795,858,908,966,0.92,0.92,59.66811954155729
77,307,3351.0,3655.0,233.97532604401906,-0.09213703222164549,52.277367548712284,84.19400113918805,838.5395404356908,988.3318412414204,0.9168262653898769,0.7838774363096354,41.53954043569084,26.33184124142047,797,962,883,1019,0.77,0.84,95.27906308316116
78,308,3111.0,3666.0,239.05250584164455,-0.7968645276367378,51.64318487147823,84.51453762334775,837.3224043715848,791.0363227258116,0.8486088379705401,0.7915867348952373,38.322404371584696,35.03632272581164,799,756,883,829,0.68,0.75,135.65697427727102
79,309,8525.0,8857.0,348.0350859257493,1.055945513207335,90.38180879186571,121.5318127853393,851.6912609970675,1615.7340762463343,0.9625155244439426,0.6685263261497945,52.691260997067445,58.73407624633431,799,1557,905,1682,0.88,0.91,29.498778697443974
80,310,5591.0,6117.0,309.1136202903005,0.8095068880084632,79.02297967605736,99.96687686391328,850.6056161688427,2117.5659094974067,0.9140101356874285,0.612472839510165,50.605616168842786,51.565909497406544,800,2066,902,2158,0.74,0.75,43.61867183034567
81,311,12047.0,12647.0,461.2073911886032,-0.01799505461938437,87.60296079186013,184.83379326658712,905.6294513156803,1861.9098530754545,0.9525579188740413,0.880548890583668,103.62945131568026,42.90985307545447,802,1819,994,1911,0.71,0.87,91.03104068179812
82,312,16706.0,17786.0,561.1858006580952,-0.23777790442460325,101.96838384502944,226.37563677528578,933.5044295462708,1498.8010295702143,0.9392780838862026,0.8928072765534777,124.5044295462708,66.8010295702143,809,1432,1027,1551,0.67,0.84,103.62367038499482
83,313,11514.0,12346.0,440.1200455151681,0.9189574548553604,98.57309015743498,153.75284092374295,882.9538822303283,418.3383706791732,0.9326097521464441,0.7674457059270713,66.95388223032829,62.33837067917318,816,356,945,496,0.75,0.8,37.34761628470397
84,314,5384.0,6612.0,355.6359098003146,1.4125242089575405,50.460807137712834,159.62048516221694,842.7711738484398,2384.5547919762257,0.8142770719903206,0.9487159162732434,26.771173848439823,71.55479197622586,816,2313,877,2460,0.53,0.84,9.068324366677743
85,317,6969.0,7243.0,331.2164019232607,-1.0296869424205912,74.82770877360942,125.5246507894814,877.8781747739991,1223.5356579136173,0.9621703713930692,0.8028956239966245,55.87817477399914,63.53565791361745,822,1160,920,1272,0.8,0.88,148.99671602043009
86,319,1344.0,1393.0,145.33416171605063,-0.21955408243837726,30.482696713148624,56.95051979064543,850.6599702380952,1475.2872023809523,0.964824120603015,0.8446944622660665,25.659970238095237,16.28720238095238,825,1459,882,1493,0.8,0.92,102.57952229858637
87,320,11047.0,11454.0,403.0225339659234,-0.8276481726910243,95.06827216590686,150.145890486764,888.2729247759572,1749.6984701728977,0.964466561899773,0.7740105868439052,60.27292477595727,71.69847017289761,828,1678,947,1817,0.85,0.92,137.4207472169104
88,322,634.0,676.0,97.47111367536934,0.5899307543021454,23.456531909829177,36.15974036313996,852.294952681388,748.0410094637224,0.9378698224852071,0.7610510986374629,15.294952681388013,17.041009463722396,837,731,870,762,0.84,0.9,56.19945757351794
89,323,586.0,624.0,95.34495698130463,-1.4380309731075647,23.104169802443277,34.268305425271684,850.1621160409557,1407.1689419795223,0.9391025641025641,0.7385360790836447,13.162116040955631,20.168941979522184,837,1387,862,1423,0.81,0.86,172.39310556815423
90,324,4001.0,4373.0,254.96738694243965,0.2299173573418142,68.30471317819114,80.29360067298072,882.6443389152712,1035.4701324668833,0.914932540589984,0.5256727316513037,41.644338915271184,30.47013246688328,841,1005,926,1080,0.77,0.78,76.82670578751285
91,325,5862.0,8728.0,415.47049984198657,1.3247669524049561,58.76350317670985,176.7843249269192,893.085977482088,2603.698737632207,0.6716315307057745,0.9431377205719336,51.085977482088026,69.69873763220744,842,2534,922,2684,0.43,0.64,14.096444788787608
92,326,912.0,964.0,124.01677824648787,0.9198033061513624,26.767456221308933,47.228544469522056,858.7598684210526,843.3081140350877,0.946058091286307,0.823879936423975,15.759868421052632,22.30811403508772,843,821,881,860,0.75,0.84,37.299152575347385
93,327,770.0,867.0,119.20910449108871,0.32221078133208175,23.252151230238702,43.73522100398958,864.5506493506493,1551.7025974025973,0.8881199538638985,0.8469595466300408,20.55064935064935,12.702597402597403,844,1539,889,1566,0.68,0.79,71.53868211605906
94,329,6789.0,8318.0,377.2227993121037,1.3307319488321419,75.52345786093605,137.02087242789642,897.8169097068787,822.632935631168,0.8161817744650156,0.8343849514256454,46.816909706878775,59.63293563116807,851,763,942,901,0.6,0.68,13.75467566869925
95,330,17703.0,18765.0,544.2160153516763,-1.391948256096766,118.36288468641253,199.92801033478588,916.0441733039598,2391.5357848952153,0.9434052757793765,0.8059177453741964,63.04417330395978,93.5357848952155,853,2298,977,2493,0.75,0.83,169.75276037493975
96,331,24310.0,27072.0,671.3185697228382,-0.86339495981965,140.69306679711144,233.8432169154724,945.2826820238585,657.3172768408062,0.897975768321513,0.7987556647479374,91.2826820238585,92.31727684080626,854,565,1046,775,0.68,0.75,139.46888725053324
97,332,851.0,887.0,111.2993063281984,-0.3620349327619348,25.267493937597582,43.281075953273195,878.454759106933,1375.8119858989423,0.9594137542277339,0.8118974760072674,21.45475910693302,13.811985898942421,857,1362,900,1390,0.86,0.96,110.7430736835614
98,333,4122.0,4328.0,248.68420163526005,1.3137782817705672,60.93283132278522,87.82419523649237,887.7913634158176,1427.4696749150899,0.9524029574861368,0.7201632914358265,30.791363415817564,38.46967491508976,857,1389,922,1472,0.84,0.88,14.72604923859744
99,334,7591.0,14625.0,557.7025371505462,0.18961760779058126,81.01218912171599,230.4976366893296,943.4095639573179,565.2454222105124,0.519042735042735,0.936200472821431,84.40956395731787,34.24542221051245,859,531,1058,639,0.31,0.45,79.13571135223273
100,335,311.0,327.0,68.2044637968176,-1.4340637185336458,17.009490566405137,23.978787980413994,870.4469453376206,690.8617363344051,0.9510703363914373,0.7048506603542455,8.446945337620578,13.861736334405144,862,677,879,703,0.84,0.88,172.16579862481473
101,336,6485.0,6662.0,346.3064166145597,-0.026593796618664498,53.45657372108938,156.19150195152113,938.6545875096376,507.26060138781804,0.973431401981387,0.939608852917524,74.65458750963762,27.260601387818042,864,480,1018,534,0.68,1.01,91.52371230747876
102,337,2249.0,2516.0,200.82115359457876,-1.405383589659673,41.17927674285779,72.97363672095432,888.4704313028012,1130.38950644731,0.893879173290938,0.8255674344080174,22.470431302801245,39.38950644730991,866,1091,910,1167,0.7,0.79,170.52254828444478
103,338,9650.0,10059.0,393.5024712301396,-1.495885152874649,90.36125526755002,144.37310410253926,916.5380310880829,2082.398756476684,0.9593398946217317,0.7799137189158531,50.5380310880829,66.39875647668394,866,2016,963,2169,0.78,0.85,175.70790589599932
104,339,7318.0,9124.0,403.6731791082077,-0.8277204253066427,80.2324706872972,146.98134512312188,928.29611915824,2508.9931675321127,0.8020604997807979,0.8378709311974174,62.296119158239954,70.9931675321126,866,2438,990,2569,0.56,0.64,137.42488698684411
105,340,376.0,395.0,74.12285828675638,0.22999252434623493,18.69771947583713,26.580461035439168,885.3164893617021,1570.1196808510638,0.9518987341772152,0.7107561363863428,13.316489361702128,8.11968085106383,872,1562,898,1583,0.86,0.9,76.8223990354009
106,344,10006.0,11378.0,445.44361139173844,-1.0637866500503863,94.42918616827268,146.24772278923058,936.222066759944,2194.735158904657,0.8794164176480929,0.7636083561265068,52.222066759944035,69.73515890465721,884,2125,992,2260,0.63,0.68,150.9504853502474
107,346,4054.0,4523.0,263.33726069758524,-1.2840939448120983,65.93361968611973,83.95911883701199,918.889738529847,1295.2059694129255,0.8963077603360602,0.6191075140349493,31.889738529847065,43.205969412925505,887,1252,960,1337,0.73,0.75,163.57316353603807
108,347,2123.0,2234.0,176.82225306368153,-1.0400875716797944,42.04138762112437,65.01495398052313,916.1681582666039,1579.0037682524728,0.950313339301701,0.7627937909612901,26.16815826660386,30.003768252472916,890,1549,941,1608,0.85,0.92,149.5926281812627
109,348,3376.0,3574.0,231.7144163288412,-0.7615086252582807,54.34643593553076,81.48772563861782,929.0462085308056,1351.8364928909953,0.9445998880805819,0.745122275651527,32.046208530805686,35.83649289099526,897,1316,964,1389,0.79,0.84,133.63123029010887
110,349,198.0,214.0,55.812314449670275,0.5623683230523662,15.485478805040309,18.37169004896589,905.7070707070707,1633.2323232323233,0.9252336448598131,0.5380718440333572,7.707070707070707,10.232323232323232,898,1623,916,1640,0.8,0.81,57.77866855724978
111,350,1393.0,1573.0,167.20690555288317,0.20975237503999283,32.31590409967504,63.005706145798264,939.3905240488155,1920.3653984206749,0.8855689764780674,0.8584457311492267,38.39052404881551,18.365398420674804,901,1902,965,1940,0.63,0.74,77.98207416736322
112,351,1081.0,1293.0,145.8895220833204,0.20243589994058192,28.578898067240093,52.42883762883395,926.7474560592044,1621.540240518039,0.8360402165506574,0.8383717941156428,24.747456059204442,16.540240518038853,902,1605,956,1637,0.64,0.73,78.40127731147203
113,352,4115.0,4496.0,263.5672984937129,-0.9711593540213472,70.88940282575788,82.16095500591835,935.2379100850546,1067.5885783718104,0.9152580071174378,0.5055260721269308,32.23791008505468,44.58857837181045,903,1023,981,1111,0.74,0.75,145.64333222007457
114,353,3787.0,4149.0,252.09530033107615,-1.0227193416139053,54.515016903872095,94.15316373740974,937.1542117771323,977.1460258780037,0.9127500602554832,0.8153250140631494,33.154211777132296,42.1460258780037,904,935,974,1027,0.75,0.84,148.59750190087505
115,354,5846.0,6518.0,309.899018453698,0.11071531827918542,75.62966114647108,103.43547166263347,956.124358535751,1132.417208347588,0.8969008898435102,0.6821875588907239,51.12435853575094,36.417208347588094,905,1096,1012,1180,0.76,0.79,83.65647953515506
116,356,776.0,996.0,129.2845275941424,0.7837521526419998,29.80509346670564,40.88904111989566,928.1353092783505,1243.909793814433,0.7791164658634538,0.6845922810939343,19.135309278350515,18.90979381443299,909,1225,948,1266,0.58,0.61,45.094309469320336
117,357,6097.0,6508.0,319.6096507395108,1.0219116321593493,64.2432551805854,125.99631169110788,959.7260948007216,1212.8263080203378,0.9368469575906576,0.8602443347437474,45.72609480072167,52.82630802033787,914,1160,1011,1266,0.75,0.88,31.448776441943835
118,358,393.0,444.0,90.4025302047923,-1.4902920702805877,16.541077757083755,35.379785016156355,922.1145038167939,1215.0839694656488,0.8851351351351351,0.8839777003631004,8.114503816793894,19.083969465648856,914,1196,932,1233,0.6,0.74,175.38744586889155
119,359,5150.0,5363.0,280.59290032904755,0.5493446087115817,70.7353957837892,97.100707914683,958.5376699029126,377.0576699029126,0.9602834234570203,0.6850728507116063,39.53766990291262,45.05766990291262,919,332,1005,413,0.82,0.85,58.52487242256073
120,360,2052.0,2106.0,171.18971289878624,-0.30284228424432036,41.48430588327405,64.12663531546555,946.8703703703703,1415.5989278752436,0.9743589743589743,0.7625644509685967,27.87037037037037,19.598927875243664,919,1396,979,1438,0.88,0.94,107.35158474530078
121,361,28162.0,29268.0,638.6244728656532,-1.0955379416470463,172.45544275565652,212.76291877854942,1008.9069313259001,810.8616930615723,0.9622112887795544,0.5856664585801271,85.90693132590015,106.86169306157232,923,704,1109,919,0.87,0.88,152.76970035282523
122,362,1834.0,1921.0,177.5123664520645,-1.1028497581809074,33.34770462285278,71.97557804343049,951.5343511450382,1586.5517993456924,0.954711087975013,0.8861911969849334,25.53435114503817,35.55179934569247,926,1551,973,1618,0.73,0.9,153.18863658078942
123,363,1172.0,1232.0,136.82953493979187,-1.2267403542892175,30.842051536539724,50.35725584456115,942.6672354948805,745.9564846416382,0.9512987012987013,0.7904977858258186,15.667235494880545,22.956484641638227,927,723,960,773,0.79,0.86,160.28704485915551
124,364,4950.0,5198.0,291.31896857438556,0.37491117290281817,56.63464994118728,114.4005552154789,982.9680808080808,1971.029898989899,0.9522893420546364,0.8688612247909874,53.968080808080806,32.02989898989899,929,1939,1034,2008,0.73,0.88,68.51917210036905
125,365,13748.0,14383.0,454.8289211064091,-1.243823607057697,120.38137850434012,149.07932977784012,997.9835612452721,1651.7152313063718,0.9558506570256553,0.5898692254410169,61.98356124527204,79.71523130637183,936,1572,1058,1727,0.84,0.85,161.26584314314454
126,366,854.0,1121.0,138.76512208382758,0.27854562913976694,22.00886556898303,57.14949081618586,963.5070257611242,1272.8360655737704,0.7618198037466548,0.9228704940570152,24.507025761124122,14.836065573770492,939,1258,988,1293,0.56,0.77,74.04051104847511
127,367,910.0,983.0,129.14977457302922,-1.2998400329908346,31.378312176617815,42.01655700366451,958.7417582417582,2112.343956043956,0.9257375381485249,0.6650394051264368,17.74175824175824,25.343956043956045,941,2087,978,2130,0.69,0.71,164.4753479325205
128,368,4015.0,4333.0,243.1305979625621,1.4148225424357617,66.71032347782891,78.61893873784643,977.4732254047323,1020.6054794520549,0.9266097392107085,0.5291514488024726,33.473225404732254,35.605479452054794,944,985,1014,1061,0.85,0.86,8.936639558462048
129,369,6133.0,6526.0,303.9575040004777,-0.8802772792095772,86.76581771326006,93.66425193682961,984.2378933637698,2582.9613565954674,0.9397793441618143,0.3766655084115467,40.23789336376977,42.961356595467144,944,2540,1027,2626,0.83,0.84,140.43617289996794
130,370,190.0,204.0,54.70159371513068,0.37577043944699223,12.565612401646622,20.113266798684762,953.9105263157895,910.0526315789474,0.9313725490196079,0.7808308523351605,7.910526315789474,8.052631578947368,946,902,966,917,0.8,0.87,68.46993975391108
131,371,2645.0,2833.0,207.5807627768308,1.5419917473947917,43.994833308234305,79.83998556815446,979.4495274102079,450.09489603024576,0.9336392516766678,0.8344804212023301,25.44952741020794,39.09489603024575,954,411,1000,487,0.77,0.88,1.6503808302754805
132,372,1912.0,2010.0,170.57853600260063,-1.4668422276525084,38.53293169914601,64.25659296799927,975.145920502092,1756.553870292887,0.9512437810945273,0.8002452876029744,21.14592050209205,32.55387029288703,954,1724,998,1789,0.83,0.91,174.04386885605663
133,373,19980.0,21943.0,591.3331334750588,-0.6602864772563227,130.9526972838874,207.05688748145957,1053.0744744744745,2472.7432432432433,0.910540946999043,0.7746028864505498,97.07447447447447,76.74324324324324,956,2396,1154,2545,0.72,0.78,127.83162841634811
134,374,13365.0,13892.0,457.9146972310831,0.7035396820004451,109.56704634221585,164.98760957101265,1037.936026936027,1360.975009352787,0.9620644975525482,0.7476503547542023,78.93602693602693,63.97500935278713,959,1297,1113,1434,0.8,0.85,49.69014550139844
135,375,7749.0,7979.0,340.4111420879025,0.8427059107080168,85.73794340881045,119.74194922758703,1006.815589108272,2086.676087237063,0.9711743326231357,0.6980770854484745,46.815589108272036,55.676087237062845,960,2031,1066,2144,0.84,0.88,41.716507945702226
136,376,6824.0,7119.0,315.20623604745117,-0.3717242789733143,87.8381524930225,102.55690578985491,1012.3144783118406,1904.1652989449003,0.9585615957297373,0.5161767509533209,51.31447831184056,52.16529894490035,961,1852,1071,1951,0.86,0.87,111.29823232771452
137,378,1818.0,1870.0,159.75718298224817,-1.3311377839566063,39.76310731224437,58.76850114927738,987.003300330033,2236.62101210121,0.9721925133689839,0.7363454516494292,22.003300330033003,27.62101210121012,965,2209,1009,2268,0.9,0.95,166.26857697111075
138,379,426.0,448.0,76.80437534809087,0.5338959574738844,19.57215694785531,27.89700266611339,978.0093896713615,1815.4647887323943,0.9508928571428571,0.7125844228746167,12.009389671361502,10.464788732394366,966,1805,992,1828,0.91,0.95,59.410014937650345
139,380,1757.0,1857.0,159.98722077837584,0.13081935569596312,42.063943619142414,54.706468655997945,1002.846328969835,1086.8161639157654,0.946149703823371,0.6393659814672308,25.846328969834946,21.81616391576551,977,1065,1034,1111,0.86,0.89,82.5046030400006
140,382,2526.0,2714.0,198.00488351213113,1.4753282160386658,54.05694073697974,61.30275256948553,1008.6250989707047,1191.8341250989706,0.9307295504789977,0.47161824393659507,26.62509897070467,32.8341250989707,982,1159,1036,1225,0.81,0.81,5.46991982441952
141,383,424.0,442.0,77.81981130761598,1.0012427765865326,20.935944542804513,26.879526387378238,999.1981132075472,1408.6650943396226,0.9592760180995475,0.6271720997736369,12.19811320754717,12.665094339622641,987,1396,1012,1422,0.88,0.9,32.63301463363168
142,384,644.0,684.0,103.5800777153371,0.3664547835631432,19.137040080194197,43.69049310202342,1007.1242236024844,1432.7810559006211,0.9415204678362573,0.8989682349760585,20.124223602484474,11.781055900621118,987,1421,1026,1446,0.75,0.96,69.00368751945184
143,385,6807.0,7075.0,335.19920926916376,-0.02312711413271727,65.75772753791108,135.28978284219113,1064.3157044219186,1143.1632143381812,0.9621201413427561,0.8739304740981302,71.31570442191861,38.163214338181284,993,1105,1129,1175,0.76,0.92,91.32508603212206
144,386,594.0,647.0,103.48479294032259,1.256393453513144,20.03568213211049,40.224247599258035,1006.1515151515151,418.2609427609428,0.9180834621329211,0.8671198165649128,12.151515151515152,20.26094276094276,994,398,1018,440,0.7,0.83,18.01395770583086
145,387,3129.0,3714.0,256.07810767697924,-1.3589022020166037,41.62471215878962,100.94585858417071,1023.2428891019495,357.4563758389262,0.8424878836833603,0.9110269104580302,28.242889101949505,52.45637583892618,995,305,1049,412,0.6,0.79,167.85936094658538
146,388,2705.0,2821.0,220.41663943341632,0.5007782440187308,37.70143960613675,93.16781291558927,1043.060258780037,1070.1460258780037,0.9588798298475718,0.9144664894188987,45.06025878003697,28.146025878003698,998,1042,1087,1100,0.7,0.93,61.30752014575426
147,390,1011.0,1106.0,134.41752392068372,-0.36284478562194655,24.788810197931575,54.647666065735706,1027.7279920870426,1109.626112759644,0.9141048824593129,0.8911995287566737,24.727992087042534,15.626112759643917,1003,1094,1056,1128,0.7,0.88,110.78947483446667
148,391,2878.0,3049.0,208.40562918632693,0.7840754036289992,53.59753180085862,72.20118830200778,1037.0642807505212,1023.4732453092425,0.9439160380452607,0.6700279537696726,33.06428075052119,31.47324530924253,1004,992,1068,1059,0.83,0.86,45.075788552041836
149,392,1417.0,1457.0,137.32907877814583,1.3390184592631071,40.69408741577701,45.23431721631201,1025.45518701482,2365.4643613267467,0.9725463280713795,0.43665581942407594,20.45518701482004,24.464361326746648,1005,2341,1048,2388,0.94,0.95,13.279893594113815
150,393,1939.0,2060.0,185.84277196111142,0.3680486323629126,34.02621760235005,75.15662148776738,1041.5714285714287,710.334708612687,0.9412621359223301,0.8916438728966415,32.57142857142857,20.334708612686953,1009,690,1078,735,0.71,0.88,68.91236671004307
151,394,7864.0,8512.0,355.50115677920144,1.4723261877122829,92.61986707213835,114.55340681734634,1057.8316378433367,1499.7417344862665,0.9238721804511278,0.5884549465876773,48.83163784333672,59.74173448626653,1009,1440,1113,1550,0.78,0.8,5.641923377499992
152,395,5708.0,6170.0,304.0759087387737,0.3411661270587501,75.59231892821923,102.30424506097833,1062.1394533987386,1778.5853188507358,0.9251215559157212,0.673818185080425,52.13945339873861,35.58531885073581,1010,1743,1111,1823,0.78,0.8,70.45262080670963
153,397,2062.0,2250.0,198.2743895543574,-0.651394547191833,43.192104124442544,68.88626357858607,1052.1086323957322,1725.7720659553831,0.9164444444444444,0.779014384633107,40.1086323957323,29.772065955383123,1012,1696,1079,1753,0.66,0.71,127.32215835192736
154,398,1396.0,1614.0,165.9056152683146,0.7257840591574937,26.59562664595137,69.4865457111957,1044.1661891117478,1581.4154727793696,0.8649318463444857,0.9238540356632351,27.16618911174785,24.415472779369626,1017,1557,1072,1609,0.64,0.88,48.41563657240235
155,399,4304.0,4603.0,269.39040820863715,0.6765962943303556,52.150644959973405,107.7221555181467,1062.8046003717473,1843.828066914498,0.9350423636758636,0.8750006129152745,45.80460037174721,40.828066914498145,1017,1803,1111,1883,0.75,0.9,51.23388790067939
156,400,3886.0,4049.0,265.6539869416789,-0.23587633525505303,45.21698574481298,111.71982684180176,1077.4240864642306,1952.3350488934636,0.9597431464559151,0.9144337773982568,54.42408646423057,24.335048893463714,1023,1928,1133,1980,0.69,0.92,103.5147184971274
157,401,8544.0,9131.0,360.1019127017545,-0.16254246320372595,101.55485481740253,111.03739507502566,1079.7618211610486,2609.4481507490636,0.9357135034497864,0.40435870492679743,56.76182116104869,57.44815074906367,1023,2552,1145,2668,0.83,0.83,99.31299713323398
158,402,4625.0,4825.0,266.0187777589197,-0.8824948663316446,68.1129286341792,92.17044287049877,1060.9087567567567,1213.235027027027,0.9585492227979274,0.6737176669465977,35.90875675675676,41.23502702702703,1025,1172,1106,1260,0.82,0.85,140.56323128276497
159,403,242.0,258.0,62.841429674148635,0.3647199869697384,12.56606602845093,25.1362655142812,1036.4917355371902,1551.0537190082644,0.937984496124031,0.866072868892603,11.491735537190083,7.053719008264463,1025,1544,1049,1559,0.77,0.92,69.10308404256762
160,404,3353.0,3486.0,217.79093890099762,0.02961912945592309,59.61651372319237,73.52300157027906,1067.0217715478675,560.8538622129437,0.9618473895582329,0.5852467185270941,36.02177154786758,26.853862212943632,1031,534,1108,594,0.89,0.9,88.30294888932399
161,405,16291.0,18393.0,554.2914384547299,0.2731855157242696,140.7740701591515,168.56988813125915,1103.6481492848811,310.92290221594743,0.8857173924862719,0.5500859467905472,69.64814928488123,71.92290221594746,1034,239,1215,390,0.67,0.67,74.34762292489457
162,406,5746.0,6047.0,330.5262885348778,0.3322233966010835,52.84222993764848,140.40028082307333,1103.0294117647059,2019.1674208144796,0.9502232511989416,0.9264700873412739,69.02941176470588,35.16742081447964,1034,1984,1170,2054,0.66,0.92,70.96500151925702
163,407,1524.0,1645.0,153.70403547119625,0.009549638211163535,40.78186443322342,51.58302129101701,1057.793963254593,672.6095800524935,0.9264437689969605,0.6123247436830465,22.793963254593177,22.60958005249344,1035,650,1087,693,0.81,0.83,89.45284603462346
164,408,14672.0,17459.0,540.4468975190837,0.7335235405561579,128.85516215750386,161.5543055175343,1101.6556706652127,2216.051594874591,0.8403688641961166,0.6031912546800525,65.65567066521265,72.05159487459106,1036,2144,1177,2301,0.63,0.64,47.97219695263888
165,412,1397.0,1484.0,168.03177196237928,-1.0761211849190162,27.569678817137508,70.56493067132341,1064.0221904080172,888.5518969219756,0.9413746630727763,0.9205183042542987,22.02219040801718,37.55189692197566,1042,851,1086,917,0.62,0.85,151.65720214047684
166,413,359.0,393.0,76.70909057307638,-1.0004573975338653,19.867853996420752,23.787124264003708,1053.6657381615598,2664.061281337047,0.9134860050890585,0.5498921921650444,11.665738161559888,13.061281337047355,1042,2651,1065,2677,0.77,0.78,147.3219864613325
167,414,2031.0,2148.0,183.52604571701775,-0.8672025281391732,39.63892691401022,69.21132240035905,1070.052191038897,1263.1344165435746,0.9455307262569832,0.8197488566258816,26.052191038897096,28.134416543574595,1044,1235,1101,1295,0.76,0.85,139.68704484544963
168,415,1707.0,1781.0,156.3855525325307,0.2748324493658992,38.63113798300888,57.567042664185976,1075.144698301113,1566.646748681898,0.9584503088152723,0.741399927468916,29.144698301113063,17.646748681898067,1046,1549,1103,1588,0.88,0.93,74.25326057809107
169,416,11643.0,12207.0,423.2850132298624,0.5204969115005791,119.50345224481894,136.23215625086144,1102.2656531821694,2328.134415528644,0.9537970017203244,0.48011703947386203,54.265653182169544,74.13441552864381,1048,2254,1181,2387,0.82,0.82,60.177723721422495
170,417,9162.0,9621.0,369.3130011492134,1.1488069074900644,98.19602194509999,122.89053458268134,1104.2345557738486,492.22123990395113,0.9522918615528532,0.6012609020346188,53.234555773848506,65.2212399039511,1051,427,1158,555,0.84,0.86,24.178212725343315
171,418,12873.0,14309.0,468.48966417249073,-0.7669149316376089,105.68288229132993,164.31402984629477,1129.4009166472463,2688.710634661695,0.8996435809630302,0.7657181632596072,77.40091664724618,68.71063466169502,1052,2620,1210,2760,0.74,0.79,133.94098882839904
172,421,2158.0,2247.0,175.61624755412743,0.21539513022270543,49.60991900071766,56.99570143964367,1084.6427247451343,1686.7252085264133,0.9603916332888296,0.49231855419650655,29.642724745134384,22.725208526413347,1055,1664,1116,1716,0.88,0.89,77.65876811056822
173,422,5036.0,5238.0,296.76093918925187,0.944760429121856,54.84218216479833,121.29352486559998,1100.319896743447,1050.7092930897538,0.9614356624665903,0.8919447770086386,41.31989674344718,57.70929308975377,1059,993,1144,1102,0.72,0.9,35.8692147603491
174,424,270.0,281.0,60.619988205069454,0.6050405723393543,15.159270155958717,22.80842109660987,1070.2259259259258,1890.4962962962964,0.9608540925266904,0.747168385635966,10.225925925925926,8.496296296296297,1060,1882,1081,1900,0.92,0.98,55.333728770775224
175,425,3852.0,4140.0,262.4565777591733,-0.20076123312881836,48.89061164530129,103.67793368676686,1111.8891484942887,640.6028037383178,0.9304347826086956,0.8818327140524211,49.88914849428868,31.602803738317757,1062,609,1167,669,0.7,0.86,101.50277134812329
176,426,5872.0,6468.0,311.06555571715336,0.23150187408603332,78.97843215294634,98.88692852319753,1112.9659400544958,2084.4845027247957,0.9078540507111935,0.6017637619897487,47.96594005449591,46.48450272479564,1065,2038,1163,2123,0.76,0.78,76.73591966550129
177,428,16288.0,17159.0,508.3870975213659,0.7429880954800637,128.72663564656366,168.1956259123964,1155.6739317288802,1465.081532416503,0.9492394661693572,0.6436276463856794,84.67393172888016,79.08153241650295,1071,1386,1247,1547,0.79,0.81,47.42991790052931
178,429,540.0,583.0,92.8934777160978,-1.2097273807804556,27.203070544083065,27.965176824744187,1087.835185185185,1097.1351851851853,0.9262435677530018,0.23186478502393706,14.835185185185185,17.135185185185186,1073,1080,1104,1110,0.79,0.79,159.31227328013557
179,430,1887.0,1979.0,182.83593232863478,0.15734387205628858,32.86160439736078,74.60804501113348,1111.2061473237943,1654.6322204557498,0.953511874684184,0.8977739139278539,36.20614732379438,18.632220455749867,1075,1636,1150,1675,0.71,0.9,80.98486019892826
180,431,1077.0,1350.0,163.6841737992354,-0.6451150302128034,21.10495989570763,75.63886293166152,1102.5923862581244,680.233983286908,0.7977777777777778,0.9602845056983855,26.59238625812442,20.233983286908078,1076,660,1134,709,0.51,0.87,126.96236853164822
181,432,3597.0,4249.0,257.09354363650436,1.4696976609549157,52.75476847608095,95.69454607817708,1108.8482068390326,730.022518765638,0.8465521299129207,0.8343183719263052,32.84820683903253,43.02251876563803,1076,687,1139,784,0.68,0.78,5.792526867034326
182,434,2116.0,2343.0,217.42614808375683,0.13181175461713984,31.055440357472573,90.62978837408295,1125.1587901701323,1629.2225897920605,0.903115663679044,0.9394585311254029,47.15879017013233,16.222589792060493,1078,1613,1173,1650,0.56,0.83,82.44774277022384
183,435,5876.0,6124.0,303.5205483715039,-0.9490731340684666,64.57727215969777,118.40379082434322,1119.2328114363513,1279.7190265486727,0.9595035924232528,0.8381767541641558,40.23281143635126,47.719026548672566,1079,1232,1167,1334,0.8,0.92,144.37788503137688
184,436,844.0,892.0,110.97398375705626,-0.05198232519471832,29.35902655819234,37.556504572014596,1098.4336492890995,1724.8317535545023,0.9461883408071748,0.623617695175836,19.433649289099527,14.83175355450237,1079,1710,1119,1742,0.86,0.88,92.97836784293392
185,437,3203.0,3322.0,215.10942183966313,-0.6007532476761142,54.113165806497356,76.58703299569798,1119.6116141117702,587.0568217296285,0.9641782059000602,0.7076553330388291,35.611614111770216,33.056821729628474,1084,554,1153,621,0.87,0.91,124.42062562061878
186,438,462.0,488.0,83.0480924091718,-0.10104876750820875,21.700217243240978,28.757916771661684,1100.926406926407,1605.4112554112555,0.9467213114754098,0.6562053289909944,12.926406926406926,11.41125541125541,1088,1594,1117,1616,0.84,0.87,95.78966790321904
187,439,1329.0,1462.0,145.2783451871348,-0.7682904442905483,40.19427640520817,44.48539865622786,1110.7027840481564,1539.8141459744168,0.9090287277701778,0.4285066323979652,21.70278404815651,25.814145974416856,1089,1514,1139,1562,0.79,0.79,134.01979989807933
188,440,12579.0,14364.0,554.6398809891537,-0.4127131764610401,78.70662224177293,220.64941487422394,1201.3637809046825,1788.2190158200176,0.8757309941520468,0.9342172951382169,111.3637809046824,63.21901582001749,1090,1725,1299,1847,0.51,0.74,113.6467231606556
189,441,6310.0,6635.0,309.8595502075993,-0.621485160393143,74.34211502311005,109.94312371162759,1140.1003169572107,1885.4323296354992,0.9510173323285607,0.736729999022938,50.10031695721078,47.43232963549921,1090,1838,1189,1930,0.83,0.87,125.60847672053814
190,442,2079.0,2135.0,172.28408535050866,0.4769248454168668,42.88038460311872,62.671294964822,1123.1202501202501,846.4131794131794,0.9737704918032787,0.7292841779446904,29.12025012025012,26.413179413179414,1094,820,1156,872,0.88,0.93,62.67421921268433
191,443,4072.0,4335.0,274.65815755629166,-0.93746532425022,50.09309567603701,109.20152046340237,1141.0798133595285,1759.307956777996,0.9393310265282584,0.8885800459195758,45.07981335952849,49.30795677799607,1096,1710,1176,1803,0.68,0.84,143.71280651940083
192,444,776.0,830.0,112.54478008385115,1.060845324297418,25.42912889254368,41.82498669662962,1115.4664948453608,1195.2951030927834,0.9349397590361446,0.7939455028365487,17.466494845360824,19.295103092783506,1098,1176,1131,1216,0.77,0.84,29.218040201570822
193,445,1350.0,1429.0,148.80107694078256,1.0354444045911622,29.811020440872937,58.76189922679702,1119.842962962963,1588.3348148148148,0.9447165850244926,0.8617584127613153,18.842962962962964,26.334814814814816,1101,1562,1142,1614,0.77,0.9,30.673405696489965
194,446,1376.0,1751.0,183.8513682881599,0.1307201880103471,28.710651535832664,69.6007234841782,1130.9803779069769,1223.0392441860465,0.7858366647629925,0.9109553032842332,28.980377906976745,20.039244186046513,1102,1203,1165,1239,0.51,0.67,82.51028492985049
195,447,17776.0,18180.0,490.8783001304944,-1.394641367304725,141.30355761433893,161.5566983037927,1179.0554680468047,2505.0016314131412,0.9777777777777777,0.48477739794129404,76.05546804680468,78.00163141314131,1103,2427,1249,2591,0.93,0.93,169.9070642809152
196,448,2645.0,2818.0,204.51810661543837,-0.4888292944262347,48.807256155567856,71.82149140911604,1138.481663516068,2140.2230623818527,0.9386089425124201,0.7336167932743607,34.48166351606805,29.223062381852554,1104,2111,1171,2172,0.79,0.84,118.00785547298115
197,449,2726.0,3026.0,217.9256919221108,-0.8137447717714544,44.11808183298533,85.81701055992383,1142.6030814380044,1323.5300807043286,0.9008592200925314,0.8577333508949658,36.6030814380044,40.53008070432869,1106,1283,1174,1356,0.72,0.85,136.62414102334074
198,450,381.0,464.0,83.73820579755474,0.4900199719103553,17.490717455393746,31.194663804070196,1125.002624671916,685.6561679790026,0.8211206896551724,0.8280218612317577,17.00262467191601,9.656167979002625,1108,676,1138,701,0.68,0.77,61.92392373241749
199,451,3060.0,3209.0,213.2133029417261,-0.3713865954439116,52.00964846289991,76.44396709147566,1143.4728758169936,1691.3323529411764,0.9535680897475849,0.7328752679106133,35.472875816993465,29.33235294117647,1108,1662,1181,1723,0.85,0.89,111.27888448666866
200,452,565.0,642.0,98.35179661378126,-0.05855268181638292,23.090676524660093,34.315226845106906,1123.6654867256636,1015.1203539823009,0.8800623052959502,0.7397345090112702,14.665486725663717,12.120353982300886,1109,1003,1145,1029,0.73,0.78,93.35482154725113
201,454,5372.0,8484.0,403.94268515043404,0.06850771258130166,64.5462569433264,170.48127166515698,1194.3938942665675,2589.381794489948,0.6331918906176331,0.9255554796097734,82.39389426656739,39.38179448994788,1112,2550,1259,2626,0.41,0.57,86.07479720499613
202,455,1476.0,1595.0,155.9649451863741,1.0028783004093145,31.029828830572246,62.84367472960173,1135.6029810298103,803.9552845528456,0.9253918495297806,0.8695969901999223,22.602981029810298,29.95528455284553,1113,774,1158,830,0.76,0.91,32.53930602129318
203,456,1586.0,1675.0,161.7485866551997,-0.1790321301721151,34.00277948813642,63.15177998943637,1144.576923076923,986.5283732660782,0.946865671641791,0.8426705790709165,30.576923076923077,19.528373266078184,1114,967,1179,1004,0.76,0.88,100.25778545609896
204,457,5563.0,6100.0,295.74550322972675,0.9092743976134591,76.80200432483555,96.65509640365423,1166.2229013122417,1581.3618551141471,0.9119672131147541,0.6071351284734705,51.222901312241596,42.36185511414704,1115,1539,1208,1628,0.8,0.82,37.9024145974485
205,458,18283.0,19331.0,518.8600080072947,-0.02301273756453697,138.99885589491768,172.98633772912277,1204.2796586993381,400.93359951867853,0.9457865604469505,0.5952709399608697,83.27965869933819,65.93359951867855,1121,335,1291,482,0.85,0.87,91.31853273749013
206,459,1281.0,1482.0,153.05339032891195,1.1713141600665962,32.22411572518734,56.699667646696206,1143.784543325527,1042.5316159250585,0.8643724696356275,0.822800789480439,22.784543325526933,22.53161592505855,1121,1020,1165,1074,0.69,0.77,22.888642144273092
207,460,2013.0,2131.0,181.95524939022286,-0.3482465328666288,36.645449829313954,71.94981174226919,1154.2245404868356,2381.3000496770987,0.9446269357109338,0.8605774445573465,32.22454048683557,25.30004967709886,1122,2356,1189,2404,0.76,0.9,109.95305656332174
208,461,218.0,230.0,57.05778820532302,-0.3135148583551829,16.121083219677587,18.34407957366826,1132.2385321100917,1725.6009174311926,0.9478260869565217,0.4771595459693296,9.238532110091743,6.60091743119266,1123,1719,1143,1737,0.84,0.85,107.96307819839379
209,463,4446.0,4675.0,256.6729362903477,-1.0437227355525642,75.64256851078127,78.55809684922401,1162.2712550607287,758.050832208727,0.9510160427807487,0.2699049215215924,36.27125506072875,36.050832208726945,1126,722,1208,807,0.85,0.85,149.80090772901085
210,464,1796.0,1855.0,158.55117747269406,-0.9062615635058764,42.47246764551396,55.04529654014176,1151.5918708240536,934.3468819599109,0.9681940700808626,0.6361186882136498,25.59187082405345,26.346881959910913,1126,908,1178,961,0.9,0.92,141.92496272381396
211,466,1363.0,1748.0,189.76976277809865,-0.27221140562824087,25.105145045616432,78.77712316779117,1165.6184886280264,1194.2905355832722,0.7797482837528604,0.947860435485034,38.61848862802641,21.290535583272195,1127,1173,1207,1212,0.48,0.74,105.5965646778219
212,467,1532.0,1634.0,155.9649451863741,0.2699599422185149,33.67967339498612,59.98052292025935,1156.4582245430809,1104.5352480417755,0.9375764993880049,0.8274698382601631,28.45822454308094,20.535248041775457,1128,1084,1189,1124,0.79,0.89,74.53243467328353
213,468,1525.0,1566.0,145.56419951217828,-1.446856180641342,43.23691704678985,46.32821720704662,1146.4655737704918,1151.8891803278689,0.9738186462324393,0.3591653985353236,18.465573770491805,21.889180327868853,1128,1130,1172,1177,0.9,0.91,172.89875271316674
214,469,2296.0,2374.0,178.5836189405054,-0.7675049867918617,48.40963952854673,61.720387440974285,1155.6419860627177,1944.648519163763,0.9671440606571188,0.6203338190332194,24.64198606271777,25.648519163763066,1131,1919,1186,1973,0.9,0.92,133.97479649841767
215,470,584.0,627.0,99.6925551444485,0.6021565149874535,19.81457725481922,38.99996690301298,1148.0958904109589,2004.3852739726028,0.9314194577352473,0.8613178372232969,16.095890410958905,14.38527397260274,1132,1990,1164,2022,0.74,0.87,55.49897308491281
216,472,1123.0,1214.0,143.34275804309908,0.265866974164229,28.51688023618923,54.19805329650104,1165.206589492431,662.739982190561,0.9250411861614497,0.8503852204190993,31.20658949243099,17.739982190560998,1134,645,1189,682,0.69,0.8,74.76694446847598
217,473,3841.0,4673.0,284.19456857489274,0.5491113259654649,51.91812399738118,102.49961725335376,1176.357719343921,705.8758135902109,0.8219559169698266,0.8622281096217334,39.357719343920856,36.87581359021088,1137,669,1222,751,0.6,0.71,58.53823853934645
218,476,1186.0,1417.0,149.35643730805236,-0.7674427096070172,39.07793952132555,45.461662261846534,1173.2512647554806,960.264755480607,0.8369795342272407,0.51100105390448,29.25126475548061,24.264755480607082,1144,936,1194,980,0.67,0.67,133.97122827856612
219,477,5122.0,5667.0,298.5223050660757,-0.906103465129544,75.83260979990764,98.80732553720736,1184.2048028114018,585.6977743069114,0.9038291865184401,0.6410733305341538,39.2048028114018,48.69777430691136,1145,537,1237,636,0.72,0.74,141.91590435410222
220,478,2086.0,2191.0,176.26689269641173,0.032712289080394814,41.364951195077495,65.2951142165472,1180.6275167785234,1013.9817833173538,0.952076677316294,0.7737364660392411,35.62751677852349,21.981783317353788,1145,992,1213,1035,0.84,0.91,88.12572389748149
221,479,1326.0,1510.0,158.32113967656642,0.7133266591485397,28.076624408571625,65.05527601708808,1176.7021116138762,1661.2767722473604,0.8781456953642384,0.9020741633913646,28.70211161387632,22.276772247360483,1148,1639,1206,1685,0.66,0.85,49.12939301662164
222,480,4010.0,4476.0,271.5723814316177,1.0631924791670828,56.929435369261874,93.70544048325179,1186.5708229426434,2086.293017456359,0.8958891867739053,0.7942920870144213,34.57082294264339,53.2930174563591,1152,2033,1221,2128,0.68,0.75,29.083558133675453
223,482,2455.0,2626.0,194.7680060835268,-0.39923294636907997,50.81353644122392,63.916850165635005,1182.1788187372708,1065.2366598778003,0.9348819497334349,0.6066167994987436,28.178818737270877,24.236659877800406,1154,1041,1217,1092,0.81,0.83,112.87436286952102
224,484,7038.0,7850.0,358.5869329038754,0.9515520230858948,83.1643150538691,118.07243515297748,1207.547456663825,2307.732026143791,0.8965605095541401,0.7098528952762735,51.54745666382495,60.73202614379085,1156,2247,1271,2356,0.69,0.72,35.48008509004315
225,486,1284.0,1354.0,149.22168428693922,0.20583375675289275,27.30874151063414,62.37696307812586,1186.6440809968847,1278.2266355140187,0.948301329394387,0.8990715527475213,26.644080996884735,17.226635514018692,1160,1261,1218,1293,0.72,0.92,78.20659445673684
226,487,1442.0,1498.0,140.7170575106804,0.4180881798008482,39.83152369910434,46.79768439154604,1183.2822468793343,1220.5693481276005,0.9626168224299065,0.5249338177818709,22.28224687933426,19.569348127600556,1161,1201,1205,1240,0.92,0.92,66.04531183310468
227,488,6468.0,7003.0,377.79450796219055,0.18256897146257353,54.1756835590461,157.60261760116973,1231.1012677798392,2008.6439393939395,0.9236041696415822,0.9390617023360089,69.1012677798392,35.64393939393939,1162,1973,1317,2038,0.57,0.84,79.53956846515017
228,490,1000.0,1187.0,137.5196483281748,-1.418925082287733,34.13102982508662,44.138339831478106,1181.672,864.299,0.8424599831508003,0.6340720368344167,16.672,18.299,1165,846,1203,892,0.66,0.68,171.29841866034013
229,492,7273.0,7827.0,341.38710980132885,-0.938247145996202,84.61179002529272,112.91507518481599,1217.0087996700124,797.8739172281039,0.9292193688514118,0.6621853695981267,51.00879967001237,55.87391722810395,1166,742,1267,848,0.78,0.81,143.75760160577715
230,493,1317.0,1789.0,176.82225306368153,-1.3823419460847475,33.24612755338189,65.34260744349987,1189.1435079726652,1945.9202733485195,0.7361654555617664,0.8608864827984042,23.143507972665148,29.920273348519363,1166,1916,1207,1975,0.53,0.62,169.20235935455682
231,494,12617.0,13714.0,466.64936180346956,1.512081214828891,129.84598956884756,137.75388103432113,1237.9389712292939,2713.841404454308,0.9200087501822954,0.3339407792111445,71.93897122929381,67.84140445430768,1166,2646,1297,2798,0.73,0.73,3.3641281092902062
232,497,943.0,970.0,111.98941971658137,-1.0405367471426175,32.689992494121284,37.41368942214627,1187.996818663839,2399.204665959703,0.9721649484536082,0.4863858031678152,17.996818663838813,18.204665959703075,1170,2381,1205,2420,0.94,0.95,149.6183640395433
233,498,6599.0,6792.0,306.7179575540095,0.004310147787979938,72.72553237658644,116.61658643967837,1227.9913623276254,513.4558266404,0.9715842167255595,0.7817201325442041,55.991362327625396,37.45582664040006,1172,476,1286,550,0.88,0.96,89.7530467226711
234,501,1169.0,1301.0,144.54876355265318,0.421166705598972,27.5333967642002,58.029539755053484,1197.6295979469633,1256.5183917878528,0.8985395849346657,0.880270549217338,24.629597946963216,16.518391787852867,1173,1240,1229,1274,0.7,0.86,65.86892529775005
235,502,2054.0,2130.0,171.87982628716918,-1.0106644408922256,47.821328872894085,57.32840327981898,1197.983446932814,1313.9620253164558,0.964319248826291,0.5515154535325018,22.983446932814022,22.962025316455698,1175,1291,1226,1344,0.87,0.88,147.90680696707358
236,503,1027.0,1059.0,123.23138008309044,-0.876338741703298,28.98476261653142,46.062317409939794,1193.1207400194742,1711.5608568646544,0.9697828139754485,0.7772020896660803,18.120740019474198,22.560856864654333,1175,1689,1210,1731,0.85,0.92,140.21051132340415
237,504,238.0,257.0,64.87230159319884,-0.8142975078770687,12.599715367672639,25.543007886412408,1184.0588235294117,1836.0504201680671,0.9260700389105059,0.8698736873602941,9.058823529411764,10.050420168067227,1175,1826,1196,1848,0.71,0.85,136.65581046937695
238,505,1127.0,1216.0,145.88952208332043,-0.9782724770209895,25.23817288859524,59.02591150681553,1196.645075421473,1893.362910381544,0.9268092105263158,0.9039785252918965,20.64507542147294,25.362910381543923,1176,1868,1219,1916,0.67,0.86,146.0508841471115
239,506,7639.0,7899.0,333.9768554767926,-0.296047556287414,88.18098612363254,113.63826816008408,1239.483047519309,1641.7377929048305,0.9670844410684897,0.630757915277414,59.48304751930881,42.73779290483048,1180,1599,1301,1698,0.86,0.88,106.9622755104305
240,507,1821.0,2000.0,171.36393416599805,-0.4664100557956629,45.106628600755904,54.224359875471436,1206.5090609555189,1850.1510159253157,0.9105,0.5549978988135856,26.509060955518947,25.15101592531576,1180,1825,1238,1877,0.78,0.79,116.72332771955273
241,508,348.0,377.0,78.37517167488576,-0.5086354884158463,15.709004662397922,30.128248944035736,1193.2758620689656,1351.462643678161,0.9230769230769231,0.8533096415768566,12.275862068965518,8.46264367816092,1181,1343,1211,1364,0.71,0.83,119.14266679680327
242,509,1779.0,2419.0,205.9541499211201,1.3897468216407658,38.60188362074212,73.23489654138713,1204.840921866217,666.9449128724002,0.7354278627532038,0.8498052163717323,20.840921866216977,30.944912872400224,1184,636,1231,705,0.53,0.61,10.373372528263744
243,510,5387.0,5554.0,278.94993919051973,-0.4570288904126102,78.45103330889958,89.84893798943534,1234.3894560980136,1371.9224057917208,0.969931580842636,0.4874629171917206,50.38945609801374,43.92240579172081,1184,1328,1283,1418,0.87,0.88,116.18582653618958
244,511,1590.0,1906.0,172.53047142945348,-0.322515044992159,40.917203440184444,55.86900823499828,1209.3861635220126,946.3899371069182,0.8342077649527807,0.680898837817387,24.386163522012577,18.38993710691824,1185,928,1240,973,0.67,0.7,108.47875090752257
245,512,11486.0,12109.0,418.00091559939074,0.5989759557187833,99.07861836587391,150.26006230250655,1259.0518892564862,1119.2288002786001,0.9485506647947808,0.7518090184245779,74.05188925648616,63.22880027860003,1185,1056,1334,1178,0.83,0.88,55.68120570749883
246,513,2465.0,2850.0,249.92967539091282,-0.2237934989384274,34.81194896946348,98.83358257669056,1239.8032454361055,2052.3983772819474,0.8649122807017544,0.935914248145851,53.80324543610548,19.398377281947262,1186,2033,1296,2077,0.5,0.72,102.82242297163737
247,514,1519.0,1700.0,161.42326408405756,0.014378282866362857,36.55975764539869,57.60647080869209,1220.6089532587227,2419.0454246214613,0.8935294117647059,0.7728023958860795,34.60895325872284,19.04542462146149,1186,2400,1246,2441,0.73,0.79,89.17618507511214
248,516,542.0,570.0,89.75188506250801,-0.3593084621148372,21.625723903468796,32.56584601171807,1201.6549815498156,2041.6051660516605,0.9508771929824561,0.7476779725513396,14.654981549815497,10.605166051660516,1187,2031,1219,2054,0.85,0.9,110.5868584225164
249,517,929.0,974.0,116.52758742975422,0.8886920898828116,28.475993221768846,42.139124373395255,1205.8406889128096,986.6178686759957,0.9537987679671458,0.7371204413186475,16.840688912809473,18.617868675995695,1189,968,1224,1005,0.86,0.91,39.08169396305409
250,518,1405.0,1693.0,159.20182261497837,-0.6669524063035678,38.93508640442358,53.35808475725787,1214.4199288256227,616.0462633451957,0.8298877731836976,0.6837735994221951,23.419928825622776,26.04626334519573,1191,590,1242,639,0.7,0.72,128.2135580172889
251,519,5165.0,6168.0,332.2876544117016,-0.19653798769236305,56.37595868557283,125.85983985194302,1243.8096805421103,867.2538238141336,0.8373865110246433,0.8940703789711578,52.80968054211036,29.253823814133593,1191,838,1314,906,0.59,0.74,101.26079720876652
252,520,933.0,1000.0,122.445981919693,1.4667411116794582,31.330081419592474,41.862857331712185,1204.5155412647373,1147.4094319399785,0.933,0.6632498295555851,13.515541264737406,22.409431939978564,1191,1125,1224,1167,0.78,0.81,5.961924662440509
253,521,1804.0,1973.0,170.25321343145848,-0.3066948368328841,40.75391172074233,59.01761625751045,1221.2937915742793,2640.6446784922396,0.9143436391282311,0.7232960341060526,27.29379157427938,21.644678492239468,1194,2619,1251,2667,0.78,0.82,107.57231974897769
254,522,2802.0,2899.0,204.05803102318305,-0.6566929148295911,48.0968189415724,75.16519527551338,1233.0453247680227,2183.305496074233,0.9665401862711279,0.7684735833037164,37.045324768022844,29.305496074232693,1196,2154,1266,2213,0.85,0.91,127.6257324558796
255,523,2945.0,3361.0,240.44908090122757,-1.2996043347731805,42.130563605304104,95.64486800946325,1224.313752122241,1909.5341256366723,0.8762273132996132,0.8977577445967078,24.313752122241088,45.53412563667233,1200,1864,1254,1958,0.64,0.81,164.46184341941017
256,524,2260.0,2400.0,186.62817012450887,1.4991265677435044,42.18667221273174,71.1377534232593,1224.6654867256636,1563.9004424778761,0.9416666666666667,0.8051819142279658,22.665486725663715,32.900442477876105,1202,1531,1246,1599,0.82,0.9,4.1063747123643
257,525,1952.0,2053.0,171.55450371602706,1.4753130256771325,39.13045957877364,64.27042032359722,1222.642930327869,1230.6480532786886,0.950803701899659,0.7932923653665385,19.642930327868854,30.648053278688526,1203,1200,1243,1263,0.83,0.91,5.470790168024649
258,526,2122.0,2509.0,212.14205045328518,0.6848715914367082,37.70083454505355,77.70156454357664,1236.918944392083,1186.9500471253534,0.8457552809884417,0.8744029491829809,31.918944392082942,28.95004712535344,1205,1158,1274,1221,0.59,0.71,50.75974830226857
259,527,1266.0,1349.0,139.32048245109738,-0.6959594953300308,35.47511617707532,47.852421671199274,1232.7053712480254,2234.2693522906793,0.938472942920682,0.671124987442688,25.705371248025276,22.269352290679304,1207,2212,1252,2255,0.82,0.85,129.8755417944655
260,528,1156.0,1344.0,144.22344098151103,1.1886982061755567,33.77059292679917,49.5443889605004,1223.1911764705883,1041.5709342560554,0.8601190476190477,0.7317035902048526,15.191176470588236,26.570934256055363,1208,1015,1247,1066,0.7,0.74,21.89260967136883
261,529,1930.0,2008.0,166.5562604105989,-1.4219783976900189,45.40987057389722,56.27785640613079,1228.5134715025906,1715.2865284974093,0.9611553784860558,0.5907058265135943,20.513471502590672,27.286528497409325,1208,1688,1255,1747,0.87,0.89,171.4733607464134
262,531,2328.0,2570.0,197.06838404480337,-1.4573935409619954,48.47578160872121,65.01169806416281,1237.4007731958764,666.4604810996564,0.9058365758754864,0.6663410988692066,24.40077319587629,36.460481099656356,1213,630,1270,703,0.75,0.78,173.50249898674878
263,532,2697.0,2868.0,200.4958310234366,-0.37415602063392883,54.6681111828995,65.65905982274,1247.519095291064,720.6325546903968,0.9403765690376569,0.5538660975700029,34.51909529106415,27.632554690396738,1213,693,1281,753,0.84,0.85,111.43756086173387
264,533,3824.0,4085.0,253.81719796180136,1.2881697376660346,50.73328544712238,98.9245665157807,1244.069560669456,996.4103033472803,0.9361077111383109,0.858479311443549,30.069560669456067,44.41030334728033,1214,952,1274,1045,0.75,0.88,16.19331073526179
265,534,912.0,941.0,112.77481787997881,-0.5798465960697073,31.017657673409747,38.389502779918786,1233.906798245614,1824.078947368421,0.9691817215727949,0.589220369537777,19.906798245614034,18.07894736842105,1214,1806,1252,1843,0.9,0.92,123.22276271982126
266,535,175.0,190.0,52.48015224605149,-0.5476332476149047,14.085167194507862,16.947973203749303,1224.4057142857143,341.54857142857145,0.9210526315789473,0.5561488640818976,9.405714285714286,8.548571428571428,1215,333,1234,349,0.8,0.81,121.3770738093768
267,536,2012.0,2450.0,201.1464761657209,-1.4569984993153389,39.39975699852421,72.62825079229854,1234.4662027833,2107.707753479125,0.8212244897959183,0.8400653072898246,18.466202783300197,34.70775347912525,1216,2073,1262,2142,0.62,0.72,173.47986476766349
268,537,1261.0,1415.0,146.90495804284552,1.0807699690557182,30.781102195584804,56.541481430043895,1240.8279143536874,568.2870737509912,0.8911660777385159,0.838826672328707,21.82791435368755,23.287073750991276,1219,545,1260,596,0.73,0.84,28.076442148622768
269,539,2115.0,2372.0,191.99120424717785,-0.100639159623154,43.04744099107881,66.46575309158351,1258.3073286052008,1279.6950354609928,0.8916526138279932,0.7619265160348457,35.307328605200944,19.69503546099291,1223,1260,1294,1307,0.72,0.77,95.76619910015013
270,540,549.0,612.0,96.78100028698637,0.5945219190516835,19.57200972166742,37.93408611187173,1239.0236794171221,1303.0983606557377,0.8970588235294118,0.8566200022804434,15.02367941712204,15.098360655737705,1224,1288,1256,1317,0.74,0.86,55.936403210320165
271,541,1756.0,1844.0,172.3399018794245,-0.1529291735077677,33.094312059093376,69.32034116125466,1253.8929384965832,2264.364464692483,0.9522776572668112,0.8786799644846958,29.892938496583145,15.364464692482915,1224,2249,1293,2284,0.74,0.9,98.76219620641896
272,542,4704.0,4964.0,264.44798143212483,-0.9963711092275286,67.0197128881762,91.89787941551658,1261.8356717687075,1942.5831207482993,0.9476228847703465,0.6842104195905137,35.835671768707485,45.58312074829932,1226,1897,1301,1987,0.85,0.88,147.08785938750574
273,543,3186.0,3289.0,208.8657047785822,0.4789810467358814,55.862462963698995,73.42608927480606,1265.0841180163213,623.2030759573132,0.9686834904226208,0.648988098179507,36.084118016321405,29.203075957313246,1229,594,1300,656,0.92,0.94,62.55640755527556
274,544,703.0,742.0,101.81871183851321,-0.8617208631199839,25.19844355715318,37.28942032417189,1242.5618776671408,2364.1322901849217,0.9474393530997305,0.7371279868367951,13.561877667140825,15.132290184921764,1229,2349,1260,2384,0.85,0.9,139.3729685751456
275,545,7083.0,7499.0,338.34080192275354,-1.5113396024160042,85.93714069616875,112.9367680054149,1280.15657207398,925.6086404066074,0.9445259367915723,0.6488322592538662,50.15657207397995,53.60864040660737,1230,872,1322,993,0.78,0.8,176.59338062941686
276,547,209.0,219.0,54.93163151125833,-0.5630809844767259,12.695507870691095,21.398957943661827,1242.248803827751,1481.4545454545455,0.954337899543379,0.8049984444729692,9.248803827751196,8.454545454545455,1233,1473,1252,1490,0.87,0.96,122.26216393458782
277,550,10996.0,12984.0,547.3249114396318,0.6391310734241351,64.32642302314338,241.1541974858338,1320.3813204801745,1896.668152055293,0.8468884781269255,0.963767433316666,84.38132048017461,78.66815205529284,1236,1818,1429,1976,0.46,0.82,53.380486937131124
278,551,2671.0,3414.0,235.8714449419561,0.2244829422047371,42.46375759350544,89.94549105792521,1279.0348184200675,1248.591538749532,0.7823667252489748,0.8815420766647861,42.03481842006739,25.59153874953201,1237,1223,1320,1282,0.6,0.74,77.13807483898938
279,552,586.0,626.0,96.55096249085872,-1.3236143808025407,19.931551977522357,38.40391839876503,1248.8873720136519,2390.6672354948805,0.9361022364217252,0.8547755304471742,10.887372013651877,17.667235494880547,1238,2373,1261,2410,0.79,0.92,165.83751772280735
280,553,7722.0,8366.0,355.5406250253001,1.2206550227659938,88.45637919480933,114.99524892240906,1287.8131313131314,307.6622636622637,0.9230217547214917,0.6389868172705679,48.813131313131315,63.66226366226366,1239,244,1335,372,0.77,0.79,20.061618954063135
281,554,2240.0,2413.0,189.0796493897157,-0.3639815329764498,49.6360999286799,61.14763917333315,1266.2924107142858,1556.3299107142857,0.9283050145047659,0.5840163619281594,26.292410714285715,24.329910714285713,1240,1532,1299,1584,0.79,0.8,110.85460566025237
282,555,2716.0,2994.0,233.6500034728769,-0.2753532582143545,37.286403864959425,95.53238806151519,1285.0699558173785,2287.559646539028,0.9071476285905143,0.9206872369414556,44.0699558173785,24.559646539027984,1241,2263,1337,2312,0.63,0.85,105.77657957085847
283,559,24961.0,25564.0,603.2093907010351,-1.3013813837804091,140.69242506240198,227.51818445995178,1313.5549857778135,2441.8036536997715,0.9764121420747927,0.7858801705324099,70.55498577781339,113.80365369977164,1243,2328,1392,2552,0.86,0.94,164.5636608275123
284,560,265.0,285.0,61.730708939609045,-1.2212311824291526,17.338832309710313,19.9617704010995,1253.8415094339623,1443.0377358490566,0.9298245614035088,0.4955105307260035,8.841509433962264,9.037735849056604,1245,1434,1264,1454,0.87,0.88,159.97139256296154
285,561,3920.0,4136.0,242.47995282027784,-0.15264185102638803,61.759276718680916,82.80442241966881,1285.8586734693877,2119.332142857143,0.9477756286266924,0.666119369761902,40.85867346938775,28.332142857142856,1245,2091,1333,2156,0.84,0.87,98.74573384087668
286,562,6632.0,7096.0,320.52980192402146,-0.8075862425268827,78.83108707286382,109.34962788803642,1295.9224969843185,2594.312876960193,0.9346110484780158,0.6930301519270698,50.92249698431846,47.312876960193,1245,2547,1344,2647,0.81,0.84,136.2712832896189
287,563,761.0,849.0,127.38840869620535,-0.5833368942109989,18.43547594805949,54.43793747465321,1270.8488830486203,1400.7989487516427,0.8963486454652533,0.9409119651751155,24.848883048620237,16.798948751642577,1246,1384,1294,1419,0.59,0.88,123.42274207255963
288,566,682.0,752.0,106.16631000165708,0.5140564736458714,22.63716348988026,40.84226373141655,1269.1979472140763,1050.3695014662756,0.9069148936170213,0.8323447252220518,22.197947214076247,12.36950146627566,1247,1038,1287,1066,0.76,0.86,60.54673362871354
289,567,1526.0,1618.0,146.44488245059023,-0.9213835548675904,42.13874387644719,47.084917910177616,1271.240498034076,1716.2798165137615,0.9431396786155748,0.44616233098619346,22.240498034076015,22.279816513761467,1249,1694,1294,1738,0.89,0.9,142.79138900667346
290,568,1222.0,1299.0,135.94885200137992,0.25335713047297903,31.561330892219594,50.311579363150976,1273.6792144026188,2076.814238952537,0.9407236335642802,0.7787636588595118,24.67921440261866,15.814238952536824,1249,2061,1298,2094,0.83,0.9,75.48370571435296
291,569,1643.0,1764.0,162.1133774724405,-0.31079682766648187,35.64587733228554,60.240648731251476,1282.367011564212,1422.678636640292,0.93140589569161,0.8061401415732617,32.36701156421181,21.678636640292147,1250,1401,1315,1442,0.79,0.87,107.80734651134419
292,570,787.0,994.0,135.5282446552233,0.34981714573105427,22.20478852961774,53.32380329129628,1279.0559085133418,1599.2604828462515,0.7917505030181087,0.9091750214582109,29.055908513341805,12.260482846251588,1250,1587,1305,1618,0.54,0.71,69.95695394829772
293,571,1682.0,1859.0,170.44378298148746,0.6369626199242598,40.490283455610864,56.8630050000028,1276.8026159334127,822.525564803805,0.9047875201721356,0.7021112696864649,25.802615933412604,26.525564803804993,1251,796,1304,844,0.73,0.76,53.50473017074435
294,572,408.0,444.0,79.02581681717007,-0.6765716166319922,20.54823554479038,26.87735263062622,1261.063725490196,1813.299019607843,0.918918918918919,0.6446016881981136,10.063725490196079,11.299019607843137,1251,1802,1274,1828,0.82,0.84,128.7646981713563
295,573,1004.0,1114.0,130.26049530756882,-1.4890910958462744,27.286339790347068,48.07435080672303,1263.4930278884462,2227.6772908366534,0.9012567324955116,0.8233139531571891,12.493027888446216,23.677290836653388,1251,2204,1281,2250,0.74,0.84,175.31863510250227
296,574,654.0,727.0,117.44773861426484,0.9803358423190572,17.86112083321412,49.603421332899735,1266.203363914373,1333.8639143730886,0.8995873452544704,0.9329220451326359,14.203363914373089,18.863914373088686,1252,1315,1284,1358,0.6,0.85,33.830893729715456
297,576,2538.0,2664.0,204.2880688193107,0.08005820065405407,40.9531938812164,80.04504651686332,1292.8581560283687,2325.0405831363278,0.9527027027027027,0.8592077634409672,39.858156028368796,21.040583136327818,1253,2304,1337,2347,0.76,0.9,85.41300298711121
298,577,6034.0,6268.0,297.1815465354085,-0.6618084031754342,72.96277810764381,106.55526067407224,1304.87520715943,747.7572091481604,0.9626675175494576,0.7287863030830548,50.8752071594299,41.75720914816043,1254,706,1357,793,0.86,0.91,127.91882834824477
299,578,747.0,770.0,98.81187220603658,1.1505561584796438,27.943234869367373,34.20405418586991,1268.4779116465863,1509.7831325301204,0.9701298701298702,0.5766988613478431,14.477911646586346,16.783132530120483,1254,1493,1285,1527,0.96,0.98,24.077988026331326
300,579,932.0,1123.0,138.6303690627144,-1.3430953615167314,22.21593327197837,57.980718010927,1271.3530042918455,2181.277896995708,0.8299198575244879,0.9236816918001083,17.353004291845494,25.277896995708154,1254,2156,1286,2209,0.61,0.84,166.95369569850624
301,580,1807.0,1927.0,176.68750004256836,0.12943389208894596,34.88664929253186,69.1187869436522,1295.0282235749862,1681.8561151079136,0.9377270368448365,0.8632745193493685,39.028223574986164,17.85611510791367,1256,1664,1327,1702,0.73,0.86,82.58398425735166
302,581,3301.0,3545.0,221.90849926801383,-0.6926218110609076,63.70513559372229,68.72247933550486,1293.262344744017,677.1305664950015,0.9311706629055007,0.3750830054319353,36.262344744016964,34.13056649500152,1257,643,1323,712,0.84,0.84,129.68430657249752
303,583,4255.0,4686.0,259.1244155555545,0.2268580118539158,66.71212884503308,87.22403555845564,1306.3297297297297,585.8761457109283,0.9080239009816474,0.6442244016205599,48.32972972972973,35.87614571092832,1258,550,1348,627,0.8,0.82,77.00199337204182
304,584,3021.0,3133.0,200.9559066156919,0.6507148992832285,58.479054572303404,66.56256760911371,1293.301886792453,1202.8897715988082,0.964251516118736,0.4776362774161383,34.301886792452834,29.88977159880834,1259,1173,1326,1236,0.94,0.95,52.71678260479057
305,586,970.0,1084.0,132.15661420550583,0.5551700399211202,27.76333042503011,48.241083824752316,1284.5144329896907,1455.4835051546393,0.8948339483394834,0.8177932207880724,24.51443298969072,14.483505154639175,1260,1441,1306,1475,0.7,0.78,58.191099800410385
306,588,467.0,581.0,102.374072205783,0.10945210763441478,16.983892421707864,39.3732284691371,1283.5224839400428,796.6316916488223,0.8037865748709122,0.902181629555537,19.522483940042825,9.63169164882227,1264,787,1306,807,0.56,0.72,83.72885617373642
307,591,993.0,1054.0,126.69829530782238,1.1418647148626295,31.264208789463805,43.73933057819136,1283.5931520644513,1025.3282980866063,0.9421252371916509,0.699344468370305,15.593152064451159,24.328298086606242,1268,1001,1304,1044,0.78,0.81,24.575971063462163
308,593,13324.0,14028.0,467.3394751918525,0.45518977526942445,115.4432181744061,156.6928975123912,1340.0563644551187,1349.331657160012,0.9498146564014828,0.6761671500161828,70.05636445511858,65.33165716001201,1270,1284,1430,1417,0.77,0.79,63.91954699955356
309,594,785.0,962.0,127.15837090007768,-0.40625085599683,26.697508494065577,43.25916702374489,1289.0165605095542,1487.5044585987262,0.816008316008316,0.7868434642093128,19.01656050955414,12.504458598726115,1270,1475,1316,1508,0.61,0.66,113.27645947219533
310,595,1009.0,1229.0,150.7366640848183,1.129876853673797,28.112381560421735,52.175935744412854,1293.9137760158574,1071.0,0.8209926769731489,0.8424338672060881,22.913776015857284,28.0,1271,1043,1312,1097,0.56,0.64,25.26282491497095
311,596,2112.0,2233.0,180.97928167679643,0.8541759568918051,40.716616581033584,68.28021838554568,1302.356534090909,1816.5142045454545,0.9458128078817734,0.8027494667320627,31.35653409090909,28.514204545454547,1271,1788,1330,1847,0.81,0.89,41.05932270855102
312,597,139.0,150.0,45.22099922544548,0.13025407919538226,12.792272626973855,14.57137778368764,1278.4028776978416,1381.3309352517986,0.9266666666666666,0.4788364560860765,6.402877697841727,7.330935251798561,1272,1374,1288,1388,0.85,0.86,82.53699099774181
313,598,3520.0,4413.0,272.58781739114283,0.7635638114485858,55.11333299718686,98.04158080501854,1314.2076704545455,2242.8269886363637,0.7976433265352368,0.8270404357726218,40.20767045454546,42.82698863636364,1274,2200,1360,2283,0.6,0.67,46.251016215073065
314,599,1652.0,2059.0,195.59287249302292,-1.2431534011779464,28.072482845794443,83.54463786005161,1293.7070217917676,2182.358958837772,0.8023312287518213,0.9418556464523636,18.707021791767556,37.3589588377724,1275,2145,1320,2221,0.54,0.81,161.22744317483
315,601,655.0,680.0,99.55780212333536,0.43325576515674274,25.9751647937089,34.20510389137104,1293.53893129771,1992.618320610687,0.9632352941176471,0.6506305598360845,17.538931297709922,12.618320610687023,1276,1980,1308,2009,0.83,0.85,65.1762732068075
316,604,1257.0,1305.0,139.64580502223953,-0.2882670739472478,29.603423895254217,55.433513439737695,1307.7263325377885,996.5115354017502,0.9632183908045977,0.8454625117317727,23.726332537788384,14.5115354017502,1284,982,1338,1015,0.81,0.93,106.51648670976292
317,605,191.0,207.0,54.146233347860885,-0.04465617781137582,14.311055721247794,18.00736366046396,1295.3612565445026,1967.4869109947645,0.9227053140096618,0.6069584939251904,9.361256544502618,8.486910994764397,1286,1959,1305,1975,0.82,0.83,92.5586105177776
318,606,853.0,913.0,119.01853494105973,-0.6495490123352897,22.81147299072871,49.337953385108726,1310.831184056272,2035.7420867526378,0.9342825848849945,0.886696769470741,23.831184056271983,17.74208675263775,1287,2018,1331,2052,0.76,0.94,127.21641699370315
319,607,2928.0,3038.0,205.30350477883582,-0.6826018990798943,49.29996983801082,76.30479759692776,1321.8756830601094,1723.5112704918033,0.9637919684002634,0.7632589806304094,32.87568306010929,32.51127049180328,1289,1691,1356,1755,0.87,0.94,129.1102079048929
320,609,2225.0,2471.0,196.24351763530723,0.07403779120368612,48.167092974268265,62.4112289420075,1325.9456179775282,1500.940224719101,0.9004451639012545,0.6359021867195062,35.94561797752809,26.940224719101124,1290,1474,1360,1525,0.73,0.74,85.75794703955798
321,610,2194.0,2630.0,205.3987895538503,-0.6969258641715527,43.56923537978656,71.21557139352981,1319.6736554238832,1635.34548769371,0.8342205323193916,0.7910173906386728,29.673655423883318,27.34548769371012,1290,1608,1358,1665,0.65,0.71,129.93091065053764
322,612,1994.0,2078.0,171.36393416599805,-0.17174890436630916,43.18080983231035,60.78284456310689,1324.7592778335004,1590.8034102306922,0.9595765158806545,0.7037869093067632,31.7592778335005,24.803410230692077,1293,1566,1357,1612,0.85,0.89,99.8404873561855
323,613,6698.0,8167.0,358.35689510774773,-0.3508963948856867,74.07937172761703,130.02933722442526,1349.6179456554196,815.4363989250522,0.8201297906207909,0.821843889470332,54.617945655419526,41.43639892505225,1295,774,1422,870,0.66,0.74,110.10488247330576
324,614,275.0,295.0,62.286069306878844,1.4142329644028053,18.245500565527777,19.599714874531013,1304.7672727272727,972.3854545454545,0.9322033898305084,0.36525774753128737,8.767272727272728,10.385454545454545,1296,962,1314,983,0.89,0.89,8.970419891444067
325,615,3161.0,3307.0,213.76866330899588,-0.0057490150758019555,58.23216011009745,71.29226482110322,1332.3324897184436,1056.1515343245808,0.955851224674932,0.5769082561615818,35.33248971844353,26.15153432458083,1297,1030,1370,1090,0.87,0.88,90.32939430020053
326,616,359.0,392.0,81.80261865351903,-0.1188281728501727,18.917556772829524,28.661589755380447,1313.242339832869,2087.0055710306406,0.9158163265306123,0.7512377804713567,16.24233983286908,11.005571030640668,1297,2076,1324,2098,0.67,0.72,96.80835279156594
327,618,3475.0,3702.0,243.36063575868974,1.411291023064821,48.363416630020595,94.29009593034311,1323.9703597122302,1970.3513669064748,0.9386817936250675,0.8584355209607548,24.970359712230216,48.35136690647482,1299,1922,1350,2019,0.74,0.87,9.13898071368564
328,619,2225.0,2409.0,186.20756277835224,-1.2987698752784824,45.52426641170863,64.08743542155304,1323.072808988764,1446.1244943820225,0.9236197592361975,0.7038524503640423,23.072808988764045,32.12449438202247,1300,1414,1348,1477,0.81,0.84,164.41403241218936
329,620,408.0,423.0,74.67821865402618,0.2224446916025537,19.081280464725218,27.616656680612305,1315.5294117647059,1761.3700980392157,0.9645390070921985,0.7229180714322095,13.529411764705882,8.370098039215685,1302,1753,1330,1772,0.92,0.97,77.2548579960845
330,622,229.0,240.0,59.50926747052986,0.6603962679122116,13.153033051835294,22.88797697484282,1314.2794759825329,1412.0349344978165,0.9541666666666667,0.8183852546697568,11.279475982532752,7.034934497816594,1303,1405,1325,1422,0.81,0.91,52.16208104243948
331,623,1069.0,1141.0,128.5944142057594,-1.0759712010332494,29.424258587796356,48.010710048835136,1318.2385406922358,2178.582787652011,0.936897458369851,0.7901848073257446,15.238540692235734,19.582787652011227,1303,2159,1339,2203,0.81,0.89,151.64860869682744
332,624,1624.0,1693.0,156.8850963708847,-1.0677651823414773,39.10558517888827,55.57243005908345,1331.1588669950738,1786.7463054187192,0.9592439456585942,0.7105103060778168,26.158866995073893,25.746305418719214,1305,1761,1352,1818,0.83,0.87,151.17843845918344
333,626,974.0,1143.0,143.57279583922676,1.5295728962209882,27.920537600056093,52.712541923213465,1326.6078028747434,1234.4866529774126,0.8521434820647419,0.8482004203684776,19.607802874743328,27.48665297741273,1307,1207,1339,1263,0.59,0.69,2.3619285889355126
334,627,680.0,729.0,99.82730816556167,0.27732852046502326,26.623682041858196,33.47369939331221,1324.4367647058823,1275.6191176470588,0.9327846364883402,0.6061357489372777,16.436764705882354,14.619117647058824,1308,1261,1345,1291,0.86,0.87,74.11024623874668
335,628,316.0,337.0,68.43450159294527,-0.5850323134926194,16.67387507012066,24.981056679449367,1320.873417721519,1169.990506329114,0.9376854599406528,0.7446449719301146,11.873417721518987,8.990506329113924,1309,1161,1333,1181,0.85,0.9,123.51988244190159
336,629,1380.0,1544.0,149.95126592142083,-0.6665884319523238,38.69165220393411,47.33883891222478,1332.818115942029,2139.182608695652,0.8937823834196891,0.5761638651871861,23.818115942028985,21.182608695652174,1309,2118,1364,2162,0.77,0.78,128.19270382311163
337,631,975.0,1106.0,133.07676539001645,-0.42381059134415144,25.407134694825753,50.634384356058504,1334.6892307692308,2294.902564102564,0.8815551537070524,0.8649974171522486,23.689230769230768,16.902564102564103,1311,2278,1357,2313,0.69,0.82,114.28255819696354
338,632,1895.0,2046.0,171.55450371602703,0.7174290635884055,42.90255127557495,59.31398529328658,1342.934036939314,1546.4654353562005,0.9261974584555229,0.690520762004664,30.934036939313984,22.465435356200526,1312,1524,1367,1573,0.81,0.84,48.8943425563616
339,633,1435.0,1531.0,152.17270739050002,0.8395677210979183,36.44170874133164,53.12470449922073,1333.1379790940766,963.2864111498258,0.9372958850424559,0.7276341670899732,20.137979094076655,29.286411149825785,1313,934,1360,986,0.78,0.82,41.89631296567268
340,634,470.0,494.0,83.92877534758374,1.2412167773999592,25.023136349831958,25.755015401584828,1325.231914893617,1114.3,0.951417004048583,0.23669892689956393,12.231914893617022,10.3,1313,1104,1338,1129,0.84,0.84,18.883517194153356
341,635,4504.0,4660.0,257.74418877878867,1.5059695463954474,75.22071103157946,80.62616920305145,1354.4402753108347,2637.5990230905863,0.9665236051502146,0.359989046339281,41.440275310834814,45.599023090586144,1313,2592,1390,2675,0.85,0.85,3.7143009163098384
342,636,2341.0,2450.0,181.85996461520836,-1.3511942104746786,50.95119073687577,59.71609583598463,1339.5395130286201,359.8201623237932,0.9555102040816327,0.5215450568947823,25.53951302862025,28.82016232379325,1314,331,1368,394,0.89,0.9,167.41772556271053
343,637,1551.0,1599.0,145.83370555440462,-1.1193825037432985,39.718494714780384,50.5215716768626,1338.7111540941328,1664.976144422953,0.9699812382739212,0.6180115412538171,22.711154094132816,23.976144422952935,1316,1641,1362,1693,0.92,0.94,154.13589312527807
344,638,1890.0,1993.0,166.32622261447122,1.4725248360955856,47.176952095783854,52.65292926692172,1345.8724867724868,670.3365079365079,0.9483191169091821,0.44405683015684294,23.872486772486774,26.336507936507935,1322,644,1371,699,0.86,0.86,5.630541663529641
345,639,1206.0,1504.0,164.20006592040653,0.8674344631811152,24.649895429131742,70.61334537776906,1342.9684908789386,936.2985074626865,0.8018617021276596,0.9370919307452071,20.96849087893864,29.29850746268657,1322,907,1370,962,0.56,0.82,40.2996662555259
346,641,10427.0,10698.0,377.9687292294024,0.9224599980389477,107.36007476118442,125.36241912018326,1382.2494485470413,2089.063680828618,0.9746681622733221,0.5163169105586294,60.24944854704133,58.06368082861801,1322,2031,1437,2152,0.92,0.93,37.146935342722095
347,642,2353.0,2498.0,203.59795543092775,-0.2941286571595167,37.883507313224726,81.8217369715973,1365.1291967700809,1189.0458988525286,0.9419535628502802,0.8863580045766132,42.129196770080746,24.045898852528687,1323,1165,1402,1213,0.71,0.88,106.85233068909065
348,643,6119.0,6331.0,303.5205483715039,-1.4407905644004266,71.39913989119512,112.38755742044249,1359.2688347769242,2199.803726099036,0.9665139788343073,0.7722703833584622,36.268834776924336,61.80372609903579,1323,2138,1399,2254,0.83,0.9,172.55121850241628
349,644,2593.0,2698.0,210.85710845153375,-0.014792426744493095,39.578211536236196,85.6516799736344,1368.1831854994216,1010.7786347859623,0.9610822831727205,0.8868365223363984,44.18318549942152,17.778634785962208,1324,993,1413,1035,0.73,0.91,90.8475436212159
350,645,478.0,514.0,88.31584175682627,-0.5680584906885012,22.54712965239242,29.674012643549666,1341.2280334728034,1749.6087866108787,0.9299610894941635,0.6501247812237626,17.228033472803347,14.608786610878662,1324,1735,1354,1762,0.77,0.79,122.54735403302269
351,646,2422.0,2534.0,192.2212420433055,-0.7009783106679178,46.50343088810399,69.13489721280233,1355.5520231213873,1831.4483897605285,0.9558011049723757,0.7399628684049636,31.552023121387283,33.44838976052849,1324,1798,1384,1859,0.82,0.87,130.16309873148194
352,647,1313.0,1385.0,141.12131657401991,0.46177377191688523,37.71995436180529,47.59783589547289,1351.3846153846155,1872.7730388423458,0.948014440433213,0.6099082369415005,26.384615384615383,17.773038842345773,1325,1855,1374,1898,0.83,0.85,63.54231177932578
353,648,564.0,602.0,94.23423624676505,-0.4173463206485275,19.73112605454531,37.915151683620465,1343.6879432624114,2312.06914893617,0.9368770764119602,0.8539213155984627,17.68794326241135,13.069148936170214,1326,2299,1362,2325,0.8,0.93,113.9121827684742
354,649,7242.0,7521.0,334.8180701691058,-0.9746066366730642,77.7824292326325,121.51835026847996,1374.6186136426402,875.9117647058823,0.9629038691663343,0.768301661049345,46.618613642640156,51.911764705882355,1328,824,1425,939,0.81,0.87,145.84084696680662
355,650,1371.0,1642.0,161.09794151291544,1.0030663013240702,42.66331544637196,45.09658523861948,1352.9263311451496,518.0758570386579,0.8349573690621194,0.3240406808226968,22.926331145149526,20.075857038657915,1330,498,1382,549,0.66,0.66,32.52853436233308
356,651,6774.0,7245.0,330.16149771763696,1.5466024790153052,85.72220050840107,106.08020951602457,1370.5742545025096,1127.1517567168585,0.9349896480331263,0.5890610567838831,39.574254502509596,54.15175671685858,1331,1073,1417,1180,0.78,0.79,1.3862053679525417
357,652,1030.0,1073.0,125.91289714442493,0.3951680959783008,28.495580062803683,47.593914576403634,1355.490291262136,1293.585436893204,0.9599254426840633,0.800956022031073,24.490291262135923,14.585436893203884,1331,1279,1377,1312,0.82,0.9,67.35853590222273
358,654,610.0,690.0,111.62462889934054,-0.27358134735499823,18.212440136317564,44.54944246337218,1350.650819672131,2032.3081967213116,0.8840579710144928,0.9126176818855691,19.65081967213115,11.308196721311475,1331,2021,1376,2044,0.62,0.81,105.67505655694397
359,655,187.0,204.0,52.80547481719364,-1.1437103155142703,14.211409759166438,17.36000781615832,1341.625668449198,1216.1283422459894,0.9166666666666666,0.5743223751483458,6.625668449197861,8.128342245989305,1335,1208,1351,1226,0.84,0.86,155.52977406454346
360,656,218.0,232.0,56.367674816940074,-0.1361091324569418,14.005660542321932,20.51883325483684,1346.8211009174313,989.2339449541284,0.9396551724137931,0.730814734551127,9.821100917431192,7.23394495412844,1337,982,1358,996,0.86,0.91,97.79847884296986
361,657,467.0,505.0,93.86944542952423,1.3598147773359974,16.00378573459105,38.515770418406674,1345.237687366167,1261.7323340471091,0.9247524752475248,0.909587448311385,8.237687366167023,20.73233404710921,1337,1241,1356,1279,0.67,0.87,12.088352339125564
362,658,1344.0,1486.0,187.50885306292082,-1.3398759817601247,19.87470461043648,89.92183616570283,1353.4441964285713,604.15625,0.9044414535666218,0.9752688208253717,14.444196428571429,38.15625,1339,566,1372,647,0.48,0.99,166.7692388258028
363,659,1881.0,2030.0,173.03001526780744,-0.39799136334774377,46.570055515198796,55.05526155830934,1365.213716108453,1437.5199362041467,0.9266009852216749,0.5333758191679651,26.21371610845295,23.51993620414673,1339,1414,1396,1462,0.79,0.8,112.80322540248336
364,660,2218.0,2331.0,187.45303653400498,0.7171739050047704,39.174116846214545,73.52131546291146,1370.958070333634,325.5184851217313,0.9515229515229515,0.8462244099514677,30.958070333633906,28.51848512173129,1340,297,1405,352,0.79,0.92,48.90896206631043
365,661,2563.0,2935.0,215.56949743191845,1.289624420386383,47.849608692414215,72.84205670106896,1367.9356223175967,1243.390167772142,0.8732538330494037,0.7539817588221225,27.935622317596568,36.39016777214202,1340,1207,1404,1281,0.69,0.74,16.109963554855213
366,662,391.0,458.0,80.8266509400926,0.8374388838202328,18.88644922129321,27.853316484846154,1352.6598465473146,708.9795396419437,0.8537117903930131,0.7349989558526892,11.659846547314578,10.979539641943735,1341,698,1368,723,0.75,0.8,42.01828635695418
367,663,472.0,513.0,84.75364175707985,1.4272429652387164,21.711444653565394,28.597816176134206,1351.8411016949153,761.9343220338983,0.9200779727095516,0.6508581129406337,10.841101694915254,14.934322033898304,1341,747,1366,778,0.83,0.85,8.22500175208468
368,664,288.0,305.0,64.87230159319884,-0.7707836801902797,16.314833419882326,23.11928555994926,1352.1597222222222,1800.0416666666667,0.9442622950819672,0.7085300005702635,10.159722222222221,10.041666666666666,1342,1790,1364,1811,0.86,0.9,134.16265179246443
369,665,240.0,276.0,63.761580858659244,-0.8603425741246388,15.490671390619454,21.981436356896435,1354.3916666666667,2323.741666666667,0.8695652173913043,0.7094894389651335,11.391666666666667,11.741666666666667,1343,2312,1363,2335,0.74,0.78,139.29399843276298
370,666,2448.0,2696.0,198.79028167552855,0.28007206848591354,53.15617687749288,60.39991878554199,1372.6303104575163,1480.7618464052287,0.9080118694362018,0.4748433447110653,28.63031045751634,28.76184640522876,1344,1452,1407,1507,0.78,0.78,73.95305251625821
371,667,2684.0,2821.0,200.7816853484801,1.0977504015825772,53.1464926876326,67.48242161013977,1374.3669895678092,1625.0871833084948,0.9514356611130804,0.6162372832032029,30.36698956780924,30.087183308494783,1344,1595,1401,1658,0.84,0.85,27.103535030527084
372,668,5164.0,5387.0,270.50112894317675,0.844135274189325,75.49597820361922,88.46139138606416,1385.8353989155694,404.348954298993,0.9586040467792835,0.5212005746012043,40.83539891556933,46.34895429899303,1345,358,1430,447,0.89,0.9,41.63461145083314
373,669,2323.0,2592.0,204.28806881931072,-0.4858065408113449,37.31947109071026,83.68352907654376,1380.5454154111064,1679.1829530779164,0.8962191358024691,0.8950531029800575,35.545415411106326,25.182953077916487,1345,1654,1418,1711,0.7,0.88,117.83466444834005
374,670,1761.0,2069.0,184.86680424768497,-1.3996792614629137,33.547608764674465,74.81395081426099,1363.4639409426463,2561.3162975582054,0.8511358144030933,0.8938260762223171,18.463940942646225,36.31629755820556,1345,2525,1384,2595,0.65,0.81,170.195714353813
375,671,4743.0,4874.0,269.67626253368064,0.9904161002819232,59.93013145411864,102.30536101547409,1387.3398692810458,481.8595825426945,0.9731226918342224,0.810458115550809,41.33986928104575,42.8595825426945,1346,439,1422,531,0.82,0.91,33.253337492040096
376,673,981.0,1068.0,130.03045751144114,-1.4920050631352229,29.07406869250462,46.774804754780426,1359.4383282364934,1972.676860346585,0.9185393258426966,0.7833543279100563,12.438328236493374,22.676860346585116,1347,1950,1377,1997,0.73,0.79,175.4855931297982
377,675,358.0,405.0,87.53044359342883,-1.1680935790678975,13.5033089947769,35.879795418232476,1359.8743016759777,1744.2737430167597,0.8839506172839506,0.9264781533321881,11.874301675977653,15.273743016759777,1348,1729,1370,1763,0.59,0.82,156.92683215692145
378,676,2505.0,2647.0,193.37143102394379,-0.30803181306142646,48.66894832715965,66.57450402170313,1384.0155688622754,735.0830339321358,0.9463543634302984,0.6823294122576788,34.01556886227545,27.083033932135727,1350,708,1420,762,0.84,0.87,107.64892284418248
379,677,761.0,791.0,101.12859845013026,-1.1960700285042782,29.73938351754136,33.34523712514573,1368.9053876478317,978.5939553219448,0.9620733249051833,0.45230561926138574,16.9053876478318,16.593955321944808,1352,962,1383,994,0.94,0.94,158.5297646353872
380,678,2260.0,2362.0,179.8685609422568,0.7477641366232853,52.859996218303976,56.936066790005604,1377.4774336283185,1772.5544247787611,0.9568162574089755,0.3715581303829383,25.477433628318582,32.55442477876106,1352,1740,1410,1799,0.88,0.88,47.15627090024188
381,679,1201.0,1271.0,134.60809347071267,-0.35522178208697774,37.642540895660424,42.55170988628783,1374.820149875104,2506.6935886761034,0.94492525570417,0.46629267370544136,22.82014987510408,21.693588676103246,1352,2485,1395,2525,0.83,0.84,110.35270890469965
382,680,1195.0,1259.0,139.64580502223953,-1.5634347349647653,29.75094136214902,52.81344977587931,1369.7740585774059,630.2485355648536,0.949166004765687,0.8262379252928608,15.774058577405858,30.248535564853558,1354,600,1386,656,0.77,0.87,179.5782118576355
383,681,327.0,372.0,79.48589240942536,-0.6651291495025851,14.892882867117203,30.325731505616538,1368.336391437309,768.5351681957187,0.8790322580645161,0.8711047621116023,13.336391437308869,9.535168195718654,1355,759,1384,781,0.65,0.78,128.10909309762408
384,682,6502.0,6942.0,328.07480926967094,0.45559226763556265,71.32644693256125,121.68931735898303,1409.6544140264534,1548.3229775453706,0.9366176894266782,0.8102129360139478,54.6544140264534,44.322977545370655,1355,1504,1472,1593,0.76,0.84,63.89648588568761
385,683,515.0,588.0,100.01787771559066,-0.07306109902668283,16.840789372827903,40.240727123838084,1373.7417475728155,1722.5417475728154,0.8758503401360545,0.9082162806950173,18.741747572815534,9.541747572815535,1355,1713,1395,1733,0.65,0.85,94.1860926208163
386,684,1050.0,1100.0,123.23138008309044,-0.9798142808322166,32.141666848382826,42.46683258608585,1372.4571428571428,2006.0314285714285,0.9545454545454546,0.6535710372729039,17.457142857142856,18.03142857142857,1355,1988,1391,2029,0.87,0.89,146.139222998332
387,685,188.0,204.0,56.36767481694007,0.1321117795058794,12.877876587420596,20.474709092812265,1365.4308510638298,1592.904255319149,0.9215686274509803,0.7774335702181696,8.430851063829786,6.904255319148936,1357,1586,1378,1600,0.74,0.8,82.43055261035019
388,686,306.0,322.0,68.43450159294527,-1.3114303903221727,15.795743611681972,25.83834755998522,1366.549019607843,2331.3823529411766,0.9503105590062112,0.7913761844310329,9.549019607843137,13.382352941176471,1357,2318,1374,2345,0.82,0.9,165.1394264906547
389,687,512.0,609.0,102.14403440965535,0.6590204107586605,20.350585705053046,38.728012749428345,1370.115234375,2267.9921875,0.8407224958949097,0.8508093089057257,12.115234375,17.9921875,1358,2250,1390,2281,0.62,0.72,52.240911850550845
390,688,2265.0,2369.0,180.7097756345701,-1.2750307615957552,45.6344549440827,65.02791924694277,1383.3986754966888,684.5708609271524,0.9560996200928662,0.7124064315048013,23.398675496688742,31.570860927152317,1360,653,1410,715,0.87,0.91,163.05388138878783
391,689,695.0,731.0,100.3432002867328,-0.014921324383620533,25.98903194163821,35.03924224770735,1375.3755395683454,2291.1453237410074,0.9507523939808481,0.6707183286548506,15.375539568345324,14.145323741007195,1360,2277,1395,2304,0.87,0.9,90.8549289119271
392,691,4040.0,4365.0,269.1209021664108,-1.546342129328793,59.12476723614356,94.17809319770839,1390.9690594059407,562.2628712871287,0.9255441008018328,0.7783767438483389,28.969059405940595,41.26287128712871,1362,521,1425,618,0.7,0.76,178.59887769381277
393,692,217.0,231.0,56.923035184209866,0.10918186547040361,16.773807269802997,17.732624416783334,1370.8248847926268,2309.147465437788,0.9393939393939394,0.3243731557596066,8.824884792626728,6.147465437788019,1362,2303,1381,2319,0.84,0.84,83.74433990918074
394,693,1191.0,1236.0,127.71373126734748,-1.1062627027564687,33.439145427037296,45.650412605837246,1383.39798488665,939.840470193115,0.9635922330097088,0.6807618877267878,18.397984886649873,21.840470193115028,1365,918,1402,963,0.92,0.95,153.38418390068117
395,694,956.0,989.0,116.24173310471076,1.02507367517463,32.33543614611506,38.867306525927084,1385.425732217573,2253.654811715481,0.9666329625884732,0.5548590766908288,20.425732217573223,19.65481171548117,1365,2234,1402,2275,0.89,0.9,31.267604722529427
396,695,2066.0,2156.0,173.9106982062194,-0.22314655889559615,41.75508606578314,63.56206520418236,1397.8596321393998,1055.6752178121974,0.9582560296846011,0.7539617368751663,31.859632139399807,21.675217812197484,1366,1034,1429,1077,0.86,0.92,102.78535603758512
397,696,1644.0,1721.0,154.25939583846602,-0.4598060308571922,40.8601416293769,52.23394051322611,1390.0261557177616,1885.7907542579076,0.9552585705984893,0.6229612302825004,23.026155717761558,19.790754257907544,1367,1866,1416,1911,0.87,0.89,116.34494496277921
398,697,164.0,177.0,50.58403334811446,1.2704860703711491,13.21780473659956,16.780822482938692,1374.2743902439024,2348.8536585365855,0.9265536723163842,0.61609323510981,7.274390243902439,6.853658536585366,1367,2342,1382,2360,0.81,0.82,17.206510237572246
399,698,1295.0,1753.0,193.23667800283062,-0.38056103257765295,23.623485949941262,86.51967932740507,1405.2532818532818,1694.8888030888031,0.7387335995436395,0.9620021801280044,37.253281853281855,17.88880308880309,1368,1677,1444,1718,0.44,0.76,111.80454101384015
400,699,911.0,995.0,120.2245404506138,-0.3714440079641316,28.38632547723554,42.42190033382582,1389.529088913282,1852.6805708013173,0.9155778894472362,0.7431334999748774,21.52908891328211,16.680570801317234,1368,1836,1412,1867,0.79,0.84,111.28217398176848
401,700,2794.0,2942.0,203.40738588089874,1.1011391741945664,51.171770404716725,70.98197431516026,1400.2372942018612,1294.0153901216893,0.9496940856560163,0.6930264189358628,30.237294201861133,34.015390121689336,1370,1260,1429,1332,0.85,0.88,26.909372662130572
402,701,1137.0,1243.0,137.65440134928798,0.5300751499074483,32.951208339718676,47.77809477975315,1397.4388742304309,1743.065963060686,0.914722445695897,0.7241220208698712,26.438874230430958,16.065963060686016,1371,1727,1419,1767,0.75,0.79,59.62893108553878
403,702,808.0,879.0,117.54302338927931,0.08756672730075998,30.531987861614088,35.38422327635899,1391.6905940594058,2476.612623762376,0.919226393629124,0.5054257717803945,20.690594059405942,14.612623762376238,1371,2462,1409,2493,0.73,0.74,84.98279609989345
404,703,2661.0,2775.0,202.8125572675303,1.409420127944769,45.79069334240927,76.70115254927966,1397.5077038707252,2579.9079293498685,0.9589189189189189,0.802240214188867,26.50770387072529,35.90792934986847,1371,2544,1420,2620,0.81,0.9,9.246175107976242
405,704,1027.0,1267.0,147.46031841011532,0.23564779629426388,25.556806740726458,57.76931244839787,1400.8266796494645,1982.4157740993185,0.8105761641673244,0.8968207194374714,28.82667964946446,16.4157740993184,1372,1966,1428,2001,0.59,0.75,76.49837582078013
406,705,1090.0,1399.0,153.05339032891197,0.017127919806325078,32.909861418776465,51.18948459058938,1399.6247706422018,2160.7467889908257,0.7791279485346676,0.7659477977076958,27.624770642201835,16.74678899082569,1372,2144,1424,2183,0.58,0.63,89.01864248325904
407,706,1073.0,1218.0,134.4175239206837,-0.9375098015850691,30.02701181221227,49.25417318095032,1389.7092264678472,2319.1817334575953,0.8809523809523809,0.7926831361866719,15.709226467847158,20.181733457595527,1374,2299,1413,2346,0.75,0.82,143.71535488297167
408,707,1869.0,1947.0,172.14933232939552,0.9406673071234359,36.1040358120642,67.45009798439985,1402.100053504548,1229.9497057249866,0.9599383667180277,0.8446808155062306,27.100053504547887,27.949705724986625,1375,1202,1426,1261,0.79,0.91,36.10373337589072
409,709,6425.0,7031.0,331.90651531164366,1.5524337053664679,70.78736886805933,118.95086760255414,1414.2258365758755,2378.4393774319065,0.9138102688095576,0.8036534801242329,39.22583657587548,57.439377431906614,1375,2321,1454,2439,0.73,0.81,1.0521007086454546
410,710,473.0,497.0,85.72960947050628,-0.34844350215570374,23.991052808725286,27.428382685430915,1391.061310782241,2022.6828752642707,0.9517102615694165,0.48470115932745167,15.061310782241014,13.682875264270614,1376,2009,1405,2033,0.81,0.81,109.96434207227942
411,711,3380.0,3625.0,228.97708273859087,0.4309674564338863,63.32076417517747,72.49189864585209,1420.989349112426,775.0023668639053,0.9324137931034483,0.4868466525430814,43.989349112426034,34.00236686390532,1377,741,1453,811,0.81,0.82,65.30738363885014
412,712,614.0,648.0,95.53552653133363,1.5392660285585524,24.88201509632329,32.191657036513426,1389.3061889250814,1809.4071661237786,0.9475308641975309,0.6344868531065566,12.306188925081432,16.407166123778502,1377,1793,1402,1826,0.85,0.87,1.8065530157312963
413,715,1484.0,1561.0,148.11096355239962,-1.264581743393094,36.080143673858,53.35782249017395,1402.6738544474395,628.2446091644205,0.9506726457399103,0.7367252548481522,18.673854447439354,24.244609164420485,1384,604,1422,656,0.85,0.9,162.45519674571995
414,716,1153.0,1427.0,154.71947143072134,0.5963256565295334,34.913720534037935,50.26246687148863,1405.5576756287944,2535.2792714657417,0.8079887876664331,0.7193690565055145,21.55767562879445,23.279271465741544,1384,2512,1428,2561,0.61,0.64,55.83305666548979
415,717,970.0,1086.0,131.7360068593492,-0.38276678439996,28.498373430893498,46.485890370469335,1406.30206185567,2448.6247422680412,0.8931860036832413,0.7900408002980317,21.302061855670104,15.624742268041237,1385,2433,1432,2466,0.7,0.77,111.93092128391163
416,718,787.0,821.0,104.73026669597535,-1.0033269689295863,27.986964390107943,36.723513419347945,1400.133418043202,968.1626429479035,0.9585870889159561,0.6474601419162809,14.133418043202033,17.162642947903432,1386,951,1418,988,0.9,0.93,147.48640079131877
417,720,271.0,288.0,68.98986196021505,0.47216877709808286,13.574365005150142,26.79902063994431,1402.4760147601476,368.929889298893,0.9409722222222222,0.8622254703594406,13.476014760147601,6.929889298892989,1389,362,1414,380,0.72,0.85,62.94672185442653
418,721,968.0,1015.0,120.58933126785462,0.558290359869571,28.90021351507174,43.66383155350718,1411.870867768595,1924.353305785124,0.9536945812807882,0.749609875907179,22.87086776859504,16.35330578512397,1389,1908,1434,1943,0.84,0.89,58.01231863663368
419,722,1252.0,1305.0,133.26733494004543,1.2399419271798249,32.99236222824049,49.003845376861534,1406.8258785942492,1428.9400958466454,0.9593869731800766,0.7394052053287266,16.8258785942492,21.940095846645367,1390,1407,1424,1454,0.89,0.94,18.956560731278373
420,724,381.0,541.0,97.56639845038382,0.29573467967786365,13.711965446650021,42.80245944327971,1408.1496062992126,1403.9606299212599,0.7042513863216266,0.9472976935417275,17.1496062992126,10.960629921259843,1391,1393,1426,1416,0.5,0.78,73.05565099880509
421,726,140.0,155.0,49.56859738858936,0.31125459869608585,13.808576822470993,14.47088357509794,1402.3785714285714,658.1928571428572,0.9032258064516129,0.2990681066263991,8.378571428571428,6.192857142857143,1394,652,1410,667,0.72,0.72,72.16642514067614
422,727,672.0,726.0,100.93802890010127,-0.8609420421975669,29.19369997252073,30.746958984421966,1411.9002976190477,1830.986607142857,0.9256198347107438,0.31381993565999633,17.90029761904762,14.986607142857142,1394,1816,1427,1847,0.83,0.83,139.3283454232946
423,728,1208.0,1372.0,164.9459958377053,-0.09718172732057473,25.766622793221828,65.83912827254592,1429.3079470198675,1091.3890728476822,0.880466472303207,0.9202388123976526,34.30794701986755,13.389072847682119,1395,1078,1463,1107,0.56,0.76,95.56810282126014
424,729,1855.0,2164.0,196.24351763530723,-1.2286191684333736,31.90767631838503,78.4993840386817,1417.4053908355795,1176.2172506738546,0.8572088724584104,0.9136639485811348,22.405390835579514,38.217250673854444,1395,1138,1439,1214,0.61,0.8,160.3946929801051
425,730,1140.0,1186.0,129.51456539027004,-1.107662895746468,31.03774825385153,48.07342746600243,1415.4640350877194,1379.9228070175438,0.9612141652613828,0.7636485989812024,20.4640350877193,24.92280701754386,1395,1355,1433,1402,0.85,0.92,153.46440904951191
426,731,256.0,302.0,70.33062049088231,0.5667977426085006,13.11272501842465,28.56153063886686,1406.26953125,1456.43359375,0.847682119205298,0.8883823104961958,11.26953125,12.43359375,1395,1444,1419,1465,0.65,0.81,57.52488151099057
427,732,339.0,367.0,76.80437534809087,0.7161872598308269,16.412009225250895,28.61564867708146,1406.0678466076697,1477.669616519174,0.9237057220708447,0.8191826920953476,11.067846607669617,12.669616519174042,1395,1465,1420,1489,0.72,0.81,48.96549267065434
428,733,1048.0,1107.0,121.56529898128106,0.9156539583380026,31.660698456891865,43.464718659128195,1413.148854961832,1715.8578244274809,0.9467028003613369,0.6851277328067483,18.14885496183206,18.857824427480917,1395,1697,1433,1736,0.89,0.92,37.53689269278474
429,734,2282.0,2511.0,198.79028167552855,1.1671134171170705,40.848338461755645,74.30562840116978,1417.3549517966696,1631.3356704645048,0.9088012743926722,0.8353396966657328,21.35495179666959,36.33567046450482,1396,1595,1447,1666,0.73,0.83,23.129326986100253
430,736,13269.0,13911.0,484.92043739445694,1.1620903909155402,98.72759665658093,183.8042039701656,1447.988544728314,2263.530635315397,0.9538494716411473,0.8434965482248445,51.98854472831412,99.5306353153968,1396,2164,1522,2337,0.71,0.82,23.41712518783156
431,737,1019.0,1211.0,146.02427510443357,-1.2475905339237503,30.7783147744191,47.98037766735131,1413.3945044160942,905.3002944062806,0.8414533443435177,0.76714216199644,16.39450441609421,28.300294406280667,1397,877,1430,930,0.6,0.65,161.48167215430385
432,738,2733.0,2903.0,221.85268273909804,0.4906412990794933,38.858823824403046,91.89075558103688,1439.189535309184,1511.3318697402121,0.9414398897692042,0.906185380149838,42.189535309184045,28.33186974021222,1397,1483,1482,1544,0.7,0.91,61.88832430792907
433,739,2092.0,2352.0,187.54832130901949,-1.569654850582793,46.5069001230012,60.16004982817444,1423.0176864244743,1788.604206500956,0.8894557823129252,0.6343415766953882,26.01768642447419,31.604206500956025,1397,1757,1445,1820,0.75,0.77,179.93459823063188
434,741,1379.0,1424.0,137.5196483281748,-1.4037354999690812,35.406744310245855,49.9636393388669,1415.1559100797679,2646.3321247280637,0.9683988764044944,0.7055599600051592,17.15591007976795,24.332124728063814,1398,2622,1433,2672,0.92,0.96,170.42811970091486
435,742,441.0,475.0,84.61888873596669,1.5018477070252465,20.603091831438054,29.38874219031022,1410.3582766439908,2016.936507936508,0.9284210526315789,0.7131083038462278,11.35827664399093,11.936507936507937,1399,2005,1422,2036,0.77,0.81,3.950464916053221
436,743,1550.0,1994.0,181.49517379796754,0.8164025156792574,40.959054073939335,56.64374694467264,1429.8709677419354,606.98,0.7773319959879639,0.6907440875270793,29.870967741935484,21.98,1400,585,1456,637,0.59,0.61,43.22358146771553
437,744,943.0,1100.0,128.40384465573044,-1.311571548757633,32.73044343198942,41.08776469758161,1417.8769883351008,937.6139978791092,0.8572727272727273,0.6045090168220002,16.87698833510074,18.613997879109228,1401,919,1441,963,0.72,0.73,165.14751427324924
438,745,1177.0,1223.0,133.8621635534139,0.9931504884154506,28.20707841029827,53.508246699088154,1420.892948173322,712.7740016992353,0.9623875715453802,0.8497698602292046,18.892948173322004,22.774001699235345,1402,690,1441,738,0.83,0.96,33.09666859243832
439,747,286.0,313.0,65.75298453161078,-0.41411990158681183,18.355063378366786,21.041391107645648,1412.8636363636363,1859.8496503496503,0.9137380191693291,0.48891528862783645,10.863636363636363,10.84965034965035,1402,1849,1424,1869,0.83,0.84,113.72732257329733
440,748,748.0,833.0,122.90605751194829,-1.1864805055262406,19.71248925571683,50.761211463786424,1417.3663101604277,2476.6136363636365,0.8979591836734694,0.9215171590461497,14.366310160427808,21.613636363636363,1403,2455,1434,2500,0.62,0.85,157.98032544120196
441,749,261.0,279.0,67.18902783729251,1.5253330837575398,14.527331571526307,25.089427142545592,1411.455938697318,1110.295019157088,0.9354838709677419,0.8153118814531968,7.4559386973180075,9.295019157088122,1404,1101,1420,1126,0.73,0.81,2.6048519490180695
442,750,3123.0,3241.0,211.87254441105887,-1.0703018904209116,52.72355738943548,76.20697144458741,1436.4265129682997,660.5344220300992,0.9635914841098426,0.722044222346372,30.42651296829971,36.534422030099265,1406,624,1464,698,0.87,0.92,151.32378112599176
443,751,370.0,514.0,98.90715698105107,0.5724894666448818,12.782280988540167,45.261791523446014,1424.5054054054053,1910.9594594594594,0.7198443579766537,0.9592944590703085,16.505405405405405,13.95945945945946,1408,1897,1441,1925,0.48,0.81,57.19876974555276
444,752,6272.0,7194.0,334.262709801836,-0.5699741657195347,82.74592711122449,102.15922471830699,1460.7417091836735,2499.941485969388,0.8718376424798443,0.5864710428336537,50.74170918367347,50.941485969387756,1410,2449,1512,2547,0.71,0.72,122.6571141272195
445,754,1496.0,1586.0,154.71947143072134,0.6206885485105885,35.349857323278705,56.08522536927346,1433.3302139037432,1000.0681818181819,0.9432534678436317,0.7763612235667737,21.330213903743317,25.068181818181817,1412,975,1461,1022,0.79,0.85,54.43716577824222
446,757,1924.0,2050.0,170.80857379872828,-0.5914178197052703,43.183209566049726,58.90175056663172,1437.9277546777546,1882.1283783783783,0.9385365853658536,0.6800781090425212,23.927754677754677,23.12837837837838,1414,1859,1470,1910,0.83,0.86,123.88574499794103
447,758,16623.0,17050.0,492.04483739394976,-0.5934594997160582,131.0491474309272,165.8371092913726,1490.7860795283643,1985.1284966612525,0.9749560117302053,0.6128127897019614,76.78607952836431,70.12849666125248,1414,1915,1576,2056,0.86,0.88,124.00272464567541
448,760,1178.0,1375.0,149.35643730805236,-1.401811905079917,28.61799950342065,56.28098247111916,1431.9940577249577,1257.934634974533,0.8567272727272728,0.8610712240571419,15.994057724957555,29.934634974533108,1416,1228,1449,1284,0.66,0.78,170.3179058322728
449,761,209.0,221.0,54.701593715130684,-0.2578778318425135,14.461076436690405,19.125870037768752,1426.1674641148325,1451.0765550239234,0.9457013574660633,0.6544557338809154,10.167464114832535,8.076555023923445,1416,1443,1436,1458,0.88,0.9,104.77531139456038
450,762,287.0,323.0,67.64910342954782,-1.5500602169701094,15.884428365991578,24.612247103078662,1424.3031358885016,1468.142857142857,0.8885448916408669,0.7638556199308321,8.303135888501743,10.142857142857142,1416,1458,1433,1482,0.79,0.85,178.81190842351992
451,763,319.0,348.0,71.3460564504074,-0.8285943126403132,16.542399515982506,26.177483915935294,1428.3793103448277,1846.2225705329154,0.9166666666666666,0.7750235329584464,12.379310344827585,13.22257053291536,1416,1833,1438,1857,0.79,0.85,137.47495704283338
452,765,483.0,511.0,85.72960947050626,1.3857577260836182,19.072547725390766,32.53210821860139,1427.4368530020704,840.896480331263,0.9452054794520548,0.810116867026041,10.436853002070393,15.89648033126294,1417,825,1438,858,0.83,0.92,10.601930867762675
453,766,624.0,676.0,99.00244175606555,-0.601086778733606,26.995506419246976,31.875033176547475,1434.1939102564102,1125.1346153846155,0.9230769230769231,0.5317251650013185,17.193910256410255,13.134615384615385,1417,1112,1449,1141,0.8,0.81,124.43973554254958
454,767,569.0,635.0,113.75078559340524,-0.3234643816890788,19.56549306206838,43.18644229556135,1440.854130052724,1589.8910369068542,0.8960629921259843,0.8914865743003119,23.854130052724077,14.89103690685413,1417,1575,1462,1602,0.55,0.69,108.53314389359296
455,768,2728.0,3030.0,228.4775389002369,0.17877744881056973,36.43693920494486,98.69651629180008,1460.633431085044,1752.3914956011731,0.9003300330033003,0.9293572702161448,43.63343108504399,24.39149560117302,1417,1728,1509,1774,0.66,0.93,79.75680671103824
456,769,491.0,526.0,88.54587955295392,1.2830544730036275,23.601048945391337,28.04090405285854,1431.4236252545825,880.511201629328,0.9334600760456274,0.5399999459126158,12.423625254582484,14.511201629327902,1419,866,1446,898,0.79,0.8,16.486393811510126
457,770,730.0,762.0,99.78783991946301,0.7274906270798345,28.215324015485894,33.2530868031492,1433.664383561644,1212.521917808219,0.958005249343832,0.5291915289916553,14.664383561643836,15.521917808219179,1419,1197,1450,1228,0.92,0.93,48.31785743299981
458,771,2782.0,2894.0,206.18418771724774,0.4405507587967259,50.96733181550825,73.0500896245076,1456.4816678648453,572.5402588066139,0.9612992398064962,0.716386264241215,36.481667864845434,24.540258806613945,1420,548,1491,606,0.82,0.86,64.75830085966169
459,773,1531.0,1611.0,152.03795436938685,-0.9896308129206116,34.10112619087014,58.613125955284,1442.2057478772044,1313.3625081645982,0.9503414028553694,0.813331771913384,22.20574787720444,26.362508164598303,1420,1287,1465,1338,0.83,0.93,146.7016688564518
460,774,1001.0,1071.0,130.29996355366748,0.5713433845695958,25.878385860704306,51.13691893244887,1443.6303696303696,1615.0879120879122,0.934640522875817,0.8624978554744347,23.630369630369632,18.087912087912088,1420,1597,1468,1635,0.74,0.88,57.26443541144224
461,775,746.0,812.0,111.62462889934055,-1.5546030300496252,24.480082979555196,41.086275317042485,1433.4101876675604,2146.06836461126,0.9187192118226601,0.8031169486552016,13.410187667560322,23.068364611260055,1420,2123,1447,2164,0.75,0.83,179.07219244009303
462,776,3045.0,3178.0,211.73779138994567,1.0117244636428986,56.31024336707404,71.76646402209694,1453.5638752052546,965.0210180623974,0.9581497797356828,0.6199621602026408,31.563875205254515,33.021018062397374,1422,932,1483,1000,0.85,0.87,32.03245820312501
463,778,1729.0,1812.0,160.08250555339032,1.3639690879003294,40.56122455191382,56.05792468979709,1446.3614806246385,1047.5066512434933,0.9541942604856513,0.6902623783483114,23.36148062463852,25.506651243493348,1423,1022,1467,1079,0.85,0.88,11.850327877002726
464,779,511.0,605.0,99.46251734832084,-1.389842580917168,18.30440814690148,38.94895799633845,1434.5283757338552,1391.876712328767,0.8446280991735537,0.8826883163974418,11.528375733855185,20.876712328767123,1423,1371,1446,1411,0.65,0.8,169.63211407412334
465,780,900.0,1025.0,133.03729714391778,-1.348827560924841,24.901166823609856,52.05527678766136,1435.9044444444444,1424.2366666666667,0.8780487804878049,0.8781637805667056,12.904444444444444,29.236666666666668,1423,1395,1450,1448,0.64,0.78,167.28212653191832
466,781,212.0,237.0,56.04235224579793,0.6748673366170646,15.839388197117351,17.568729019345376,1432.0990566037735,1821.6933962264152,0.8945147679324894,0.43263928557614384,9.099056603773585,7.693396226415095,1423,1814,1442,1831,0.85,0.85,51.33294988060756
467,784,5360.0,5570.0,311.5256313094087,0.16736493264694954,54.08990674712143,128.41101555604195,1484.6873134328357,1713.9343283582089,0.9622980251346499,0.906956256998227,59.68731343283582,31.934328358208955,1425,1682,1555,1743,0.69,0.9,80.4106957208385
468,786,2611.0,2892.0,213.44334073785376,-0.8433420328409974,43.46383318552532,78.97096156464866,1455.8169283799311,490.8265032554577,0.90283540802213,0.834915988608505,28.81692837993106,31.82650325545768,1427,459,1494,528,0.72,0.82,138.31993916777242
469,788,229.0,246.0,61.730708939609045,-1.3276596416163315,12.370131902900717,24.491417956693724,1435.7336244541484,1935.3886462882097,0.9308943089430894,0.863072375078974,7.7336244541484715,10.388646288209607,1428,1925,1443,1949,0.76,0.89,166.06929409446724
470,789,2710.0,3102.0,212.10258220718652,-1.5333717172244308,47.7400262077795,78.03979823437507,1454.3955719557196,2714.947970479705,0.8736299161831077,0.791059289145162,26.395571955719557,37.9479704797048,1428,2677,1481,2750,0.76,0.83,177.8557278216874
471,790,891.0,928.0,109.49847220527585,1.0515000089910786,30.085682477542903,38.00666192650071,1444.175084175084,917.5342312008979,0.9601293103448276,0.6110529695891944,15.175084175084175,17.534231200897867,1429,900,1461,936,0.93,0.95,29.75348732684308
472,792,1794.0,1882.0,162.1133774724405,-1.1362689960130072,46.411076861930766,51.26478475091445,1452.8578595317726,1178.2759197324415,0.953241232731137,0.4247284033526844,22.857859531772576,28.275919732441473,1430,1150,1482,1204,0.86,0.86,155.10341786311267
473,793,549.0,639.0,105.15087404213199,0.43379140855240683,18.03144861289326,42.54982918536718,1446.969034608379,1473.8652094717668,0.8591549295774648,0.9057686491848883,16.96903460837887,11.86520947176685,1430,1462,1472,1486,0.62,0.81,65.14558310091189
474,794,137.0,148.0,45.22099922544548,-1.2223418564991422,13.188493757501552,14.233682044663416,1438.5474452554745,737.1167883211679,0.9256756756756757,0.37612392738208683,7.547445255474453,8.116788321167883,1431,729,1445,745,0.84,0.84,160.03502949958656
475,795,938.0,1264.0,149.58647510418,-1.1175568626091257,31.367002804688187,47.71840516739657,1453.638592750533,805.4466950959488,0.7420886075949367,0.7535980430929614,22.63859275053305,27.446695095948826,1431,778,1474,829,0.53,0.56,154.03129159338448
476,796,491.0,509.0,80.59661314396496,0.8985404382274299,23.724929925371057,26.93336984747233,1442.816700610998,1361.6700610997964,0.9646365422396856,0.47334911094513255,11.816700610997964,13.670061099796333,1431,1348,1456,1374,0.95,0.96,38.51742516773281
477,797,470.0,544.0,102.69939477692515,1.2417776625589567,15.641148909088198,42.71936280322911,1442.9936170212766,865.9382978723404,0.8639705882352942,0.9305608702174669,10.993617021276595,20.938297872340424,1432,845,1455,887,0.56,0.79,18.85138084175128
478,799,364.0,391.0,79.71593020555301,-1.5318668635927606,16.168604400185263,30.610007525253714,1439.0604395604396,2077.576923076923,0.9309462915601023,0.8491118945926791,7.06043956043956,14.576923076923077,1432,2063,1450,2095,0.72,0.83,177.76950605980778
479,802,214.0,232.0,58.26379371487711,-0.8536409452404298,15.036311819529066,19.749359440136523,1441.7196261682243,1455.0467289719627,0.9224137931034483,0.6483329498248281,8.719626168224298,10.046728971962617,1433,1445,1450,1463,0.79,0.81,138.91002338183483
480,803,437.0,466.0,83.5081680014271,-1.0776382670114473,21.5675639069507,27.467059310976452,1446.3844393592678,701.0160183066362,0.9377682403433476,0.6192224445194299,11.384439359267734,15.016018306636155,1435,686,1460,715,0.79,0.8,151.74412454154802
481,804,499.0,577.0,96.68571551197188,0.5080936108950086,18.859497054025944,37.57871543091288,1450.9859719438878,2635.5791583166333,0.8648180242634316,0.8649451149080324,15.985971943887776,14.579158316633267,1435,2621,1472,2647,0.67,0.8,60.888380498153744
482,805,1813.0,1943.0,173.12530004282195,0.28714136458196254,36.84450609927712,65.72231538355838,1469.515719801434,535.1185879757309,0.9330931549150798,0.8280808003673972,33.51571980143409,20.118587975730833,1436,515,1500,559,0.76,0.86,73.54801168582628
483,806,1312.0,1459.0,150.2371202464643,-0.943156874495462,29.892507454949133,58.15753197689492,1456.2454268292684,2092.845274390244,0.8992460589444825,0.8577949646198398,20.245426829268293,21.8452743902439,1436,2071,1480,2117,0.73,0.86,144.03890832733984
484,807,1426.0,1479.0,143.11272024697146,-0.33216071574651146,36.11950312448419,51.68428746118841,1461.187237026648,1648.015427769986,0.9641649763353617,0.7152694119425759,24.187237026647967,20.015427769985976,1437,1628,1488,1667,0.87,0.92,109.03140713231973
485,808,1236.0,1349.0,147.69035620624297,-1.2051811808266395,27.806420272050897,58.622285428908334,1454.4401294498382,1833.593851132686,0.916234247590808,0.8803460937169644,16.44012944983819,30.593851132686083,1438,1803,1472,1861,0.71,0.87,159.05179520995932
486,809,738.0,796.0,114.76622155293033,-0.855584314224176,21.94960782861521,45.2962881237864,1455.138211382114,1903.7574525745258,0.9271356783919598,0.874747773472776,17.13821138211382,19.757452574525747,1438,1884,1473,1922,0.7,0.85,139.02137022264014
487,810,6330.0,6555.0,320.6809032279517,1.3256394626248804,69.31751345337302,122.83891263077645,1482.0488151658767,757.3758293838863,0.965675057208238,0.8255725077048427,43.048815165876775,52.375829383886256,1439,705,1519,824,0.77,0.87,14.04645363560391
488,811,201.0,217.0,54.146233347860885,-1.2787869343897558,13.997184334523704,18.87235436416816,1445.7014925373135,1815.6169154228855,0.9262672811059908,0.670757605069057,6.701492537313433,9.616915422885572,1439,1806,1454,1826,0.86,0.89,163.2690942370059
489,813,4527.0,4770.0,256.633468044249,-1.425470467628204,62.54733919685572,93.39954856613207,1469.7037773359841,2423.9796774906117,0.9490566037735849,0.7426543236322647,30.703777335984096,46.979677490611884,1439,2377,1505,2470,0.86,0.92,171.6734416156359
490,814,422.0,441.0,76.34429975583556,0.3969224846415881,19.89469963067151,27.317235204530324,1452.090047393365,2062.203791469194,0.9569160997732427,0.6852756517626643,12.090047393364928,9.203791469194313,1440,2053,1466,2074,0.91,0.94,67.25801683619076
491,815,1607.0,1667.0,155.37011657300562,0.11685446091367724,37.48175732924447,56.65720563671571,1467.948973242066,2177.914747977598,0.9640071985602879,0.7498982099832592,27.94897324206596,16.914747977598008,1440,2161,1496,2198,0.84,0.89,83.30473257236986
492,816,587.0,636.0,93.5441228583821,1.2469254613117269,23.574140294258587,32.98682745819615,1453.2742759795572,1272.1260647359454,0.9229559748427673,0.6994789982620493,12.27427597955707,16.126064735945487,1441,1256,1468,1287,0.84,0.88,18.556433699434834
493,817,423.0,472.0,90.7673210220331,-0.9598511539702731,16.904406090657428,35.21255237983589,1455.0283687943263,2368.075650118203,0.8961864406779662,0.8772314880469412,14.02836879432624,16.07565011820331,1441,2352,1468,2384,0.65,0.78,144.9954200832584
494,818,915.0,944.0,111.06926853207074,0.4679932573176616,30.25008994241929,38.73189509179427,1460.9398907103825,2146.103825136612,0.9692796610169492,0.6245155299659694,18.939890710382514,16.103825136612024,1442,2130,1480,2162,0.93,0.95,63.18596151511806
495,819,9198.0,9757.0,383.5223329021004,1.2727939113556372,92.9235724722509,133.18246885996712,1494.881061100239,1114.8360513155035,0.9427077995285436,0.7163742299091119,51.88106110023918,68.83605131550337,1443,1046,1545,1177,0.79,0.82,17.074280689373765
496,820,1034.0,1131.0,126.92833310395002,-0.6671585959007487,33.7683712335274,41.87997067427493,1461.2862669245649,1226.348162475822,0.9142351900972591,0.5914888824671263,17.286266924564796,20.34816247582205,1444,1206,1483,1248,0.81,0.82,128.22537181098687
497,821,1066.0,1110.0,120.45457824674146,-0.06822389457778485,33.10477128165926,41.27383963543332,1465.0206378986866,1343.1932457786115,0.9603603603603603,0.5972214865833775,21.02063789868668,16.193245778611633,1444,1327,1487,1361,0.92,0.94,93.90894122125253
498,822,488.0,503.0,81.4772960823769,1.538679717402877,21.081342083246543,30.229850805378504,1452.905737704918,1792.532786885246,0.9701789264413518,0.7167128731934291,8.905737704918034,14.532786885245901,1444,1778,1464,1808,0.92,0.97,1.840146170432945
499,823,508.0,649.0,104.5002288998477,0.6967912577518408,20.152806273577685,40.171543697954846,1461.8484251968505,2675.5413385826773,0.7827426810477658,0.8650598309964111,17.848425196850393,13.541338582677165,1444,2662,1480,2694,0.58,0.69,50.07680172920721
500,824,606.0,640.0,92.29864910272933,1.0538212670773863,26.162324994627014,30.431002694048722,1457.4405940594058,451.0924092409241,0.946875,0.5107554809066142,12.44059405940594,15.092409240924093,1445,436,1472,465,0.89,0.9,29.62048903533703
501,825,3373.0,3651.0,231.38909375769902,1.3534168406173679,58.895798356808,76.13052238735077,1472.6454195078566,852.6374147643048,0.9238564776773487,0.6336545738147904,27.64541950785651,37.63741476430477,1445,815,1506,897,0.79,0.81,12.454927110694811
502,826,4652.0,4795.0,262.7424320842168,-1.4450661793093469,64.33111131547841,95.25257984082346,1474.884995700774,1430.5401977644024,0.9701772679874869,0.7374754399516258,29.88499570077386,42.54019776440241,1445,1388,1511,1481,0.85,0.9,172.79619319152062
503,827,434.0,464.0,80.69189791897945,0.27103933079963105,18.54763408435961,30.241306334657526,1459.86866359447,1673.8248847926268,0.9353448275862069,0.7898335989318979,13.868663594470046,9.824884792626728,1446,1664,1475,1684,0.84,0.91,74.47059026313096
504,831,286.0,300.0,64.41222600094353,0.37832843553472223,15.070708585210408,24.4579948866954,1460.3356643356644,1774.451048951049,0.9533333333333334,0.7875995636262029,11.335664335664335,7.451048951048951,1449,1767,1473,1784,0.87,0.94,68.32337737407317
505,832,297.0,326.0,69.77526012361251,-0.2530611217190967,14.864047155910505,26.147337503350755,1461.7710437710439,2344.4545454545455,0.911042944785276,0.822702137117972,12.771043771043772,8.454545454545455,1449,2336,1475,2354,0.77,0.86,104.49933423335065
506,833,1658.0,1734.0,153.51346592116727,-1.3928101653246472,41.47677643478547,51.80187484171957,1474.2623642943306,1593.4957780458383,0.9561707035755479,0.5990909381474142,23.262364294330517,27.49577804583836,1451,1566,1495,1620,0.88,0.9,169.80214413602073
507,834,337.0,425.0,86.28496983777607,1.3672490942684525,13.579109148314096,35.90915561728022,1461.7744807121662,691.2225519287833,0.7929411764705883,0.9257436322782574,8.774480712166172,15.222551928783382,1453,676,1473,707,0.57,0.79,11.66239735533324
508,838,1379.0,1421.0,137.74968612430246,-0.869918739766811,35.72761213297243,49.69316238252917,1479.142857142857,1850.6084118926758,0.9704433497536946,0.6950469517459287,22.142857142857142,20.608411892675853,1457,1830,1500,1873,0.91,0.95,139.84267230797764
509,839,3565.0,3737.0,223.01922000255342,-0.47740944136031405,63.01273452304732,73.62495776335251,1494.5483870967741,908.8687237026649,0.953973775755954,0.5172058033034185,34.54838709677419,30.868723702664795,1460,878,1530,941,0.9,0.91,117.35354608964435
510,840,272.0,296.0,71.11601865427974,-1.091433402344155,14.832805901853156,25.33146996934947,1468.0588235294117,1007.9705882352941,0.918918918918919,0.8106373279546901,8.058823529411764,8.970588235294118,1460,999,1481,1023,0.68,0.75,152.53452757392398
511,841,1589.0,1649.0,147.78564098125747,0.7527743713048005,44.09470443041027,47.14821840555785,1480.5229704216488,1258.52422907489,0.9636143117040631,0.35402527087988755,20.522970421648836,22.524229074889867,1460,1236,1506,1282,0.91,0.92,46.86920559862099
512,842,932.0,959.0,111.7593819204537,0.6181777343217583,30.73226024496711,38.9134207260334,1479.5396995708154,1297.2038626609442,0.9718456725755996,0.613416058171211,18.53969957081545,16.203862660944207,1461,1281,1499,1316,0.94,0.96,54.581024834403756
513,843,2342.0,2499.0,203.2726328597856,0.37918851586787083,38.93720669019012,78.92146957478363,1498.66780529462,2129.0435525192142,0.9371748699479792,0.8698215496838091,37.66780529461998,23.043552519214348,1461,2106,1537,2155,0.71,0.85,68.27409840094155
514,844,2561.0,2665.0,195.03751212575315,-0.4936198286748459,47.47115361101237,70.2330246759076,1496.3279968762201,1018.767668879344,0.9609756097560975,0.7369848276332592,34.327996876220226,26.767668879344008,1462,992,1533,1047,0.85,0.9,118.28233286703944
515,845,376.0,482.0,93.44883808336759,0.8217263030274777,13.336360920657008,41.26844635258758,1476.375,1210.9494680851064,0.7800829875518672,0.9463439303468043,14.375,13.949468085106384,1462,1197,1490,1230,0.54,0.83,42.91855092163736
516,846,2848.0,3031.0,214.7446310224223,-0.25080210901782013,45.31803687162003,81.70261200768552,1505.4094101123596,1361.5505617977528,0.9396238865061036,0.8320700240047718,43.40941011235955,24.55056179775281,1462,1337,1544,1385,0.78,0.88,104.36990233970106
517,847,267.0,284.0,61.08006379732476,0.3792501211603088,16.59768317972331,21.118026670358642,1473.0823970037454,1489.7977528089887,0.9401408450704225,0.6182918580447175,11.082397003745319,8.797752808988765,1462,1481,1484,1500,0.9,0.92,68.2705686776892
518,848,4277.0,4463.0,245.67736200278344,-1.5652965196214872,70.10564329207521,78.81833104256617,1496.60252513444,668.3467383680149,0.9583239973112256,0.4570157309969553,33.60252513444003,41.34673836801496,1463,627,1532,705,0.89,0.9,179.68488426082786
519,849,201.0,217.0,55.026916286272815,-0.9060836744261147,15.39961494209673,17.72266538986362,1471.0149253731342,2060.766169154229,0.9262672811059908,0.4949489381796434,8.014925373134329,6.766169154228856,1463,2054,1480,2071,0.83,0.84,141.91477043032214
520,850,941.0,1032.0,128.1343386135041,0.49529761903494385,29.60780764932698,44.692720423565355,1484.500531349628,1904.279489904357,0.9118217054263565,0.7490840693498926,20.500531349628055,19.279489904357067,1464,1885,1508,1920,0.72,0.77,61.62153682641921
521,851,409.0,435.0,85.95964726663394,0.4095618865428873,15.931643666380594,34.024474586926104,1482.880195599022,1167.643031784841,0.9402298850574713,0.883600956585218,17.880195599022006,9.643031784841076,1465,1158,1500,1178,0.7,0.85,66.53383245167669
522,853,654.0,686.0,100.8032758789881,-0.08765875121161687,23.382330358723877,37.659774956039826,1482.2614678899083,2098.7996941896026,0.9533527696793003,0.7839029038673965,17.261467889908257,13.799694189602446,1465,2085,1503,2111,0.81,0.88,95.02247648181294
523,855,1588.0,1662.0,151.38730922710258,0.03139346961019708,40.12242380553291,51.54646811930456,1493.5384130982368,435.6095717884131,0.9554753309265944,0.6278010199058307,27.538413098236777,22.6095717884131,1466,413,1518,457,0.87,0.89,88.2012866870635
524,856,1012.0,1088.0,125.62704281938147,-0.9937178626022319,34.02523361875254,40.064176027266704,1487.2154150197628,1508.9782608695652,0.9301470588235294,0.5279615506792799,21.215415019762847,19.97826086956522,1466,1489,1507,1533,0.81,0.81,146.9358395538689
525,857,2058.0,2148.0,170.5785360026006,-1.3379906420968177,44.862668830318135,58.7436399194362,1490.290573372206,1800.9795918367347,0.9581005586592178,0.6455682637842327,24.290573372206026,28.979591836734695,1466,1772,1516,1831,0.89,0.91,166.6612168201467
526,859,692.0,795.0,109.40318743026137,1.1453758181321292,28.81938704122477,34.755775014448524,1487.2875722543354,1628.8540462427745,0.8704402515723271,0.558956356036808,20.28757225433526,16.854046242774565,1467,1612,1500,1649,0.73,0.74,24.37479966468524
527,860,1471.0,1559.0,155.14007877687797,-0.2565333048381933,33.919376026975264,59.490622197208104,1499.1237253569,2642.775662814412,0.9435535599743425,0.8215313053482992,31.123725356900067,20.775662814411966,1468,2622,1524,2659,0.77,0.86,104.69827567177146
528,861,1402.0,1490.0,144.45347877763868,-0.08980842872637387,37.073608272866956,49.43592328969256,1496.9108416547788,1193.4329529243937,0.9409395973154362,0.661514295086638,27.91084165477889,18.432952924393724,1469,1175,1520,1213,0.84,0.87,95.14564393072268
529,862,952.0,1033.0,121.23997641013891,-1.2746788065954284,34.1028188585304,38.28999188493338,1485.860294117647,2672.0682773109243,0.9215876089060987,0.45469784822627246,16.860294117647058,16.06827731092437,1469,2656,1506,2697,0.81,0.82,163.0337158526906
530,866,742.0,808.0,119.11381971607422,-0.7106030302245261,20.819360539736067,49.23234171374643,1487.5929919137466,2346.332884097035,0.9183168316831684,0.9061858053845895,16.59299191374663,14.332884097035041,1471,2332,1510,2369,0.66,0.85,130.71455454107263
531,867,497.0,532.0,94.0041984506374,-0.9985723253216483,16.529939065181836,39.0294597777071,1484.2857142857142,619.2957746478874,0.9342105263157895,0.9058845699442472,12.285714285714286,16.295774647887324,1472,603,1498,638,0.71,0.92,147.21397977949508
532,868,1730.0,1797.0,153.14867510392645,-1.305750392091943,46.54518146679927,48.06559576977761,1496.2531791907516,501.09595375722546,0.9627156371730662,0.24952665723567977,23.253179190751446,24.095953757225434,1473,477,1520,525,0.93,0.93,164.81398656442076
533,870,361.0,389.0,73.4722131444721,0.977112423494177,21.125023049447904,23.049788518905498,1483.6897506925209,2227.0138504155125,0.9280205655526992,0.4000454333021796,10.689750692520775,11.013850415512465,1473,2216,1497,2241,0.84,0.84,34.01558202398411
534,871,1009.0,1067.0,124.4768538387432,-0.9787539855288846,27.444864997954483,47.5825193207809,1491.5867195242815,1667.209117938553,0.9456419868791003,0.8168962664023639,17.586719524281467,20.20911793855302,1474,1647,1511,1690,0.82,0.91,146.07847255241353
535,872,262.0,278.0,67.09374306227801,-0.6047959168630779,12.6818843941915,27.662615051221728,1485.3664122137404,2197.053435114504,0.9424460431654677,0.8887209754782746,11.366412213740459,10.053435114503817,1474,2187,1498,2206,0.73,0.91,124.65225350299937
536,873,493.0,517.0,84.61888873596669,0.3857575686191867,23.307136077160372,28.155108988979297,1490.4807302231238,1879.3042596348885,0.9535783365570599,0.5610056610827571,14.480730223123732,10.304259634888439,1476,1869,1505,1894,0.87,0.88,67.89771940289235
537,875,949.0,1004.0,122.77130449083513,-1.3966999937911275,26.168881644404056,47.548468512913395,1489.6796628029504,957.0706006322445,0.9452191235059761,0.8349259875371412,12.679662802950475,21.070600632244467,1477,936,1505,983,0.79,0.9,170.02501489017988
538,878,618.0,688.0,101.3586362462579,1.3357676411767199,22.153240744705784,37.216018613091144,1489.6585760517798,2073.0922330097087,0.8982558139534884,0.8035324888205637,10.658576051779935,19.09223300970874,1479,2054,1504,2091,0.76,0.83,13.466151750428594
539,880,1044.0,1111.0,122.21594412356534,-0.9835713467612035,33.603687332166864,40.80346720112833,1498.6570881226053,1323.6206896551723,0.9396939693969397,0.5672439719521178,17.657088122605366,21.620689655172413,1481,1302,1516,1342,0.88,0.89,146.35448701941536
540,881,207.0,234.0,61.730708939609045,-1.0857509086298989,13.755644994259383,22.5778805478392,1491.3961352657004,1474.6038647342996,0.8846153846153846,0.792975782171712,9.396135265700483,12.603864734299517,1482,1462,1499,1484,0.68,0.75,152.20894466698746
541,882,964.0,1102.0,128.1738068596028,0.9789097759148491,28.10457620213367,47.38930631933304,1499.856846473029,2373.075726141079,0.8747731397459165,0.8051602232886048,17.856846473029044,25.07572614107884,1482,2348,1520,2394,0.74,0.82,33.91260131598198
542,884,1706.0,1772.0,165.3502549010448,0.8528222067674494,33.75791096587507,65.86522126192916,1511.6524032825323,593.3118405627198,0.9627539503386005,0.8586692362500401,25.65240328253224,25.311840562719812,1486,568,1540,622,0.78,0.92,41.13688687719192
543,886,2545.0,2711.0,198.23492130825878,-0.10589358589459345,52.089075137951795,65.85636017088184,1525.8019646365422,976.1595284872299,0.9387679822943563,0.6118810409758236,37.80196463654224,28.159528487229863,1488,948,1556,1003,0.81,0.83,96.06725554926626
544,887,820.0,872.0,107.50706853232433,0.7919149570656145,30.520877406266155,35.472341842736405,1503.168292682927,2209.930487804878,0.9403669724770642,0.5095967249440845,15.168292682926829,18.930487804878048,1488,2191,1522,2226,0.89,0.9,44.626615226856494
545,888,465.0,495.0,84.0635283686969,-1.1280838200615007,19.977776405916526,30.586617165179906,1498.5655913978494,2239.6150537634408,0.9393939393939394,0.7572249575020726,10.565591397849463,12.61505376344086,1488,2227,1512,2256,0.83,0.88,154.63444182651938
546,889,4001.0,4557.0,267.4548210646015,-0.11566002587199187,60.93679118968311,87.28143921945669,1533.879280179955,1223.4206448387904,0.8779899056396753,0.7159375041394506,44.87928017995501,37.4206448387903,1489,1186,1578,1255,0.7,0.74,96.62683134083905
547,890,545.0,598.0,96.36039294082974,0.6894805857845862,18.231367015354206,39.36576962906583,1505.9449541284403,1292.5504587155963,0.9113712374581939,0.8862917127679137,16.94495412844037,14.55045871559633,1489,1278,1524,1307,0.74,0.91,50.49567237833551
548,891,10833.0,12512.0,467.03050090352747,-1.547478654974367,78.34872276461881,187.33248031645923,1541.4059817225145,794.9843072094526,0.8658088235294118,0.9083395412786938,51.40598172251454,96.9843072094526,1490,698,1580,880,0.62,0.82,178.66399581661253
549,892,692.0,737.0,101.12859845013024,0.08475573991478358,25.037545972648417,36.03183636627655,1509.592485549133,1585.7355491329479,0.9389416553595658,0.7191325873082339,18.59248554913295,11.735549132947977,1491,1574,1528,1599,0.85,0.89,85.1438538133744
550,893,677.0,760.0,104.04015330759239,0.21138230821127235,25.74012139055012,35.183852942097175,1508.2333825701626,468.00590841949776,0.8907894736842106,0.6817458973252664,16.233382570162483,13.005908419497784,1492,455,1526,485,0.79,0.82,77.88868587576053
551,895,550.0,624.0,106.49163257279923,0.33685918790228464,16.36258095831374,45.72076108256953,1514.4036363636365,1690.3436363636363,0.8814102564102564,0.933767293255529,21.403636363636362,11.343636363636364,1493,1679,1534,1705,0.61,0.88,70.69939024299472
552,896,895.0,946.0,114.53618375680269,0.03867576656361707,28.65003716878623,40.90946795598733,1514.7385474860334,1561.8335195530726,0.9460887949260042,0.7138213995726567,19.738547486033518,15.833519553072625,1495,1546,1537,1576,0.86,0.9,87.78404180647155
553,897,723.0,840.0,114.21086118566055,-1.010206142764424,23.420678369593823,43.20672111250983,1507.5159059474413,2166.7344398340247,0.8607142857142858,0.8403391424722455,12.515905947441217,17.734439834024897,1495,2149,1526,2191,0.7,0.8,147.8805484185918
554,899,631.0,698.0,104.04015330759239,-1.251855897207854,19.641734307323752,42.39963108591123,1509.0459587955627,1886.6022187004755,0.9040114613180515,0.886226347248219,13.0459587955626,19.602218700475436,1496,1867,1521,1906,0.73,0.9,161.72605946857306
555,901,414.0,477.0,95.53552653133363,-1.4683542413878155,17.043506397725807,35.31629978084787,1503.3574879227053,2404.5700483091787,0.8679245283018868,0.8758430583336604,7.357487922705314,14.570048309178745,1496,2390,1515,2429,0.57,0.69,174.13050086165555
556,902,927.0,982.0,120.6846160428691,-0.7002595170946467,28.006753978830368,43.24618371268772,1515.4293419633225,2445.2837108953613,0.9439918533604889,0.7619701465344922,19.429341963322546,18.28371089536138,1496,2427,1535,2465,0.8,0.86,130.1219148933924
557,903,335.0,366.0,76.01897718469343,-1.2244381098306916,15.498869007279447,29.83892636162247,1506.4328358208954,1831.6597014925374,0.9153005464480874,0.8545204302291031,9.432835820895523,12.659701492537314,1497,1819,1517,1847,0.73,0.85,160.15513596827458
558,907,2290.0,2593.0,196.66412498146389,1.0318092680888526,40.247647909552924,77.28868270092485,1522.7558951965066,1633.8248908296944,0.8831469340532202,0.853712645167323,24.75589519650655,35.824890829694326,1498,1598,1552,1665,0.74,0.87,30.88168367602625
559,908,4610.0,5208.0,289.4065013936313,-0.7806862614460734,58.21370306035828,108.26584064972238,1545.468546637744,2048.526898047722,0.8851766513056836,0.8431411792995328,47.46854663774403,56.52689804772234,1498,1992,1585,2094,0.69,0.8,134.73002790470676
560,909,6181.0,6436.0,299.17295020836,-0.10854033948342207,74.9028874927646,107.24641336197345,1545.7662190584049,2532.482607992234,0.9603791174642635,0.7156895208156897,47.766219058404786,40.482607992234264,1498,2492,1605,2571,0.87,0.91,96.21890335931725
561,911,274.0,300.0,66.86370526615036,0.11772747157960613,14.754218750226546,25.28890370447099,1510.529197080292,2085.7335766423357,0.9133333333333333,0.8121658813502294,11.52919708029197,7.733576642335766,1499,2078,1525,2093,0.77,0.86,83.25471274574222
562,912,481.0,502.0,81.9373716746322,-1.2645333779135277,20.659829562718794,29.931337269928733,1511.037422037422,2255.977130977131,0.9581673306772909,0.7235797582781391,11.037422037422038,14.977130977130978,1500,2241,1522,2271,0.9,0.95,162.4524256078667
563,913,314.0,339.0,68.20446379681762,1.148510294725663,19.34913466466641,21.541421271580642,1511.2770700636943,1440.095541401274,0.9262536873156342,0.4395272632214043,10.277070063694268,11.095541401273886,1501,1429,1522,1451,0.85,0.85,24.195207384893223
564,914,604.0,638.0,95.11491918517697,0.17447646604299547,23.324099856060215,34.23251779703503,1518.6241721854306,1672.841059602649,0.9467084639498433,0.7319639196361308,17.624172185430464,12.841059602649006,1501,1660,1537,1685,0.84,0.89,80.00323487137874
565,915,600.0,636.0,101.3586362462579,0.5513379584586442,19.491317562802447,40.52657791429924,1518.0783333333334,626.9133333333333,0.9433962264150944,0.8767472129494961,16.078333333333333,14.913333333333334,1502,612,1538,640,0.73,0.89,58.41066189496058
566,916,942.0,1005.0,117.21770081813716,-1.5043106426993138,29.888299802668463,40.96026520524359,1516.5,1267.4851380042462,0.9373134328358209,0.6837780089171894,14.5,19.485138004246284,1502,1248,1534,1289,0.86,0.89,176.19065090328303
567,917,3864.0,4355.0,260.61627539015205,-0.8842667707913157,67.80125027158307,79.56231328023053,1543.250258799172,1464.0486542443064,0.887256027554535,0.5232520567593267,41.250258799171846,38.04865424430642,1502,1426,1579,1499,0.71,0.72,140.6647539300045
568,918,610.0,665.0,99.46251734832086,-0.3689229475991113,22.654605302268244,36.123854113644406,1518.5409836065573,2280.127868852459,0.9172932330827067,0.7789089741437719,16.540983606557376,11.127868852459017,1502,2269,1536,2297,0.77,0.84,111.1377278629551
569,919,3217.0,3376.0,215.01413706464865,-0.3568425425247375,53.882652135675336,76.90174210572809,1538.4382965495804,2346.9950264221325,0.9529028436018957,0.7134866631942087,36.43829654958036,29.995026422132423,1502,2317,1577,2378,0.87,0.92,110.44557163738506
570,921,1761.0,1890.0,169.73732131028734,0.5806770002465287,37.88606042292085,61.37840593014514,1533.436115843271,421.74219193639976,0.9317460317460318,0.786764020021998,30.43611584327087,23.742191936399774,1503,398,1563,448,0.77,0.84,56.729658625556844
571,922,262.0,276.0,63.16675224529078,1.3467644018378198,15.811731476585749,22.413903367124245,1512.0648854961833,2100.6374045801526,0.9492753623188406,0.7087666459554406,8.064885496183207,8.63740458015267,1504,2092,1520,2114,0.83,0.86,12.836083776232073
572,924,4204.0,4356.0,257.3399297154491,0.11370887379185542,54.14754733693523,100.38859202377864,1552.9971455756422,1764.8261179828735,0.9651056014692379,0.842062805404719,47.99714557564224,25.826117982873456,1505,1739,1599,1792,0.8,0.92,83.48496143854095
573,925,919.0,1042.0,122.35069714467849,1.0818653275715546,29.529637179418724,44.16361106636873,1521.4080522306856,2189.998911860718,0.8819577735124761,0.7435846418725386,16.408052230685527,21.99891186071817,1505,2168,1542,2208,0.77,0.82,28.013682728611627
574,926,1036.0,1256.0,141.86724649131867,1.4852295800381954,30.629117111322742,49.37763310537489,1520.2828185328185,1517.5453667953668,0.8248407643312102,0.7843619102300284,14.282818532818533,26.545366795366796,1506,1491,1543,1539,0.65,0.7,4.902613455823698
575,927,176.0,188.0,50.67931812312895,1.404483922094958,12.731746747722712,18.03155924716672,1513.1647727272727,2607.903409090909,0.9361702127659575,0.7081307798955225,6.1647727272727275,8.903409090909092,1507,2599,1520,2618,0.86,0.9,9.528998869978196
576,928,1102.0,1157.0,126.18240318665124,-0.9383785754886506,34.35330413482989,42.310084857120835,1532.051724137931,1059.6152450090744,0.9524632670700086,0.5837391285077016,22.051724137931036,19.61524500907441,1510,1040,1551,1084,0.87,0.88,143.765131960998
577,929,1659.0,1727.0,156.29026775751623,-1.2382551345724402,45.48928942951673,49.54722739992215,1529.8939119951779,1408.8547317661241,0.9606253618992473,0.39634976082929824,19.893911995177817,22.85473176612417,1510,1386,1559,1437,0.85,0.86,160.9467931714046
578,930,1679.0,1792.0,167.76226592015297,0.015872746536189166,40.89258841802706,56.75520519334471,1535.989874925551,1831.3275759380583,0.9369419642857143,0.6934464597557324,25.98987492555092,22.327575938058366,1510,1809,1571,1852,0.75,0.78,89.09055861419546
579,932,400.0,432.0,79.25585461329771,0.5268953284288678,17.55846280443091,30.35375897554397,1523.29,1791.0725,0.9259259259259259,0.8157101106025338,12.29,11.0725,1511,1780,1539,1802,0.8,0.89,59.8111214358665
580,933,1294.0,1340.0,139.0904446549697,-0.6524329571159607,30.185681756930848,54.83450936827582,1533.4567233384853,2409.4567233384855,0.9656716417910448,0.834843769266763,22.456723338485318,20.456723338485318,1511,2389,1557,2431,0.84,0.96,127.38165485798439
581,934,755.0,950.0,122.9060575119483,-0.8582623817398981,26.880831405937723,41.19359828003972,1527.9086092715231,2299.5867549668874,0.7947368421052632,0.7577467374342001,15.90860927152318,15.586754966887417,1512,2284,1552,2318,0.63,0.67,139.1748121885421
582,936,399.0,429.0,78.60520947101342,-0.7503255421127777,22.835570058353962,23.687617153294443,1524.7393483709272,449.5187969924812,0.9300699300699301,0.2657939887706744,10.739348370927319,13.518796992481203,1514,436,1540,462,0.81,0.81,132.99048682392768
583,937,554.0,613.0,97.98700579654047,-1.459515238751602,22.037128275548465,35.77314998289002,1524.5234657039712,1315.4223826714801,0.9037520391517129,0.7877271799782594,10.52346570397112,16.422382671480143,1514,1299,1536,1335,0.73,0.79,173.6240633154955
584,940,951.0,1014.0,120.87518559289809,0.04325364182245085,32.919684482529924,39.4107748686017,1536.1041009463722,2586.913774973712,0.9378698224852071,0.5497996589642045,20.104100946372238,17.91377497371188,1516,2569,1555,2603,0.82,0.83,87.52174887500301
585,941,329.0,351.0,73.10742232723129,-0.37800903745431186,15.908567897854065,27.956618281429243,1528.434650455927,1855.9270516717324,0.9373219373219374,0.8223065306076108,11.434650455927052,7.927051671732523,1517,1848,1543,1867,0.77,0.87,111.65832246393472
586,942,923.0,988.0,118.97906669496106,0.262723963908177,31.44183075593524,39.26792236241822,1535.3542795232936,1884.3445287107259,0.9342105263157895,0.5990653495478592,18.35427952329361,18.344528710725893,1517,1866,1556,1899,0.82,0.83,74.94702569111409
587,943,525.0,612.0,100.57323808286046,1.4328723618499448,18.638369473959855,38.277674275979884,1526.4,2110.7771428571427,0.8578431372549019,0.8734435960532669,9.4,19.777142857142856,1517,2091,1540,2129,0.65,0.79,7.902461085056046
588,945,940.0,1381.0,158.93231657275206,-0.13843405130268735,30.031940173335084,54.426628654381126,1542.2170212765957,2383.6053191489364,0.6806661839246922,0.8339846621288496,24.217021276595744,16.60531914893617,1518,2367,1564,2407,0.47,0.53,97.9316868805415
589,946,3159.0,3326.0,222.31275833135334,-1.2263629772989655,51.766141963856796,80.22347254160012,1545.1978474200696,483.91263057929723,0.949789536981359,0.7639509984383432,26.197847420069643,40.91263057929724,1519,443,1582,527,0.8,0.86,160.2654227503287
590,947,605.0,659.0,97.47111367536934,-1.129903824464078,23.544408410345692,34.18639954651185,1531.596694214876,2252.7636363636366,0.9180576631259484,0.7250398884736191,12.596694214876033,16.763636363636362,1519,2236,1548,2270,0.8,0.84,154.73872039748227
591,948,417.0,450.0,84.38885093983903,-0.24558061815506027,17.206567453491473,32.357179134566096,1535.6378896882493,2489.335731414868,0.9266666666666666,0.8468890043913889,16.637889688249402,9.335731414868105,1519,2480,1553,2499,0.74,0.85,104.0707329504988
592,949,5637.0,7913.0,405.6645827811592,-0.18243789408759079,79.24755875099652,112.8120614175331,1590.4142274259357,1926.8995919815504,0.7123720460002527,0.7117092427407116,70.41422742593578,34.89959198155047,1520,1892,1653,1988,0.43,0.45,100.45292135447366
593,950,1346.0,1606.0,167.43694334901082,0.3871129661292724,40.98022186806549,50.70960102335622,1545.944279346211,659.6255572065379,0.838107098381071,0.5889968029408678,24.944279346210994,21.62555720653789,1521,638,1576,684,0.6,0.61,67.82006084600191
594,951,224.0,238.0,58.62858453211793,0.48237740951154373,14.851145329242764,20.56858984038419,1532.3482142857142,1285.6651785714287,0.9411764705882353,0.6918614234787702,11.348214285714286,9.665178571428571,1521,1276,1542,1295,0.82,0.85,62.36181030253477
595,952,1644.0,1798.0,163.18462996088144,0.23293750154293807,42.893962933918765,52.28747196148682,1548.7852798053527,2222.523114355231,0.914349276974416,0.5718635391077086,27.785279805352797,22.523114355231144,1521,2200,1574,2245,0.78,0.79,76.65366427126754
596,953,314.0,330.0,66.21306012386609,0.4624490337989619,18.388743219390282,22.197080545167353,1532.968152866242,2461.1146496815286,0.9515151515151515,0.560091561246907,11.968152866242038,10.114649681528663,1521,2451,1544,2472,0.9,0.91,63.50362212341672
597,954,747.0,790.0,103.81011551146473,0.42635132257937214,28.369889902241933,34.842487091319946,1539.2771084337348,2614.8380187416333,0.9455696202531646,0.5805387361266058,18.27710843373494,12.8380187416332,1521,2602,1557,2631,0.87,0.88,65.57186862638126
598,955,422.0,460.0,87.85576616457098,-0.6869797495542906,15.44696833844392,35.73500076512129,1535.931279620853,692.5781990521327,0.9173913043478261,0.9017469137105594,13.931279620853081,11.578199052132701,1522,681,1552,707,0.69,0.88,129.36104026041517
599,956,302.0,337.0,70.56065828700996,0.8848359844972588,17.534692204329684,23.867792880286945,1532.58940397351,1028.7483443708609,0.8961424332344213,0.6784363987890552,10.589403973509933,11.748344370860927,1522,1017,1543,1040,0.76,0.79,39.30263252700394
600,958,8599.0,8842.0,340.9828507379894,0.4079737805527668,96.89993718729065,113.9102200005299,1578.4391208280033,917.4310966391441,0.9725175299705949,0.5257010476836229,54.439120828003254,49.43109663914409,1524,868,1632,968,0.93,0.94,66.62482422233003
601,959,17419.0,18949.0,578.9246358450944,-0.4161966088833455,117.62215491834829,197.5532217906286,1621.7455077788622,1581.9494230438027,0.9192569528735025,0.8034333006883437,97.74550777886216,77.94942304380274,1524,1504,1722,1647,0.65,0.72,113.84630913667272
602,960,1859.0,1975.0,165.12021710491715,0.3153372873477738,45.87304931930522,53.37079695738277,1549.813878429263,2173.037654653039,0.9412658227848101,0.5111089843195927,24.813878429263045,22.03765465303927,1525,2151,1581,2198,0.86,0.86,71.93250431186847
603,961,1143.0,1208.0,133.72741053230072,0.47716916171320106,27.648213265465145,53.38188145819371,1549.8827646544182,1512.665791776028,0.9461920529801324,0.8554214678509535,22.882764654418196,18.665791776027998,1527,1494,1574,1531,0.8,0.94,62.660220920038114
604,962,1007.0,1100.0,124.01677824648789,-0.4407334592066195,29.336688612516767,44.563404231936055,1549.0168818272095,1178.837140019861,0.9154545454545454,0.7527439104953467,21.016881827209534,16.837140019860975,1528,1162,1570,1196,0.82,0.88,115.25216710274053
605,963,364.0,424.0,80.59661314396496,1.1198813838419677,16.95354325657175,29.431657483398965,1539.357142857143,1696.14010989011,0.8584905660377359,0.8174279400439679,11.357142857142858,13.14010989010989,1528,1683,1550,1710,0.7,0.79,25.835523150585104
606,964,986.0,1042.0,119.99450265448615,1.250801665915427,32.806778918033594,39.65578712784126,1547.3032454361055,595.8853955375254,0.946257197696737,0.5617772183960242,18.303245436105477,19.885395537525355,1529,576,1563,616,0.86,0.87,18.334343535113632
607,965,271.0,298.0,67.87914122567547,1.1411589016463959,13.02289196662712,27.815932135248342,1537.7564575645756,1095.7859778597785,0.9093959731543624,0.8836325684966695,8.756457564575646,12.785977859778598,1529,1083,1547,1109,0.74,0.91,24.6164111818769
608,966,899.0,998.0,122.58073494080615,0.5990352751760283,31.366885853618033,40.01077527785486,1551.2558398220244,629.9688542825362,0.9008016032064128,0.620810124743367,21.255839822024473,13.968854282536151,1530,616,1571,650,0.75,0.77,55.677806952955684
609,967,372.0,412.0,82.26269424577433,-1.510184085587695,17.98626711853247,29.730732256153406,1539.0672043010752,1266.752688172043,0.9029126213592233,0.7962465774368932,9.067204301075268,11.75268817204301,1530,1255,1550,1286,0.69,0.76,176.52717439199841
610,969,4887.0,5134.0,294.500029474074,-1.0799730344396168,52.97303676482789,119.91786070431243,1567.8086760793942,1284.3990178023328,0.9518893650175302,0.8971409778542601,35.80867607939431,51.39901780233272,1532,1233,1610,1341,0.71,0.9,151.87789686132675
611,970,2721.0,3623.0,260.8299649034626,-1.310301746751099,46.21932177166202,99.06132686657752,1561.6762219772143,534.3987504593899,0.7510350538227988,0.8844827933397169,28.676221977214258,49.39875045938993,1533,485,1596,583,0.5,0.62,165.07475997745757
612,971,653.0,918.0,129.705134940299,-0.9239767265263755,20.07689260632755,51.70875436965654,1553.8238897396632,1655.7442572741195,0.7113289760348583,0.9215461952828478,20.823889739663095,19.744257274119448,1533,1636,1572,1677,0.49,0.67,142.93996679827478
613,972,1423.0,1485.0,153.3787129000541,-0.3626310345410804,30.67258169888795,60.92594913286723,1564.6191145467324,1856.5692199578355,0.9582491582491582,0.8640299792323335,31.619114546732256,20.569219957835557,1533,1836,1591,1874,0.76,0.9,110.77722779966669
614,973,890.0,916.0,107.1817459611822,-0.7097455314167247,33.124778880070885,34.39885609107023,1549.0674157303372,2103.273033707865,0.9716157205240175,0.2696384238886025,16.06741573033708,17.273033707865167,1533,2086,1567,2122,0.97,0.97,130.6654234784481
615,976,817.0,922.0,120.31982522562828,-0.6587658111292455,26.424612913378777,42.1877966785859,1553.8188494492044,2136.6523867809055,0.886117136659436,0.7795365106044234,19.818849449204407,15.652386780905752,1534,2121,1574,2153,0.71,0.77,127.74450066521808
616,977,1240.0,1327.0,137.1943257570327,0.4814455646614965,37.26528123886939,44.61620588660071,1553.5919354838709,2678.2258064516127,0.9344385832705351,0.5498841614913175,19.59193548387097,21.225806451612904,1534,2657,1579,2697,0.83,0.84,62.41520107960348
617,978,2815.0,3088.0,215.7600669819474,-1.1947807164505555,54.80026902244733,70.84970921335469,1568.2873889875666,1004.1882770870337,0.9115932642487047,0.6338304232513352,33.28738898756661,40.18827708703375,1535,964,1596,1035,0.76,0.78,158.45589249623356
618,979,2094.0,2348.0,187.3182835128918,0.1863665482978192,44.81365899190898,62.373226433756386,1567.0124164278893,2304.9035339063994,0.8918228279386712,0.6955518703124145,32.01241642788921,23.903533906399236,1535,2281,1605,2328,0.75,0.78,79.32198334011395
619,980,1820.0,1893.0,169.23777747193336,-0.6159820063445366,33.7119275569972,69.22874810618947,1563.8703296703297,2260.4692307692308,0.9614368726888537,0.8734218848164357,27.87032967032967,24.46923076923077,1536,2236,1594,2286,0.8,0.96,125.29316921954265
620,982,1279.0,1344.0,141.17713310293573,0.12676062629637788,31.807321352931538,53.20085328161601,1564.3760750586396,1804.5629397967161,0.9516369047619048,0.8015912949378504,25.37607505863956,14.562939796716185,1539,1790,1591,1821,0.81,0.89,82.73715110478251
621,983,1262.0,1301.0,136.17888979750757,-1.0926873591187332,32.80150100267873,50.04877093848189,1555.920760697306,1127.959587955626,0.9700230591852421,0.7552899962360097,15.920760697305864,22.95958795562599,1540,1105,1576,1154,0.86,0.91,152.60637400479914
622,984,600.0,703.0,111.9499514704827,0.4120315017071599,17.682278473416282,47.6526660696347,1557.8116666666667,1354.215,0.8534850640113798,0.9286065435040005,17.811666666666667,15.215,1540,1339,1582,1366,0.6,0.85,66.39233392574236
623,985,480.0,503.0,83.60345277644157,-0.17710509214130946,18.702859790485515,33.2325891272691,1556.2833333333333,1679.2208333333333,0.9542743538767395,0.8266021468634053,14.283333333333333,9.220833333333333,1542,1670,1574,1690,0.86,0.97,100.14737430997259
624,986,778.0,819.0,110.05383257254566,0.37924415406490597,27.076568677378695,38.86078345375987,1563.1388174807198,1043.2879177377893,0.9499389499389499,0.717306100142074,20.138817480719794,11.287917737789202,1543,1032,1581,1060,0.81,0.85,68.27091056707172
625,987,414.0,435.0,76.01897718469343,-1.166622700221307,19.45431018432825,27.28480820526109,1552.840579710145,1376.756038647343,0.9517241379310345,0.7011550153861729,9.840579710144928,12.756038647342995,1543,1364,1565,1390,0.9,0.94,156.84255700683673
626,989,508.0,631.0,99.55780212333535,-0.03201072368721594,19.18315895995994,37.969851431409616,1560.5846456692914,2464.5236220472443,0.8050713153724247,0.8629901139391556,17.584645669291337,12.523622047244094,1543,2452,1577,2475,0.64,0.76,91.83407936643692
627,990,652.0,695.0,101.03331367511576,0.47125422240719755,22.240508798194092,38.92233547107348,1562.122699386503,2483.814417177914,0.9381294964028777,0.8206665788172992,19.12269938650307,11.81441717791411,1543,2472,1580,2500,0.8,0.9,62.99912197834815
628,991,554.0,584.0,91.55271918543055,-1.4239972052275922,20.698785826872207,34.67943537737674,1553.563176895307,2639.5577617328518,0.9486301369863014,0.8023450129863857,10.563176895306858,18.557761732851986,1543,2621,1566,2658,0.83,0.92,171.58902989796556
629,992,764.0,798.0,104.82555147098984,-1.0425836154634702,25.81238485879908,38.346647763303274,1557.2879581151833,1547.5523560209424,0.9573934837092731,0.739521660908931,13.287958115183246,17.55235602094241,1544,1530,1573,1568,0.87,0.93,149.73564095554718
630,993,1762.0,1811.0,157.26623547094266,-1.3080624311286408,38.49902354451478,58.71130285695316,1563.065834279228,2431.418842224745,0.9729431253451132,0.7549916150189026,19.06583427922815,29.41884222474461,1544,2402,1583,2459,0.9,0.96,164.94645664329303
631,994,10351.0,11145.0,407.9649607424358,0.06156776698887507,102.95628492921821,131.7653442543746,1619.3941648149937,692.805622645155,0.9287572902646927,0.6240794661568742,74.39416481499372,60.805622645155054,1545,632,1689,750,0.78,0.8,86.47242679749259
632,995,331.0,358.0,79.48589240942536,0.4340140264618632,12.548971472649875,34.58697370446082,1562.4380664652567,1697.8761329305137,0.9245810055865922,0.931857827645338,16.438066465256796,8.876132930513595,1546,1689,1578,1708,0.66,0.94,65.13282803425601
633,996,263.0,293.0,65.98302232773842,0.9892723659545074,18.944840034748072,20.031664062424735,1558.9277566539924,963.5057034220532,0.8976109215017065,0.32491071142399,9.927756653992395,8.505703422053232,1549,955,1571,976,0.76,0.76,33.31886864188526
634,997,542.0,678.0,111.52934412432604,0.5613980069801953,20.43095881779385,41.29997675355837,1562.5553505535056,1715.0276752767527,0.799410029498525,0.8690657376028561,13.555350553505535,16.027675276752767,1549,1699,1586,1729,0.55,0.65,57.834263572978884
635,999,396.0,442.0,79.71593020555301,-0.3478115770543223,22.469514370666985,24.06988934465273,1565.0025252525252,1153.6818181818182,0.8959276018099548,0.35854790503721023,13.002525252525253,14.681818181818182,1552,1139,1578,1165,0.78,0.78,109.92813543100189
636,1000,463.0,498.0,89.8471698375225,0.2534693381841857,18.695377600158007,34.246930210235725,1568.2894168466523,1733.5550755939526,0.929718875502008,0.837850749634969,16.28941684665227,10.555075593952484,1552,1723,1586,1744,0.72,0.82,75.477276686072
637,1001,381.0,405.0,80.17600579780832,-0.7576418358178717,14.831187012336528,33.64037377871568,1566.4934383202099,1385.6666666666667,0.9407407407407408,0.8975686989211035,12.493438320209973,11.666666666666666,1554,1374,1582,1400,0.74,0.94,133.4096795749077
638,1002,405.0,453.0,86.74504543003138,-0.27734259936703737,15.603051385889072,35.00456431678459,1572.2345679012346,2116.1037037037036,0.8940397350993378,0.8951608098865174,18.234567901234566,10.103703703703705,1554,2106,1588,2125,0.68,0.85,105.8905604229189
639,1003,255.0,274.0,65.29290893935547,1.3737115647807612,12.263601871739915,27.111571376503377,1561.862745098039,1888.2627450980392,0.9306569343065694,0.891846438685469,6.862745098039215,13.262745098039217,1555,1875,1569,1901,0.75,0.94,11.292125069750199
640,1005,1172.0,1346.0,144.12815620649656,-0.719526296076557,34.688612134473026,47.01438320763367,1579.5964163822525,2570.886518771331,0.8707280832095097,0.67498682366278,22.59641638225256,20.88651877133106,1557,2550,1603,2595,0.71,0.73,131.2258200138672
641,1006,9316.0,9751.0,378.65884261778535,-1.1357919594809927,84.3462556251513,142.1222566465919,1611.6381494203522,2628.577823100043,0.9553891908522203,0.8048511302089942,54.638149420352086,64.57782310004293,1557,2564,1659,2699,0.82,0.9,155.0760856831547
642,1007,1531.0,1595.0,151.94266959437238,-0.5700418478059205,37.91500042334609,53.568643565170994,1585.6316133246244,1068.685826257348,0.9598746081504702,0.7064294442180905,27.63161332462443,21.68582625734814,1558,1047,1611,1092,0.83,0.87,122.66099202511805
643,1008,1574.0,1649.0,150.1418354714498,-0.8321779963015672,39.402458369036324,52.923833703117396,1583.3595933926301,1333.9047013977129,0.9545178896300789,0.667608465623478,25.35959339263024,26.904701397712834,1558,1307,1604,1356,0.88,0.91,137.68028699173323
644,1010,1515.0,1626.0,152.49802996164215,-0.9714713905807278,33.5286400105762,58.35522648103673,1582.10099009901,1184.249504950495,0.9317343173431735,0.8184617300470853,22.100990099009902,27.249504950495048,1560,1157,1604,1211,0.82,0.92,145.66121059798087
645,1011,1209.0,1259.0,132.06132943049136,1.478699441648603,32.425060845067925,47.91112849828697,1577.763440860215,2377.8246484698097,0.960285941223193,0.7361897891810794,16.763440860215052,23.82464846980976,1561,2354,1595,2403,0.87,0.92,5.276762825183695
646,1012,1155.0,1219.0,133.03729714391778,0.1197185357312628,32.7811748469942,47.35800875719505,1581.2164502164503,597.3264069264069,0.9474979491386383,0.7217065155981685,19.216450216450216,16.326406926406925,1562,581,1609,615,0.82,0.86,83.1406331731125
647,1014,952.0,1022.0,139.7805580433527,-0.5208044618110058,20.087322207953815,61.36477390330579,1589.0115546218487,622.186974789916,0.9315068493150684,0.944905622152249,25.011554621848738,16.186974789915965,1564,606,1619,642,0.61,0.93,119.83989761335289
648,1015,700.0,802.0,121.3352611851534,1.3907388685220443,25.56303314140989,41.02556980015642,1578.23,1101.8028571428572,0.8728179551122195,0.782142168538893,13.23,17.802857142857142,1565,1084,1594,1130,0.6,0.65,10.316532428887356
649,1017,605.0,647.0,97.01103808311402,1.204872525272138,21.62143512681007,36.23811052736112,1577.5190082644629,2152.672727272727,0.9350850077279753,0.8025022624713298,12.51900826446281,17.672727272727272,1565,2135,1591,2171,0.81,0.89,20.96588945063688
650,1018,320.0,358.0,75.46361681742363,0.9220280044567338,16.80375009376433,26.721852860277398,1575.865625,1891.621875,0.8938547486033519,0.7775353297890141,9.865625,13.621875,1566,1878,1590,1902,0.71,0.76,37.171686751759694
651,1019,837.0,902.0,121.47001420626655,-0.5840221967501706,24.17420795255379,45.91771368969069,1584.0382317801673,2092.2078853046596,0.9279379157427938,0.8501949309591476,18.038231780167266,17.2078853046595,1566,2075,1607,2111,0.71,0.83,123.46200701574375
652,1023,4227.0,4334.0,239.47311318780118,0.5640651857255068,65.6366671835417,82.82851000040367,1607.1339011118996,548.4445233025787,0.975311490539917,0.6099492019812253,39.13390111189969,35.44452330257866,1568,513,1649,587,0.93,0.95,57.681445487665535
653,1024,790.0,840.0,115.09154412407247,-1.1561160888515423,27.958345786775517,39.87081484836058,1581.3101265822784,1457.6632911392405,0.9404761904761905,0.7129416760218728,13.310126582278482,15.663291139240506,1568,1442,1600,1483,0.75,0.79,156.24057251836507
654,1025,845.0,1034.0,131.8312916343637,-0.5912991560558891,26.223785946958593,46.35200075244915,1587.473372781065,1680.6863905325445,0.8172147001934236,0.8245747284577607,19.473372781065088,18.68639053254438,1568,1662,1616,1697,0.61,0.69,123.87894607164988
655,1027,7754.0,8416.0,387.29822241515734,-0.9888923169943948,64.66947961106678,160.961533476057,1628.4825896311581,1085.259736909982,0.9213403041825095,0.9157407085452114,59.48258963115811,66.25973690998194,1569,1019,1681,1156,0.65,0.87,146.65935615669196
656,1030,1918.0,2136.0,191.01523653375142,-0.4469530626311277,34.57314190944759,74.4218539121813,1606.4358706986445,458.4238790406674,0.8979400749063671,0.8855435810462673,33.43587069864442,25.423879040667362,1573,433,1639,484,0.66,0.81,115.60852412920997
657,1031,549.0,607.0,94.32952102177953,-0.9219731423883756,24.469362896894204,31.108475350839832,1588.8816029143898,1708.7577413479053,0.9044481054365733,0.6174859938120852,15.8816029143898,15.757741347905283,1573,1693,1602,1722,0.78,0.79,142.82516988326802
658,1032,1062.0,1095.0,121.2399764101389,0.22875291102238934,31.843277322364823,43.33435204574589,1595.3540489642185,1879.9500941619585,0.9698630136986301,0.678253948202746,22.354048964218457,14.95009416195857,1573,1865,1617,1898,0.91,0.94,76.89342364708544
659,1033,1140.0,1263.0,147.13499583897317,-1.089862253375789,25.909725824799764,60.44898350859197,1591.471052631579,2053.2473684210527,0.9026128266033254,0.9034842142830526,18.471052631578946,24.24736842105263,1573,2029,1612,2084,0.66,0.85,152.44450736905026
660,1034,223.0,253.0,62.28606930687884,-0.9807040328643591,13.078375430301339,22.997060709711953,1580.7085201793723,2128.7578475336322,0.8814229249011858,0.8225466133071291,7.708520179372197,12.757847533632287,1573,2116,1589,2139,0.72,0.81,146.19020203458695
661,1036,1769.0,1984.0,172.7999774716798,1.1951744335507295,43.442095909498036,55.81553590451845,1598.1266252119842,1419.2097230073489,0.891633064516129,0.6278733992535649,24.126625211984173,28.209723007348785,1574,1391,1624,1445,0.74,0.76,21.52154917560435
662,1037,890.0,1108.0,134.18748612455605,1.4246129125562166,24.89980731844852,53.16583293518016,1587.8831460674157,2466.0516853932586,0.8032490974729242,0.8835471184180169,13.88314606741573,25.051685393258428,1574,2441,1605,2491,0.62,0.76,8.375692670688991
663,1038,1416.0,1753.0,177.79822077710796,1.4043120487744565,28.574991010596957,75.3162900741089,1589.3516949152543,810.5360169491526,0.8077581289218483,0.9252328005113041,14.351694915254237,37.53601694915254,1575,773,1609,841,0.56,0.78,9.538846485853838
664,1041,794.0,846.0,111.16455330708524,-0.1320582018647649,27.241584178791438,39.25046959529387,1592.5403022670025,2340.1007556675063,0.9385342789598109,0.7199318166277036,17.54030226700252,11.100755667506297,1575,2329,1614,2357,0.81,0.85,97.56637761693769
665,1042,853.0,1006.0,125.68285934829727,0.8458339666517148,28.481623754498788,42.659412262425334,1594.1512309495897,858.9695193434935,0.8479125248508946,0.7444738916664497,17.151230949589685,18.969519343493552,1577,840,1613,881,0.68,0.72,41.53728354204752
666,1043,620.0,809.0,119.11381971607422,-0.26551872982517755,29.52010483352282,36.08372674344858,1598.958064516129,976.4209677419354,0.7663782447466008,0.5750756714877258,21.95806451612903,11.420967741935485,1577,965,1618,997,0.55,0.56,105.21310260065705
667,1044,526.0,553.0,88.41112653184075,0.6141848544500238,23.661498800236572,29.243451631714393,1590.2965779467681,744.1577946768061,0.9511754068716094,0.5876416988128887,12.29657794676806,12.157794676806084,1578,732,1606,758,0.85,0.86,54.80979999915688
668,1045,2417.0,2496.0,185.51744938996927,1.12801880863361,48.19568590577295,65.41791676953106,1600.4658667769963,2002.4749689697974,0.9683493589743589,0.6761813048214231,22.465866776996275,34.47496896979727,1578,1968,1628,2033,0.88,0.91,25.369283053918878
669,1047,927.0,975.0,116.66234045086739,-0.3316899903419117,29.333824570518637,40.58517217470511,1600.099244875944,1517.6763754045307,0.9507692307692308,0.6910866003450702,21.099244875943906,15.676375404530745,1579,1502,1621,1535,0.86,0.89,109.00443655332657
670,1048,2012.0,2147.0,184.08140608428752,0.4686202001780313,39.44177633869248,67.2351849363202,1613.438369781312,1827.1595427435389,0.9371215649743828,0.8098593869303259,34.438369781312126,24.15954274353877,1579,1803,1643,1856,0.75,0.83,63.15004033522302
671,1050,269.0,283.0,63.07146747027629,-0.643635081859407,13.907504898859049,24.85514146245274,1589.4721189591078,2270.4869888475837,0.950530035335689,0.8288017434520408,10.472118959107807,8.486988847583643,1579,2262,1600,2281,0.85,0.96,126.87757373710127
672,1051,767.0,837.0,112.8701026549933,-0.043584031396836934,25.95789213285957,40.6485917547803,1603.2855280312908,1035.4511082138201,0.9163679808841099,0.7695449440494553,23.285528031290742,12.451108213820078,1580,1023,1624,1052,0.76,0.81,92.49718105320443
673,1053,1484.0,1964.0,194.02207616622806,-0.8277597272054299,31.787504241329405,77.66811970959117,1613.126010781671,1337.0795148247978,0.7556008146639511,0.9124117443010282,32.12601078167116,24.079514824797844,1581,1313,1644,1370,0.5,0.66,137.42713881977147
674,1054,716.0,743.0,99.13719477717872,0.3081218934112162,25.386479316942147,36.28262255766885,1598.2192737430169,1733.3449720670392,0.9636608344549125,0.7144495101234483,17.21927374301676,13.344972067039107,1581,1720,1618,1747,0.92,0.96,72.3459159319575
675,1055,736.0,863.0,116.33701787972521,-0.18279910118386408,25.667979553345422,40.741631973760406,1602.7635869565217,1206.5448369565217,0.8528389339513326,0.7765801704331811,20.76358695652174,12.544836956521738,1582,1194,1627,1222,0.68,0.74,100.47361699662031
676,1056,757.0,828.0,115.78165751245545,0.5916648925135697,20.281560235094407,49.12884662283823,1601.1413474240424,2437.031704095112,0.9142512077294686,0.9108108795724259,19.141347424042273,17.031704095112286,1582,2420,1623,2455,0.71,0.93,56.10009877291096
677,1057,2154.0,2299.0,183.98612130927305,-0.29973234955147543,46.5440256534085,62.3704450472954,1616.7878365831011,491.3342618384401,0.9369290996085254,0.6656643285608043,32.78783658310121,25.33426183844011,1584,466,1648,521,0.8,0.83,107.17339861283946
678,1058,3308.0,3413.0,222.27329008525467,0.2737092481715421,49.70886152113059,85.42713228470485,1628.3742442563482,1481.4597944377267,0.9692352768825081,0.813270285537746,44.37424425634825,26.459794437726725,1584,1455,1671,1511,0.84,0.94,74.3176152660718
679,1060,2627.0,3622.0,252.4206229022183,1.279742499862836,56.496918983119066,82.25386075742931,1615.1130567186906,2283.863342215455,0.725289895085588,0.7267893800185247,31.113056718690522,41.86334221545489,1584,2242,1655,2322,0.52,0.55,16.676155894338166
680,1062,1618.0,1817.0,167.57169637012396,-0.7160766391471355,39.21746246395253,55.26522117242486,1612.7719406674908,1288.4227441285539,0.8904788112272978,0.7045817510365245,27.77194066749073,23.42274412855377,1585,1265,1641,1315,0.72,0.76,131.02816923104328
681,1064,2022.0,2163.0,185.70801893999823,-1.4335872168923105,35.9751020003129,74.656870516476,1603.8941641938675,2136.1177052423345,0.9348127600554785,0.8762412769704849,17.894164193867457,33.117705242334324,1586,2103,1624,2174,0.74,0.89,172.13849709183515
682,1065,292.0,310.0,66.76842049113587,-0.7666480400997859,15.328578884916833,25.01182963904895,1596.7397260273972,637.513698630137,0.9419354838709677,0.7901968119834372,9.73972602739726,9.513698630136986,1587,628,1609,650,0.82,0.9,133.92569706969402
683,1066,1011.0,1143.0,131.7360068593492,-0.04509942075435574,31.220597713548248,45.19271085138109,1609.5697329376856,2414.0197823936696,0.884514435695538,0.7230147478819994,22.56973293768546,16.019782393669633,1587,2398,1634,2433,0.73,0.77,92.5840064677093
684,1067,547.0,591.0,93.40936983726894,1.0847807845913886,22.885814515025416,31.552390795154363,1600.2760511882998,1853.8098720292505,0.9255499153976311,0.6884040381819361,11.276051188299817,14.809872029250457,1589,1839,1613,1869,0.79,0.82,27.846639346023352
685,1069,844.0,858.0,107.46760028622566,0.02669703797933252,26.975507123112482,40.667001377139734,1607.60663507109,1656.6042654028436,0.9836829836829837,0.7483299485382808,17.606635071090047,11.604265402843602,1590,1645,1629,1670,0.92,0.98,88.47037239828379
686,1071,4657.0,4855.0,270.23162290095047,1.3671901244733309,61.16495259390638,99.25264091281696,1625.0461670603393,786.8771741464462,0.9592173017507724,0.7875465520948376,33.04616706033927,45.87717414644621,1592,741,1654,840,0.8,0.87,11.665776075712458
687,1072,1062.0,1215.0,178.29776461546192,-1.1358904296689243,18.790091290150272,80.62184975212618,1614.0037664783426,2053.0941619585687,0.8740740740740741,0.9724612782776242,22.00376647834275,41.09416195856874,1592,2012,1635,2084,0.42,0.83,155.08172760933104
688,1073,177.0,190.0,50.909355919256605,-0.3993673915176384,12.860210501886769,18.055886312618178,1602.6158192090395,1235.4915254237287,0.9315789473684211,0.701931189551409,9.615819209039548,6.491525423728813,1593,1229,1612,1243,0.86,0.9,112.88206600910944
689,1074,289.0,306.0,67.32378085840567,-0.5104387213701083,14.343002223664936,26.339583285621913,1605.6332179930796,2316.7370242214533,0.9444444444444444,0.838733751181233,12.633217993079585,8.737024221453288,1593,2308,1619,2326,0.8,0.92,119.2459844345614
690,1075,828.0,859.0,105.38091183825964,1.1824801701989947,29.015145056600772,36.7445126679252,1606.8007246376812,2507.9625603864733,0.9639115250291036,0.613563140486863,13.80072463768116,16.96256038647343,1593,2491,1623,2527,0.94,0.96,22.248876889686343
691,1076,1288.0,1460.0,146.0242751044336,1.0000411257173818,33.743534313974735,50.26599980363627,1618.1902173913043,1170.7492236024846,0.8821917808219178,0.7411863109012692,24.190217391304348,22.749223602484474,1594,1148,1639,1193,0.76,0.81,32.70186415688225
692,1077,405.0,426.0,75.5983698385368,-0.9377583458161398,20.251664611969016,25.93271726980143,1604.8493827160494,1372.5456790123458,0.9507042253521126,0.6246172155240002,10.849382716049382,13.54567901234568,1594,1359,1618,1385,0.89,0.91,143.72959541843434
693,1078,191.0,205.0,53.45611995947793,-0.05349799060722173,12.207632397102019,20.472045054686415,1603.7277486910996,1750.6701570680627,0.9317073170731708,0.8027561642226232,9.727748691099476,5.670157068062827,1594,1745,1614,1757,0.84,0.93,93.06520907422433
694,1079,2853.0,3086.0,217.9815084510266,-0.9777023201894248,49.08047762306015,78.17503076992172,1622.1766561514196,2368.2874167542936,0.9244977316915101,0.7783520615151868,28.176656151419557,33.28741675429372,1594,2335,1656,2405,0.75,0.82,146.0182165670023
695,1080,918.0,998.0,118.97906669496106,-0.7604951021652367,31.425544390866442,39.68834928460617,1612.069716775599,1772.1230936819172,0.9198396793587175,0.6107703443337152,17.06971677559913,16.12309368191721,1595,1756,1632,1791,0.81,0.83,133.5731596944384
696,1081,1245.0,1318.0,138.30504649157226,1.031826045309365,33.41819801927489,48.835769816704406,1614.0859437751003,2474.783935742972,0.9446130500758725,0.729202888349432,19.0859437751004,20.783935742971888,1595,2454,1632,2501,0.82,0.86,30.880722412098926
697,1083,3768.0,4010.0,237.8070320859918,1.3262703821611594,63.502954609167716,77.64239580488346,1629.9323248407643,1706.1701167728238,0.9396508728179551,0.5753743314166229,32.93232484076433,38.17011677282378,1597,1668,1666,1751,0.84,0.85,14.010304608962784
698,1084,192.0,203.0,53.91619555173323,0.9178215236988291,13.502908775552996,19.423617668938345,1608.265625,593.53125,0.9458128078817734,0.718835790193484,9.265625,6.53125,1599,587,1616,604,0.83,0.87,37.412700345790626
699,1085,1641.0,1726.0,155.7743756363451,0.777219565470107,38.20585287910472,56.44579171309173,1622.7020109689213,1003.7672151127362,0.9507531865585168,0.7361125161294079,23.70201096892139,26.767215112736135,1599,977,1651,1030,0.85,0.9,45.4685991435711
700,1087,1189.0,1273.0,134.2269543706547,0.8725835051423797,33.17425742694403,48.04372114974067,1622.2531539108495,1972.6114381833474,0.9340141398271798,0.7233310418725641,23.253153910849452,23.61143818334735,1599,1949,1643,1996,0.83,0.87,40.004647882609675
701,1088,829.0,859.0,108.48303624575075,-1.3992290236151037,24.98764526985664,42.680476035870804,1611.0108564535585,2550.67189384801,0.9650756693830035,0.8107024148176917,12.010856453558505,20.67189384800965,1599,2530,1624,2571,0.89,0.98,170.16991762535645
702,1089,484.0,563.0,93.44883808336759,0.6202903151454927,19.72055327336003,35.07566134624838,1613.51652892562,845.5454545454545,0.8596802841918295,0.826981604965387,12.516528925619834,16.545454545454547,1601,829,1632,857,0.7,0.79,54.459982869323504
703,1091,9407.0,10349.0,395.8355457570504,-1.564009715296437,84.48519280823679,147.30249277101848,1644.2226001913468,327.75082385457637,0.9089767127258672,0.819171276694763,39.22260019134687,68.75082385457638,1605,259,1690,395,0.75,0.84,179.6111558039433
704,1093,1076.0,1196.0,167.99230371628062,-1.2490075390999285,20.14701392898894,75.38539391748328,1623.131970260223,2075.376394052045,0.8996655518394648,0.9636262457648921,18.13197026022305,39.37639405204461,1605,2036,1638,2106,0.48,0.85,161.56286057044704
705,1094,1059.0,1185.0,149.12639951192472,0.15775394407757815,21.948244920472387,65.05332098556633,1634.6137865911237,1223.960339943343,0.8936708860759494,0.9413654836419141,28.613786591123702,13.960339943342776,1606,1210,1668,1237,0.6,0.89,80.96136480281197
706,1096,365.0,452.0,93.9089136756229,0.6185414577540185,13.163345102105977,40.22099370775192,1622.813698630137,835.9835616438356,0.8075221238938053,0.9449289702848463,14.813698630136987,14.983561643835616,1608,821,1643,848,0.52,0.79,54.56018501682523
707,1097,974.0,1023.0,118.00309898153462,0.8958700300731793,29.11941263544939,43.001470202511705,1624.7351129363449,1251.1776180698153,0.9521016617790812,0.7358243127726793,16.73511293634497,19.177618069815196,1608,1232,1644,1271,0.88,0.93,38.670428284548684
708,1099,322.0,339.0,69.35465277745587,-1.2049417171019778,18.29728571051155,23.41109323873805,1619.3695652173913,1358.083850931677,0.9498525073746312,0.6238241016227718,11.369565217391305,13.083850931677018,1608,1345,1629,1372,0.84,0.86,159.03807494918973
709,1100,585.0,692.0,105.01612102101882,-0.1475896617405833,27.449564799301182,30.691544830291278,1626.111111111111,1885.4837606837607,0.8453757225433526,0.44733005362084627,18.11111111111111,13.483760683760684,1608,1872,1643,1897,0.67,0.67,98.45626471749887
710,1101,3056.0,3290.0,229.16765228861988,0.7055012802669186,46.220381703016145,86.61384205960469,1647.6501963350786,886.5873691099476,0.9288753799392098,0.8457134100099545,38.65019633507853,32.587369109947645,1609,854,1683,920,0.73,0.84,49.57775419962933
711,1102,292.0,308.0,63.62682783754609,-0.9293368684133149,16.707493112826022,22.656855939443613,1618.9623287671234,2192.6301369863013,0.948051948051948,0.6754405370339074,9.962328767123287,10.63013698630137,1609,2182,1628,2203,0.91,0.94,143.24708030598768
712,1103,166.0,182.0,49.56859738858936,1.349328488862054,13.445694133504967,15.893536819598015,1616.0481927710844,1406.9156626506024,0.9120879120879121,0.533206656520211,6.048192771084337,7.9156626506024095,1610,1399,1624,1416,0.85,0.86,12.689172411439202
713,1105,360.0,384.0,77.58977351148832,0.6005454723805987,14.680525810744689,31.713767138540792,1624.0222222222221,1858.5527777777777,0.9375,0.8864068366075821,13.022222222222222,11.552777777777777,1611,1847,1638,1870,0.75,0.93,55.59127902690135
714,1106,1702.0,1945.0,176.49693049253938,0.4047929822018413,47.460003614657374,51.22738855780685,1637.2837837837837,2147.987661574618,0.8750642673521851,0.3763991361825838,26.283783783783782,26.987661574618098,1611,2121,1668,2172,0.69,0.69,66.80707054332024
715,1109,746.0,804.0,108.7130740418784,0.13011916097225065,25.52805903444325,38.12415461184235,1630.9088471849866,2327.0361930294907,0.927860696517413,0.7427189544748912,17.908847184986595,13.036193029490617,1613,2314,1651,2341,0.79,0.84,82.54472124250665
716,1111,1829.0,2024.0,175.25145673688664,-0.14038022062896233,38.091105352298655,64.26578221979828,1645.3280481137233,604.6806998359759,0.9036561264822134,0.8054144225596535,30.328048113723344,19.680699835975943,1615,585,1676,625,0.75,0.83,98.04319416915487
717,1114,304.0,323.0,71.4413412254219,-1.485466475491751,14.293890909662272,28.163626836195856,1622.9243421052631,1796.6480263157894,0.9411764705882353,0.8616339739953087,7.9243421052631575,14.648026315789474,1615,1782,1630,1812,0.75,0.88,175.11095965385087
718,1115,371.0,397.0,74.81297167513935,-1.053615328309804,17.7935442822978,27.342557862068073,1627.3935309973047,2429.301886792453,0.9345088161209067,0.759280316564115,11.393530997304582,14.30188679245283,1616,2415,1638,2443,0.83,0.89,150.36771154244238
719,1116,1175.0,1370.0,153.8387884923094,0.6132137792041557,36.41269435005128,49.05841689054675,1648.4263829787235,635.6144680851064,0.8576642335766423,0.670143747765649,31.426382978723403,19.614468085106385,1617,616,1667,665,0.62,0.64,54.865438512334755
720,1118,972.0,1156.0,132.06132943049136,-1.2304599671594418,29.472562794225272,45.93582399424511,1637.8364197530864,1354.8600823045267,0.8408304498269896,0.767036884167953,19.83641975308642,20.86008230452675,1618,1334,1655,1376,0.7,0.75,160.50016297804189
721,1121,1219.0,1272.0,146.80967326783104,0.5254309397925553,28.336812580267736,56.36284529802807,1642.6882690730106,1445.3027071369975,0.9583333333333334,0.8644278121161479,23.688269073010666,21.30270713699754,1619,1424,1672,1463,0.71,0.84,59.89502472429412
722,1123,166.0,176.0,49.013237021319554,0.6603795509710758,12.94096619513001,16.739674110775383,1629.620481927711,980.0903614457832,0.9431818181818182,0.6343188024405659,8.620481927710843,6.090361445783133,1621,974,1638,989,0.87,0.89,52.16303885261293
723,1124,1556.0,2244.0,221.94796751411255,-1.1581328246354765,26.63106042904522,100.85358920800996,1644.1966580976864,2468.9029562982005,0.6934046345811051,0.9645071736862367,22.196658097686374,36.902956298200515,1622,2432,1673,2522,0.4,0.71,156.3561229671775
724,1125,458.0,480.0,84.94421130710883,0.4637445193756655,17.251332961838617,34.228378246072545,1637.316593886463,1419.4934497816594,0.9541666666666667,0.8636997261968884,14.316593886462883,10.493449781659388,1623,1409,1653,1432,0.8,0.94,63.42939626745154
725,1126,1699.0,1906.0,172.10986408329683,-1.0472141379085869,43.55037518151651,55.27351135962352,1646.3578575632725,1940.3349028840494,0.891395592864638,0.6157945131752188,23.357857563272514,26.33490288404944,1623,1914,1670,1969,0.72,0.74,150.000950348593
726,1127,307.0,327.0,67.55381865453332,-1.195044064633068,18.16587876399266,22.736867071233657,1632.9902280130293,2446.456026058632,0.9388379204892966,0.6013823311476792,9.990228013029316,11.456026058631922,1623,2435,1643,2460,0.85,0.86,158.47098123563399
727,1128,232.0,247.0,60.3899504089418,1.2876659696615826,13.986233048958825,22.456399154443353,1630.5991379310344,2107.9310344827586,0.9392712550607287,0.7823673417405128,6.599137931034483,11.931034482758621,1624,2096,1639,2119,0.8,0.87,16.222174515770604
728,1129,15057.0,15750.0,491.2036227016365,0.21457783433777985,107.26072291025744,184.33162775917037,1713.3777644949193,2291.416550441655,0.956,0.813267531748784,89.3777644949193,62.41655044165505,1624,2229,1809,2354,0.78,0.87,77.70559571538786
729,1131,647.0,720.0,113.33017824724861,0.7839698968189545,17.25571141000439,50.19821967412319,1643.0370942812983,1396.7527047913447,0.8986111111111111,0.9390606648528508,18.037094281298298,18.75270479134467,1625,1378,1661,1416,0.63,0.93,45.08183364696729
730,1133,417.0,437.0,77.26445094034617,0.6175775510059789,21.90877832579558,25.09132324519906,1637.6906474820144,1151.7553956834533,0.954233409610984,0.4874309524335103,11.690647482014388,11.755395683453237,1626,1140,1651,1166,0.88,0.88,54.615412805332085
731,1135,201.0,237.0,58.39854673599027,-0.21202131620250939,12.821187433596398,21.79947620226997,1637.995024875622,1311.676616915423,0.8481012658227848,0.808757685079876,11.99502487562189,8.676616915422885,1626,1303,1649,1319,0.74,0.82,102.14792658521249
732,1136,3640.0,3842.0,227.27153339068283,0.3625617349008529,64.19820286229351,73.71489169198773,1660.1656593406594,1791.2370879120879,0.9474232170744404,0.4914625781772837,34.16565934065934,33.237087912087915,1626,1758,1700,1824,0.89,0.89,69.22674277724013
733,1137,789.0,885.0,112.17998926661033,-1.0095809132524618,26.558063624306627,39.93376587432923,1642.8162230671737,1999.3713561470215,0.8915254237288136,0.746796321673448,16.816223067173638,19.371356147021547,1626,1980,1658,2018,0.79,0.84,147.84472540632936
734,1138,190.0,216.0,56.04235224579792,1.3954961566048094,14.295086023004917,18.725738588317206,1633.2947368421053,2172.4578947368423,0.8796296296296297,0.6459350465527077,7.294736842105263,7.457894736842105,1626,2165,1642,2185,0.76,0.78,10.04395989981704
735,1140,1513.0,1571.0,148.61050739075358,-0.3703743064104977,34.35757455092203,56.7762971675582,1655.5743555849306,1126.1553205551884,0.9630808402291534,0.7961195283356284,28.5743555849306,21.155320555188368,1627,1105,1683,1147,0.86,0.94,111.22088459740667
736,1141,538.0,620.0,97.33636065425617,-0.42625292300540935,20.0383285940054,37.51133729114248,1643.6877323420074,1750.981412639405,0.867741935483871,0.8453619625952913,16.687732342007436,14.981412639405205,1627,1736,1660,1764,0.71,0.82,114.4224934933248
737,1142,1684.0,1751.0,154.6636549018055,-1.4387199662714885,41.55932387995066,52.68917411934776,1650.7992874109264,517.4946555819478,0.961736150770988,0.6146961427944139,22.799287410926365,26.494655581947743,1628,491,1675,548,0.88,0.9,172.43258196856044
738,1144,314.0,368.0,74.90825645015383,-0.0791627861465993,17.588206979870318,24.732501697351765,1640.4012738853503,1657.4108280254777,0.8532608695652174,0.7030530540081367,11.401273885350319,12.410828025477707,1629,1645,1655,1667,0.7,0.73,94.53569354069684
739,1145,171.0,203.0,54.47155591900303,1.103907038510132,13.968933482570002,17.470532360636945,1636.4269005847952,580.672514619883,0.8423645320197044,0.6005713874951499,6.426900584795321,8.67251461988304,1630,572,1647,589,0.72,0.74,26.750785718583806
740,1146,347.0,382.0,79.90649975558199,1.3798800870338916,15.043094738406955,31.210380700282315,1637.0806916426513,927.2305475504322,0.9083769633507853,0.8761766583255532,7.0806916426512965,15.230547550432277,1630,912,1647,942,0.68,0.83,10.9386947788133
741,1147,576.0,617.0,101.81871183851321,-0.5593199883313648,17.80446211474071,42.25095103056098,1648.1840277777778,2022.640625,0.93354943273906,0.9068758505608562,18.18402777777778,14.640625,1630,2008,1668,2036,0.7,0.91,122.04667472869366
742,1149,15936.0,16418.0,474.0990843741045,0.8819309090090183,121.86660769232783,168.20314302409733,1702.1312751004016,2106.9007279116468,0.9706419783164819,0.6892533617189929,71.13127510040161,79.90072791164658,1631,2027,1773,2183,0.89,0.93,39.46908109164702
743,1150,3079.0,3390.0,240.63965045125659,1.5043596132892738,47.411784861621726,88.26639752159313,1661.9496589801884,955.0029230269568,0.908259587020649,0.8434904217800627,29.949658980188374,38.00292302695681,1632,917,1685,1006,0.67,0.77,3.806543288591982
744,1151,1777.0,1954.0,186.20756277835224,0.7205090984621431,41.61121188459918,62.086510273000776,1655.1913337084975,2215.8801350590884,0.9094165813715456,0.742168432685958,23.191333708497467,28.88013505908835,1632,2187,1692,2244,0.64,0.68,48.71786955734333
745,1153,281.0,313.0,73.79753571561425,0.8901430190595613,14.539492325176619,27.318440922203184,1644.3914590747331,994.7508896797153,0.8977635782747604,0.8466044400770167,11.391459074733095,10.750889679715302,1633,984,1653,1012,0.65,0.75,38.99856184485394
746,1154,1065.0,1110.0,120.64514779677043,-1.395518323637673,34.943095389747725,39.370610153363494,1651.2704225352113,1200.2103286384977,0.9594594594594594,0.4607255766287285,17.270422535211267,18.210328638497653,1634,1182,1668,1220,0.92,0.92,169.95731017761037
747,1155,236.0,282.0,65.29290893935547,0.39392686864945786,14.566129086004178,23.1238118776063,1643.6101694915253,2407.3601694915255,0.8368794326241135,0.7766608133625944,9.610169491525424,9.360169491525424,1634,2398,1653,2417,0.7,0.75,67.42965298958173
748,1156,1331.0,1392.0,139.32048245109738,-0.6310527935694163,32.13064105027819,53.827409254655976,1660.0653643876785,1164.0360631104434,0.9561781609195402,0.8023009848450884,25.065364387678436,21.036063110443276,1635,1143,1683,1184,0.86,0.95,126.15666172146794
749,1157,14297.0,14781.0,454.6778198024788,-1.3360036398691526,122.16349676361413,152.7457866248764,1700.9495698398266,2506.043225851577,0.9672552601312496,0.6002891083790451,65.94956983982654,82.04322585157725,1635,2424,1761,2582,0.87,0.89,166.5473699786184
750,1158,1134.0,1171.0,129.47509714417134,1.418075629638353,27.956357665704182,52.19544349435184,1650.7654320987654,1878.4497354497355,0.968403074295474,0.8444660012791286,14.765432098765432,23.44973544973545,1636,1855,1665,1905,0.85,0.98,8.750251391365538
751,1159,182.0,193.0,53.36083518446344,1.0172023632108966,12.694759863080408,19.2487184033724,1643.478021978022,979.6318681318681,0.9430051813471503,0.7516940761477672,6.478021978021978,10.631868131868131,1637,969,1652,988,0.8,0.86,31.718597677282183
752,1160,686.0,709.0,95.44024175631912,0.2664719892615545,27.595992452155585,32.21350094263696,1652.466472303207,1281.9344023323615,0.9675599435825106,0.5158827271512537,15.466472303206997,11.934402332361516,1637,1270,1670,1297,0.95,0.95,74.73227965685753
753,1161,658.0,684.0,95.90031734857445,0.5103650225829817,23.770813229156456,35.49988206702641,1654.545592705167,1382.676291793313,0.9619883040935673,0.7427195715372096,17.545592705167174,12.67629179331307,1637,1370,1671,1398,0.9,0.95,60.7582381948962
754,1162,943.0,986.0,117.54302338927933,0.20926417893270588,26.957753798277583,44.871589661045874,1658.6670201484624,2181.801696712619,0.9563894523326572,0.7994177523666093,21.667020148462353,13.8016967126193,1637,2168,1681,2196,0.86,0.94,78.01004574388548
755,1163,1753.0,1881.0,170.80857379872828,-0.6780060109758759,36.375407143694,64.59537346182579,1666.466628636623,2377.895607529949,0.9319510898458266,0.8263702787733123,29.466628636622932,27.89560752994866,1637,2350,1693,2403,0.76,0.85,128.84688291341826
756,1164,312.0,329.0,65.52294673548312,0.9070742474170141,19.071887146951088,21.28265301149143,1645.4038461538462,2424.323717948718,0.9483282674772037,0.4438046130402327,8.403846153846153,10.323717948717949,1637,2414,1657,2435,0.91,0.92,38.028473917999676
757,1166,532.0,558.0,86.61029240891821,1.1528094225501977,22.833160619056525,30.719957716323368,1651.0056390977443,1246.7312030075188,0.953405017921147,0.6689938148804,12.00563909774436,12.731203007518797,1639,1234,1663,1262,0.89,0.92,23.948885504960117
758,1169,354.0,410.0,78.7004942460279,-0.39802953436607086,17.538378395126777,28.776604816412622,1654.6920903954801,1644.8559322033898,0.8634146341463415,0.7928117747348504,14.692090395480227,12.85593220338983,1640,1632,1667,1655,0.72,0.79,112.80541244073322
759,1170,651.0,730.0,101.9139966135277,-0.2007316948553853,26.301199593993942,33.787019229321984,1660.5391705069123,1304.2872503840247,0.8917808219178082,0.6277178314821654,18.53917050691244,15.287250384024578,1642,1289,1677,1318,0.79,0.81,101.50107892972147
760,1171,562.0,599.0,92.8934777160978,0.6421441733711696,21.46209234210698,34.52259461891643,1657.6085409252669,1673.3274021352313,0.9382303839732888,0.7832693600145232,15.608540925266905,13.327402135231317,1642,1660,1674,1689,0.82,0.89,53.20784902691496
761,1172,1638.0,1759.0,158.41642445158092,1.089354200018096,37.32430315602478,58.740506122304176,1666.0115995115996,479.467032967033,0.93121091529278,0.7721749618376726,23.011599511599513,27.467032967032967,1643,452,1686,511,0.82,0.88,27.58460194411299
762,1174,313.0,333.0,65.75298453161079,-0.5626768100225036,18.443518549879734,21.942489725860803,1652.5175718849841,1325.3290734824282,0.93993993993994,0.541751027527412,9.517571884984026,9.329073482428115,1643,1316,1665,1336,0.91,0.92,122.23900644417387
763,1177,2136.0,2399.0,194.57743653349786,1.1318037281745639,40.2589674324825,73.29898123666813,1670.9573970037454,853.2233146067416,0.8903709879116298,0.8356625520745643,24.957397003745317,34.223314606741575,1646,819,1694,894,0.71,0.81,25.152423138425632
764,1180,1621.0,2033.0,187.49250478010367,-0.2720408672754126,42.38177971199534,56.4920802112045,1683.7557063541024,444.72115977791486,0.7973438268568618,0.6611824367750041,35.75570635410241,24.721159777914867,1648,420,1713,473,0.58,0.6,105.58679354995974
765,1181,222.0,251.0,63.5315430625316,-1.4831497841236596,13.432552330018899,22.107725044740363,1655.6801801801803,814.6756756756756,0.8844621513944223,0.7942466959629563,7.68018018018018,11.675675675675675,1648,803,1664,827,0.69,0.76,174.97822301602486
766,1182,243.0,259.0,59.96934306278516,-0.8036381637885629,14.444703323133604,21.983328935631587,1658.7448559670781,1729.20987654321,0.9382239382239382,0.753824912201787,9.74485596707819,10.209876543209877,1649,1719,1669,1739,0.85,0.91,136.04507504072785
767,1183,9440.0,9894.0,366.8778701668237,-1.2686094798636123,105.28888242103838,115.53633324694438,1700.7976694915253,766.0478813559322,0.9541136042045685,0.41173110023314263,50.797669491525426,57.047881355932205,1650,709,1757,826,0.88,0.88,162.6859690464716
768,1184,1587.0,1959.0,197.16366881981784,0.9680490182544489,27.939983113914042,80.62381797763996,1678.34404536862,1876.0592312539382,0.8101071975497703,0.9380324224072184,27.344045368620037,36.05923125393825,1651,1840,1711,1908,0.51,0.75,34.53487689223729
769,1185,129.0,138.0,41.9841217968412,-0.012201203795932026,12.652753535929712,13.186504886705084,1658.7829457364342,1003.2015503875969,0.9347826086956522,0.28163058430027765,6.782945736434108,7.2015503875969,1652,996,1666,1010,0.92,0.92,90.6990774824859
770,1186,538.0,613.0,98.12175881765361,-0.7837982823156757,22.609456753612204,32.65309829587025,1667.8513011152415,1963.8810408921934,0.8776508972267537,0.7215005836551867,15.851301115241636,12.881040892193308,1652,1951,1683,1980,0.7,0.74,134.90833356629162
771,1188,285.0,317.0,70.42590526589679,1.3165839095397958,13.548826015217223,28.526404479247837,1658.5719298245615,2413.477192982456,0.8990536277602523,0.8800088054909972,6.571929824561403,13.47719298245614,1652,2400,1669,2426,0.72,0.88,14.56529860853594
772,1189,750.0,782.0,104.04015330759239,-0.9821763544239288,25.456159144871695,38.47215411800922,1668.788,1353.6213333333333,0.959079283887468,0.7497885519477197,15.788,18.621333333333332,1653,1335,1683,1371,0.87,0.93,146.27455984603642
773,1190,1345.0,1434.0,160.35201159561666,0.7836886122901522,24.785323672517617,70.38828221357836,1679.2193308550186,2001.3122676579926,0.9379358437935844,0.9359537847422574,26.219330855018587,27.312267657992564,1653,1974,1706,2028,0.66,0.96,45.09795006330998
774,1194,339.0,361.0,70.56065828700996,0.49257254146914714,16.382645118532153,26.620223292503464,1667.4631268436578,2433.690265486726,0.9390581717451524,0.788198554511858,12.463126843657816,9.690265486725664,1655,2424,1680,2445,0.86,0.93,61.77767226978514
775,1195,243.0,263.0,61.86546196072221,-0.7744241546623108,14.550075633372352,22.231600335725627,1665.440329218107,1333.2057613168724,0.9239543726235742,0.7560817344296228,9.440329218106996,9.205761316872428,1656,1324,1677,1344,0.8,0.85,134.37123561513692
776,1197,2131.0,2374.0,197.3937066159455,-0.930880900497086,35.71070474144515,79.25946632278055,1684.6367902393242,1418.2951665884561,0.8976411120471778,0.8927489531997489,26.63679023932426,33.29516658845613,1658,1385,1715,1455,0.69,0.86,143.33554682782056
777,1199,2581.0,2655.0,188.33371947241696,0.1681641279083409,47.62712686160642,69.41203788538517,1692.6156528477334,1749.5218907400233,0.9721280602636535,0.7274593110778791,34.615652847733436,23.521890740023245,1658,1726,1728,1776,0.91,0.96,80.36490520535392
778,1200,535.0,590.0,94.00419845063739,0.3290795201329618,22.5242260145952,32.60307900306262,1672.6579439252337,1906.1906542056074,0.9067796610169492,0.7229867195308574,14.657943925233646,15.190654205607476,1658,1891,1691,1918,0.76,0.8,71.14513237219089
779,1205,7887.0,8997.0,374.9618895969258,0.24452846476905502,78.23981256629271,142.30765219340563,1727.5307467985292,1263.1477114238621,0.8766255418472825,0.8353006534247568,66.53074679852922,46.14771142386205,1661,1217,1793,1311,0.7,0.8,75.98955099791971
780,1206,819.0,882.0,111.8546666954682,-0.3625784822087458,27.889212770661654,38.35204620239807,1678.9267399267399,2404.6837606837607,0.9285714285714286,0.686436557782805,17.926739926739927,14.683760683760683,1661,2390,1701,2421,0.82,0.85,110.77421677282034
781,1210,740.0,798.0,106.72167036892687,1.509110168824226,25.10729145154322,38.909361260347474,1675.1027027027028,1659.35,0.9273182957393483,0.7639492158390002,13.102702702702702,17.35,1662,1642,1689,1683,0.82,0.88,3.5343565060966995
782,1211,363.0,397.0,78.01038085764496,1.2751602458879192,17.00254401474764,29.29812259561259,1671.6639118457301,658.7603305785124,0.9143576826196473,0.814382278973893,8.663911845730027,12.760330578512397,1663,646,1682,674,0.75,0.84,16.938699707757948
783,1213,491.0,549.0,92.01279477768585,1.038191608663012,20.053994971832257,34.09729634768505,1677.8940936863544,1029.010183299389,0.8943533697632058,0.8087588995165069,13.89409368635438,15.010183299389002,1664,1014,1692,1048,0.73,0.81,30.51600249771181
784,1214,372.0,421.0,83.27813020529943,0.38916353550405464,14.806802880927302,34.2463564483543,1679.6693548387098,1104.8198924731182,0.8836104513064132,0.9017004010058289,15.669354838709678,8.81989247311828,1664,1096,1697,1116,0.67,0.86,67.7025718752281
785,1215,374.0,430.0,78.47045644990025,0.3754355303463454,18.73219321144063,27.675318648413516,1676.5802139037432,1713.5508021390374,0.8697674418604651,0.7361158572699558,12.580213903743315,10.550802139037433,1664,1703,1689,1726,0.76,0.81,68.48912863189867
786,1218,218.0,238.0,56.923035184209866,0.4247290646740994,15.725867567954612,18.254266829620516,1673.426605504587,1634.532110091743,0.9159663865546218,0.5077746074065427,8.426605504587156,7.532110091743119,1665,1627,1684,1643,0.85,0.85,65.66481715763513
787,1219,200.0,218.0,53.91619555173324,1.0570752512389452,14.359988351528115,18.034986402655726,1671.995,2018.91,0.9174311926605505,0.6049946863158769,6.995,8.91,1665,2010,1681,2028,0.86,0.88,29.434049476277295
788,1220,558.0,607.0,96.1303551447021,0.6272701218797387,19.832484591570612,36.93097824031875,1684.521505376344,1697.1272401433691,0.9192751235584844,0.8435727746414656,18.521505376344088,12.127240143369175,1666,1685,1701,1713,0.76,0.87,54.060069401634216
789,1221,863.0,1005.0,123.92149347147338,-1.1932465611803373,25.596893454580083,46.37971164924564,1685.2665121668597,998.090382387022,0.8587064676616916,0.8339112913089648,18.26651216685979,23.090382387022018,1667,975,1701,1021,0.71,0.8,158.36799187413231
790,1222,656.0,691.0,99.13719477717872,-0.7236045416062499,26.612407287861036,33.241694023223,1680.278963414634,1191.126524390244,0.9493487698986975,0.5992350549943831,13.278963414634147,13.126524390243903,1667,1178,1700,1208,0.84,0.85,131.4594862705367
791,1224,1021.0,1090.0,122.12065934855084,-1.1201837780390775,33.09766717533149,40.162313237398834,1683.6219392752205,1932.20763956905,0.936697247706422,0.5664477869703104,16.621939275220374,18.207639569049952,1667,1914,1702,1954,0.86,0.87,154.18180276065854
792,1225,642.0,710.0,105.61094963438728,-1.4873172529995855,22.554366817783656,38.16560662906722,1679.8956386292834,1491.9641744548287,0.9042253521126761,0.8067004781088326,11.89563862928349,15.96417445482866,1668,1476,1692,1515,0.72,0.8,175.21700139386752
793,1226,649.0,707.0,111.62462889934054,-1.3458294795937573,19.75007376584423,44.62055159413745,1678.7627118644068,1835.2280431432973,0.917963224893918,0.8967078963248536,10.76271186440678,21.22804314329738,1668,1814,1691,1858,0.65,0.83,167.11034912501026
794,1227,9579.0,10091.0,420.83353396465554,0.5594867292331612,81.06234761628693,161.4457726509495,1730.0734941016808,617.7569683683057,0.9492617183628976,0.864808039640804,61.07349410168076,67.75696836830566,1669,550,1815,666,0.68,0.81,57.9437717213612
795,1228,218.0,233.0,58.39854673599027,0.6292571775689791,13.815186020879237,21.518281418954828,1678.5275229357799,1088.9954128440368,0.9356223175965666,0.7666871505171938,9.527522935779816,9.995412844036696,1669,1079,1689,1098,0.8,0.86,53.94621949698328
796,1229,790.0,982.0,131.2759312670939,-1.4505577505755438,25.775569863079483,44.1818298140705,1680.8645569620253,1381.0088607594937,0.8044806517311609,0.8121867616242329,11.864556962025317,26.008860759493672,1669,1355,1700,1404,0.58,0.64,173.11083704796903
797,1231,189.0,200.0,51.13939371538426,0.4905842946250354,13.38093252271502,18.440107604916506,1678.2857142857142,1284.8095238095239,0.945,0.6880715309738843,8.285714285714286,7.809523809523809,1670,1277,1688,1293,0.91,0.94,61.89159042258295
798,1232,1184.0,1316.0,145.33416171605063,0.11375205480595496,28.637894544182963,55.87682491470085,1698.5219594594594,1463.712837837838,0.8996960486322189,0.8586763105498793,28.52195945945946,14.712837837837839,1670,1449,1724,1481,0.7,0.83,83.48248734867795
799,1234,125.0,136.0,43.97552546979273,1.346949072024252,12.435604566614252,14.034187794910071,1677.696,1326.304,0.9191176470588235,0.46350626614423823,6.696,5.304,1671,1321,1684,1335,0.81,0.82,12.825502953947606
800,1238,13613.0,14453.0,473.123116660678,-1.16157628552211,120.8580369587466,154.99769741772363,1756.1582311026225,1174.3181517666935,0.9418805784266242,0.6261023882247997,81.1582311026225,87.3181517666936,1675,1087,1825,1240,0.76,0.78,156.55341874289996
801,1239,199.0,208.0,51.13939371538426,1.0535944223661278,14.130663362592664,18.06804076626628,1682.4371859296482,1301.854271356784,0.9567307692307693,0.6231773458830755,7.437185929648241,8.85427135678392,1675,1293,1691,1311,0.96,0.98,29.633486279897014
802,1240,504.0,534.0,88.41112653184076,1.5470927981588405,19.89819358811463,32.91428069682405,1687.2738095238096,1969.202380952381,0.9438202247191011,0.7965703042411911,11.273809523809524,17.202380952380953,1676,1952,1698,1986,0.81,0.89,1.358112150413504
803,1244,1920.0,2261.0,196.3388024103217,0.40211685763471267,38.72552567444646,69.16574721870009,1706.05,668.959375,0.8491817779743477,0.8285638663227136,28.05,27.959375,1678,641,1740,692,0.63,0.71,66.96040118646799
804,1245,26542.0,27252.0,609.7226138043422,-1.3819906433887525,165.6890622110287,205.69963214555526,1757.4238188531385,319.41315650666866,0.9739468662850433,0.5926089324439698,78.42381885313843,107.41315650666867,1679,212,1847,425,0.9,0.91,169.18223119274475
805,1246,536.0,561.0,86.28496983777606,-0.7160645814790763,22.319356952596284,31.138967378610218,1692.1361940298507,1165.3768656716418,0.9554367201426025,0.6973136478800219,13.136194029850746,11.376865671641792,1679,1154,1707,1180,0.9,0.94,131.0274783775527
806,1247,631.0,660.0,95.34495698130465,0.8276933147643232,21.976307920137263,36.95574353059626,1693.4136291600635,2214.6212361331222,0.956060606060606,0.8039731785355986,14.413629160063392,16.62123613312203,1679,2198,1709,2230,0.87,0.96,42.576666332811094
807,1248,2979.0,3112.0,208.67513522855324,-0.021121637641336843,53.19232009019537,72.7025777588312,1719.052702249077,1514.6592816381335,0.9572622107969152,0.6816881708350976,39.05270224907687,28.659281638133603,1680,1486,1757,1545,0.86,0.89,91.21018069325325
808,1249,325.0,352.0,82.62748506301516,0.7010928243101207,13.934550430959776,32.48702851057329,1696.64,1994.793846153846,0.9232954545454546,0.9033393484574901,16.64,9.793846153846154,1680,1985,1708,2011,0.6,0.77,49.83034012012317
809,1250,931.0,982.0,117.40827036816614,1.3259531138768146,26.372716155176466,45.77624771226333,1693.8238453276047,945.6777658431794,0.9480651731160896,0.817363517452319,12.823845327604726,21.677765843179376,1681,924,1708,968,0.85,0.95,14.028482742629095
810,1251,690.0,752.0,109.17314963413371,-1.4139390380342924,23.13390645463508,40.33575102972052,1691.6521739130435,1335.3463768115942,0.9175531914893617,0.8191820724023996,10.652173913043478,21.346376811594205,1681,1314,1706,1357,0.73,0.81,171.01273936815255
811,1252,157.0,171.0,47.672478490652324,-1.271917885296914,13.826791954298018,14.881183645080839,1687.312101910828,1638.7261146496814,0.9181286549707602,0.3697130627192783,6.312101910828026,6.726114649681529,1681,1632,1696,1648,0.87,0.87,162.87552671471792
812,1254,1073.0,1118.0,121.75586853131004,-0.5568503693627587,34.54364209671229,40.193117998668534,1699.2656104380242,904.3867660764213,0.9597495527728086,0.5112337485640677,17.265610438024233,17.38676607642125,1682,887,1720,922,0.91,0.92,121.90517598478706
813,1255,215.0,236.0,61.730708939609045,0.8772451229856003,12.308868965116995,23.54708889484086,1689.6186046511627,971.5953488372093,0.9110169491525424,0.8524957145369026,7.618604651162791,9.595348837209302,1682,962,1699,984,0.71,0.83,39.73755685449026
814,1256,224.0,243.0,59.183944899387726,-1.0380650956401312,14.135686971465448,20.91777254959473,1690.6339285714287,474.38839285714283,0.9218106995884774,0.7371088736307569,7.633928571428571,9.388392857142858,1683,465,1701,486,0.8,0.85,149.47674884002367
815,1258,1253.0,1346.0,137.84497089931696,1.5133077327538706,35.4943206121264,46.66244139264187,1700.9712689545092,1842.047885075818,0.9309063893016345,0.6491487882562144,17.971268954509178,25.047885075818037,1683,1817,1720,1864,0.83,0.85,3.293853808691722
816,1259,1297.0,1550.0,159.94775253227715,0.1896503799896307,28.618735428197233,65.15658229712858,1712.5666923670008,701.5250578257518,0.8367741935483871,0.8983745739748971,28.566692367000773,15.525057825751734,1684,686,1742,720,0.64,0.81,79.13383364354183
817,1260,1657.0,1754.0,158.5117092265954,0.8087506033243885,36.121649436311465,59.76602409684314,1708.1363910681955,2662.8998189499093,0.9446978335233751,0.7966928902083888,24.136391068195532,24.899818949909474,1684,2638,1731,2689,0.83,0.91,43.66200375085353
818,1261,1072.0,1132.0,125.12749898102749,1.3212198254351701,31.803439591859814,44.007920372107804,1702.0205223880596,1673.8190298507463,0.9469964664310954,0.6911876210748349,17.020522388059703,19.81902985074627,1685,1654,1719,1697,0.86,0.89,14.299680193553371
819,1263,2122.0,2223.0,174.69609636961684,0.35684788395762285,46.276682177889874,60.49004693408979,1716.7111215834118,493.7483506126296,0.954565901934323,0.6439950040394176,30.711121583411874,24.748350612629594,1686,469,1745,519,0.87,0.9,69.55412232105405
820,1264,778.0,828.0,108.61778926686392,-0.14690965937460018,24.86917342511296,40.73163318998412,1706.987146529563,1307.7056555269924,0.9396135265700483,0.7919687265487517,20.98714652956298,14.705655526992288,1686,1293,1728,1320,0.83,0.91,98.41730345186912
821,1265,575.0,597.0,90.30724542977781,-0.8396909595932877,21.97272438831824,33.839513507856296,1699.848695652174,1438.8295652173913,0.9631490787269682,0.7605140117568773,13.848695652173912,14.829565217391304,1686,1424,1713,1454,0.89,0.95,138.1107480799855
822,1267,415.0,467.0,84.94421130710882,1.1653838184018928,16.92363174399568,33.16763094415385,1696.6,2191.6626506024095,0.8886509635974305,0.8600288440064618,10.6,13.662650602409638,1686,2178,1709,2208,0.72,0.85,23.22842569273118
823,1268,415.0,461.0,81.8420868996177,-0.7168656269287877,21.342763764845735,26.95110999166655,1700.6024096385543,2386.8265060240965,0.9002169197396963,0.6106421424166779,14.602409638554217,10.826506024096386,1686,2376,1714,2402,0.78,0.79,131.07337490101935
824,1270,6406.0,6799.0,319.47489771839764,-0.34708375503614725,71.80627396518102,116.36356192469812,1744.5950671245707,1347.0093662191696,0.9421973819679365,0.7868960602333047,57.59506712457072,43.00936621916953,1687,1304,1799,1386,0.79,0.86,109.88643430112377
825,1271,455.0,518.0,88.31584175682626,1.171228742165885,21.254296524070178,30.473966224677227,1700.1934065934065,1873.6087912087912,0.8783783783783784,0.7166261405728808,13.193406593406593,11.608791208791208,1687,1862,1714,1892,0.73,0.77,22.893536229478713
826,1272,996.0,1040.0,121.56529898128106,-0.5237360012054794,29.603490093697076,44.83773134172535,1705.0732931726907,2418.114457831325,0.9576923076923077,0.751058091184689,18.073293172690764,16.1144578313253,1687,2402,1728,2438,0.85,0.9,120.00786244813256
827,1273,411.0,437.0,84.84892653209434,-1.1983294982236863,16.733230952125076,33.10992925204985,1697.3065693430658,847.367396593674,0.9405034324942791,0.8628945110684675,8.306569343065693,14.367396593673966,1689,833,1710,867,0.72,0.85,158.6592227142469
828,1274,503.0,541.0,84.94421130710883,-0.6843780484731804,23.241017943217543,28.13012742579167,1702.252485089463,1717.0834990059643,0.9297597042513863,0.5633817912077496,13.252485089463221,13.083499005964216,1689,1704,1716,1730,0.88,0.89,129.2119737689129
829,1276,298.0,331.0,68.20446379681762,-0.6927826732201874,16.682605756535082,23.96822218806124,1700.0704697986578,1484.7080536912752,0.9003021148036254,0.7180125367236115,9.070469798657719,8.708053691275168,1691,1476,1712,1498,0.81,0.85,129.6935232953076
830,1277,444.0,485.0,84.29356616482454,1.2013217472509665,21.577659773296116,27.396627561496437,1704.8896396396397,1911.6148648648648,0.9154639175257732,0.6161833133891305,13.88963963963964,13.614864864864865,1691,1898,1717,1927,0.79,0.8,21.169334045237818
831,1278,3116.0,3263.0,220.5119242084308,-0.9877628549895356,47.82843274712106,84.56899817104038,1725.0946726572529,855.6566110397946,0.9549494330370825,0.824710475427962,33.094672657252886,42.65661103979461,1692,813,1757,892,0.81,0.91,146.59464275069314
832,1279,314.0,337.0,66.30834489888058,-0.1109504099173624,17.198582317254214,23.694902635101915,1703.5796178343949,2032.6082802547771,0.9317507418397626,0.6878691752581516,11.579617834394904,9.60828025477707,1692,2023,1715,2042,0.9,0.93,96.3569902235113
833,1280,825.0,905.0,116.89237824699502,0.47064153533429054,28.764208215103107,40.47468348561221,1712.7769696969697,425.61939393939394,0.9116022099447514,0.7035238957815232,19.776969696969697,15.61939393939394,1693,410,1734,445,0.76,0.79,63.034226361787944
834,1281,778.0,908.0,119.01853494105973,-1.2401121946188252,25.09573043763247,42.9492617505516,1711.0989717223651,1940.556555269923,0.8568281938325991,0.8115297510164241,17.09897172236504,19.556555269922878,1694,1921,1728,1965,0.69,0.77,161.05319487436483
835,1283,643.0,720.0,103.81011551146474,1.3990108008805309,24.32992549996327,35.153546434360855,1709.353032659409,977.199066874028,0.8930555555555556,0.7217973724317617,14.35303265940902,20.199066874027995,1695,957,1722,995,0.75,0.79,9.842585616328392
836,1284,546.0,681.0,106.58691734781371,1.2869385265811268,19.459372503304234,41.342714069493134,1706.3333333333333,1981.981684981685,0.801762114537445,0.8823016216058641,11.333333333333334,16.98168498168498,1695,1965,1719,2004,0.6,0.74,16.263853934116725
837,1285,2478.0,2630.0,193.46671579895823,-0.08283106125424129,54.88561604871772,60.31648752863621,1724.3805488297014,1796.086359967716,0.9422053231939164,0.414695119761539,28.38054882970137,29.0863599677159,1696,1767,1760,1826,0.83,0.83,94.74587022245763
838,1288,446.0,502.0,98.02647404263912,0.8486565732104653,16.786053788607386,38.10635051397549,1715.0874439461884,527.4103139013453,0.8884462151394422,0.8977499531609715,15.08744394618834,12.410313901345292,1700,515,1731,548,0.58,0.74,41.37556009900518
839,1289,210.0,220.0,56.50242783805322,-0.6453917413696225,12.552372376214368,21.854888095570143,1710.6619047619047,828.9904761904762,0.9545454545454546,0.8186092859400784,10.661904761904761,7.9904761904761905,1700,821,1721,838,0.83,0.92,126.97822291307814
840,1290,719.0,761.0,104.92083624600431,-0.03260380194325975,27.923226813524217,34.58840193510241,1720.6411682892906,2233.162726008345,0.9448094612352168,0.5901408699643146,19.641168289290682,14.162726008344924,1701,2219,1736,2248,0.82,0.83,91.86806024742921
841,1292,411.0,438.0,78.79577902104239,-1.4981072808351796,20.293639050413315,27.002240039552685,1713.8783454987833,931.5328467153284,0.9383561643835616,0.6596716774560271,10.878345498783455,12.532846715328468,1703,919,1724,946,0.83,0.86,175.83522444967576
842,1293,757.0,811.0,111.16455330708524,1.3619876741542414,29.900849867720474,34.95408506470909,1717.7688243064729,2195.076618229855,0.9334155363748459,0.5179148116172649,14.768824306472919,15.07661822985469,1703,2180,1735,2216,0.77,0.78,11.963854522122773
843,1295,268.0,294.0,68.2044637968176,0.0969840813281756,14.078865798589831,25.626714762800134,1715.7350746268658,2010.1716417910447,0.9115646258503401,0.8355710561047138,11.735074626865671,7.1716417910447765,1704,2003,1732,2018,0.72,0.82,84.44322145994201
844,1298,510.0,548.0,87.53044359342881,-0.5855608307389335,22.498743293120842,29.658359431680157,1721.3980392156864,1695.7901960784313,0.9306569343065694,0.6515600897049096,15.398039215686275,11.790196078431373,1706,1684,1736,1710,0.84,0.86,123.55016424951526
845,1299,2904.0,3141.0,210.3412163303626,0.5888783996709105,58.76577877764889,64.99744152807054,1738.5223829201102,1891.4903581267217,0.9245463228271251,0.42726912323183747,31.522382920110193,34.490358126721766,1707,1857,1777,1924,0.82,0.83,56.25975305243874
846,1301,186.0,208.0,54.93163151125833,-0.3341934515487843,12.594084879016402,20.172185404253796,1718.1075268817203,2021.521505376344,0.8942307692307693,0.781161327045456,9.10752688172043,6.521505376344086,1709,2015,1728,2031,0.77,0.84,109.1478743146551
847,1302,247.0,302.0,67.87914122567547,0.2599839555157652,12.489110930474817,28.090265284825293,1723.4008097165993,1423.3441295546559,0.8178807947019867,0.8957260597846546,13.40080971659919,6.34412955465587,1710,1417,1736,1434,0.67,0.85,75.10401660782972
848,1303,570.0,630.0,98.44708138879577,1.3608534935966357,20.24635046846123,38.19177248286479,1721.8315789473684,1443.3122807017544,0.9047619047619048,0.8479205334703517,11.83157894736842,16.312280701754386,1710,1427,1732,1464,0.74,0.86,12.028838281279377
849,1304,767.0,870.0,114.63146853181719,1.3671627197159097,25.4722079703423,42.050721080656224,1725.7835723598434,1564.915254237288,0.8816091954022989,0.7956553322948319,15.783572359843546,16.915254237288135,1710,1548,1739,1588,0.73,0.8,11.66734625265127
850,1306,330.0,403.0,77.91509608263047,-1.209820697297629,19.017187488621165,23.966923672929454,1721.960606060606,2360.6181818181817,0.8188585607940446,0.6086010658599079,8.960606060606061,12.618181818181819,1713,2348,1737,2373,0.68,0.7,159.31761992272845
851,1307,298.0,316.0,69.3151845313572,-1.2596414560642186,14.038125466647056,27.733762159847238,1722.8724832214766,906.1174496644295,0.9430379746835443,0.8624310364350982,8.87248322147651,12.11744966442953,1714,894,1732,919,0.78,0.92,162.17213913219345
852,1308,977.0,1022.0,115.51215147022913,1.4268411784832034,31.762719658323242,39.565646245029875,1728.8485158648925,1399.1965199590584,0.9559686888454012,0.5962681805363215,14.848515864892528,18.196519959058342,1714,1381,1745,1419,0.92,0.94,8.248022437439843
853,1309,278.0,297.0,63.85686563367374,-0.8468224701463376,15.44894731261168,23.19796354581695,1723.6870503597122,1859.3093525179856,0.936026936026936,0.7459862393235465,9.68705035971223,10.309352517985612,1714,1849,1734,1869,0.86,0.91,138.5193535362283
854,1310,5871.0,6003.0,282.75852526921096,0.9906259643843461,77.60436985039651,97.62929936119367,1753.0684721512519,1976.6567876000681,0.9780109945027486,0.6067560323567788,39.06847215125192,47.65678760006813,1714,1929,1800,2021,0.92,0.94,33.24131316469996
855,1311,193.0,208.0,53.91619555173324,1.2896389593405255,14.910850800082894,17.497307691504187,1723.6528497409327,1015.5751295336787,0.9278846153846154,0.5232491966761558,8.652849740932643,9.575129533678757,1715,1006,1731,1024,0.83,0.84,16.109130534144313
856,1314,987.0,1144.0,129.70513494029902,-0.39554956174720696,27.030984508309782,50.44448920657677,1738.1702127659576,2577.2340425531916,0.8627622377622378,0.8443093617857107,23.170212765957448,21.23404255319149,1715,2556,1759,2593,0.74,0.85,112.6633204763643
857,1315,27901.0,30033.0,718.8562951923773,1.4475806567148186,135.16135977288297,269.5161522108797,1788.2645424895165,984.6048170316476,0.9290114207704858,0.8651597750373947,71.2645424895165,138.6048170316476,1717,846,1865,1136,0.68,0.81,7.0597378654648395
858,1316,581.0,606.0,88.41112653184076,-0.7593724466001488,23.858656996502987,31.27206701977011,1731.1944922547332,1094.0843373493976,0.9587458745874587,0.6464713313501195,14.194492254733218,14.08433734939759,1717,1080,1745,1108,0.93,0.96,133.508836268712
859,1317,196.0,208.0,55.94706747078343,1.14032218398702,12.932930812134835,20.204638837514253,1724.5102040816328,1732.5357142857142,0.9423076923076923,0.7682940173799746,7.510204081632653,9.535714285714286,1717,1723,1734,1744,0.79,0.85,24.66435157240322
860,1318,166.0,187.0,53.13079738833578,0.29343698915834326,12.837691067820678,18.213987935215,1728.0060240963855,1483.433734939759,0.8877005347593583,0.7093802943586673,10.006024096385541,6.433734939759036,1718,1477,1736,1492,0.74,0.77,73.18729896820084
861,1319,376.0,394.0,71.67137902154954,-0.16592708795247954,20.011549664536126,24.35688121929635,1728.9893617021276,2033.2393617021276,0.9543147208121827,0.570068201149176,10.98936170212766,10.23936170212766,1718,2023,1743,2044,0.92,0.93,99.50692184657308
862,1320,292.0,318.0,67.41906563342016,0.2498610873468792,15.673630142193138,24.414016568588153,1730.2123287671234,1843.5958904109589,0.9182389937106918,0.76671041570956,11.212328767123287,8.595890410958905,1719,1835,1742,1853,0.81,0.87,75.6840142304742
863,1321,789.0,878.0,114.11557641064606,-0.5667408372396155,25.83977866807346,41.38586519720871,1743.936628643853,1824.3168567807352,0.8986332574031891,0.7811348007531347,22.936628643852977,17.316856780735108,1721,1807,1763,1841,0.76,0.83,122.47185805154069
864,1323,165.0,171.0,45.87164436772977,1.5169475665512047,14.050812472292385,15.044147289717584,1728.551515151515,1470.5272727272727,0.9649122807017544,0.35734617089781767,6.551515151515152,6.527272727272727,1722,1464,1736,1478,0.99,0.99,3.0853066939754115
865,1324,2994.0,3095.0,211.0871462476614,0.47661318148970316,49.83411405382791,77.84067211369934,1760.1386105544423,542.3490313961256,0.9673667205169628,0.7682027571668366,37.13861055444222,27.349031396125586,1723,515,1798,573,0.84,0.91,62.69207624033728
866,1326,875.0,1056.0,141.08184832792125,1.3753861574920911,21.410684626238574,58.210605609173754,1736.9897142857144,2391.0,0.8285984848484849,0.9298993216972142,12.989714285714285,28.0,1724,2363,1753,2421,0.55,0.78,11.19617797498762
867,1327,1732.0,1850.0,159.52714518612052,0.6209070468629595,41.12058252168754,55.23387588398151,1748.8377598152424,1759.1252886836028,0.9362162162162162,0.6676434184062663,23.837759815242496,26.125288683602772,1725,1733,1776,1783,0.86,0.88,54.4246467448208
868,1328,1992.0,2256.0,187.68307433013263,0.9052582110332894,46.810427700138135,62.497596478063585,1760.1034136546184,2051.7048192771085,0.8829787234042553,0.6625749172827168,35.10341365461847,29.704819277108435,1725,2022,1782,2086,0.71,0.73,38.132525138229305
869,1331,2510.0,2613.0,189.76976277809868,0.48017813533169074,47.44509950582926,68.59562990079314,1760.4099601593625,1719.2928286852589,0.9605817068503636,0.7222198286416552,34.40996015936255,24.292828685258964,1726,1695,1791,1749,0.88,0.92,62.48781943103244
870,1333,193.0,210.0,56.04235224579793,-1.5057807230907185,13.32251092281425,19.27246991091262,1734.4145077720207,2351.5958549222796,0.919047619047619,0.722595037730345,7.414507772020725,9.595854922279793,1727,2342,1741,2363,0.77,0.81,176.27488030525546
871,1334,175.0,185.0,51.4647162865264,0.64575088995144,12.371254634728722,19.05513615445306,1737.6171428571429,2426.6,0.9459459459459459,0.7605881739891248,9.617142857142857,6.6,1728,2420,1745,2436,0.83,0.89,53.0011993889656
872,1335,261.0,290.0,69.3151845313572,-1.335491801583837,12.711594849908547,27.920180498698446,1735.8582375478927,2201.2605363984676,0.9,0.8903465735280354,6.85823754789272,11.260536398467433,1729,2190,1744,2218,0.68,0.85,166.51804380507662
873,1339,478.0,504.0,83.83349057256923,0.596790227046566,23.260550282631392,27.713127576453598,1743.7071129707113,1676.4351464435147,0.9484126984126984,0.5436171853301336,10.707112970711297,13.435146443514645,1733,1663,1759,1688,0.85,0.86,55.806438735577615
874,1341,1543.0,1610.0,150.64137930980377,0.9605431514031876,36.21751734892857,55.75364500861694,1756.9118600129618,482.0097213220998,0.9583850931677018,0.7602769334787899,22.911860012961764,27.009721322099807,1734,455,1783,507,0.85,0.92,34.964931384401716
875,1343,150.0,161.0,47.117118123382525,0.11521473416547484,12.731739752467602,15.710963001388293,1740.6133333333332,669.84,0.9316770186335404,0.5859143701388111,6.613333333333333,5.84,1734,664,1751,678,0.85,0.86,83.39868199459656
876,1344,4265.0,4478.0,256.99825886148983,-0.050304054099138726,58.08256457166696,96.2890024449021,1786.262837045721,815.6126611957797,0.9524341223760607,0.7975818146841122,52.262837045720985,28.6126611957796,1734,787,1837,849,0.81,0.89,92.88220999227842
877,1345,11408.0,12144.0,428.187971760276,-0.588673878120596,114.49911977400379,129.38085464739117,1798.0278751753156,1474.0839761570828,0.9393939393939394,0.46563416284485326,64.02787517531557,59.08397615708275,1734,1415,1860,1537,0.78,0.79,123.72852872590877
878,1346,2132.0,2215.0,172.7999774716798,1.2941596827952153,50.28799546181669,55.75791303332753,1756.9821763602251,2228.83818011257,0.9625282167042889,0.4319473751931058,21.98217636022514,28.838180112570356,1735,2200,1786,2257,0.9,0.9,15.850112159844784
879,1348,2305.0,2555.0,195.09332865466894,1.1662941044108646,47.64293900334309,64.95691048567329,1760.965726681128,1562.8754880694144,0.9021526418786693,0.6797385384008059,23.965726681127983,30.875488069414317,1737,1532,1790,1596,0.76,0.79,23.176270146267285
880,1349,1076.0,1115.0,126.5077257577934,0.8947772617239722,27.59458001279152,49.897661705992725,1756.5055762081784,2702.8977695167287,0.9650224215246637,0.8331656482899031,19.50557620817844,19.897769516728623,1737,2683,1778,2726,0.84,0.96,38.73303929894374
881,1350,172.0,194.0,53.36083518446343,0.6508323054405237,13.188953802246264,18.405668746464865,1746.6802325581396,1855.5639534883721,0.8865979381443299,0.697514977057404,8.680232558139535,7.563953488372093,1738,1848,1755,1865,0.76,0.79,52.7100557274887
882,1351,1888.0,1965.0,163.4146677570091,-1.3007875813054137,42.79508343701141,56.919327514292306,1758.801906779661,2360.6673728813557,0.9608142493638677,0.6593284418885498,20.801906779661017,26.66737288135593,1738,2334,1781,2391,0.89,0.92,164.52963845183064
883,1352,579.0,607.0,91.22739661428841,1.012502026784686,22.816950446605095,32.59235657428905,1753.566493955095,686.0708117443869,0.9538714991762768,0.714073639456489,14.566493955094991,15.070811744386875,1739,671,1768,703,0.87,0.92,31.987907116795654
884,1353,270.0,293.0,64.96758636821333,1.0047798822180902,15.839105979350284,23.15086988958718,1751.1037037037038,1397.8370370370371,0.9215017064846417,0.7293235697585719,8.103703703703705,10.837037037037037,1743,1387,1762,1409,0.8,0.85,32.430353409251474
885,1354,6497.0,6895.0,348.37675677970856,1.290416098339378,58.36854572645526,145.74523426794727,1778.5148530090812,2476.3704786824687,0.9422770123277737,0.9163040178169294,35.514853009081115,72.37047868246883,1743,2404,1816,2545,0.67,0.9,16.064603749415042
886,1355,1225.0,1430.0,146.0242751044336,0.6238072652696317,31.336033987269737,53.80574292024802,1767.648163265306,2193.918367346939,0.8566433566433567,0.81290809050478,23.648163265306124,22.918367346938776,1744,2171,1790,2219,0.72,0.8,54.25847647045232
887,1357,168.0,175.0,48.78319922519191,0.5039672311575504,12.792429755181832,17.5226934014905,1755.220238095238,1635.4404761904761,0.96,0.6833945012155298,9.220238095238095,5.440476190476191,1746,1630,1763,1644,0.89,0.92,61.1248046417784
888,1358,300.0,320.0,67.18902783729251,-1.007645713998687,18.645260621378476,21.66117958019179,1754.6533333333334,735.4433333333334,0.9375,0.5089966835919987,7.653333333333333,9.443333333333333,1747,726,1766,748,0.84,0.84,147.7338466565712
889,1359,276.0,297.0,62.746144899134144,0.2692497576883159,17.725023192578938,20.55948145942158,1756.159420289855,2622.0,0.9292929292929293,0.5066807360339939,9.159420289855072,9.0,1747,2613,1768,2633,0.88,0.89,74.57312524953942
890,1360,144.0,153.0,43.97552546979273,-0.09032529445041816,12.078974691294166,15.26447623092931,1755.173611111111,1383.2569444444443,0.9411764705882353,0.6114115870808731,7.173611111111111,5.256944444444445,1748,1378,1763,1390,0.94,0.95,95.17525815528539
891,1361,444.0,490.0,84.0635283686969,-1.5307794788918467,19.828295597527006,30.73793412896888,1758.1914414414414,1422.5405405405406,0.9061224489795918,0.76411863604312,9.191441441441441,16.54054054054054,1749,1406,1772,1437,0.79,0.85,177.7072035057383
892,1362,333.0,346.0,67.97442600068996,-0.2085307971285838,17.62499181297744,24.686183169868727,1759.06006006006,1594.96996996997,0.9624277456647399,0.7001846511584041,10.06006006006006,7.96996996996997,1749,1587,1773,1605,0.91,0.94,101.94793457396663
893,1363,3586.0,4393.0,267.9543649029555,-0.8101255052744881,60.557171533634325,86.7588887329738,1784.0719464584495,1835.4843837144451,0.8162986569542454,0.7161037446138888,35.071946458449524,39.484383714445066,1749,1796,1826,1885,0.63,0.66,136.4167723281315
894,1364,479.0,529.0,88.50641130685526,-1.4493825245612355,20.359970874574767,31.391471456345656,1760.419624217119,770.2526096033403,0.9054820415879017,0.7611440412239463,10.419624217118997,16.252609603340293,1750,754,1771,787,0.77,0.82,173.04350155737518
895,1365,1775.0,1830.0,157.63102628818348,-1.3871232613331768,40.00660164726132,57.17797231583627,1771.32,2649.320563380282,0.9699453551912568,0.7144509188659319,21.32,27.32056338028169,1750,2622,1793,2680,0.9,0.94,169.47630853881338
896,1367,1761.0,1847.0,166.4609756355844,-0.29043644597894724,41.52037074313676,57.29886988811986,1785.7143668370245,1913.8046564452015,0.9534380075798592,0.6891401372223241,33.71436683702442,22.80465644520159,1752,1891,1813,1938,0.8,0.83,106.64078257137301
897,1368,323.0,355.0,80.50132836895045,0.7861461580059882,13.641903658569207,33.05355561867237,1767.4767801857586,595.7770897832818,0.9098591549295775,0.910857397236552,14.476780185758514,9.777089783281733,1753,586,1780,612,0.63,0.82,44.95714306583212
898,1369,227.0,240.0,61.5006711434814,0.6544762411098152,13.840546246451536,23.151400387781877,1764.2775330396476,669.920704845815,0.9458333333333333,0.8016246969051027,11.277533039647578,6.920704845814978,1753,663,1773,681,0.75,0.83,52.50127359282113
899,1370,1517.0,1580.0,147.0397110639587,-0.23853691477581818,42.4253046099603,47.45091773383801,1776.9947264337509,710.2155570204351,0.960126582278481,0.4478909787795568,23.994726433750824,24.21555702043507,1753,686,1804,731,0.88,0.89,103.6671584747262
900,1371,151.0,162.0,46.561757756112726,1.4072664159405412,12.297173605487599,16.019666142777766,1759.9006622516556,1805.0529801324503,0.9320987654320988,0.640893472708993,6.900662251655629,8.052980132450331,1753,1797,1767,1814,0.88,0.9,9.369573716105151
901,1372,2947.0,3371.0,229.85776567700282,0.8296491814141671,48.23416574370069,82.96645973565667,1784.8204954190703,2570.535799117747,0.8742212993177099,0.8136396948862092,31.82049541907024,42.53579911774686,1753,2528,1822,2605,0.7,0.78,42.464603428484644
902,1373,1396.0,1488.0,143.47751106421228,-0.39739354794296433,36.90652601728679,50.129737707969035,1780.1167621776503,1609.3997134670487,0.9381720430107527,0.6767420502257795,26.11676217765043,23.39971346704871,1754,1586,1805,1630,0.85,0.88,112.7689731028616
903,1375,653.0,690.0,104.13543808260687,-0.04111426052516238,19.598859380061995,42.96851368860875,1781.271056661562,1401.3261868300153,0.946376811594203,0.8899175536623396,22.27105666156202,10.326186830015313,1759,1391,1803,1411,0.76,0.94,92.35567360589313
904,1376,1766.0,1882.0,163.73999032815124,-1.4444574808904447,36.70084563193926,62.85086558113006,1779.957531143828,2154.25651189128,0.9383634431455898,0.8118001250804755,20.95753114382786,30.25651189127973,1759,2124,1799,2184,0.83,0.92,172.76131734112124
905,1382,1385.0,1514.0,161.2885110629444,-0.18570191780800868,26.72435342629949,68.20908303609315,1797.2158844765343,1376.9927797833934,0.9147952443857331,0.9200501950666533,35.2158844765343,15.992779783393502,1762,1361,1830,1392,0.67,0.91,100.6399361378842
906,1384,191.0,203.0,53.590872980591094,0.7468588374733224,13.153466772462313,19.33654626382813,1771.282722513089,1416.3612565445026,0.9408866995073891,0.732990677685866,8.282722513089006,7.361256544502618,1763,1409,1781,1426,0.84,0.88,47.208140720731535
907,1386,1432.0,1586.0,149.91179767532216,0.07030568612960933,37.616236381584976,50.80264406267923,1789.4497206703911,1688.83030726257,0.9029003783102144,0.6721240552448985,25.449720670391063,18.830307262569832,1764,1670,1814,1710,0.8,0.83,85.97178090900194
908,1387,447.0,473.0,79.48589240942536,-0.200603599592272,21.48472867774031,27.5729873789415,1778.7718120805368,1778.8299776286353,0.945031712473573,0.626781817837682,14.771812080536913,11.829977628635346,1764,1767,1793,1789,0.89,0.91,101.49373961176947
909,1388,302.0,320.0,64.96758636821333,-0.24083985226952645,16.410901434266307,23.893892383772265,1774.9039735099338,1795.771523178808,0.94375,0.7268236638146621,10.903973509933774,7.771523178807947,1764,1788,1787,1806,0.9,0.95,103.79910707359811
910,1389,1859.0,2159.0,190.32512314536848,0.4495474178341675,43.05165305153502,64.76186246351392,1800.0742334588488,742.0204410973641,0.8610467809170912,0.747049329075637,35.074233458848845,27.020441097364174,1765,715,1829,769,0.64,0.69,64.24283026709804
911,1391,1817.0,2028.0,186.53288534949436,-1.3972069161981888,40.454614826649454,67.0122954243019,1790.1205283434233,463.03907539900933,0.895956607495069,0.7972195838776698,23.120528343423224,37.039075399009356,1767,426,1810,497,0.66,0.72,170.0540594046451
912,1392,3327.0,3618.0,229.01655098468956,1.4952781728300952,62.04422880232643,71.22469729007587,1805.799819657349,2409.458370904719,0.9195688225538972,0.49109584420805097,38.79981965734896,33.45837090471897,1767,2376,1837,2453,0.8,0.8,4.326871498802262
913,1393,816.0,902.0,119.53442706223086,1.1969650765536144,23.932082466044953,45.764947652589605,1780.9178921568628,767.3161764705883,0.9046563192904656,0.8523727026595297,12.917892156862745,21.316176470588236,1768,746,1798,788,0.72,0.84,21.41895288892441
914,1395,297.0,321.0,68.43450159294528,1.0258764741998445,18.367424136230056,21.78294000295605,1778.5050505050506,426.4107744107744,0.9252336448598131,0.5375964627485321,9.505050505050505,11.41077441077441,1769,415,1790,436,0.8,0.81,31.221607726587422
915,1398,1393.0,1539.0,149.777044654209,0.5100814580745813,39.08390910595378,49.93222745621558,1796.0193826274228,681.1593682699211,0.9051332033788174,0.622349924407522,25.01938262742283,16.159368269921035,1771,665,1818,708,0.78,0.8,60.77448524444725
916,1400,699.0,922.0,126.27768796166575,-0.7729906369967184,21.98666257792607,50.109172095271944,1791.095851216023,579.6852646638055,0.7581344902386117,0.8985968583758118,19.09585121602289,16.685264663805437,1772,563,1815,601,0.55,0.7,134.28910110304105
917,1401,233.0,266.0,65.52294673548312,-1.4127106204933815,14.27191881211247,23.00794933973865,1779.8497854077252,1645.5622317596567,0.8759398496240601,0.7843616345721065,7.849785407725322,11.562231759656653,1772,1634,1788,1658,0.68,0.74,170.9423562275785
918,1402,955.0,1123.0,131.41068428820705,-0.2781250999276583,30.59996248926575,43.38225385773374,1792.6952879581152,1752.1497382198952,0.8504007123775601,0.7088525629633089,20.695287958115184,16.149738219895287,1772,1736,1820,1774,0.69,0.73,105.9353944025091
919,1403,2161.0,2270.0,192.2607102894042,-0.6289570235417085,34.36676011703223,81.23930129339783,1803.2410920869968,2681.4317445627025,0.9519823788546256,0.9061151104431066,31.241092086996762,27.431744562702452,1772,2654,1839,2712,0.73,0.95,126.03658294405025
920,1405,821.0,871.0,107.73710632845196,0.44024290875112226,30.20118812545028,35.492585126218835,1792.4640682095005,2024.967113276492,0.9425947187141217,0.5253027136909263,18.46406820950061,17.967113276492082,1774,2007,1809,2042,0.89,0.9,64.77593936799768
921,1406,1481.0,1687.0,157.4962732670703,1.3603093264186283,36.56207914259221,55.97842309276061,1793.6090479405807,2354.185685347738,0.8778897451096621,0.757232061997761,18.609047940580687,28.185685347738016,1775,2326,1815,2379,0.75,0.8,12.060016763928743
922,1407,286.0,312.0,67.87914122567547,-1.2919090107282891,14.554910955273137,25.877350717860875,1785.2447552447552,1944.909090909091,0.9166666666666666,0.8268261720536021,9.244755244755245,10.909090909090908,1776,1934,1795,1959,0.78,0.88,164.02093382965236
923,1408,222.0,235.0,54.93163151125833,1.2007166961631845,15.02774031265063,19.251499449711925,1784.7252252252251,2085.711711711712,0.9446808510638298,0.6250296240144471,8.725225225225225,8.711711711711711,1776,2077,1793,2096,0.92,0.95,21.20400091895752
924,1409,1538.0,1910.0,184.54148167654284,0.9295013092640871,29.59952148108164,76.80902457387094,1799.901820546164,521.0695708712614,0.8052356020942408,0.9227641622377062,22.90182054616385,30.06957087126138,1777,491,1836,551,0.57,0.78,36.74349792728352
925,1411,4005.0,4153.0,253.57081188285656,-1.0817751714897457,49.54476358815433,104.20109506431625,1812.8843945068663,2225.3353308364544,0.9643631110040934,0.8797305411012426,35.884394506866414,49.33533083645443,1777,2176,1848,2273,0.78,0.95,151.98115170840327
926,1412,1030.0,1094.0,121.8906215524232,0.06802185380842006,33.47116208517864,40.476221394940715,1796.8718446601943,1547.9796116504854,0.9414990859232175,0.5622990522082646,18.871844660194174,14.979611650485436,1778,1533,1819,1568,0.87,0.88,86.10263486212165
927,1413,534.0,552.0,82.81805461304413,0.4361237077714693,24.79247169662913,27.49021853832261,1791.750936329588,2720.191011235955,0.967391304347826,0.4320175276510246,12.750936329588015,12.191011235955056,1779,2708,1805,2733,0.98,0.98,65.01195219909795
928,1414,366.0,405.0,78.24041865377261,1.5468783460531714,16.62911331244215,30.369564003920967,1787.7185792349726,2055.5163934426228,0.9037037037037037,0.8367673957707625,7.718579234972678,14.51639344262295,1780,2041,1797,2071,0.75,0.86,1.3703993509760295
929,1416,1153.0,1211.0,136.4483958397339,-0.7669980517003775,29.25425580203303,52.204434914504624,1802.4171725932351,410.7328707718994,0.9521056977704376,0.828236476139988,21.41717259323504,18.732870771899393,1781,392,1828,436,0.78,0.88,133.94575125718853
930,1417,7225.0,7535.0,322.6164903719874,0.08370310756179791,87.03316689095097,107.1479161757093,1838.3287197231834,1288.3071280276818,0.9588586595885866,0.5832799421873435,56.32871972318339,41.307128027681664,1782,1247,1895,1335,0.87,0.89,85.20416520457941
931,1419,1930.0,2015.0,169.33306224694786,0.15776876463172818,39.29212056264384,63.36797335786878,1817.1559585492228,1579.6725388601037,0.9578163771712159,0.7845522108642095,32.155958549222795,19.67253886010363,1785,1560,1848,1601,0.85,0.92,80.96051564760913
932,1420,1604.0,1677.0,161.0979415129154,-0.9686119935408081,33.25913878676306,63.33769793131204,1808.006234413965,1628.9438902743143,0.9564698867024448,0.8510355303403021,23.00623441396509,28.943890274314214,1785,1600,1831,1657,0.78,0.9,145.49737921564127
933,1422,1168.0,1426.0,158.74174702272308,-0.6168247651995848,27.773698864570303,62.59577194775682,1813.1207191780823,1656.849315068493,0.8190743338008415,0.8961757361462483,27.12071917808219,29.84931506849315,1786,1627,1837,1676,0.58,0.74,125.34145574508419
934,1423,258.0,278.0,65.75298453161078,1.4029982598527173,15.189663094802698,24.222590759643666,1793.2364341085272,2197.2248062015506,0.9280575539568345,0.7789495129304163,7.236434108527132,11.224806201550388,1786,2186,1803,2211,0.75,0.81,9.614121046240527
935,1424,746.0,783.0,106.95170816505453,-1.143560943321652,24.020494229002864,40.32428165212898,1800.4048257372654,2621.753351206434,0.9527458492975734,0.8032195285305853,14.404825737265416,19.753351206434317,1786,2602,1814,2643,0.82,0.9,155.5212156683298
936,1425,429.0,508.0,95.11491918517697,-1.1257839433788297,14.240964748109455,41.66253245871562,1799.0442890442891,2064.74358974359,0.844488188976378,0.9397665088086848,12.044289044289044,16.743589743589745,1787,2048,1812,2084,0.6,0.88,154.5026685992018
937,1426,1595.0,1945.0,181.85996461520836,-0.3404047035776582,33.33036467372079,66.23306274620128,1820.6451410658308,2544.7611285266457,0.8200514138817481,0.8641533885557972,32.64514106583072,21.761128526645766,1788,2523,1853,2564,0.61,0.72,109.50375284140165
938,1428,467.0,484.0,85.63432469549178,0.829076040224083,18.751408492152493,32.95553429015883,1799.9550321199144,617.8351177730193,0.9648760330578512,0.8223436215729948,10.955032119914346,14.835117773019272,1789,603,1817,631,0.8,0.9,42.49744199974157
939,1431,348.0,411.0,87.16565277618801,-1.5564325543355493,17.21139640265464,32.301921837385905,1799.7183908045977,1972.0775862068965,0.8467153284671532,0.8462230195896931,9.718390804597702,11.077586206896552,1790,1961,1810,1994,0.58,0.66,179.17701646019316
940,1432,468.0,523.0,93.63940763339659,-1.4658016748902414,17.087735343282947,37.75973707685928,1797.4935897435898,2102.33547008547,0.8948374760994264,0.8917448583804967,7.493589743589744,18.335470085470085,1790,2084,1808,2122,0.67,0.84,173.98424957441804
941,1433,16027.0,16918.0,524.8178707433322,0.4645075087982831,103.71551233808204,203.69618280438004,1894.0390590877894,615.4100580270793,0.947334200260078,0.8606673434431394,103.03905908778935,61.4100580270793,1791,554,1990,689,0.73,0.86,63.38568019372242
942,1435,842.0,1021.0,137.84497089931696,-0.1760013186069887,23.25426087250814,54.18570266526082,1811.0463182897863,1720.2149643705463,0.8246816846229187,0.9032291441884741,20.046318289786225,12.21496437054632,1791,1708,1844,1736,0.56,0.72,100.08413274491778
943,1436,1824.0,1964.0,166.92105122783968,-0.12011727172107532,47.23324191480972,51.65721774236578,1816.1277412280701,1779.048245614035,0.9287169042769857,0.40490445865298946,25.127741228070175,23.04824561403509,1791,1756,1847,1810,0.82,0.83,96.88221271624373
944,1439,1568.0,2116.0,195.03751212575315,-1.3555286379579552,31.35305196530443,75.52560494568012,1816.345025510204,2299.2531887755104,0.7410207939508506,0.9097614524779597,23.34502551020408,35.2531887755102,1793,2264,1835,2338,0.52,0.68,167.6660699641078
945,1441,420.0,444.0,80.9219357151071,1.5517640222276616,16.4354393387545,32.64802547325353,1803.3261904761905,2128.711904761905,0.9459459459459459,0.8640459395341475,8.326190476190476,15.711904761904762,1795,2113,1812,2145,0.81,0.96,1.0904707261101265
946,1443,192.0,201.0,52.02007665379619,0.25221601862788084,13.176379141290745,19.333136980395498,1804.2083333333333,1412.7395833333333,0.9552238805970149,0.731777345982175,8.208333333333334,7.739583333333333,1796,1405,1815,1419,0.89,0.94,75.54908660702948
947,1445,1714.0,1996.0,185.4221646149548,-0.16342028531933653,33.93063842857708,71.29701773076462,1839.1954492415402,1890.3932322053677,0.8587174348697395,0.8794964550154561,42.19544924154026,19.39323220536756,1797,1871,1871,1908,0.63,0.76,99.3632926356217
948,1446,506.0,538.0,86.05493204164841,1.0007692660066076,23.679138653623273,27.99096265076616,1809.1166007905138,2157.7608695652175,0.9405204460966543,0.5332518052514986,12.116600790513834,12.76086956521739,1797,2145,1821,2173,0.86,0.87,32.66014479141617
949,1448,651.0,726.0,105.93627220552943,0.07019160011077798,22.329827440328224,38.774395937946174,1816.57910906298,638.5960061443932,0.8966942148760331,0.8175264539881837,18.57910906298003,11.596006144393241,1798,627,1838,654,0.73,0.81,85.97831755638242
950,1453,4125.0,4453.0,254.6815326173962,0.3114592794864766,63.653223542685986,87.59998294227108,1840.5941818181818,2080.4964848484847,0.9263417920503032,0.6870235890525149,41.594181818181816,40.49648484848485,1799,2040,1888,2119,0.8,0.83,72.15469779523934
951,1454,9849.0,10461.0,403.1178187409379,0.5034179973841757,88.74734518791935,143.548190949789,1863.9039496395574,2013.9576606762107,0.9414969888156008,0.7859887664471034,63.90394963955732,53.957660676210786,1800,1960,1945,2066,0.76,0.83,61.15627341895882
952,1456,17419.0,17813.0,496.67828988213716,-1.427327703557211,124.30794616293173,180.47918537692232,1865.4569148630806,465.30679143464033,0.9778813226295402,0.7249836190504806,63.45691486308054,91.30679143464033,1802,374,1924,553,0.89,0.93,171.7798533959281
953,1457,1409.0,1553.0,160.1777903284048,1.570131294360691,29.56390332805193,62.19396722792035,1818.667139815472,1933.9815471965933,0.9072762395363811,0.8797967731915484,16.667139815471966,30.98154719659333,1802,1903,1835,1966,0.69,0.84,0.038103551719288475
954,1458,1531.0,1697.0,160.63786592066012,1.344422523097966,34.89086713261363,58.40631663947675,1826.5721750489877,715.0502939255389,0.9021803182086034,0.8019570158376994,23.57217504898759,28.050293925538863,1803,687,1845,746,0.75,0.82,12.970263544157106
955,1459,385.0,408.0,73.01213755221679,-0.8670853264551969,19.615299893019994,25.277145740755977,1814.012987012987,1397.8623376623377,0.9436274509803921,0.6307214785150567,11.012987012987013,11.862337662337662,1803,1386,1826,1410,0.91,0.93,139.68032968360598
956,1460,172.0,186.0,50.9093559192566,-0.26959375835658983,13.231185215266688,17.146935690221348,1813.0116279069769,1705.139534883721,0.9247311827956989,0.6360649120133063,10.011627906976743,7.1395348837209305,1803,1698,1822,1712,0.83,0.86,105.44658453690236
957,1463,1378.0,1455.0,145.60366775827697,-0.5911999702052314,40.49584966937016,44.82485061021321,1826.8715529753265,2704.843976777939,0.9470790378006873,0.428748086610518,23.87155297532656,24.84397677793904,1803,2680,1851,2727,0.82,0.82,123.87326314101978
958,1464,302.0,318.0,64.50751077595802,-0.2238536808395379,17.708479736537768,21.984912359293265,1813.41059602649,774.5927152317881,0.949685534591195,0.5926184733434571,9.410596026490067,8.592715231788079,1804,766,1825,784,0.91,0.93,102.82587114057407
959,1466,2044.0,2459.0,194.9980438796545,-0.06823775882670574,41.22848623263155,68.56330051888443,1836.2876712328766,1348.0474559686888,0.8312322082147214,0.7990082703722567,31.28767123287671,25.047455968688844,1805,1323,1870,1370,0.68,0.74,93.90973558420183
960,1467,4829.0,5340.0,305.41666726944095,-0.36831944471565975,61.76839353530324,105.79972408260328,1866.5920480430732,1530.201905156347,0.9043071161048689,0.8118804150064426,61.5920480430731,36.20190515634707,1805,1494,1916,1565,0.65,0.72,111.10314969480936
961,1468,564.0,612.0,109.53794045137451,1.0633016761858851,16.911743321795136,45.60548926071755,1818.5283687943263,2115.4645390070923,0.9215686274509803,0.9287019931513799,13.52836879432624,22.4645390070922,1805,2093,1833,2138,0.59,0.83,29.07730160536267
962,1471,751.0,931.0,120.22454045061382,-1.4045205773061016,26.502157271782178,43.080905947195326,1819.9747003994673,847.1411451398136,0.8066595059076263,0.7883931064754754,13.974700399467377,19.14114513981358,1806,828,1839,869,0.65,0.71,170.4731013189175
963,1472,3266.0,3465.0,229.992518698116,0.38300946236794203,51.96572005971733,82.42175434467389,1850.5949173300673,1748.5881812614819,0.9425685425685426,0.7762010362386725,44.59491733006736,26.588181261481935,1806,1722,1893,1782,0.78,0.84,68.0551742927422
964,1474,13174.0,13642.0,438.1681100883153,-0.4010649202942289,108.98994227144458,157.82699288608967,1876.5834218916048,2463.9525580689237,0.9656941797390411,0.7232694605144089,69.58342189160467,61.952558068923636,1807,2402,1957,2530,0.86,0.91,112.97932724361007
965,1476,821.0,862.0,107.41178375730983,0.8750375913507853,29.458736863600237,36.16838742041641,1823.3495736906211,1228.6540803897685,0.9524361948955916,0.5801796508357052,15.349573690621193,17.654080389768573,1808,1211,1842,1247,0.89,0.91,39.864039100306776
966,1477,1074.0,1141.0,130.29996355366748,-0.8658571640159636,29.967881004298285,47.582210772939234,1827.1787709497207,1866.217877094972,0.9412795793163892,0.7767470329811201,19.178770949720672,21.217877094972067,1808,1845,1851,1888,0.79,0.86,139.6099611592814
967,1478,219.0,244.0,59.2792296744022,-1.522029216171074,14.59555442480667,20.597546499148287,1815.8447488584475,2138.24200913242,0.8975409836065574,0.7056039191146344,7.844748858447488,11.242009132420092,1808,2127,1825,2148,0.78,0.82,177.20585038220736
968,1481,2348.0,3933.0,287.93098984185093,-0.28182457363920305,35.40043590791611,127.70766773898877,1858.6392674616695,1128.0668654173764,0.5969997457411645,0.9608125324784136,49.639267461669505,26.06686541737649,1809,1102,1923,1160,0.36,0.61,106.1473586326002
969,1482,487.0,512.0,82.9528076341573,0.9952658629426274,21.725506868678895,29.071939479586728,1820.7145790554414,1161.5564681724845,0.951171875,0.664485003322832,11.714579055441478,13.5564681724846,1809,1148,1835,1176,0.89,0.92,32.97546655994161
970,1483,957.0,1021.0,119.76446485835851,-0.3874891480292547,30.6428206256312,41.040395003194526,1831.3187042842214,1682.115987460815,0.9373163565132223,0.6652168253150631,20.318704284221525,16.115987460815045,1811,1666,1851,1698,0.84,0.87,112.2014927891963
971,1485,826.0,912.0,116.33701787972524,0.842597728610611,31.01347130754126,37.20698042739542,1830.5193704600483,1811.3680387409202,0.9057017543859649,0.5524605358478859,18.519370460048425,20.368038740920095,1812,1791,1852,1827,0.77,0.78,41.722706323302454
972,1486,774.0,821.0,121.3352611851534,-1.4840538603866948,19.665399729966513,51.91266420837016,1821.1524547803617,2346.0090439276487,0.9427527405602923,0.9254715988769848,9.152454780361758,24.00904392764858,1812,2322,1833,2375,0.66,0.92,175.03002277025473
973,1487,1996.0,2113.0,176.63168351365255,0.6781569357461149,40.129667924240955,64.61650346956604,1840.8176352705411,671.1427855711423,0.9446284902981543,0.7837759939196014,27.817635270541082,25.142785571142284,1813,646,1874,701,0.8,0.87,51.144469734223065
974,1488,3005.0,3196.0,224.76423759656018,0.6880356470065963,45.56150315381367,86.16756281948074,1851.1361064891846,907.830615640599,0.9402377972465582,0.848774690660746,38.13610648918469,31.830615640599003,1813,876,1891,946,0.75,0.87,50.57846127196912
975,1489,230.0,241.0,58.8191540821469,-0.09549226729701785,12.817393800106316,23.40465620856348,1825.6782608695653,1411.8347826086956,0.9543568464730291,0.8367121691800932,10.678260869565218,6.834782608695652,1815,1405,1838,1418,0.84,0.95,95.47130389225426
976,1490,1494.0,1687.0,168.77770187967806,0.44379656945134055,35.977659683679725,59.75046031632156,1849.0816599732264,1841.1961178045515,0.8855957320687611,0.7983966088487726,34.08165997322624,17.19611780455154,1815,1824,1873,1871,0.66,0.72,64.57232960805366
977,1491,454.0,488.0,83.08756065527045,-0.9347888242121525,22.76990122988256,26.33265787901594,1829.0947136563877,2260.3722466960353,0.930327868852459,0.5022852749117515,14.094713656387665,14.372246696035242,1815,2246,1843,2275,0.83,0.83,143.55945436335296
978,1492,167.0,179.0,51.23467849039874,-1.346188378098571,13.379640328235405,17.47833615134141,1823.1556886227545,1554.562874251497,0.9329608938547486,0.6434376636953391,7.155688622754491,9.562874251497005,1816,1545,1830,1563,0.8,0.82,167.13091249460962
979,1493,196.0,209.0,57.38311077646517,-0.4774356707231518,12.473926861176938,21.45890135322825,1828.091836734694,557.4591836734694,0.937799043062201,0.8136937312640495,10.091836734693878,7.459183673469388,1818,550,1839,566,0.75,0.83,117.35504892143427
980,1494,1396.0,1476.0,142.8826824508438,-0.01620293334489228,37.721936214744254,48.72471229900469,1844.6790830945558,2368.5816618911176,0.94579945799458,0.6329595170878951,26.679083094555875,19.581661891117477,1818,2349,1868,2387,0.86,0.88,90.92835969639411
981,1495,5344.0,5595.0,282.9885630653386,1.0884125499532924,66.8183106690141,103.19502755228326,1861.907372754491,795.8536676646706,0.9551385165326184,0.7620693169963408,41.90737275449102,49.85366766467066,1820,746,1901,843,0.84,0.9,27.638554518604458
982,1496,21282.0,22203.0,557.3608662965869,0.6069346211277081,147.04473388664405,188.3524092949026,1912.2444789023589,2172.856686401654,0.9585191190379678,0.6249192136133086,92.24447890235881,90.85668640165397,1820,2082,2006,2259,0.86,0.88,55.22520776901068
983,1501,429.0,452.0,83.37341498031392,0.2908040110475724,16.11128770819379,34.70364773424833,1839.1934731934732,1705.1421911421912,0.9491150442477876,0.8857024031840866,16.193473193473192,8.142191142191143,1823,1697,1855,1716,0.78,0.96,73.33815750149833
984,1502,609.0,773.0,111.85466669546821,1.3995573460686264,21.985612176600533,39.14944246112247,1837.9868637110017,2330.2840722495894,0.7878395860284605,0.8274212619516905,14.986863711001641,18.284072249589492,1823,2312,1851,2352,0.61,0.69,9.811270883737336
985,1503,1726.0,1834.0,158.28167143046778,-0.5572556481200093,44.246598360165876,50.793732043944374,1847.7404403244495,1387.9026651216686,0.9411123227917121,0.4910994520004748,23.740440324449594,23.902665121668598,1824,1364,1872,1413,0.87,0.87,121.92839674710385
986,1504,13506.0,13957.0,433.30461980400025,-0.1822562893339263,128.23716652625524,135.32601307655133,1893.2273063823486,1190.1235747075375,0.9676864655728309,0.31941026553617513,67.22730638234859,69.12357470753739,1826,1121,1967,1254,0.9,0.9,100.44251616854918
987,1505,1402.0,1453.0,138.30504649157226,1.5286204986233092,39.30079255035825,46.36931323919849,1845.2753209700427,856.2945791726106,0.9649002064693737,0.5306989820311863,18.275320970042795,23.294579172610558,1827,833,1867,880,0.92,0.93,2.416496951700921
988,1506,776.0,862.0,113.94135514343422,1.2520776871415344,27.25709143754937,38.289040827910696,1842.1881443298969,1621.0077319587629,0.9002320185614849,0.7023040588694981,15.188144329896907,16.007731958762886,1827,1605,1856,1641,0.75,0.78,18.261232904288576
989,1508,334.0,435.0,82.492732041902,-0.9582913779507899,17.00897093694434,30.373282318776457,1841.3353293413174,744.2065868263473,0.767816091954023,0.8284941016961606,13.335329341317365,16.206586826347305,1828,728,1851,756,0.62,0.7,144.90605150035628
990,1510,429.0,478.0,92.43340212384248,-0.5153967237514067,16.265764341767493,37.7207617004692,1844.9463869463868,1950.5804195804196,0.897489539748954,0.9022491256011709,15.946386946386946,12.58041958041958,1829,1938,1864,1962,0.63,0.81,119.5300570458256
991,1511,864.0,906.0,114.5361837568027,-0.41694169246854773,27.860063019820114,40.82959081261213,1848.4467592592594,1651.7222222222222,0.9536423841059603,0.7310258230444294,18.44675925925926,14.722222222222221,1830,1637,1871,1668,0.83,0.87,113.88899928148929
992,1512,1782.0,1987.0,170.90385857374275,0.11369901371775354,47.64016537376013,52.18905715608528,1853.422558922559,2288.728956228956,0.8968293910417715,0.4083214509893267,23.422558922558924,24.72895622895623,1830,2264,1882,2313,0.77,0.77,83.48552637917267
993,1513,1192.0,1250.0,131.3712160421084,-0.08497052762312994,37.69851319890697,41.15995679219132,1850.1661073825503,1922.538590604027,0.9536,0.40140048469884587,19.166107382550337,19.538590604026847,1831,1903,1873,1942,0.87,0.87,94.86845261580513
994,1514,590.0,745.0,117.12241604312268,-1.1587142389261618,16.74925033182355,49.858044037974516,1845.7169491525424,2230.672881355932,0.7919463087248322,0.9418838241457006,13.716949152542373,23.672881355932205,1832,2207,1861,2253,0.54,0.81,156.38943555218236
995,1515,325.0,398.0,79.2558546132977,1.0899005142920248,15.97491532333621,30.21597112755883,1843.1384615384616,2663.8276923076924,0.8165829145728644,0.848814296487014,10.138461538461538,14.827692307692308,1833,2649,1854,2676,0.65,0.75,27.553300441929117
996,1516,6175.0,6545.0,322.6164903719875,1.514550199368534,82.3979756970095,105.06819152051757,1874.5007287449394,1068.1826720647773,0.9434682964094728,0.6204660459808959,39.50072874493927,64.18267206477732,1835,1004,1923,1118,0.75,0.76,3.222665715485604
997,1517,188.0,198.0,49.338559592461706,-0.040480527552433344,14.036941814396492,17.059625155543134,1843.0797872340424,2390.5106382978724,0.9494949494949495,0.5683070778454065,8.079787234042554,6.51063829787234,1835,2384,1852,2398,0.97,0.98,92.31936338121747
998,1518,573.0,672.0,118.46317457378993,0.7125474561243295,15.209364102493947,53.54292846854673,1859.2076788830716,655.8970331588133,0.8526785714285714,0.9588067284395488,23.20767888307155,16.897033158813265,1836,639,1877,676,0.51,0.87,49.17403806129272
999,1521,1744.0,1949.0,175.5767793080288,-0.2879884900722772,41.20386955673929,59.087802337243815,1861.2677752293578,366.29529816513764,0.8948178553104156,0.7167473774035422,23.2677752293578,20.295298165137616,1838,346,1897,393,0.71,0.75,106.5005250294867
1000,1522,2232.0,2411.0,182.1852871863505,0.0007098578670514175,50.3420271011196,58.00244343018684,1868.5152329749103,1802.3033154121863,0.9257569473247615,0.49668754908332147,30.515232974910393,25.30331541218638,1838,1777,1898,1831,0.84,0.85,89.95932814016379
1001,1524,270.0,287.0,66.44309791999373,0.8458861192469685,13.052497257745987,26.74687212666422,1850.1407407407407,2257.6037037037036,0.9407665505226481,0.8728431340409118,11.14074074074074,11.603703703703705,1839,2246,1861,2269,0.77,0.92,41.53429541844883
1002,1525,930.0,1106.0,136.4089275936352,-1.1673481285424432,25.842283704299813,52.22129314904643,1855.7344086021506,1581.4903225806452,0.840867992766727,0.8689721204048175,15.734408602150538,19.490322580645163,1840,1562,1876,1608,0.63,0.75,156.8841209879771
1003,1526,1757.0,1856.0,174.14073600234704,0.19664742683207964,32.92600655103746,70.04483953795844,1875.4467842914057,1423.4820717131474,0.9466594827586207,0.8826289187149863,33.446784291405805,18.48207171314741,1842,1405,1915,1442,0.73,0.89,78.73293239041418
1004,1530,256.0,273.0,62.190784531864345,1.0004641844947622,14.928654782094368,22.406865899628308,1854.34765625,1690.7734375,0.9377289377289377,0.7457252561291635,8.34765625,11.7734375,1846,1679,1864,1702,0.83,0.88,32.677624674452396
1005,1532,1620.0,1772.0,164.10478114539205,0.3669677768471783,43.624043097123554,52.1656847877775,1877.7851851851851,1954.6320987654321,0.9142212189616253,0.5483340708312603,29.785185185185185,24.632098765432097,1848,1930,1902,1980,0.76,0.77,68.97429516935807
1006,1533,153.0,158.0,44.53088583706253,-1.0010995210395555,13.078439845239565,15.182625026675414,1855.078431372549,340.8562091503268,0.9683544303797469,0.5079130526339704,6.078431372549019,6.856209150326797,1849,334,1862,348,0.97,0.98,147.3587774281347
1007,1534,778.0,842.0,111.16455330708524,0.10657290814047202,24.966643322043243,41.32777506304453,1868.443444730077,711.5526992287918,0.9239904988123515,0.7968987179600258,19.443444730077122,10.552699228791774,1849,701,1888,726,0.79,0.87,83.89382215311554
1008,1535,242.0,260.0,60.29466563392731,-0.08883588180766953,16.65269499479882,19.27278280458306,1860.2148760330579,878.6694214876034,0.9307692307692308,0.503401809794003,11.214876033057852,8.669421487603305,1849,870,1870,889,0.84,0.84,95.08992109690247
1009,1536,371.0,421.0,81.28672653234791,-0.5723262354369749,21.744482475573882,24.05012827930091,1863.5525606469002,2249.9056603773583,0.8812351543942993,0.42725394794263316,13.55256064690027,10.90566037735849,1850,2239,1875,2264,0.71,0.71,122.79187779514936
1010,1537,265.0,278.0,60.850026001197115,-1.2604056976465499,14.932663831540912,22.74513802620635,1858.5924528301887,2233.5471698113206,0.9532374100719424,0.7543076291308679,7.592452830188679,11.547169811320755,1851,2222,1868,2245,0.9,0.96,162.21592694938943
1011,1538,541.0,605.0,101.3586362462579,-0.1727272025447225,19.650106314478908,38.633705481155985,1875.0942698706099,693.1608133086876,0.8942148760330578,0.8609875796941309,23.09426987060998,11.160813308687615,1852,682,1891,704,0.66,0.78,99.89653971291393
1012,1540,263.0,310.0,71.11601865427974,-0.7646699756843349,13.225250343205827,28.738812891934963,1862.1596958174905,1666.1406844106464,0.8483870967741935,0.8878216106327902,9.159695817490494,9.140684410646388,1853,1657,1875,1681,0.65,0.81,133.8123623270837
1013,1542,669.0,732.0,101.68395881740003,-1.534203974583879,27.322652396462534,33.4341475827491,1870.0553064275036,737.6651718983558,0.9139344262295082,0.5763428738747122,15.055306427503737,15.665171898355755,1855,722,1883,757,0.81,0.83,177.9034126558525
1014,1543,4581.0,4726.0,257.05407539040567,-1.439098142910505,66.57776796577937,90.27986191200517,1888.418249290548,1606.4682383759005,0.9693186627168853,0.6753910414006378,33.41824929054791,48.468238375900455,1855,1558,1923,1648,0.87,0.9,172.45424989388653
1015,1545,4203.0,4659.0,281.4177667385437,-0.2111824677437749,48.65056736163036,115.87755241373033,1913.4106590530573,305.93195336664286,0.9021249195106246,0.9075959961041751,56.41065905305734,30.931953366642873,1857,275,1965,334,0.67,0.87,102.09986410887595
1016,1546,5423.0,5931.0,308.5746082058479,-0.3320364568724797,67.33452893029117,108.6916778974436,1902.5887884934539,1465.1764705882354,0.9143483392345304,0.7849964057476284,45.588788493453805,38.1764705882353,1857,1427,1955,1509,0.72,0.78,109.02428762327067
1017,1547,1209.0,1318.0,137.97972392043013,-1.5321684012997443,32.57445131955467,48.6521621689841,1874.5913978494623,1687.8643507030604,0.917298937784522,0.7427781754880345,17.591397849462364,22.86435070306038,1857,1665,1892,1712,0.8,0.85,177.786782897782
1018,1548,1661.0,1747.0,155.37011657300562,-1.2041034759795595,40.750747541356446,53.37882449624576,1882.78567128236,954.9379891631547,0.9507727532913566,0.6458960764871431,21.785671282360024,28.937989163154725,1861,926,1903,980,0.86,0.89,158.99004727066085
1019,1549,269.0,327.0,71.4413412254219,1.1941774546303472,13.645556122417203,29.221080481030523,1871.5390334572492,1371.7100371747213,0.8226299694189603,0.8842697580029405,10.53903345724907,10.71003717472119,1861,1361,1880,1387,0.66,0.81,21.578671860005755
1020,1550,2196.0,2308.0,187.77835910514713,0.5009841319191436,39.12351934497268,72.69965316877864,1893.8346994535518,1001.8565573770492,0.951473136915078,0.8428473182336714,31.834699453551913,24.85655737704918,1862,977,1931,1029,0.78,0.9,61.2957236380078
1021,1551,326.0,350.0,69.21989975634271,-0.909084770127109,18.884478444511203,23.07736175311307,1872.8312883435583,1905.493865030675,0.9314285714285714,0.5747745004943317,9.831288343558283,9.493865030674847,1863,1896,1885,1919,0.85,0.87,142.08672054790395
1022,1554,255.0,269.0,58.72386930713242,-0.20319515060874938,15.284237291899082,21.28708282258105,1875.0470588235294,1350.9607843137255,0.9479553903345725,0.6960376831597488,10.047058823529412,7.96078431372549,1865,1343,1886,1360,0.93,0.97,101.64222454740646
1023,1555,1354.0,1437.0,141.2166013490344,0.7940266434305584,37.001554044592396,48.55066912235603,1884.5841949778435,1873.1469719350073,0.942240779401531,0.6474329294085012,19.584194977843428,24.146971935007386,1865,1849,1909,1895,0.85,0.88,44.50562451048989
1024,1557,828.0,876.0,110.37915514368778,-0.6398809332823113,27.400989386992272,39.76788956943412,1882.2415458937198,853.9287439613527,0.9452054794520548,0.7247395026015838,15.241545893719806,15.928743961352657,1867,838,1900,872,0.85,0.9,126.66247686796865
1025,1558,2954.0,3134.0,237.21220347262334,1.0153929717106378,44.430676087122784,92.17839579313687,1894.5781990521327,2377.349018280298,0.9425654116145501,0.8761671022710311,27.578199052132703,43.3490182802979,1867,2334,1930,2421,0.66,0.8,31.82226817373386
1026,1559,744.0,849.0,125.03221420601298,1.241189457633211,18.938129441193205,52.96330855099014,1883.467741935484,893.7647849462365,0.8763250883392226,0.9338860560924808,14.46774193548387,22.76478494623656,1869,871,1899,921,0.6,0.86,18.885082501485314
1027,1561,1208.0,1354.0,147.59507143122846,0.9196700439982566,30.18547793751428,56.026305970652885,1894.296357615894,1926.453642384106,0.8921713441654358,0.8424507865089194,25.29635761589404,23.45364238410596,1869,1903,1913,1955,0.7,0.8,37.30678793428917
1028,1562,412.0,453.0,95.30548873520597,0.06425379113043259,13.520299359547689,40.989717252522155,1892.1966019417475,549.5849514563107,0.9094922737306843,0.9440347104227812,21.196601941747574,7.584951456310679,1871,542,1912,557,0.57,0.87,86.3185289505111
1029,1563,279.0,293.0,61.17534857233925,0.5535449799119613,17.742985223179467,20.29307765654054,1880.6236559139784,1401.0035842293908,0.9522184300341296,0.4853195903467753,9.623655913978494,9.00358422939068,1871,1392,1891,1411,0.94,0.94,58.28420888039068
1030,1566,496.0,532.0,86.41972285888923,1.3353054162158895,22.164339985000097,29.582826655430814,1884.0483870967741,1332.7923387096773,0.9323308270676691,0.6623099496502234,11.048387096774194,16.79233870967742,1873,1316,1898,1347,0.83,0.86,13.492635289869781
1031,1567,1670.0,1895.0,167.76226592015297,0.8466280027190956,40.801661885721394,56.20160540702697,1902.3580838323353,1666.237125748503,0.8812664907651715,0.6877079167580191,27.35808383233533,24.237125748502994,1875,1642,1925,1693,0.75,0.77,41.49178862660544
1032,1569,193.0,204.0,51.4647162865264,1.4032571771718005,13.522484280031925,18.394224588910458,1881.4559585492227,2653.5751295336786,0.946078431372549,0.6779062395373632,6.455958549222798,9.575129533678757,1875,2644,1889,2663,0.92,0.95,9.599286176614214
1033,1570,332.0,347.0,67.41906563342016,-1.3175019095595415,20.202414371956444,21.811609898962715,1884.512048192771,672.0843373493976,0.9567723342939481,0.37697610911117563,8.512048192771084,10.08433734939759,1876,662,1896,684,0.92,0.92,165.4872989181884
1034,1571,381.0,422.0,81.93737167463219,1.0475854572165193,17.261139612567195,30.926959488997664,1888.015748031496,1723.1443569553805,0.9028436018957346,0.8297562226514307,11.015748031496063,11.144356955380577,1877,1712,1899,1741,0.71,0.81,29.977774622210774
1035,1575,387.0,413.0,75.13829424628149,-0.3646303034541025,18.585960894339784,27.02615402569957,1891.1705426356589,1359.3824289405684,0.937046004842615,0.7259923586340339,12.170542635658915,11.382428940568476,1879,1348,1905,1370,0.86,0.91,110.89177747049456
1036,1576,492.0,520.0,87.53044359342883,0.5451809735367931,18.705074742484634,34.231812489757864,1895.2865853658536,1851.7682926829268,0.9461538461538461,0.8375088685078053,16.286585365853657,11.768292682926829,1879,1840,1910,1866,0.81,0.92,58.763431145508335
1037,1577,850.0,872.0,107.92767587848095,-1.172132216361817,26.63789668132931,40.949870132334155,1894.6764705882354,731.8870588235294,0.9747706422018348,0.7595061252455836,13.676470588235293,18.88705882352941,1881,713,1909,751,0.92,0.98,157.1582290288472
1038,1578,555.0,601.0,93.63940763339656,-1.252038202878194,23.370623488135504,32.13575883153495,1893.2774774774775,761.7945945945946,0.9234608985024958,0.6863761985628419,11.277477477477477,13.794594594594594,1882,748,1907,778,0.8,0.83,161.73650481406486
1039,1579,8295.0,8685.0,370.3679053548371,-0.8583661842394285,74.57751672608687,146.84666037091338,1941.8150693188668,1281.9864978902954,0.9550949913644214,0.8614397341220185,59.81506931886679,70.98649789029535,1882,1211,1995,1343,0.76,0.9,139.1807596336681
1040,1580,213.0,227.0,55.81231444967027,-0.9073875576196728,13.881353503220641,20.052538380460916,1889.5633802816901,1763.9718309859154,0.9383259911894273,0.7216585448540052,7.563380281690141,9.971830985915492,1882,1754,1898,1773,0.86,0.9,141.98947743429105
1041,1581,814.0,879.0,109.63322522638902,1.3490959019024396,31.596418000597204,34.021905723235726,1898.453316953317,1828.0626535626536,0.926052332195677,0.37081173475028717,16.453316953316953,18.062653562653562,1882,1810,1916,1846,0.85,0.85,12.702498662594891
1042,1584,423.0,629.0,106.30106302277024,1.3455832572464201,23.91874208984317,31.775118628119277,1896.6359338061466,882.5650118203309,0.6724960254372019,0.6583057168353559,11.635933806146571,14.56501182033097,1885,868,1912,900,0.47,0.48,12.903758376313974
1043,1585,1208.0,1251.0,127.94376906347514,-1.2005973022217613,37.6585839549275,41.640471912495805,1905.5546357615895,1381.4238410596026,0.9656274980015987,0.4267395387149745,20.554635761589402,21.423841059602648,1885,1360,1924,1404,0.93,0.93,158.78915831209952
1044,1586,381.0,421.0,79.48589240942536,1.1792556483007506,20.570204103972255,25.76038395426529,1894.6404199475066,2076.443569553806,0.9049881235154394,0.6019671307827212,9.640419947506562,12.443569553805775,1885,2064,1909,2090,0.76,0.77,22.43362838540324
1045,1587,700.0,1014.0,133.99691657452706,-0.15210093445559675,27.662374808325794,47.744879579763854,1907.53,1031.4057142857143,0.6903353057199211,0.8150583504160721,21.53,17.405714285714286,1886,1014,1931,1049,0.49,0.55,98.71474160430165
1046,1588,1602.0,1678.0,158.14691840935458,0.469126743001116,39.51619857303435,54.744964493535065,1911.2253433208489,345.3876404494382,0.9547079856972587,0.6920772514709987,24.22534332084894,21.3876404494382,1887,324,1940,367,0.8,0.84,63.12101756931762
1047,1589,242.0,253.0,58.62858453211792,0.2974250993442318,16.837782179753805,19.094530773858914,1897.809917355372,866.6446280991736,0.9565217391304348,0.4716015094852531,10.809917355371901,9.644628099173554,1887,857,1908,876,0.88,0.89,72.9587970863163
1048,1590,169.0,186.0,50.58403334811446,-1.1225680192999818,13.377318650933013,16.91846384850432,1894.585798816568,1406.7633136094676,0.9086021505376344,0.6122122659717311,7.585798816568047,8.763313609467456,1887,1398,1903,1416,0.83,0.85,154.3184097222493
1049,1591,1185.0,1239.0,128.82445200188707,-0.37433739191891396,35.97971449356544,42.337536460912354,1910.6101265822786,918.1628691983123,0.9564164648910412,0.5270566714544959,21.610126582278482,17.162869198312237,1889,901,1933,939,0.9,0.91,111.44795267088838
1050,1592,172.0,187.0,52.4801522460515,-0.1959808916740211,12.404629054743852,18.41110744390793,1899.7906976744187,1345.2209302325582,0.9197860962566845,0.7389521599045537,9.790697674418604,7.22093023255814,1890,1338,1911,1352,0.78,0.83,101.22887795813199
1051,1593,1080.0,1150.0,136.0836050224931,0.6129264130479227,30.906941267330968,48.66492958047421,1916.111111111111,377.19351851851854,0.9391304347826087,0.7724325529944492,25.11111111111111,17.19351851851852,1891,360,1938,399,0.73,0.79,54.8819033802618
1052,1594,354.0,371.0,68.43450159294527,0.47064147016116575,19.623868346968788,23.174574385191207,1902.2542372881355,2516.2570621468926,0.954177897574124,0.5319362362024409,11.254237288135593,9.257062146892656,1891,2507,1914,2528,0.95,0.96,63.034230095932934
1053,1595,2131.0,2378.0,210.34121633036264,0.3062208687711451,42.49067667458679,74.24470898987737,1932.725480994838,2606.397465978414,0.8961312026913373,0.8200402948366365,41.7254809948381,26.39746597841389,1891,2580,1970,2633,0.61,0.68,72.45483662058396
1054,1596,450.0,467.0,78.01038085764496,0.05702964031359855,21.655420607492815,26.85385840803879,1904.1355555555556,1257.2688888888888,0.9635974304068522,0.5913466504979599,12.135555555555555,10.268888888888888,1892,1247,1918,1268,0.93,0.95,86.73244230288167
1055,1597,338.0,369.0,76.93912836920403,-0.9720769754261251,15.155757870286834,30.49724582174587,1904.2781065088757,1547.491124260355,0.9159891598915989,0.8677763295849874,12.278106508875739,15.49112426035503,1892,1532,1915,1560,0.72,0.86,145.6959080537592
1056,1598,8926.0,9659.0,393.788325555183,-1.5522789257589575,91.33245516221024,134.6807538685232,1939.0119874523864,1757.9787138695945,0.9241122269386065,0.7349324116095229,47.011987452386286,75.97871386959444,1892,1682,1994,1817,0.72,0.76,178.9390310730895
1057,1599,681.0,759.0,113.65550081839075,0.6367519498884358,20.026372339939826,44.87509079032737,1913.632892804699,1911.396475770925,0.8972332015810277,0.8948987494873487,21.632892804698972,14.396475770925111,1892,1897,1936,1927,0.66,0.83,53.51680067466694
1058,1600,590.0,622.0,92.20336432771484,0.33334241101844553,23.015169310369995,33.88475830163115,1908.0338983050847,688.8220338983051,0.9485530546623794,0.7339357218377847,15.033898305084746,13.822033898305085,1893,675,1926,700,0.87,0.92,70.90088671592788
1059,1601,13467.0,14228.0,478.1213599661062,1.2364646549280522,95.86217444327491,182.00144505531162,1946.1959604960273,2338.805673126903,0.946513916221535,0.8500443852986815,53.195960496027325,94.8056731269028,1893,2244,2007,2426,0.74,0.86,19.155793755522907
1060,1603,9398.0,10146.0,384.76780665775317,-0.1875554169217943,93.1882321895598,130.82932360977367,1958.2196211959993,782.6363055969355,0.9262763650699783,0.7018867352437921,62.219621195999146,55.63630559693552,1896,727,2026,833,0.8,0.83,100.74613381443535
1061,1604,179.0,209.0,57.843186368720474,0.9388127283779132,14.852397343300005,17.231373376117464,1905.3351955307262,1412.9664804469273,0.8564593301435407,0.5070115377332556,9.335195530726256,9.966480446927374,1896,1403,1915,1422,0.67,0.68,36.20999291078384
1062,1605,367.0,400.0,82.39744726688751,-0.7879472399368372,13.946881475061708,34.20040242705768,1908.133514986376,1719.441416893733,0.9175,0.9130718354744233,12.133514986376023,14.44141689373297,1896,1705,1921,1734,0.68,0.9,135.14605132736278
1063,1607,6757.0,7160.0,317.2929244954172,-0.434355129806804,79.91526956842009,110.36190381191489,1955.107296137339,965.6729317744562,0.9437150837988827,0.6896739254923551,57.107296137339056,45.67293177445612,1898,920,2010,1014,0.84,0.88,114.8867157477869
1064,1609,1124.0,1197.0,136.6389653897629,0.4813447327377317,30.009642501432953,51.17736675336711,1924.720640569395,714.25,0.9390142021720969,0.8100324555966928,25.72064056939502,15.25,1899,699,1947,738,0.76,0.84,62.420978323275385
1065,1610,574.0,618.0,93.86944542952423,1.4727946568680652,20.960592738809616,36.44854396236581,1909.5313588850174,850.3275261324042,0.9288025889967637,0.818101728564401,10.531358885017422,15.32752613240418,1899,835,1921,870,0.82,0.92,5.615082072041602
1066,1611,1024.0,1336.0,154.81475620573582,-0.652522189506182,31.81680369089971,50.70318828327353,1920.9306640625,1949.515625,0.7664670658682635,0.7786077709701312,21.9306640625,19.515625,1899,1930,1945,1971,0.54,0.58,127.38676749733992
1067,1613,266.0,283.0,65.98302232773844,0.5038106836124133,14.167024471267151,25.465578956672484,1912.4661654135339,826.6015037593985,0.9399293286219081,0.8309677875810408,11.466165413533835,8.601503759398497,1901,818,1924,838,0.77,0.87,61.13377415540789
1068,1614,681.0,748.0,101.8187118385132,-0.9815421024101864,26.946365725480458,34.32577814557767,1917.9295154185022,883.9911894273127,0.910427807486631,0.6194725094934772,15.929515418502202,15.991189427312776,1902,868,1934,899,0.83,0.84,146.2382198825013
1069,1616,1320.0,1379.0,138.2097617165578,-1.2120996833818198,37.76313683949998,45.95552202689899,1925.3068181818182,1565.8333333333333,0.9572153734590283,0.5698736931848719,21.306818181818183,20.833333333333332,1904,1545,1946,1592,0.87,0.88,159.44819620692164
1070,1617,193.0,206.0,52.020076653796195,-0.13704538644307468,14.280437106603973,17.743089264963956,1912.80310880829,1869.3678756476684,0.9368932038834952,0.593485035383034,8.803108808290155,6.367875647668394,1904,1863,1922,1878,0.9,0.91,97.85212224492757
1071,1618,396.0,419.0,78.37517167488576,1.1978031289130953,18.05942304616066,28.919263895924868,1917.0555555555557,1112.3207070707072,0.9451073985680191,0.7810429795367718,11.055555555555555,12.320707070707071,1906,1100,1928,1128,0.81,0.88,21.370936025715167
1072,1619,583.0,611.0,87.85576616457097,-0.4367496482760094,26.14796728704984,28.625736663268114,1920.605488850772,1886.3241852487135,0.9541734860883797,0.40696758949869427,14.60548885077187,13.324185248713551,1906,1873,1935,1900,0.95,0.95,115.02391155003849
1073,1622,593.0,660.0,98.44708138879577,-1.4595128540552789,26.5003680373525,30.00633796382445,1919.7655986509276,1849.4721753794267,0.8984848484848484,0.46907370951176364,12.765598650927487,16.472175379426645,1907,1833,1934,1864,0.77,0.77,173.62392668246076
1074,1623,1670.0,1767.0,157.17095069592816,-0.715228931450544,42.334541583620876,51.60637827651018,1935.0808383233532,2515.056886227545,0.9451046972269384,0.5718826350640343,27.080838323353294,25.05688622754491,1908,2490,1959,2537,0.85,0.86,130.97959915776784
1075,1625,291.0,304.0,68.33921681793078,-0.5096420048058327,15.750322357972811,25.268732568180543,1922.5051546391753,741.4020618556701,0.9572368421052632,0.7819726699458336,13.505154639175258,11.402061855670103,1909,730,1935,750,0.78,0.85,119.20033593796023
1076,1626,416.0,486.0,88.08580396069863,-0.4579302436752409,16.927794315461643,34.55370013580258,1928.4278846153845,2080.266826923077,0.8559670781893004,0.8717796666713103,19.427884615384617,11.266826923076923,1909,2069,1943,2092,0.67,0.81,116.23747027398866
1077,1627,302.0,321.0,65.52294673548312,-0.9659894755983862,17.438774573237396,22.720421387655644,1919.1225165562914,1347.5298013245033,0.940809968847352,0.6410040904984132,9.12251655629139,9.52980132450331,1910,1338,1929,1360,0.88,0.91,145.34712000584315
1078,1628,2439.0,2601.0,205.3035047788358,1.5253609783401079,45.00825235577166,74.65630303177953,1937.9922099220992,542.609676096761,0.9377162629757786,0.7978373398039132,26.99220992209922,43.60967609676097,1911,499,1960,581,0.73,0.8,2.603253707165635
1079,1629,793.0,823.0,105.70623440940177,0.08348685696390479,26.242403489616695,39.11350636278448,1928.965952080706,1823.984867591425,0.9635479951397327,0.7415211844674126,17.965952080706177,11.984867591424969,1911,1812,1950,1839,0.89,0.95,85.21655545115587
1080,1630,1942.0,2096.0,177.70293600209345,-1.5408320361840606,38.399913235686626,67.57132419003737,1932.3964984552008,1989.5911431513903,0.9265267175572519,0.8228303281684128,21.396498455200824,34.59114315139032,1911,1955,1952,2022,0.77,0.87,178.28317261189562
1081,1631,474.0,506.0,84.29356616482454,-0.7486829146056526,20.099150484599047,30.984136966792036,1924.181434599156,2546.6181434599157,0.9367588932806324,0.7610513530558709,12.181434599156118,12.618143459915611,1912,2534,1939,2562,0.84,0.9,132.8963712004573
1082,1632,218.0,227.0,53.36083518446344,-1.3456525506334702,16.272531846398575,17.224352546326816,1920.7247706422017,1421.8577981651376,0.960352422907489,0.3278210778840598,7.724770642201835,8.857798165137615,1913,1413,1929,1431,0.96,0.96,167.10021184231215
1083,1633,1014.0,1137.0,133.30680318614412,1.4434322363201344,32.82252146760073,44.60524682398509,1931.0118343195265,1649.5404339250492,0.8918205804749341,0.6771506526614343,16.011834319526628,23.54043392504931,1915,1626,1952,1676,0.72,0.74,7.2974248457262405
1084,1634,151.0,159.0,45.31628400045997,-1.066449508642015,12.061038032498363,16.217505389148858,1922.0264900662253,1539.3245033112582,0.949685534591195,0.6685080696977809,6.026490066225166,7.324503311258278,1916,1532,1929,1547,0.92,0.95,151.10305590898787
1085,1635,807.0,909.0,122.8107727369338,-0.7715968414498011,23.796253583719714,47.05479852463801,1937.728624535316,1027.9591078066915,0.8877887788778878,0.8627014033012835,20.728624535315983,17.95910780669145,1917,1010,1958,1048,0.67,0.79,134.20924250069854
1086,1638,845.0,916.0,113.75078559340525,-1.1954508089544857,29.124365068851954,38.46864409283453,1932.21775147929,842.9514792899408,0.9224890829694323,0.653306396988787,14.21775147928994,17.951479289940828,1918,825,1949,863,0.82,0.84,158.49428596859212
1087,1640,1050.0,1130.0,128.2296233885186,1.4728473109524984,30.88115146552128,44.88715876541991,1931.2390476190476,1066.18,0.9292035398230089,0.725736320442168,13.23904761904762,23.18,1918,1043,1947,1090,0.8,0.85,5.61206521522945
1088,1641,2267.0,2405.0,183.52604571701775,0.6422499742156536,46.98608021390442,63.02808506276886,1945.3815615350684,1512.4909572121746,0.9426195426195426,0.6665297109903031,27.38156153506837,28.49095721217468,1918,1484,1980,1539,0.85,0.87,53.201787085057106
1089,1644,1361.0,1528.0,183.71661526704673,-1.4496831937344863,25.218220221938708,76.93560291866504,1931.13005143277,480.921381337252,0.8907068062827225,0.944752870043667,11.130051432770022,36.92138133725202,1920,444,1950,526,0.51,0.77,173.06072863203212
1090,1645,590.0,640.0,95.0196344101625,-1.494510214782395,26.163270227406525,30.198427829569404,1935.0542372881355,1128.415254237288,0.921875,0.49938782690925737,15.054237288135592,14.415254237288135,1920,1114,1950,1147,0.82,0.83,175.6291277462214
1091,1646,5035.0,5224.0,276.41952343311556,-0.6051025250310682,61.418019659717594,106.3289491300497,1968.151539225422,404.0861966236346,0.9638208269525268,0.8163038419556777,47.15153922542205,42.08619662363456,1921,362,2015,445,0.83,0.92,124.66982085698946
1092,1647,3787.0,4054.0,239.5683979628157,0.2391534656188954,65.62335130925607,76.60107742841193,1959.4285714285713,1610.763137047795,0.9341391218549581,0.5158321616909617,38.42857142857143,36.76313704779509,1921,1574,2002,1645,0.83,0.84,76.29751576411026
1093,1649,576.0,624.0,99.1371947771787,0.4735280302254389,18.85175866858558,40.10330791626443,1942.9409722222222,1095.5121527777778,0.9230769230769231,0.882623869379337,19.94097222222222,11.512152777777779,1923,1084,1962,1109,0.74,0.9,62.86884238693907
1094,1650,561.0,595.0,91.41796616431739,-0.2619692213858711,21.246562311625,34.51606357435987,1939.5258467023173,1369.8877005347595,0.9428571428571428,0.7880933232469147,16.525846702317292,12.88770053475936,1923,1357,1956,1381,0.84,0.92,105.00973074773871
1095,1651,218.0,236.0,58.953907103260065,0.43715205104313076,13.08423873796407,22.133895669382454,1934.8440366972477,1866.3394495412845,0.923728813559322,0.8065687147855766,11.844036697247706,7.339449541284404,1923,1859,1945,1876,0.79,0.87,64.95303246974107
1096,1654,695.0,755.0,103.58007771533707,-0.348614394602978,26.275561087717257,35.642283499977125,1941.1928057553957,1412.611510791367,0.9205298013245033,0.6756724628801496,17.192805755395682,11.611510791366907,1924,1401,1961,1428,0.81,0.84,109.9741334882589
1097,1655,2772.0,2988.0,211.22189926877456,-0.6674449575071542,46.230077798495,77.9907164083329,1961.1453823953823,2707.700937950938,0.927710843373494,0.8053763163248902,36.1453823953824,31.700937950937952,1925,2676,1996,2740,0.78,0.86,128.24177912244852
1098,1656,364.0,389.0,74.90825645015383,-0.5091335537506905,15.761810958834435,29.86781322550855,1938.1565934065934,1352.4752747252746,0.9357326478149101,0.8494190440958614,12.156593406593407,10.475274725274724,1926,1342,1952,1364,0.82,0.95,119.1712038384116
1099,1657,913.0,964.0,123.88202522537472,-0.12298275333385345,22.664150706336983,52.204858429631564,1951.2146768893756,1389.3515881708652,0.9470954356846473,0.9008460284503962,24.214676889375685,11.351588170865279,1927,1378,1977,1402,0.75,0.96,97.04639271892826
1100,1659,715.0,748.0,98.90715698105106,0.8490442482528195,29.65463873881896,31.50808797720852,1941.413986013986,1908.316083916084,0.9558823529411765,0.3379183049005903,14.413986013986014,13.316083916083915,1927,1895,1958,1927,0.92,0.92,41.35334795525572
1101,1660,6489.0,6878.0,333.5331281673544,-0.41649923576158104,64.46950401274609,129.9745486582633,1986.5627985822161,882.0157189089227,0.9434428612968886,0.8683131688535842,58.56279858221606,41.01571890892279,1928,841,2046,922,0.73,0.87,113.86364837956285
1102,1662,560.0,728.0,127.6742630212488,-0.020419999548725937,13.828952908281279,61.60825390494068,1953.5982142857142,1540.8964285714285,0.7692307692307693,0.9744819414878968,25.598214285714285,7.896428571428571,1928,1533,1982,1550,0.43,0.88,91.16997979180104
1103,1663,2689.0,2968.0,217.04500898369884,0.8820275448940664,45.57160433112317,80.44092019316219,1964.1301599107476,2049.63406470807,0.9059973045822103,0.8240461590098547,36.13015991074749,33.634064708069914,1928,2016,1996,2086,0.72,0.81,39.46354426328425
1104,1665,717.0,758.0,112.08470449159584,-0.8261352490597564,25.284372529868264,39.75211659617852,1946.5718270571826,342.82147838214786,0.945910290237467,0.771647041634822,16.571827057182706,14.821478382147838,1930,328,1966,364,0.72,0.77,137.33406307811316
1105,1666,3020.0,3470.0,264.20159535318004,0.753963995060804,35.85378807872558,115.06524447609786,1979.3605960264902,2125.6238410596025,0.8703170028818443,0.9502149104401652,48.360596026490065,36.62384105960265,1931,2089,2022,2175,0.54,0.86,46.80104517819348
1106,1668,333.0,350.0,69.3151845313572,1.2337439822699494,16.289119076881956,26.283705306910548,1939.7477477477478,1850.129129129129,0.9514285714285714,0.7848055254548408,7.747747747747748,12.12912912912913,1932,1838,1949,1864,0.87,0.95,19.31167681626883
1107,1671,234.0,245.0,58.26379371487711,0.3763628089628673,14.16989504417161,21.67805372643559,1942.8162393162393,1888.7094017094016,0.9551020408163265,0.7567955821700921,8.816239316239317,8.709401709401709,1934,1880,1954,1896,0.87,0.93,68.43599948073924
1108,1672,726.0,751.0,103.94486853257789,0.741256516469933,24.543061374812908,38.64707686774995,1955.0922865013774,2253.2217630853993,0.966711051930759,0.7724660300027512,19.092286501377412,13.221763085399449,1936,2240,1972,2272,0.84,0.91,47.52913006970324
1109,1674,1442.0,1708.0,186.01699322832323,-0.8909990336650825,29.781818686401564,70.8077981206138,1965.8439667128987,354.6435506241331,0.8442622950819673,0.9072457999294842,28.84396671289875,28.643550624133148,1937,326,1989,394,0.52,0.68,141.050484179244
1110,1675,309.0,372.0,75.23357902129598,-0.04905176165555066,16.815100111879364,26.659332495608748,1949.8381877022653,2083.4045307443366,0.8306451612903226,0.7759944563173237,12.838187702265373,8.40453074433657,1937,2075,1963,2093,0.69,0.74,92.81045892054469
1111,1676,625.0,671.0,102.50882522689616,0.595038957825589,23.060440066942693,38.28975787333924,1955.5104,2553.7936,0.9314456035767511,0.7982990066874794,18.5104,16.7936,1937,2537,1974,2569,0.75,0.82,55.906779070730764
1112,1678,225.0,243.0,58.49383151100476,0.5458855778210273,13.992595599090864,20.977051288157302,1949.7111111111112,1114.0622222222223,0.9259259259259259,0.7450192025678534,9.71111111111111,8.062222222222223,1940,1106,1960,1123,0.83,0.88,58.72306029379487
1113,1679,218.0,236.0,58.16850893986262,0.5173916922059135,14.869077540374597,19.46236387891623,1949.1880733944954,1878.0091743119267,0.923728813559322,0.6452264920548082,9.188073394495413,7.009174311926605,1940,1871,1960,1889,0.81,0.83,60.35563968146943
1114,1682,579.0,610.0,91.78275698155821,1.4851852325365096,24.38885033599257,31.39709341187866,1952.412780656304,489.17443868739207,0.9491803278688524,0.6297635571688802,11.412780656303973,18.174438687392055,1941,471,1967,506,0.86,0.88,4.905154380502253
1115,1686,3688.0,4053.0,255.65750033082261,-0.03163781969250687,53.9566606551101,92.33170351109669,1991.65726681128,457.3389370932755,0.9099432519121639,0.8114812325792082,49.657266811279825,29.338937093275486,1942,428,2041,484,0.71,0.79,91.81271354137652
1116,1687,1484.0,1600.0,151.84738481935787,-0.7835379878458708,43.53728821152027,45.21059738949193,1967.9016172506738,587.2345013477089,0.9275,0.2695422556335295,25.901617250673855,24.234501347708896,1942,563,1990,613,0.81,0.81,134.8934197917412
1117,1688,137.0,151.0,49.56859738858936,0.43998702215692564,12.818644542209293,15.266000745495573,1948.7007299270074,1569.043795620438,0.9072847682119205,0.5430724656965747,6.700729927007299,8.043795620437956,1942,1561,1958,1575,0.7,0.71,64.79060058987912
1118,1689,419.0,455.0,77.91509608263047,0.5475721862482479,22.209493802965948,24.761040296332894,1954.3651551312648,1138.1957040572793,0.9208791208791208,0.44212554227199513,11.365155131264917,12.195704057279237,1943,1126,1967,1151,0.87,0.87,58.62642474922394
1119,1691,2406.0,2675.0,198.36967432937192,-0.5974273413300861,47.40280828165587,67.63058516554624,1971.6957605985037,1943.7044887780548,0.8994392523364486,0.7132518355068238,28.69576059850374,25.704488778054863,1943,1918,2008,1972,0.77,0.81,124.23006522393558
1120,1693,7170.0,7577.0,332.04126833275683,0.7046138018640843,82.91015635727261,115.14184118365807,1992.2023709902371,1078.3136680613668,0.9462848092912762,0.6939016937708349,48.2023709902371,54.313668061366805,1944,1024,2050,1134,0.82,0.85,49.62860296652075
1121,1694,830.0,1005.0,137.09904098201818,0.9153922351839858,19.123160931204495,61.01046504888351,1967.3987951807228,1170.666265060241,0.8258706467661692,0.9496077861557849,23.398795180722892,22.666265060240963,1944,1148,1988,1193,0.55,0.87,37.55188832491075
1122,1695,598.0,630.0,92.20336432771485,0.554319140343686,25.684062402022718,31.358036356725933,1959.8729096989966,1558.536789297659,0.9492063492063492,0.5737101821414289,15.872909698996656,11.536789297658864,1944,1547,1974,1575,0.88,0.9,58.23985275498683
1123,1696,359.0,436.0,81.8420868996177,1.3832386065347966,17.911677333037133,28.896585083913255,1954.4874651810585,1861.2144846796657,0.823394495412844,0.7847167898462711,10.487465181058496,14.214484679665738,1944,1847,1967,1875,0.67,0.73,10.746265785999057
1124,1697,2420.0,2553.0,192.6813176355608,0.013765976916646912,45.05363789462769,69.86634107884181,1978.5227272727273,705.2669421487603,0.9479044261652957,0.7643051913479276,33.52272727272727,24.266942148760332,1945,681,2018,729,0.82,0.88,89.21126762180162
1125,1699,7142.0,7422.0,320.16501110678064,1.3269124348721666,82.90822922635508,112.22396876152699,1988.817838140577,1458.6348361803416,0.9622743195904069,0.6739524743967035,43.81783814057687,49.634836180341644,1945,1409,2033,1520,0.88,0.91,13.973517698397131
1126,1702,628.0,671.0,98.35179661378127,1.4267046501474054,25.302577902315193,33.5651948264678,1960.533439490446,2437.3821656050955,0.9359165424739195,0.6570651586450859,13.53343949044586,15.382165605095542,1947,2422,1975,2457,0.82,0.84,8.25584493486501
1127,1706,343.0,379.0,73.89282049062874,-0.5082351050277102,17.146747925869754,27.005641907910704,1959.6443148688047,1825.6793002915451,0.9050131926121372,0.7725679747002998,11.644314868804665,9.67930029154519,1948,1816,1973,1837,0.79,0.85,119.11972651847591
1128,1707,462.0,494.0,88.8317338779974,-1.4684403511991084,17.944284854241836,34.85662213890512,1956.7965367965369,1986.8419913419914,0.9352226720647774,0.8573086555689734,8.796536796536797,14.841991341991342,1948,1972,1967,2006,0.74,0.86,174.13543459041728
1129,1709,5840.0,6173.0,299.36351975838903,1.1019057178399816,79.03517992034749,98.11385828924334,1995.751712328767,522.9640410958904,0.9460554025595335,0.5925338808963613,45.75171232876713,48.96404109589041,1950,474,2037,570,0.82,0.83,26.86545294643571
1130,1711,292.0,318.0,66.76842049113588,0.024560594257599374,16.45399376991784,23.268586008538023,1963.3458904109589,1843.195205479452,0.9182389937106918,0.7070801857616013,13.345890410958905,8.195205479452055,1950,1835,1976,1853,0.82,0.86,88.59278160670631
1131,1712,576.0,626.0,94.0994832256519,1.1242036065713044,21.89580347021084,34.12457682831838,1962.9756944444443,1339.7725694444443,0.9201277955271565,0.7670032424836253,11.975694444444445,15.772569444444445,1951,1324,1976,1356,0.82,0.88,25.5878780300786
1132,1714,192.0,215.0,55.81231444967027,-0.49975889550564545,15.02620331925489,17.247008655370163,1960.75,1655.984375,0.8930232558139535,0.49086555748858585,8.75,7.984375,1952,1648,1970,1664,0.77,0.78,118.634075486593
1133,1715,345.0,364.0,71.21130342929425,1.556686618495506,17.043533625705273,26.502217472650155,1961.2782608695652,2528.559420289855,0.9478021978021978,0.7657835524791585,9.278260869565218,12.559420289855073,1952,2516,1970,2542,0.85,0.92,0.8084267357157984
1134,1716,954.0,1045.0,128.49912943074492,1.5153596180365099,27.071980473530317,47.77011736632665,1968.077568134172,1688.5283018867924,0.9129186602870814,0.8239147832742647,14.077568134171909,21.528301886792452,1954,1667,1986,1717,0.73,0.82,3.176289441951482
1135,1717,1805.0,1958.0,166.13565306444224,0.8792705196777373,48.606714586278336,49.62046725291818,1976.5373961218836,1896.0648199445984,0.9218590398365679,0.2011041336025588,22.537396121883656,26.064819944598337,1954,1870,2006,1923,0.82,0.82,39.62151017219105
1136,1718,698.0,744.0,99.23247955219321,1.4038976192172048,27.975278822471925,32.421915540931174,1967.0659025787966,2475.9283667621776,0.9381720430107527,0.5054585384013178,13.065902578796562,14.928366762177651,1954,2461,1983,2493,0.89,0.9,9.562591550389826
1137,1720,1223.0,1334.0,151.02251840986176,1.5593591743563493,27.89298128479939,59.84446901622857,1972.8593622240392,2002.852003270646,0.9167916041979011,0.8847366722048574,16.85936222403925,34.85200327064595,1956,1968,1988,2030,0.67,0.83,0.6553005643765175
1138,1723,1145.0,1222.0,131.54543730932022,0.2414932734912627,36.6431345388773,41.33913993400281,1981.0288209606988,1017.5301310043668,0.936988543371522,0.4629145225856992,22.02882096069869,21.53013100436681,1959,996,2005,1039,0.83,0.84,76.16345464815213
1139,1725,501.0,541.0,94.29005277568086,-0.0179809311563451,16.14386152262902,41.060497341801394,1979.3333333333333,1403.8403193612774,0.9260628465804066,0.9194646949571003,19.333333333333332,7.840319361277445,1960,1396,1998,1413,0.71,0.96,91.03023146697386
1140,1726,2190.0,2342.0,184.44619690152837,0.05363918714844572,49.387675075626674,59.588395907123726,1994.4890410958903,1858.2634703196347,0.9350982066609735,0.5595247597455651,34.489041095890414,28.263470319634703,1960,1830,2025,1886,0.81,0.82,86.9267009598817
1141,1727,223.0,268.0,71.4413412254219,0.4166538831296739,12.459217093461561,25.528911031742794,1971.2914798206277,2089.7399103139014,0.832089552238806,0.8728193504313331,10.291479820627803,9.739910313901346,1961,2080,1987,2098,0.55,0.66,66.12749097893263
1142,1728,252.0,267.0,63.07146747027629,1.4380041770757028,16.442957782362793,21.18975716127082,1971.8849206349207,1152.4563492063492,0.9438202247191011,0.6307499637218087,9.884920634920634,10.456349206349206,1962,1142,1979,1165,0.8,0.82,7.608429731379147
1143,1731,427.0,491.0,95.34495698130463,0.31318506859926065,15.532013502778822,39.08470339469501,1983.7868852459017,833.6182669789227,0.869653767820774,0.9176482308159668,20.78688524590164,9.618266978922717,1963,824,2003,845,0.59,0.8,72.0558173627472
1144,1732,603.0,635.0,91.32268138930291,-0.3863475985785652,24.58558712435633,31.577131719298222,1980.6583747927032,1574.8291873963515,0.9496062992125984,0.6275349945183777,16.65837479270315,12.829187396351575,1964,1562,1996,1588,0.91,0.93,112.1360868235663
1145,1734,325.0,362.0,71.9014168176772,1.413403173680909,18.570579521543806,23.501417605932957,1974.033846153846,1130.4246153846154,0.8977900552486188,0.6128622555493541,9.033846153846154,12.424615384615384,1965,1118,1987,1143,0.79,0.81,9.017963397687836
1146,1735,240.0,262.0,63.39679004141844,0.09710845322230159,12.562186453485198,24.67568133376768,1977.0333333333333,1198.3833333333334,0.916030534351145,0.8607122415849235,12.033333333333333,6.383333333333334,1965,1192,1989,1206,0.75,0.88,84.43609547531854
1147,1736,537.0,596.0,94.69431183902034,0.31607978128776326,21.537938038260943,33.67421035646304,1984.1117318435754,622.7448789571695,0.9010067114093959,0.7687100502317344,18.11173184357542,14.74487895716946,1966,608,2003,635,0.75,0.81,71.88996254279303
1148,1737,2047.0,2259.0,183.98612130927305,1.337242037290647,46.38900942786705,59.324052316449944,1993.2022471910113,1658.9159745969712,0.9061531651173086,0.6233291727236384,27.202247191011235,34.915974596971175,1966,1624,2020,1689,0.76,0.78,13.381675075770076
1149,1738,1312.0,1437.0,147.23028061398767,-1.381966147153902,34.730837910922624,50.59538145504649,1988.8048780487804,1712.2324695121952,0.9130132219902575,0.7271837538314937,21.804878048780488,25.232469512195124,1967,1687,2006,1737,0.76,0.8,169.18082766187385
1150,1739,1955.0,2044.0,172.7999774716798,-1.2509023011531881,39.468525567523194,64.14535734944471,1989.0081841432225,2537.1457800511507,0.9564579256360078,0.7882944083262637,22.008184143222508,28.145780051150894,1967,2509,2012,2572,0.82,0.9,161.67142243928038
1151,1740,8223.0,9009.0,371.6691956394057,-1.3900376350505748,81.32735367921578,136.18670651874046,2014.9288580809923,1303.1231910494953,0.9127539127539127,0.8021106641930094,45.92885808099234,77.12319104949532,1969,1226,2065,1368,0.75,0.82,169.64328985274412
1152,1741,1683.0,1900.0,178.25829636936328,-0.5003553109823681,34.389062096810214,66.80845099755484,1999.5246583481878,1814.180035650624,0.8857894736842106,0.8573456124440094,30.52465834818776,23.180035650623886,1969,1791,2030,1837,0.67,0.78,118.6682475762455
1153,1743,1217.0,1567.0,166.88158298174102,0.48689906575124675,33.907496555793806,58.374807731513705,2000.5981922760886,339.2810188989318,0.7766432673899171,0.8140046291838721,29.598192276088742,24.281018898931798,1971,315,2030,359,0.55,0.61,62.1027384835908
1154,1744,566.0,595.0,96.45567771584425,1.0912707939955377,19.119530100735457,38.528795937814685,1982.7014134275619,1746.577738515901,0.9512605042016806,0.8681853788096814,11.701413427561837,18.57773851590106,1971,1728,1996,1765,0.76,0.91,27.47478919816539
1155,1745,899.0,962.0,135.81409898026675,-1.52626501939408,19.01760847866748,61.86043587739842,1979.968854282536,2264.020022246941,0.9345114345114345,0.9515714579207435,8.968854282536151,28.020022246941046,1971,2236,1991,2295,0.61,0.98,177.4485440297335
1156,1746,800.0,888.0,117.90781420652013,0.7355437643545198,25.477417261271878,43.72138017829544,1993.3275,1222.08875,0.9009009009009009,0.812671446422737,21.3275,17.08875,1972,1205,2014,1241,0.72,0.8,47.85644665532085
1157,1750,432.0,454.0,79.81121498056751,-1.1515026006113984,19.075876278698278,29.64349365045784,1984.0069444444443,2420.0138888888887,0.9515418502202643,0.7654379407499221,10.006944444444445,14.01388888888889,1974,2406,1994,2435,0.85,0.92,155.97623911337158
1158,1751,1205.0,1281.0,133.63212575728625,0.6430506221020645,35.81922701907379,43.447255742140946,1993.4273858921163,2454.2655601659753,0.9406713505074161,0.5659637343728542,19.42738589211618,19.265560165975103,1974,2435,2015,2474,0.85,0.86,53.155913340289686
1159,1754,1804.0,2172.0,196.47355543143487,1.2080345648908333,38.21666466576353,71.68643269127799,1998.7766075388026,2003.4756097560976,0.8305709023941068,0.8460467236299855,23.77660753880266,35.47560975609756,1975,1968,2027,2037,0.59,0.68,20.78471792583248
1160,1755,8889.0,9176.0,357.3414591482226,-0.2257369348982124,90.64305787522706,126.59551137004948,2039.0165372932838,1160.2311846101925,0.9687227550130776,0.6980948370892829,62.01653729328383,48.23118461019237,1977,1112,2102,1213,0.87,0.91,102.933773649887
1161,1756,271.0,303.0,67.32378085840567,-0.6920078359958056,14.157578232458638,26.288629015332823,1989.4981549815498,2081.0738007380073,0.8943894389438944,0.8425975152987538,12.498154981549815,11.07380073800738,1977,2070,2000,2091,0.75,0.86,129.64912839254092
1162,1758,1599.0,1694.0,154.949509226849,-0.18657842068627595,37.065345241942666,56.78418664540017,2004.1601000625392,2488.466541588493,0.9439197166469894,0.7575814688674741,26.160100062539087,19.46654158849281,1978,2469,2035,2510,0.84,0.89,100.69015605353998
1163,1759,8394.0,11162.0,486.625986742365,-0.7955218722325245,73.09240809771339,197.30847499558638,2049.0102454133903,2252.4828448892067,0.7520157677835513,0.9288534528301287,69.01024541339052,71.48284488920658,1980,2181,2118,2324,0.45,0.63,135.58004578926918
1164,1760,1069.0,1121.0,129.28452759414236,0.4455834698734773,27.15423323582051,51.33867750561168,2005.1122544434052,998.8849391955098,0.9536128456735058,0.8486695034678303,24.112254443405053,15.884939195509823,1981,983,2030,1018,0.8,0.93,64.46994775545508
1165,1761,216.0,261.0,65.98302232773842,0.1870479281851976,13.124530471389367,23.578869612935566,1992.6296296296296,1537.8935185185185,0.8275862068965517,0.8307655142108464,11.62962962962963,7.893518518518518,1981,1530,2005,1546,0.62,0.71,79.28294314832206
1166,1763,1643.0,1736.0,156.52030555364388,0.3834730334766156,38.14978814099709,55.7166283998257,2012.368837492392,738.5021302495435,0.9464285714285714,0.7288146894605639,29.368837492391965,21.50213024954352,1983,717,2040,761,0.84,0.89,68.028613624711
1167,1765,531.0,576.0,90.67203624701862,-0.33934880259577377,22.75357774731924,30.72788557947843,2002.3540489642185,922.6101694915254,0.921875,0.6720714739734583,16.354048964218457,13.610169491525424,1986,909,2020,936,0.81,0.84,109.44325417155595
1168,1767,212.0,239.0,62.84142967414863,1.1519472769005386,16.78581252465623,18.966021617439484,1995.561320754717,1776.9433962264152,0.8870292887029289,0.4655024761941064,8.56132075471698,7.943396226415095,1987,1769,2005,1790,0.67,0.68,23.998282812011155
1169,1768,3120.0,3642.0,241.36923208573822,0.3991721945214215,55.1055356330585,80.5975780706309,2031.7028846153846,824.411217948718,0.85667215815486,0.7297518944848087,43.70288461538462,33.41121794871795,1988,791,2067,859,0.67,0.71,67.12911795494742
1170,1769,759.0,824.0,107.73710632845197,1.4437649524685434,28.2887202335489,35.08380700407513,2001.288537549407,1960.209486166008,0.9211165048543689,0.591481687857304,13.288537549407115,18.209486166007906,1988,1942,2020,1979,0.82,0.84,7.278361614646556
1171,1770,179.0,224.0,60.06462783779966,-0.902517331091145,12.196650172832504,21.646864697828768,1996.7206703910615,1556.536312849162,0.7991071428571429,0.8261588539541052,7.720670391061453,9.53631284916201,1989,1547,2008,1566,0.62,0.7,141.71043400893376
1172,1771,155.0,172.0,49.01323702131957,-0.155013916794288,12.149211166521821,16.69261296983519,1998.774193548387,1033.2387096774194,0.9011627906976745,0.6857686243543121,8.774193548387096,6.2387096774193544,1990,1027,2009,1040,0.81,0.84,98.88164319810481
1173,1772,3769.0,3953.0,260.50464233232043,0.8404567758010375,44.2934740872388,110.15830835691526,2034.1223136110375,1618.9227911912974,0.953453073614976,0.9156004678860378,43.12231361103741,44.92279119129743,1991,1574,2077,1662,0.7,0.93,41.84537388342769
1174,1773,849.0,912.0,116.20226485861207,0.01219463507212115,23.671072784880057,46.32265286254891,2015.0883392226149,581.0424028268551,0.930921052631579,0.8595781813450676,23.08833922261484,12.042402826855124,1992,569,2039,595,0.79,0.93,89.30129887766525
1175,1774,2132.0,2356.0,203.46320240981458,1.3812283203765663,37.16058315403732,78.63982156877445,2014.0853658536585,2354.019699812383,0.9049235993208828,0.8813083931210031,22.085365853658537,35.01969981238274,1992,2319,2036,2397,0.65,0.79,10.861446698479227
1176,1775,373.0,418.0,77.91509608263047,0.5727334986501507,16.914308973869296,30.101895898505337,2006.5308310991957,1921.5388739946382,0.8923444976076556,0.8272039569418095,13.53083109919571,9.53887399463807,1993,1912,2019,1935,0.77,0.87,57.184787741584735
1177,1776,531.0,578.0,93.08404726612679,1.2643036464270945,21.140669278542365,34.412593558936436,2003.3709981167608,2417.732580037665,0.9186851211072664,0.7890496441839636,10.370998116760829,17.732580037664782,1993,2400,2018,2432,0.77,0.84,17.560737036727204
1178,1777,1055.0,1381.0,153.2834281250396,1.2228439000293672,32.578208773899895,51.487060508949575,2019.2502369668246,421.2132701421801,0.7639391745112237,0.7743597744248996,25.250236966824644,29.213270142180093,1994,392,2037,448,0.56,0.61,19.936205524999693
1179,1778,167.0,185.0,52.25011444992384,-1.187292335801979,14.22595525866128,16.40928070405279,2001.1077844311378,1617.9580838323354,0.9027027027027027,0.49840261087799936,7.107784431137724,8.95808383233533,1994,1609,2010,1626,0.77,0.77,158.02683988968266
1180,1779,2581.0,2691.0,191.89591947216334,1.2136350917631642,50.27372471161358,66.00350147826205,2019.6609841146842,2055.8287485470746,0.9591230026012635,0.6479502111648081,25.66098411468423,32.828748547074774,1994,2023,2049,2089,0.88,0.91,20.463831372998314
1181,1780,2652.0,2950.0,210.43650110537712,1.4027845567658797,57.121194307099856,64.67504435019688,2024.48604826546,2110.500754147813,0.8989830508474577,0.46899086390195927,30.48604826546003,29.500754147812973,1994,2081,2054,2150,0.75,0.76,9.62636533118524
1182,1782,863.0,899.0,119.20910449108871,-1.3426117583088664,22.930270013679827,49.18520477876203,2005.9953650057937,2232.068366164542,0.9599555061179088,0.8846779878110062,10.995365005793742,21.068366164542294,1995,2211,2020,2259,0.76,0.94,166.9259872757366
1183,1783,423.0,488.0,93.54412285838208,0.3113680185725898,16.748571649884443,35.854374209602575,2015.2198581560283,2438.68085106383,0.8668032786885246,0.8841898576241544,20.21985815602837,9.680851063829786,1995,2429,2032,2450,0.61,0.75,72.15992666043957
1184,1784,289.0,297.0,61.50067114348139,-0.4077233553474717,16.535595028422794,22.42001654858217,2005.5051903114186,645.80276816609,0.9730639730639731,0.6753065656561115,9.505190311418685,7.802768166089965,1996,638,2017,655,0.96,0.99,113.36082747032285
1185,1785,1631.0,1706.0,155.7743756363451,-0.8151632520822214,35.53056926532802,59.74836573212579,2021.3096259963213,1518.9491109748622,0.9560375146541618,0.8039697877428686,25.309625996321277,28.949110974862048,1996,1490,2045,1546,0.84,0.93,136.7054139584701
1186,1787,140.0,151.0,45.77635959271528,0.7588454920378847,12.816206044103385,14.389408143378256,2006.6357142857144,1023.8428571428572,0.9271523178807947,0.45465146508344817,7.635714285714286,6.8428571428571425,1999,1017,2014,1031,0.84,0.84,46.521356003700895
1187,1788,323.0,348.0,70.65594306202445,-0.4975784004752258,18.14083070290224,23.757014846489792,2010.1517027863777,1403.3746130030959,0.9281609195402298,0.6456908708571019,11.15170278637771,8.374613003095975,1999,1395,2023,1415,0.81,0.84,118.50914232410071
1188,1789,155.0,170.0,48.22783885792211,0.533426466813385,12.974433774842,15.488280607358949,2006.9548387096775,1630.2129032258065,0.9117647058823529,0.5461404646178701,7.95483870967742,6.212903225806452,1999,1624,2015,1638,0.84,0.85,59.43691477101777
1189,1791,242.0,256.0,57.15307298033751,1.0578768603941884,16.7328034270525,18.6588703793306,2007.202479338843,1905.2685950413222,0.9453125,0.4424873845722483,8.202479338842975,9.268595041322314,1999,1896,2017,1914,0.93,0.94,29.38812065486281
1190,1792,172.0,184.0,49.01323702131956,0.32130371163243526,14.505767874385867,15.349020599579713,2008.046511627907,1688.4883720930231,0.9347826086956522,0.326892688517741,8.046511627906977,7.488372093023256,2000,1681,2016,1697,0.9,0.9,71.590653381573
1191,1793,418.0,581.0,106.81695514394136,0.6924628492975956,18.232784588780962,42.46645198623206,2019.5263157894738,1790.3612440191387,0.7194492254733219,0.9031402715420775,19.526315789473685,10.361244019138756,2000,1780,2033,1813,0.46,0.59,50.32480126564421
1192,1795,340.0,357.0,70.56065828700997,1.3176878708763116,16.113309308754598,27.18410925508457,2008.679411764706,622.3617647058824,0.9523809523809523,0.8053884488406878,7.679411764705883,14.361764705882353,2001,608,2019,636,0.86,0.95,14.50204628320796
1193,1796,3687.0,4156.0,262.686615555301,0.6363814430636902,50.81736238193714,99.79572568053085,2048.183618117711,1576.926769731489,0.8871511068334937,0.8606400459542235,47.18361811771088,31.926769731489017,2001,1545,2091,1623,0.67,0.79,53.538029152005656
1194,1797,1753.0,1861.0,164.98546408380398,-1.0509627177417338,38.71945272562763,59.1466364629129,2023.3936109526526,2183.219623502567,0.9419666845781838,0.7559451974299215,22.393610952652594,28.21962350256703,2001,2155,2046,2211,0.81,0.86,150.21572815220014
1195,1798,860.0,984.0,124.01677824648789,-1.3271617973100949,25.608918632644734,47.57319427764592,2018.613953488372,683.803488372093,0.8739837398373984,0.8427496909291594,16.613953488372093,21.803488372093025,2002,662,2034,707,0.7,0.81,166.04076971686524
1196,1799,1077.0,1172.0,132.19608245160452,-0.39006996668432925,34.28870599751689,42.84729170602446,2025.9136490250696,1736.7270194986072,0.9189419795221843,0.5996615134092682,23.91364902506964,20.72701949860724,2002,1716,2047,1754,0.77,0.79,112.3493628058207
1197,1801,188.0,199.0,50.353995551986806,0.3831210401436022,13.365893921989363,18.13692839632589,2011.0585106382978,1211.3351063829787,0.9447236180904522,0.6759541998587008,8.058510638297872,7.335106382978723,2003,1204,2021,1219,0.93,0.96,68.0487813571094
1198,1802,516.0,552.0,93.08404726612679,-1.3601586566433614,19.446940191844327,35.539743284125464,2011.3410852713178,1715.4709302325582,0.9347826086956522,0.8370093805709026,8.34108527131783,15.470930232558139,2003,1700,2023,1735,0.75,0.85,167.9313504938483
1199,1803,345.0,388.0,78.14513387875812,-0.7694112304479802,16.79593597492607,27.626683332869717,2014.5333333333333,1884.176811594203,0.8891752577319587,0.7939671686165826,11.533333333333333,13.1768115942029,2003,1871,2026,1896,0.71,0.78,134.08401621463685
1200,1804,1589.0,1782.0,163.54942077812225,-1.3568082473582361,36.86291920763754,57.93926768186868,2023.992448080554,952.2322215229705,0.8916947250280584,0.7714963246474538,19.992448080553807,28.232221522970423,2004,924,2047,981,0.75,0.8,167.73938618216914
1201,1805,152.0,169.0,49.01323702131957,-1.3272872684595356,12.768368701474914,16.12260183063107,2011.1052631578948,1037.0263157894738,0.8994082840236687,0.6105799782143289,7.105263157894737,8.026315789473685,2004,1029,2018,1047,0.8,0.81,166.04795868417887
1202,1807,749.0,808.0,117.21770081813717,0.9870459592323377,21.742248444128965,46.2511231254169,2022.7837116154874,1766.332443257677,0.926980198019802,0.8826178184338745,17.783711615487316,17.332443257676903,2005,1749,2038,1790,0.68,0.84,33.44643235054514
1203,1808,279.0,295.0,64.96758636821332,0.04347176720110965,17.405189492433212,21.619087395450553,2017.3189964157707,1834.2078853046594,0.9457627118644067,0.5931603046403373,12.31899641577061,7.207885304659499,2005,1827,2029,1844,0.83,0.85,87.50925121140118
1204,1809,855.0,970.0,118.42370632769126,0.9755441123619543,29.436978603007823,39.114788103408756,2023.5964912280701,1949.1438596491228,0.8814432989690721,0.6585016668286764,17.596491228070175,18.143859649122806,2006,1931,2040,1968,0.77,0.79,34.10543963282386
1205,1811,1494.0,1548.0,144.68351657376635,0.4462065235365762,40.097956619199046,48.736468987433035,2031.0977242302542,609.574297188755,0.9651162790697675,0.5684026161121533,24.09772423025435,18.57429718875502,2007,591,2058,633,0.9,0.91,64.43424941014935
1206,1812,1018.0,1090.0,133.17205016503095,1.0334718347227816,25.055859227114542,53.809776369344895,2024.738703339882,2415.2200392927307,0.9339449541284404,0.8849754541649664,16.73870333988212,25.220039292730846,2008,2390,2045,2437,0.72,0.89,30.786425624742847
1207,1813,375.0,404.0,74.35289608288404,-0.4437787159968226,18.360982710674108,27.274963418011804,2022.088,908.6693333333334,0.9282178217821783,0.7394778971080337,13.088,11.669333333333332,2009,897,2034,920,0.85,0.9,115.42664746435273
1208,1814,257.0,274.0,60.619988205069454,0.12899801588335663,15.418034169348964,21.63637093140618,2020.4785992217899,984.7548638132296,0.9379562043795621,0.7015726065439274,10.478599221789883,7.754863813229572,2010,977,2032,994,0.88,0.92,82.6089581243221
1209,1815,411.0,432.0,78.27988689987129,1.0220644917450246,18.570741291235525,28.810678725525825,2020.7031630170316,1650.4379562043796,0.9513888888888888,0.7645382148615623,10.70316301703163,14.437956204379562,2010,1636,2033,1665,0.84,0.9,31.440018232826525
1210,1816,1158.0,1193.0,123.59617090033126,1.5685210452656413,37.31448520946881,40.04415230193483,2030.5224525043177,1986.6433506044905,0.9706621961441744,0.3628859415231283,20.52245250431779,20.6433506044905,2010,1966,2050,2007,0.95,0.95,0.13036402883039955
1211,1817,241.0,262.0,61.63542416459455,-0.8564346464151669,13.937625534368504,22.308421446027165,2022.4439834024897,1897.8132780082988,0.9198473282442748,0.7808090902399891,9.443983402489627,8.813278008298756,2013,1889,2033,1909,0.8,0.86,139.070090668368
1212,1818,878.0,955.0,123.9214934714734,0.5571563223633335,23.00163257091713,50.486002515225366,2033.4350797266516,2468.788154897494,0.9193717277486911,0.890182482945213,19.43507972665148,18.788154897494305,2014,2450,2057,2486,0.72,0.9,58.07729419955063
1213,1819,767.0,928.0,130.62528612480963,0.852316265368533,20.680130954502058,53.250799774277056,2034.5462842242503,1231.799217731421,0.8265086206896551,0.9215105047237558,19.546284224250325,18.79921773142112,2015,1213,2056,1256,0.56,0.77,41.16587518403077
1214,1822,1118.0,1224.0,139.550520247225,-0.8626327114863641,26.90088934796373,54.66568492923112,2040.2209302325582,1915.6645796064402,0.9133986928104575,0.8705396522128908,22.22093023255814,22.66457960644007,2018,1893,2064,1937,0.72,0.86,139.42521363809507
1215,1824,1620.0,2050.0,201.09065963680507,-0.8650156018810168,32.2722703457537,82.54424455310661,2056.8537037037036,1088.0574074074075,0.7902439024390244,0.9204036944010638,36.8537037037037,30.057407407407407,2020,1058,2084,1123,0.5,0.68,139.56174320075093
1216,1826,683.0,725.0,110.05383257254564,-0.23291957231690755,19.698147858882052,45.244688804417486,2045.0966325036604,1538.1288433382138,0.9420689655172414,0.9002519563048669,23.096632503660324,11.128843338213763,2022,1527,2066,1549,0.71,0.91,103.34530845975097
1217,1827,172.0,181.0,49.56859738858937,0.8569141823746268,12.525115059234862,17.91565238495857,2029.0406976744187,1707.4302325581396,0.9502762430939227,0.7150084924447186,7.040697674418604,7.430232558139535,2022,1700,2037,1716,0.88,0.92,40.90243394503017
1218,1828,6551.0,7757.0,394.8037615147081,1.3654707984166277,53.58054973515643,169.63164224802262,2058.2885055716683,538.4240573958174,0.8445275235271368,0.9488044353073977,35.288505571668445,76.42405739581743,2023,462,2102,614,0.53,0.83,11.764286202368424
1219,1829,580.0,608.0,94.00419845063739,-1.0385757874960124,20.025879232471137,37.677894801672004,2035.6275862068965,1669.1793103448276,0.9539473684210527,0.8470569905817389,12.627586206896552,16.179310344827588,2023,1653,2050,1687,0.82,0.95,149.50600932799736
1220,1831,2136.0,2272.0,190.68991396260927,0.8670424795892685,39.43021182526322,71.63875851320763,2051.364700374532,1034.7649812734082,0.9401408450704225,0.8348988953003488,27.364700374531836,29.76498127340824,2024,1005,2084,1063,0.74,0.84,40.32212526097709
1221,1832,12862.0,13388.0,433.2651515579015,-0.6306601776118955,120.63375647718152,137.9813618023168,2091.057145078526,1417.1929715440833,0.9607110845533313,0.48542964429016916,67.05714507852589,68.19297154408335,2024,1349,2167,1482,0.86,0.87,126.13416648413249
1222,1833,8559.0,8867.0,359.5629006173018,-0.8147263428350485,87.0708576304032,128.24235653779752,2080.068349106204,1848.3549480079448,0.9652644637419646,0.7341793944345096,56.068349106203996,54.354948007944856,2024,1794,2138,1905,0.83,0.88,136.68038090257687
1223,1834,551.0,622.0,105.38091183825964,1.433450241220692,21.760476601490808,34.5558067556344,2036.1705989110708,2389.0471869328494,0.8858520900321544,0.7768223357525863,12.17059891107078,21.047186932849364,2024,2368,2048,2405,0.62,0.67,7.869351036044563
1224,1835,612.0,646.0,102.73886302302381,0.5644805091022411,18.37990727648228,43.18850956316869,2044.4787581699347,730.6732026143791,0.9473684210526315,0.9049236213733384,19.47875816993464,13.673202614379084,2025,717,2065,747,0.73,0.94,57.65764921104553
1225,1836,544.0,583.0,91.09264359317527,0.4144914761336807,22.813028624235894,31.09541579922703,2041.3474264705883,2448.3125,0.9331046312178388,0.679531816645525,15.347426470588236,12.3125,2026,2436,2057,2461,0.82,0.85,66.25138777339261
1226,1837,14429.0,15051.0,459.40655706568066,0.18479561757652452,124.87855324808277,151.12450199660464,2101.3615635179153,680.6452283595537,0.9586738422696166,0.563187750576462,74.36156351791531,69.64522835955367,2027,611,2176,740,0.86,0.87,79.41199104035157
1227,1839,434.0,466.0,79.94596800168065,1.0838607464065597,21.738177145662473,26.02483754327203,2037.9147465437788,1481.2603686635944,0.9313304721030042,0.5498160045290865,10.914746543778802,12.26036866359447,2027,1469,2051,1496,0.85,0.86,27.899353651004922
1228,1842,591.0,627.0,94.09948322565188,0.9403511315394582,21.716657058731897,35.319384682710755,2040.7681895093062,2344.994923857868,0.9425837320574163,0.7886323012523656,12.76818950930626,16.99492385786802,2028,2328,2055,2360,0.84,0.91,36.12184890243773
1229,1843,1412.0,1727.0,168.35709453352143,0.4912595256217134,38.69304881686133,53.70258103880332,2056.3689801699716,451.6189801699717,0.8176027793862188,0.6934483750031998,27.36898016997167,21.61898016997167,2029,430,2080,481,0.63,0.65,61.85290253627689
1230,1844,759.0,871.0,123.04081053306145,-0.8904492834840805,19.814513673883067,54.07096341211024,2046.574440052701,1684.810276679842,0.8714121699196326,0.9304362217964037,17.574440052700922,18.8102766798419,2029,1666,2067,1709,0.63,0.89,141.01898581408602
1231,1845,472.0,495.0,83.64292102254025,-0.6619970757299846,19.119135990691266,32.17998267185508,2044.6080508474577,2145.523305084746,0.9535353535353536,0.8043680497874871,15.608050847457626,13.523305084745763,2029,2132,2059,2159,0.85,0.94,127.92963848933046
1232,1846,1603.0,1889.0,173.62484388117593,-0.9339115419576953,46.50062833860274,49.89899663351694,2053.996257018091,889.638178415471,0.8485971413446268,0.36272799967274894,23.99625701809108,30.638178415470993,2030,859,2085,917,0.67,0.67,143.50918979273084
1233,1847,421.0,456.0,82.16740947075985,-1.1890693670896935,18.48447738650679,30.805619432245436,2041.6318289786223,972.313539192399,0.9232456140350878,0.7999730784790356,11.631828978622329,16.31353919239905,2030,956,2052,987,0.78,0.86,158.12865628253144
1234,1849,226.0,241.0,60.3899504089418,0.8237649918701125,14.463335486756367,21.80878156392135,2041.9115044247787,2325.70796460177,0.9377593360995851,0.7484523166291064,10.91150442477876,7.707964601769912,2031,2318,2050,2337,0.78,0.83,42.80174265521398
1235,1851,923.0,1001.0,134.9334160418548,1.511074038731371,22.83942464043234,54.78148415514811,2043.172264355363,412.3791982665222,0.922077922077922,0.9089437856483858,10.172264355362946,29.37919826652221,2033,383,2059,439,0.64,0.83,3.4218350489045406
1236,1853,3473.0,3678.0,226.85092604452618,0.37177671758887704,63.61340841434973,71.33470794145263,2076.6613878491216,935.4373740282177,0.94426318651441,0.4525095258151433,42.661387849121795,33.43737402821768,2034,902,2113,969,0.85,0.85,68.69876316093023
1237,1854,166.0,176.0,47.90251628677997,0.11646330240379169,13.147546298951422,16.365266598325718,2043.4698795180723,1065.0421686746988,0.9431818181818182,0.595465168739873,8.46987951807229,6.042168674698795,2035,1059,2053,1073,0.91,0.93,83.32714430410692
1238,1855,567.0,603.0,91.09264359317525,0.9331482531278352,21.728256356792084,33.92063715921067,2046.8465608465608,1775.4938271604938,0.9402985074626866,0.7679068198694444,11.846560846560847,15.493827160493828,2035,1760,2061,1791,0.86,0.92,36.53454343576962
1239,1857,145.0,155.0,44.20556326592038,0.8568945657263173,12.464218162639925,14.897919252549082,2042.151724137931,1809.151724137931,0.9354838709677419,0.5477507893309844,6.151724137931034,6.151724137931034,2036,1803,2050,1817,0.93,0.94,40.9035578961865
1240,1860,698.0,747.0,101.49338926737107,-1.3464168225068032,29.421403280532974,32.02145759695863,2050.624641833811,2510.2679083094554,0.9344042838018741,0.394716996920062,13.624641833810887,16.26790830945559,2037,2494,2069,2529,0.85,0.85,167.1440013950547
1241,1862,169.0,178.0,47.99780106179446,0.23329966100421173,13.22248324322958,16.49553481369001,2045.4201183431953,1959.5621301775147,0.949438202247191,0.5978881480934748,7.420118343195266,5.562130177514793,2038,1954,2055,1967,0.92,0.94,76.63291406262583
1242,1863,1659.0,1814.0,176.03685490028408,0.8599587070985101,32.456745868096256,69.42474814624133,2061.113321277878,2046.6437613019891,0.9145534729878722,0.8839879208344121,23.11332127787824,27.64376130198915,2038,2019,2091,2077,0.67,0.83,40.727995527728424
1243,1864,11558.0,11879.0,430.6394510254829,1.1610313307576925,90.30837645987211,168.7736701688726,2090.499567399204,2323.853867451116,0.9729775233605522,0.8447977863932736,51.49956739920401,79.85386745111612,2039,2244,2152,2394,0.78,0.9,23.4778048651267
1244,1865,550.0,613.0,99.36723257330635,-0.0956843118162061,20.64428112190503,37.62268874229253,2058.5472727272727,1492.1563636363637,0.8972267536704731,0.8360069061866101,18.547272727272727,12.156363636363636,2040,1480,2079,1504,0.7,0.8,95.48230723268236
1245,1866,213.0,222.0,53.82091077671874,-0.507522397012293,13.882412426373106,19.748195521094594,2052.3661971830984,2003.018779342723,0.9594594594594594,0.7112183291267433,9.366197183098592,8.018779342723004,2043,1995,2062,2012,0.92,0.97,119.07889135716736
1246,1868,281.0,313.0,71.67137902154954,1.0225034643642519,13.79736109771373,27.70136058485337,2052.846975088968,1001.7829181494662,0.8977635782747604,0.867133831268926,8.846975088967971,11.782918149466193,2044,990,2063,1017,0.69,0.82,31.414866954422997
1247,1869,6470.0,6793.0,309.51787935363996,0.0360334907894955,81.91910393170951,103.30890303748545,2095.8367851622875,1230.3194744976815,0.9524510525540998,0.6092828160229327,51.836785162287484,42.319474497681604,2044,1188,2157,1279,0.85,0.87,87.93543305663839
1248,1870,2482.0,2592.0,193.10192498171745,-1.4542574738637883,42.55343060574821,75.50662345443327,2066.2324738114426,1711.20265914585,0.9575617283950617,0.8260668402043007,22.232473811442386,37.20265914585012,2044,1674,2088,1748,0.84,0.94,173.3228155777517
1249,1871,909.0,947.0,112.64006485886566,-1.2400487843375185,28.92629276421021,40.590056202615585,2057.987898789879,2168.3861386138615,0.9598732840549102,0.7015250381926545,13.987898789878988,18.386138613861387,2044,2150,2076,2189,0.9,0.94,161.04956173286823
1250,1872,10831.0,11907.0,421.90478645309645,0.6181978831483922,104.32216494313876,138.81829512326672,2104.032406979965,2438.303942387591,0.9096329889980683,0.6597313162436447,60.03240697996492,70.30394238759118,2044,2368,2165,2495,0.76,0.79,54.57987039167549
1251,1873,165.0,176.0,47.672478490652324,0.9836276801572517,12.750026389278368,16.747122189693528,2051.3151515151517,2624.927272727273,0.9375,0.648368799164984,7.315151515151515,7.927272727272728,2044,2617,2059,2633,0.91,0.94,33.64228531474545
1252,1874,341.0,376.0,77.91509608263047,-1.0976276409247503,14.59774629927021,31.192595669217148,2056.1642228739,975.1847507331378,0.9069148936170213,0.8837350603144671,11.164222873900293,12.18475073313783,2045,963,2067,989,0.71,0.87,152.8894313018892
1253,1875,541.0,567.0,88.41112653184076,1.1056402683591695,23.740943172957753,29.924213366553218,2058.395563770795,1512.2846580406654,0.9541446208112875,0.608741023011809,13.395563770794825,12.284658040665434,2045,1500,2072,1529,0.87,0.89,26.651478963307852
1254,1876,10637.0,11046.0,403.57789433319317,0.4162364444161782,87.44996639342517,157.65522068943824,2125.796089122873,782.3829087148632,0.9629730219083831,0.8320562797296193,79.79608912287298,48.38290871486321,2046,734,2200,838,0.82,0.93,66.1514084554213
1255,1877,384.0,402.0,70.8859808581521,-1.0476575605483691,21.181588206333547,23.185296762988976,2056.4348958333335,1973.4453125,0.9552238805970149,0.4066624625139761,10.434895833333334,11.4453125,2046,1962,2068,1985,0.96,0.96,150.02635659439306
1256,1878,2355.0,2512.0,190.0950853492408,-1.366731609657548,44.33198799491132,69.57888619753626,2070.1269639065818,2103.1893842887475,0.9375,0.7707421932164779,24.12696390658174,33.18938428874735,2046,2070,2094,2138,0.82,0.88,168.30795296049897
1257,1882,386.0,404.0,75.69365461355127,-1.358386440709595,18.267792966936916,27.895429943303203,2058.722797927461,1925.4896373056995,0.9554455445544554,0.7557442551318698,10.72279792746114,14.489637305699482,2048,1911,2068,1939,0.85,0.9,167.82981000045763
1258,1884,802.0,865.0,111.16455330708524,0.9644813230852844,31.067218615805636,33.41001701841961,2064.992518703242,1280.2705735660847,0.9271676300578034,0.36786965708946134,14.992518703241895,16.27057356608479,2050,1264,2082,1297,0.82,0.82,34.73929076801963
1259,1885,496.0,529.0,85.95964726663394,1.2639484500870408,19.603757092191824,33.34225802805443,2060.733870967742,2538.469758064516,0.9376181474480151,0.808893425174982,10.733870967741936,16.469758064516128,2050,2522,2073,2554,0.84,0.94,17.581088287910774
1260,1887,341.0,361.0,72.55206195996149,-0.5260897753801228,15.52920647832301,28.754113815163553,2065.75073313783,1756.5278592375366,0.9445983379501385,0.8416207211474884,12.750733137829911,8.527859237536656,2053,1748,2079,1767,0.81,0.93,120.14272377426653
1261,1888,328.0,343.0,67.87914122567548,1.2317662112931382,16.82465073522141,25.229923967193038,2064.731707317073,995.4176829268292,0.956268221574344,0.7451892801732152,9.731707317073171,11.417682926829269,2055,984,2074,1009,0.89,0.95,19.424994746083584
1262,1889,561.0,611.0,93.86944542952423,-1.5666949544137434,25.401157727297676,30.365705222018544,2068.8894830659538,1949.4385026737968,0.9181669394435352,0.5479545917492977,13.889483065953653,13.438502673796792,2055,1936,2082,1966,0.8,0.81,179.76500867234842
1263,1890,411.0,443.0,80.59661314396494,-0.37355900661777575,19.72219532455475,28.2925413211149,2071.374695863747,1302.2822384428223,0.927765237020316,0.7169923045112212,14.37469586374696,9.282238442822385,2057,1293,2086,1315,0.8,0.83,111.40335447829814
1264,1891,536.0,577.0,90.86260579704759,1.2990545527799624,22.663038296659295,31.14757171935639,2071.0111940298507,1776.733208955224,0.92894280762565,0.6859994153904645,12.011194029850746,15.73320895522388,2059,1761,2085,1792,0.82,0.85,15.569656768453513
1265,1892,896.0,935.0,114.4408989817882,-0.26391435536505475,27.55922382773364,42.36090524271485,2081.073660714286,2141.2745535714284,0.9582887700534759,0.7594363919525795,22.073660714285715,16.274553571428573,2059,2125,2102,2157,0.86,0.92,105.12117871533343
1266,1893,24011.0,25228.0,604.2248266605602,0.3951975879836614,164.9349564506271,191.4912173158549,2161.4710341093664,441.1677980925409,0.951759949262724,0.5080651396950024,101.47103410936654,89.16779809254092,2060,352,2255,526,0.83,0.83,67.35684613478618
1267,1894,325.0,352.0,73.89282049062874,-0.42299786109839244,13.925518531662405,30.448799354737076,2073.3815384615386,1797.966153846154,0.9232954545454546,0.8892908313770008,13.381538461538462,8.966153846153846,2060,1789,2087,1808,0.75,0.93,114.23599218399892
1268,1896,155.0,161.0,45.54632179658763,0.6667069254746782,12.534856181557616,16.002633844994694,2068.1935483870966,1987.3032258064516,0.9627329192546584,0.6216444211831483,6.193548387096774,7.303225806451613,2062,1980,2077,1994,0.94,0.96,51.80050699815783
1269,1898,152.0,160.0,45.77635959271528,1.0179432089278573,12.281243222554323,16.21430701229852,2069.059210526316,2489.2434210526317,0.95,0.6529134675657592,6.059210526315789,8.243421052631579,2063,2481,2077,2497,0.91,0.94,31.67615034443
1270,1900,5418.0,5799.0,285.53532710555993,-1.3515222890867664,72.02110522483035,97.0443716548933,2101.3248431155407,1531.7768549280177,0.934299017071909,0.6702381040913281,37.32484311554079,47.77685492801772,2064,1484,2142,1584,0.84,0.86,167.43652308253166
1271,1901,200.0,206.0,51.79003885766854,-0.8844626549303238,13.82201764453084,18.70229473177765,2071.66,838.77,0.970873786407767,0.673645487991763,6.66,7.77,2065,831,2080,848,0.94,0.97,140.67597726444325
1272,1902,538.0,558.0,87.53044359342883,-0.9192220407624446,20.237301279884054,34.05131468232833,2077.236059479554,1102.5315985130112,0.96415770609319,0.8042303107439879,12.236059479553903,14.531598513011152,2065,1088,2092,1118,0.88,0.97,142.6675433710906
1273,1903,368.0,578.0,112.08470449159586,1.4407639979406015,14.25076855907436,43.87604661921211,2076.342391304348,1628.4184782608695,0.6366782006920415,0.9457840648725647,11.342391304347826,22.418478260869566,2065,1606,2086,1653,0.37,0.57,7.450303643608308
1274,1904,1301.0,1485.0,157.11513416701234,0.9857299102678264,31.897295636183248,56.6797943004808,2090.5910837817064,2043.8870099923136,0.8760942760942761,0.8266182403954464,22.59108378170638,26.887009992313605,2068,2017,2115,2074,0.66,0.75,33.5218364018442
1275,1905,1561.0,1726.0,158.87650004383624,0.3466595992906004,39.93188492519405,52.31865140601544,2094.7764253683536,2511.63933376041,0.9044032444959443,0.6461106268788303,26.77642536835362,21.639333760409993,2068,2490,2124,2537,0.78,0.8,70.1378680329523
1276,1907,1845.0,1921.0,160.5425811456456,1.1149509235334498,42.318546617600695,56.11259929181087,2093.8428184281843,865.4563685636856,0.9604372722540343,0.6566770275285876,22.84281842818428,27.456368563685636,2071,838,2120,893,0.9,0.93,26.11801771731995
1277,1910,720.0,757.0,101.3586362462579,-1.301157657783634,27.858025129111997,34.01896989106187,2090.277777777778,2167.9583333333335,0.9511228533685601,0.5739408094966926,15.277777777777779,14.958333333333334,2075,2153,2105,2187,0.88,0.89,164.55084227212973
1278,1911,2189.0,2413.0,193.42724755285957,1.544045421694556,44.697878292184754,66.65883470618316,2096.92325262677,532.6244860666972,0.9071694985495234,0.7418670959538283,20.923252626770214,29.624486066697123,2076,503,2121,572,0.74,0.78,1.532713960404493
1279,1912,3198.0,3441.0,226.94621081954068,0.0157660742789935,63.394597542743405,69.25466758801771,2110.7304565353347,1310.7786116322702,0.9293809938971229,0.4025823945395538,34.73045653533458,34.77861163227017,2076,1276,2152,1339,0.78,0.78,89.09667048432391
1280,1913,364.0,380.0,69.7752601236125,0.3660149098830292,19.26923194481316,24.19271232020215,2088.0274725274726,1916.2115384615386,0.9578947368421052,0.6046528714813495,12.027472527472527,9.211538461538462,2076,1907,2100,1928,0.94,0.96,69.02889042484126
1281,1914,25585.0,26759.0,617.8066332344445,-1.094889051099949,147.9824192080748,223.21419319179785,2159.9014266171584,1952.4164940394762,0.9561269105721439,0.748653479574731,83.90142661715849,100.41649403947626,2076,1852,2249,2070,0.84,0.9,152.7325216631106
1282,1915,777.0,869.0,116.20226485861207,1.3325670501644424,23.055896630458744,44.64091976763834,2092.3101673101673,1075.1673101673102,0.8941311852704258,0.8563025708482862,15.31016731016731,19.167310167310166,2077,1056,2105,1098,0.72,0.85,13.6495321073796
1283,1917,20155.0,21934.0,605.9303760084682,-0.1448518705775029,129.90515422210544,206.3281103369795,2196.396824609278,577.074919374845,0.9188930427646577,0.776915622077119,118.3968246092781,61.07491937484495,2078,516,2304,647,0.69,0.75,98.29940083866614
1284,1918,437.0,458.0,80.36657534783731,1.4866659122894312,18.966260603480308,30.153473452317307,2089.16704805492,1773.633867276888,0.9541484716157205,0.7774126571085165,10.167048054919908,14.633867276887871,2079,1759,2098,1790,0.85,0.92,4.820317679849367
1285,1920,400.0,444.0,81.70733387850454,-0.08473980604404939,19.2313558041975,28.81979448109162,2096.2,1344.28,0.9009009009009009,0.7447919300927964,16.2,9.28,2080,1335,2110,1356,0.75,0.8,94.85523324308122
1286,1921,8045.0,8456.0,352.4385006178089,0.0036455558877172287,89.45857117597687,118.45712974281513,2142.8824114356744,1631.480671224363,0.95139545884579,0.6554969019929707,61.882411435674335,52.48067122436296,2081,1579,2203,1675,0.81,0.84,89.79112503365474
1287,1923,337.0,358.0,72.45677718494699,-0.8594130047338823,15.21052648194517,28.744386536276618,2091.614243323442,1724.1899109792284,0.9413407821229051,0.8485188776179865,9.614243323442137,11.189910979228486,2082,1713,2104,1738,0.81,0.93,139.2407380299081
1288,1925,911.0,942.0,111.98941971658135,-1.2305208867456998,30.440344214669697,38.7309896193413,2101.189901207464,1114.2239297475303,0.9670912951167728,0.6182991530195233,16.189901207464324,20.223929747530185,2085,1094,2118,1135,0.91,0.93,160.50365341322416
1289,1927,484.0,530.0,90.95789057206208,1.4013486114400175,20.502819822134683,33.502898805851224,2094.6012396694214,1700.301652892562,0.9132075471698113,0.7908798023691422,8.601239669421487,16.301652892561982,2086,1684,2107,1716,0.74,0.8,9.708638937968686
1290,1929,404.0,431.0,83.18284543028494,-0.5444171451988604,15.570316107710918,34.191582663350225,2104.2450495049507,1046.0915841584158,0.9373549883990719,0.8902948808928581,16.245049504950494,12.091584158415841,2088,1034,2119,1058,0.73,0.91,121.19280471445563
1291,1930,983.0,1145.0,137.1943257570327,0.254134937777412,25.031021462648177,54.83233262466079,2118.2166836215665,1184.9155645981689,0.8585152838427947,0.8897228354872101,28.216683621566634,14.91556459816887,2090,1170,2142,1202,0.66,0.82,75.43914063853451
1292,1932,506.0,540.0,85.63432469549178,0.008221203859433921,25.03329321309898,26.359176986578216,2105.2430830039525,833.4901185770751,0.937037037037037,0.31316313211839125,14.243083003952568,11.4901185770751,2091,822,2120,848,0.87,0.87,89.52895971633777
1293,1933,545.0,650.0,101.4539210212724,-1.490423595214748,19.815277424012148,39.04312855572188,2103.851376146789,1763.6422018348624,0.8384615384615385,0.8616383351001912,12.85137614678899,15.642201834862385,2091,1748,2115,1785,0.67,0.79,175.39498169251965
1294,1934,1309.0,1404.0,148.1504317984983,-0.7645105206802721,27.768819127232025,61.61597161237517,2116.109243697479,1726.1023682200153,0.9323361823361823,0.8926877633518125,24.10924369747899,23.10236822001528,2092,1703,2142,1749,0.75,0.94,133.80322622832864
1295,1936,413.0,443.0,80.04125277669515,-0.01541636268508793,18.74061134870339,29.118979284350118,2112.738498789346,1587.6053268765133,0.9322799097065463,0.7653725354187703,14.738498789346247,9.605326876513317,2098,1578,2129,1598,0.81,0.87,90.88329251729851
1296,1937,665.0,711.0,98.58183440990894,0.673187112888353,26.00750181401397,33.32831337945697,2114.633082706767,1692.7037593984962,0.9353023909985936,0.6253522758171227,15.633082706766917,14.70375939849624,2099,1678,2132,1709,0.86,0.88,51.42921960890047
1297,1938,293.0,326.0,67.41906563342016,1.099356149234298,17.759200244769094,22.43076769355808,2108.2935153583617,2070.6723549488056,0.8987730061349694,0.6108660711232426,8.293515358361775,11.672354948805461,2100,2059,2119,2082,0.81,0.83,27.011532467120432
1298,1939,2961.0,3049.0,198.3696743293719,-0.773204559315575,60.80772354790486,62.41516021564551,2131.658223573117,2137.2337048294494,0.9711380780583798,0.22548753031329813,31.65822357311719,29.23370482944951,2100,2108,2165,2169,0.95,0.95,134.30135794905516
1299,1941,291.0,311.0,66.30834489888056,1.5445058236393754,14.349028991805424,26.065421575151174,2107.381443298969,2103.501718213058,0.9356913183279743,0.834834798702891,6.381443298969073,12.50171821305842,2101,2091,2116,2117,0.83,0.95,1.5063348720867396
1300,1942,2959.0,3024.0,199.38511028889704,0.7694230532048547,56.16573900187536,68.35494717431081,2135.339303818858,2579.685028725921,0.978505291005291,0.5699523487198945,34.33930381885772,32.68502872592092,2101,2547,2165,2611,0.94,0.95,45.915306391292035
1301,1944,651.0,677.0,93.5441228583821,-0.7195390094283813,26.262636769169685,31.908964092089114,2116.285714285714,1063.9093701996928,0.9615952732644018,0.5679705636624952,13.285714285714286,13.90937019969278,2103,1050,2133,1079,0.93,0.95,131.22654843527022
1302,1945,1063.0,1148.0,127.80901604236195,1.4267742278454272,28.605116503726343,48.92282532457274,2118.5559736594546,1150.653809971778,0.9259581881533101,0.8112504738692005,15.555973659454374,23.653809971777985,2103,1127,2133,1174,0.82,0.91,8.251858426420128
1303,1949,1314.0,1354.0,138.86040685884205,-1.1124421444142416,33.8400258008106,51.57330024532476,2126.4642313546424,921.2732115677321,0.9704579025110783,0.7546270371105436,20.464231354642312,27.273211567732115,2106,894,2144,943,0.86,0.91,153.73823982741888
1304,1950,2515.0,2684.0,203.50267065591328,0.4071649546814188,49.642523399303634,69.53819673262068,2142.8707753479125,1355.0469184890655,0.9370342771982116,0.7002593222377655,36.87077534791253,27.046918489065607,2106,1328,2175,1387,0.76,0.8,66.67116653111927
1305,1951,292.0,313.0,64.87230159319884,0.7874959652457695,16.581306754656378,23.18558672170732,2118.8356164383563,854.2602739726027,0.9329073482428115,0.6989650819490456,10.835616438356164,9.26027397260274,2108,845,2130,866,0.87,0.91,44.87980480783645
1306,1952,307.0,333.0,68.7598241640874,-0.18704054311768434,15.30086369686104,26.25814353232855,2121.7231270358307,1268.8892508143322,0.9219219219219219,0.8126806903970343,12.723127035830618,7.8892508143322475,2109,1261,2134,1278,0.82,0.91,100.71663371847801
1307,1955,3256.0,3454.0,222.36857486026912,0.9860079229610162,53.061159446616394,79.77012610412298,2139.4078624078625,1003.0153562653562,0.9426751592356688,0.7466867628081922,29.407862407862407,36.01535626535627,2110,967,2173,1041,0.83,0.88,33.505907447873355
1308,1956,2426.0,2656.0,198.46495910438642,1.480804732880541,46.49727095329341,69.10757238497774,2134.5185490519375,1772.0486397361913,0.9134036144578314,0.7398020894151919,24.518549051937345,34.04863973619126,2110,1738,2159,1811,0.77,0.82,5.1561385229477565
1309,1959,349.0,385.0,81.61204910349005,-0.8993830596644984,14.959626352217274,31.605281106444274,2124.323782234957,1864.5730659025787,0.9064935064935065,0.8808869092575514,12.32378223495702,12.573065902578797,2112,1852,2136,1880,0.66,0.8,141.53085348433848
1310,1960,227.0,241.0,56.272390041925576,-0.565170068620001,14.497981591099618,20.354179096973965,2121.704845814978,892.9603524229075,0.941908713692946,0.7018901050166262,8.704845814977974,7.960352422907489,2113,885,2132,902,0.9,0.94,122.38185963904519
1311,1961,561.0,623.0,103.02471734806727,1.2517387042756394,16.549950211876006,44.540981014668226,2124.096256684492,1113.673796791444,0.9004815409309791,0.9284062182078425,11.096256684491978,19.67379679144385,2113,1094,2137,1134,0.66,0.93,18.280655191831613
1312,1962,334.0,360.0,74.67821865402618,-0.13129271397134457,14.971669061676259,29.562073287124782,2126.446107784431,1675.3922155688622,0.9277777777777778,0.8622701834531188,13.446107784431138,6.392215568862276,2113,1669,2143,1685,0.75,0.89,97.52251839137634
1313,1963,1080.0,1384.0,163.04987693976827,0.02454615026781966,22.846469934029372,70.92273122698236,2140.4953703703704,2097.453703703704,0.7803468208092486,0.9466948174683963,27.49537037037037,16.453703703703702,2113,2081,2177,2110,0.51,0.79,88.59360918636001
1314,1964,1004.0,1094.0,124.47685383874321,-0.7387645816522093,32.04726324397875,41.40017154873886,2134.74203187251,1081.6822709163346,0.9177330895795247,0.6330813411987994,19.74203187250996,20.682270916334662,2115,1061,2154,1101,0.81,0.83,132.3280925824195
1315,1965,4309.0,4716.0,280.40233077901865,0.5954227186599231,65.6642166895526,90.3110286299223,2163.553028544906,2315.235785565096,0.9136980491942324,0.6865424974018951,48.55302854490601,35.23578556509631,2115,2280,2211,2359,0.69,0.72,55.884791194581
1316,1967,1624.0,2007.0,186.85820792063652,-0.36720156258284997,37.087890943405235,67.16581509464216,2151.54618226601,2073.743842364532,0.8091679123069258,0.8337222493243651,34.54618226600985,27.74384236453202,2117,2046,2179,2092,0.58,0.66,111.03909976660627
1317,1969,348.0,370.0,69.77526012361251,0.9894418909291651,19.039648980012004,23.652159538836493,2131.9511494252874,844.0948275862069,0.9405405405405406,0.5932942828265398,10.951149425287356,11.094827586206897,2121,833,2142,857,0.9,0.91,33.309155576315305
1318,1970,1424.0,1482.0,143.57279583922676,-0.5328168706295879,36.00171921311891,51.33075633310431,2144.266853932584,1569.0926966292134,0.9608636977058029,0.7127999490617317,23.26685393258427,21.09269662921348,2121,1548,2170,1592,0.87,0.91,120.52815794044338
1319,1972,187.0,199.0,51.79003885766855,-1.284849852734477,13.319986167541137,18.475403368318673,2130.379679144385,1844.3582887700534,0.9396984924623115,0.69297896832493,6.379679144385027,9.358288770053475,2124,1835,2138,1853,0.88,0.91,163.61647386969088
1320,1973,3843.0,4314.0,256.53818326923454,1.3737567992550124,69.21959923264613,76.91490706773541,2164.2105126203487,1472.438719750195,0.8908205841446454,0.4359923483586128,38.21051262034869,45.43871975019516,2126,1427,2202,1512,0.73,0.74,11.28953332528711
1321,1974,306.0,335.0,70.33062049088231,0.7714816548262674,17.876577126485653,23.742904737560412,2136.6895424836603,1281.5980392156862,0.9134328358208955,0.6581087136150627,9.68954248366013,12.598039215686274,2127,1269,2149,1292,0.78,0.8,45.7973572066863
1322,1975,580.0,611.0,91.64800396044504,0.7434707925975313,24.345109457943312,31.229914503059284,2142.5224137931036,1508.6017241379311,0.9492635024549918,0.6263467921565419,14.522413793103448,12.601724137931035,2128,1496,2157,1525,0.87,0.89,47.402261392915285
1323,1976,256.0,280.0,65.19762416434098,-1.127324971915811,14.95255555148835,22.866117180263245,2136.2265625,1731.89453125,0.9142857142857143,0.7565658099736448,8.2265625,13.89453125,2128,1718,2144,1743,0.76,0.81,154.59096303048003
1324,1978,642.0,802.0,111.52934412432606,1.4173545509139034,27.463989664800234,35.592876035132335,2144.1869158878503,1688.9034267912773,0.800498753117207,0.6360900970992984,15.186915887850468,15.903426791277258,2129,1673,2161,1706,0.65,0.67,8.791566158973183
1325,1979,780.0,816.0,113.65550081839075,0.8549542178090425,26.92454036890437,40.100422761779,2150.0679487179486,1304.7371794871794,0.9558823529411765,0.7410699368414827,20.067948717948717,14.737179487179487,2130,1290,2167,1326,0.76,0.8,41.01473164263334
1326,1980,999.0,1061.0,122.12065934855084,0.6003457656749387,29.96768227940255,42.978581298638005,2151.4554554554556,1117.7947947947948,0.941564561734213,0.7168084285923254,20.455455455455457,16.794794794794793,2131,1101,2173,1136,0.84,0.88,55.60272137827613
1327,1981,663.0,680.0,95.5749947774323,-0.3291548713771157,23.037651459049147,36.95504021237339,2149.2292609351434,2504.915535444947,0.975,0.7819056906960278,18.229260935143287,12.91553544494721,2131,2492,2168,2518,0.91,0.99,108.8591849360802
1328,1982,1475.0,1607.0,152.2679921655145,-1.0467360148031546,42.57623017880447,46.22777454226631,2152.0738983050846,1161.8833898305086,0.9178593652769135,0.3895395693438082,20.073898305084747,26.883389830508474,2132,1135,2178,1185,0.8,0.8,149.97355591256402
1329,1983,421.0,440.0,80.2712905728228,0.845301258132016,18.210782689761857,30.906142638388438,2145.080760095012,1262.41567695962,0.9568181818181818,0.8079663822241371,11.080760095011877,14.415676959619953,2134,1248,2160,1274,0.82,0.91,41.56780549193693
1330,1984,6967.0,7722.0,362.6092084958771,0.6409469465623877,85.89557925074796,111.06227412326716,2198.4649059853596,2384.9329697143676,0.9022274022274023,0.6339181421774468,64.46490598535955,59.93296971436774,2134,2325,2249,2435,0.67,0.68,53.27644507017808
1331,1985,630.0,755.0,116.79709347198056,-0.6576741114987179,20.466848695516305,45.08351776832087,2151.109523809524,1838.615873015873,0.8344370860927153,0.8910137579531845,16.10952380952381,15.615873015873015,2135,1823,2174,1857,0.58,0.72,127.68195088389285
1332,1986,2059.0,2245.0,182.7406475536203,-0.9220755416477705,44.577802260765544,61.3741147494819,2166.3385138416706,2534.7212238950947,0.9171492204899777,0.6873471581781205,29.338513841670714,26.721223895094706,2137,2508,2192,2567,0.77,0.8,142.8310369286566
1333,1988,202.0,216.0,54.47155591900302,0.816525187138094,13.811513195729654,19.376140726354645,2145.732673267327,1539.3613861386139,0.9351851851851852,0.7013568553614354,7.732673267326732,8.361386138613861,2138,1531,2156,1547,0.86,0.89,43.21655291085749
1334,1989,839.0,873.0,107.50706853232433,0.7360161201356017,29.25932436927577,37.120066755053244,2155.362336114422,902.792610250298,0.9610538373424972,0.6153747403206594,16.362336114421932,17.792610250297972,2139,885,2174,919,0.91,0.93,47.829382662636256
1335,1990,1391.0,1568.0,155.7349073902464,-0.06564944681415374,32.413966143521336,60.37330270680659,2164.879942487419,1048.6225736879942,0.8871173469387755,0.8436507410794658,25.87994248741912,16.622573687994247,2139,1032,2199,1070,0.72,0.83,93.76143622981958
1336,1991,611.0,643.0,97.79643624651148,0.6370983704999603,21.292675677931673,37.97725128529129,2154.635024549918,1214.063829787234,0.9502332814930016,0.8280398728312852,14.635024549918167,15.063829787234043,2140,1199,2174,1227,0.8,0.91,53.496952235690244
1337,1993,232.0,278.0,66.30834489888056,1.0697840252306299,15.563130515039843,21.701904949590002,2151.6077586206898,1280.8836206896551,0.8345323741007195,0.696937367058528,10.607758620689655,7.883620689655173,2141,1273,2161,1293,0.66,0.69,28.705890363768134
1338,1994,741.0,777.0,107.64182155343748,0.9625540806896229,23.098430462681026,42.124480145722586,2158.7597840755734,1723.379217273954,0.9536679536679536,0.8362571551565813,16.75978407557355,17.379217273954115,2142,1706,2175,1745,0.8,0.92,34.84971362338972
1339,1995,366.0,388.0,73.0121375522168,0.6345402574101268,17.31056807960911,27.59230192088174,2153.207650273224,1818.8825136612022,0.9432989690721649,0.7787217326236826,11.207650273224044,10.882513661202186,2142,1808,2167,1830,0.86,0.93,53.64352131925487
1340,1996,287.0,306.0,72.13145461380485,-0.9178765673764835,13.374956486157911,29.014495677480635,2152.965156794425,1432.864111498258,0.9379084967320261,0.8874131339504181,9.965156794425088,12.86411149825784,2143,1420,2164,1447,0.69,0.86,142.59045342462784
1341,1997,9509.0,10126.0,399.00025837392167,-1.0540097941307185,77.28469918310546,163.35915241380837,2199.7726364496793,2220.6846145756654,0.9390677463954178,0.8810104299706025,56.772636449679254,72.68461457566517,2143,2148,2258,2290,0.75,0.92,150.39031276914295
1342,1999,737.0,875.0,117.12241604312268,-1.2234121733741514,26.32137112105065,39.0251865956623,2161.774762550882,1244.0759837177748,0.8422857142857143,0.7383010017639041,16.774762550881952,18.07598371777476,2145,1226,2178,1265,0.68,0.72,160.09635413926623
1343,2002,2850.0,2952.0,205.01765045379233,1.0239996381907863,49.859832596797006,74.13618429794603,2179.3301754385966,1540.7164912280703,0.9654471544715447,0.7400573018486866,32.33017543859649,36.716491228070176,2147,1504,2210,1579,0.85,0.9,31.32914250874463
1344,2005,191.0,208.0,54.37627114398853,-1.0585039938455316,12.521085146465568,19.759751439156467,2155.3979057591623,1799.0366492146597,0.9182692307692307,0.7736066446697982,7.397905759162303,10.036649214659686,2148,1789,2164,1809,0.81,0.88,150.6478114450906
1345,2007,851.0,943.0,122.81077273693381,-1.0976438976239924,30.431438027614778,39.307778560132995,2167.1304347826085,1191.1280846063455,0.9024390243902439,0.6329610835169617,17.130434782608695,16.128084606345475,2150,1175,2186,1217,0.71,0.73,152.8903627421446
1346,2008,753.0,859.0,119.70864832944268,0.9395181670417544,21.453564997034196,47.38032269443742,2169.3678618857903,2124.2868525896415,0.8766006984866124,0.89161474025261,19.367861885790173,19.286852589641434,2150,2105,2189,2144,0.66,0.83,36.169574252640395
1347,2009,1050.0,1125.0,123.36613310420361,-0.8351569261790702,33.66012129483033,40.72164015386583,2170.4733333333334,1686.8238095238096,0.9333333333333333,0.562803810490223,19.473333333333333,19.823809523809523,2151,1667,2191,1707,0.87,0.88,137.85096710117958
1348,2010,1235.0,1303.0,137.28961053204716,0.46074812661949055,35.351898677468114,47.4394513364367,2171.482591093117,1763.957894736842,0.9478127398311589,0.6668405702002098,19.48259109311741,19.957894736842107,2152,1744,2198,1783,0.82,0.85,63.60107692614393
1349,2011,7118.0,7303.0,319.934973310653,0.07169311159247684,79.45545740236315,115.29346658690632,2214.744450688396,1086.6007305422872,0.9746679446802684,0.7246107522540277,60.74445068839562,40.60073054228716,2154,1046,2272,1130,0.87,0.92,85.89228728559064
1350,2013,891.0,1052.0,134.74284649182584,-0.08478435900583861,22.275846001361955,54.98494686601083,2183.043771043771,2148.527497194164,0.846958174904943,0.9142607459974902,27.043771043771045,14.52749719416386,2156,2134,2211,2161,0.62,0.82,94.85778593975654
1351,2014,853.0,985.0,127.71373126734747,0.9211755388200632,32.20451530377707,40.148085569147725,2175.1641266119577,2425.436107854631,0.8659898477157361,0.597131667134706,19.164126611957798,20.436107854630716,2156,2405,2197,2445,0.66,0.67,37.220529434920856
1352,2015,10971.0,11875.0,417.36661873992364,1.2594756511755376,103.50052375091879,140.91032323956293,2212.107373985963,717.131528575335,0.9238736842105263,0.6785941589468334,55.107373985962994,78.13152857533497,2157,639,2271,780,0.79,0.82,17.83736078815062
1353,2016,764.0,888.0,116.56705567585288,0.20820213680694322,23.374266164874303,45.2464689462828,2178.3416230366493,1813.7670157068062,0.8603603603603603,0.8562276584405993,21.341623036649214,13.767015706806284,2157,1800,2202,1828,0.71,0.83,78.07089627535677
1354,2018,2972.0,3126.0,206.54897853448855,1.4603039362146164,60.176696805622,63.895439495355376,2189.3620457604306,1290.343203230148,0.9507357645553423,0.3361749376420262,31.362045760430686,33.34320323014805,2158,1257,2224,1324,0.88,0.88,6.3307476485611005
1355,2019,358.0,403.0,79.8112149805675,-0.7331099089060467,18.646851480914382,26.785030156683714,2169.7206703910615,1418.282122905028,0.8883374689826302,0.7178799646797114,11.720670391061452,11.282122905027933,2158,1407,2184,1431,0.71,0.74,132.0041036995367
1356,2020,768.0,818.0,108.94311183800605,-0.0055579004013768035,27.056290854968175,39.19155433735645,2179.6263020833335,1841.46875,0.9388753056234719,0.7234657829814003,20.626302083333332,14.46875,2159,1827,2199,1854,0.81,0.86,90.31844423595295
1357,2022,302.0,363.0,79.25585461329771,-1.536552976731995,13.71591695243365,32.57638071702682,2168.6324503311257,1396.3344370860927,0.8319559228650137,0.9070426748596556,6.632450331125828,14.334437086092715,2162,1382,2176,1412,0.6,0.79,178.0380005650067
1358,2023,761.0,819.0,109.40318743026137,0.7648208529697182,24.06262451147178,41.525000257081736,2181.31011826544,1719.4704336399475,0.9291819291819292,0.8149912993079038,18.31011826544021,15.470433639947437,2163,1704,2200,1736,0.8,0.89,46.17899304123947
1359,2024,1196.0,1333.0,145.83370555440462,0.4578154913297672,34.04429572978099,50.48072545863587,2185.804347826087,1151.5877926421404,0.8972243060765192,0.7383644869319934,21.804347826086957,20.587792642140467,2164,1131,2216,1176,0.71,0.75,63.769104551096206
1360,2026,875.0,1072.0,132.48193677664798,1.2795830245515911,31.47169954917166,39.560045861296636,2183.8388571428573,989.4411428571428,0.816231343283582,0.605897730416607,16.838857142857144,19.441142857142857,2167,970,2199,1017,0.63,0.64,16.685293156609035
1361,2027,579.0,615.0,99.1371947771787,0.630325635351928,19.104075956063273,39.55689736967328,2183.7806563039726,1123.9671848013818,0.9414634146341463,0.8756469210434603,16.780656303972368,14.967184801381693,2167,1109,2201,1139,0.74,0.9,53.8850013754324
1362,2029,336.0,360.0,71.9014168176772,-1.2682138655324227,18.09588841261641,24.65944039435345,2179.6339285714284,1251.1845238095239,0.9333333333333333,0.6793309059419858,10.633928571428571,14.18452380952381,2169,1237,2190,1263,0.82,0.85,162.66330201497954
1363,2031,657.0,691.0,100.57323808286044,1.2723782232899725,21.24856782166257,39.819138331607654,2182.3698630136987,1019.4398782343987,0.9507959479015919,0.8457199369212489,11.36986301369863,18.439878234398783,2171,1001,2195,1039,0.82,0.94,17.098097861130313
1364,2032,13900.0,14704.0,459.294924007849,-0.5094234174180311,130.10305481957565,142.57114467338607,2243.6101438848923,1212.7721582733814,0.9453210010881393,0.4089689614718009,72.61014388489208,61.772158273381294,2171,1151,2324,1290,0.83,0.83,119.18781180318442
1365,2033,3141.0,3267.0,207.29490845178736,0.6430411131351949,58.98442333763959,68.30907276922932,2204.233683540274,1358.5192613817255,0.9614325068870524,0.504360391970308,33.233683540273795,30.519261381725563,2171,1328,2236,1391,0.92,0.93,53.15645816395885
1366,2034,603.0,688.0,101.58867404238555,0.02730949184166492,26.285443717150514,32.16652553103463,2188.2935323383085,1743.9568822553897,0.876453488372093,0.5764000781313554,16.29353233830846,14.956882255389718,2172,1729,2204,1760,0.73,0.75,88.43528137682564
1367,2035,1644.0,1734.0,155.96494518637408,-1.0461984410638514,37.06056191699075,57.551558285228836,2193.5200729927005,2057.8010948905107,0.9480968858131488,0.7650641261631477,21.52007299270073,24.80109489051095,2172,2033,2218,2086,0.85,0.91,149.94275520612487
1368,2036,2142.0,2276.0,188.56375726854458,1.2842102576451664,42.798889229378524,67.55179156160874,2197.5070028011205,2110.9005602240895,0.9411247803163445,0.7736841520321376,25.50700280112045,33.90056022408964,2172,2077,2218,2152,0.76,0.82,16.4201722295239
1369,2037,490.0,546.0,95.11491918517697,0.18507330173955605,20.88635834779639,34.806703481211684,2188.4857142857145,1392.1367346938775,0.8974358974358975,0.7999496548861839,15.485714285714286,11.136734693877552,2173,1381,2209,1406,0.68,0.75,79.39608090977224
1370,2038,13054.0,15553.0,558.9480109061989,1.4182952693928366,88.29701744148096,219.86522731879782,2226.713650988203,933.5741535161636,0.8393236031633768,0.9158168888134943,52.71365098820285,115.57415351616363,2174,818,2287,1039,0.53,0.7,8.737666960420341
1371,2039,1202.0,1339.0,142.65264465471614,0.05018290713433752,35.600115553569935,47.91807275350176,2195.4334442595673,1790.811980033278,0.8976848394324123,0.6693612011096269,21.433444259567388,20.81198003327787,2174,1770,2221,1808,0.74,0.77,87.12473121750551
1372,2040,450.0,499.0,94.5595588179072,-0.7943119801580941,16.68705614573622,38.87791278950118,2187.531111111111,2167.8777777777777,0.9018036072144289,0.9032014593460485,12.53111111111111,11.877777777777778,2175,2156,2206,2186,0.63,0.81,135.510724079738
1373,2042,15086.0,15666.0,487.9503969902151,0.9225716140112981,102.19751720825415,190.22628534132198,2251.509744133634,1471.613814132308,0.9629771479637431,0.843428253379247,74.50974413363383,83.61381413230811,2177,1388,2328,1559,0.8,0.92,37.14054021858018
1374,2043,390.0,417.0,78.47045644990025,-1.368385880133498,17.98004399863284,29.066532140144247,2187.8025641025642,873.6410256410256,0.935251798561151,0.7857199666607617,9.802564102564103,12.64102564102564,2178,861,2198,890,0.8,0.87,168.40273567694402
1375,2045,353.0,386.0,79.94596800168067,-0.6230204679068944,14.06756863333052,33.43237071747598,2193.6657223796033,1578.640226628895,0.9145077720207254,0.9071641623560641,13.6657223796034,13.640226628895185,2180,1565,2207,1591,0.69,0.9,125.69644336133081
1376,2046,257.0,273.0,65.06287114322782,1.4722425995179218,12.23873883017102,27.470587953380363,2187.7354085603115,912.9455252918287,0.9413919413919414,0.8952712167505872,6.735408560311284,12.945525291828794,2181,900,2194,926,0.76,0.96,5.646712628253994
1377,2048,472.0,496.0,80.59661314396496,0.6412361183021045,22.453663599227113,27.141156659676184,2195.9343220338983,1676.8538135593221,0.9516129032258065,0.5617720494517634,11.934322033898304,11.853813559322035,2184,1665,2210,1690,0.91,0.93,53.25987674993785
1378,2049,1378.0,1474.0,148.9358299618957,1.1482010487127468,33.86569718042362,53.038022553863996,2208.1952104499273,1710.4281567489115,0.9348710990502035,0.7696074350603863,21.19521044992743,26.428156748911466,2187,1684,2229,1737,0.78,0.84,24.212925876264563
1379,2050,9910.0,10330.0,393.0818638839829,0.6236919154368523,94.2717273682065,138.58075672432855,2252.464379414733,2548.6760847628657,0.9593417231364957,0.7329656588395048,65.46437941473259,58.67608476286579,2187,2490,2313,2616,0.81,0.85,54.265085529038124
1380,2051,1442.0,1519.0,162.8034908608235,-0.7552141208030299,27.894788735118812,67.31867145353134,2216.260055478502,2006.1740638002773,0.9493087557603687,0.9101088441680726,28.260055478502082,27.17406380027739,2188,1979,2243,2033,0.68,0.9,133.27058175069672
1381,2052,291.0,339.0,71.34605645040742,-1.570350794905088,15.74092337434031,26.813012870852834,2198.8006872852234,1829.089347079038,0.8584070796460177,0.8095413681420653,8.800687285223368,13.0893470790378,2190,1816,2207,1843,0.72,0.8,179.97447290307548
1382,2053,5752.0,6608.0,326.73405073900364,1.1174361049804777,68.10631126265613,117.21582871840543,2247.286682892907,830.4980876216968,0.8704600484261501,0.8138797149325463,56.28668289290682,46.498087621696804,2191,784,2284,894,0.68,0.75,25.975627309081034
1383,2054,552.0,654.0,102.50882522689616,-0.35788201776626005,22.53258020923834,34.316104869825516,2207.820652173913,1514.5597826086957,0.8440366972477065,0.7542231059571693,16.820652173913043,14.559782608695652,2191,1500,2227,1530,0.66,0.7,110.50512918163264
1384,2055,1378.0,1445.0,148.01567877738512,1.263864187408142,32.333548268634715,57.04916684892,2209.5072568940495,1612.9862119013062,0.9536332179930795,0.8238785714360947,18.50725689404935,26.98621190130624,2191,1586,2228,1642,0.79,0.89,17.585916183782146
1385,2057,152.0,170.0,49.243274817447215,0.4750416183785991,12.684598652535826,16.387824468766443,2201.8684210526317,1038.75,0.8941176470588236,0.6331540796148183,7.868421052631579,6.75,2194,1032,2212,1047,0.79,0.81,62.78212017384199
1386,2059,974.0,1276.0,145.69895253329145,-0.9837999109825898,28.508495198610042,52.751036769216874,2220.465092402464,1311.5985626283368,0.7633228840125392,0.8413859064042855,24.465092402464066,27.598562628336754,2196,1284,2237,1332,0.58,0.66,146.36758278464848
1387,2060,476.0,508.0,85.07896432822199,-1.097008111490589,20.274113092465498,31.648117985086905,2207.665966386555,1751.5399159663866,0.937007874015748,0.767866090400932,11.665966386554622,15.539915966386555,2196,1736,2221,1767,0.83,0.89,152.85393488002762
1388,2063,434.0,463.0,85.72960947050628,0.22251464398457507,18.068864304315788,32.38055271654906,2218.1290322580644,650.0276497695853,0.937365010799136,0.8298302353987452,18.129032258064516,9.027649769585253,2200,641,2232,662,0.74,0.84,77.25085001982778
1389,2065,1102.0,1366.0,150.18130371754847,-0.90082856092959,31.540691217329183,51.99138466850922,2224.8557168784027,1760.078947368421,0.8067349926793558,0.7949673141652228,21.855716878402905,24.07894736842105,2203,1736,2250,1783,0.61,0.67,141.61367460610904
1390,2066,2035.0,2098.0,169.5631000430755,0.5461149169384686,41.9370168445384,62.42845631961266,2232.1542997542997,1582.0619164619166,0.9699714013346044,0.7407677400494361,28.154299754299753,24.06191646191646,2204,1558,2262,1606,0.89,0.94,58.70992013028824
1391,2067,1555.0,1935.0,180.1544152673003,-1.1673944214717924,31.74770974344973,72.51631521124396,2227.5234726688104,1639.4495176848875,0.8036175710594315,0.899071939103095,23.52347266881029,35.44951768488746,2204,1604,2247,1670,0.6,0.77,156.8867733774501
1392,2068,373.0,390.0,73.0121375522168,-1.0928920741431425,17.77947750895213,26.983341489330833,2213.42091152815,1825.4101876675604,0.9564102564102565,0.7522255503997883,9.420911528150134,12.410187667560322,2204,1813,2225,1839,0.88,0.94,152.6181033117007
1393,2069,728.0,908.0,123.23138008309044,-0.016613059932374993,22.122403067682967,48.06270390477935,2224.8901098901097,2484.813186813187,0.801762114537445,0.887772703696152,20.89010989010989,9.813186813186814,2204,2475,2251,2499,0.6,0.75,90.95185821892298
1394,2070,1107.0,1190.0,127.80901604236196,1.1658690514809247,33.14700054059517,43.76252678857105,2222.560975609756,1539.9168925022584,0.9302521008403362,0.6529177055297258,17.5609756097561,20.916892502258357,2205,1519,2241,1560,0.85,0.88,23.200623885222512
1395,2072,1263.0,1360.0,142.2320373085595,-0.948222197126642,31.443761012916593,52.452754174337755,2226.9524940617575,2065.871733966746,0.9286764705882353,0.8003985327891894,19.95249406175772,25.871733966745843,2207,2040,2249,2090,0.78,0.86,144.32912993597856
1396,2073,1169.0,1320.0,147.97621053128645,-0.17076449234097596,26.807558321426438,61.00505730370259,2238.599657827203,1134.514114627887,0.8856060606060606,0.8982759866331017,29.599657827202737,18.514114627887082,2209,1116,2264,1147,0.67,0.85,99.784084701832
1397,2075,252.0,270.0,59.50926747052986,-0.13061419974646324,16.35399164466781,20.094039894245313,2220.1785714285716,2029.4722222222222,0.9333333333333333,0.5810431444246964,10.178571428571429,9.472222222222221,2210,2020,2231,2038,0.89,0.91,97.48364238995106
1398,2077,262.0,299.0,67.64910342954781,-0.49973812812761015,17.274872105149203,22.16952878390918,2224.083969465649,1785.1679389312976,0.8762541806020067,0.6267543216882123,12.083969465648854,10.16793893129771,2212,1775,2234,1796,0.72,0.74,118.63288560348003
1399,2078,940.0,1085.0,137.19432575703266,0.1379757157429276,28.39787736679961,48.03677103409037,2241.5436170212765,1862.594680851064,0.8663594470046083,0.8065472938899972,29.543617021276596,11.59468085106383,2212,1851,2266,1881,0.63,0.69,82.0945738126335
1400,2079,1234.0,1300.0,140.89127877789227,1.2040505656959835,30.037614360994784,55.25849419496407,2232.7649918962725,1698.7455429497568,0.9492307692307692,0.8393549950532623,18.764991896272285,24.74554294975689,2214,1674,2251,1728,0.78,0.89,21.012984265280892
1401,2080,4552.0,5499.0,303.5600166176025,0.189519263269838,60.00939083474402,111.2514724776076,2265.4042179261864,2117.490992970123,0.8277868703400618,0.8420476703952877,50.40421792618629,35.490992970123024,2215,2082,2320,2153,0.62,0.71,79.14134607820957
1402,2082,5634.0,6531.0,310.9144544132231,1.4775038295887828,74.69629832117393,102.90372057249282,2256.866169684061,2311.1837060702874,0.8626550298576022,0.6878157659036448,38.866169684061056,49.18370607028754,2218,2262,2306,2366,0.73,0.76,5.345266350146346
1403,2084,2117.0,2230.0,182.1852871863505,-0.7549545262883642,42.65173030235296,66.71337700865753,2246.2229570146433,1822.7052432687765,0.9493273542600897,0.7689341328302008,27.222957014643363,28.70524326877657,2219,1794,2276,1853,0.8,0.86,133.25570808062162
1404,2085,17683.0,18434.0,528.2453177219654,-1.2007560665278147,115.97680863839685,195.59958274685485,2291.2702030198498,350.16315104903015,0.9592600629271998,0.8052542021719319,71.27020301984957,96.16315104903015,2220,254,2359,445,0.8,0.88,158.79825483677368
1405,2088,492.0,583.0,97.56639845038382,-0.9113902009011072,20.34576177237338,35.801725856529416,2237.371951219512,1792.821138211382,0.8439108061749572,0.8228283588398513,12.371951219512194,15.821138211382113,2225,1777,2253,1811,0.65,0.73,142.21881200121365
1406,2089,2261.0,2460.0,189.6350097569855,-0.16356292418993443,46.59907892289493,63.98818422504474,2259.1822202565236,2016.750110570544,0.9191056910569105,0.6853168141175676,32.182220256523664,23.750110570544006,2227,1993,2288,2042,0.79,0.82,99.37146524090149
1407,2091,243.0,263.0,63.856865633673735,0.4247447981747585,12.522906211920734,25.38190608299584,2239.6748971193415,519.5884773662551,0.9239543726235742,0.8698142900310438,10.674897119341564,7.588477366255144,2229,512,2254,528,0.75,0.9,65.66391569445038
1408,2092,342.0,366.0,77.68505828650281,-1.349906571466917,13.643376654275126,32.984244577680535,2237.1783625730995,1322.8654970760233,0.9344262295081968,0.9104436421419976,8.178362573099415,16.86549707602339,2229,1306,2245,1338,0.71,0.94,167.34394928202937
1409,2094,935.0,1050.0,132.5772215516625,1.5394587443859378,22.155158521775547,56.47206461344547,2243.3657754010696,1362.757219251337,0.8904761904761904,0.9198285099806551,12.365775401069518,25.7572192513369,2231,1337,2254,1390,0.67,0.91,1.7955112121767485
1410,2096,383.0,412.0,75.46361681742363,-0.6140963690047504,18.52222946377831,27.04000441983807,2245.485639686684,1768.3655352480419,0.9296116504854369,0.7285491017673003,13.485639686684074,11.365535248041775,2232,1757,2258,1779,0.85,0.89,125.18513015828063
1411,2098,613.0,689.0,103.71483073645024,0.1411363278440939,24.682918560998633,34.420102188729714,2252.1500815660684,1042.6769983686786,0.8896952104499274,0.6969624234191075,17.150081566068515,10.67699836867863,2235,1032,2273,1060,0.72,0.75,81.9134840785587
1412,2099,313.0,400.0,85.07896432822199,1.198443719350818,18.37108555801925,28.828286258716783,2245.5015974440894,1545.9169329073482,0.7825,0.770649684766913,10.501597444089457,15.916932907348242,2235,1530,2259,1559,0.54,0.59,21.33423289723723
1413,2101,838.0,912.0,123.55670265423258,1.2243516014959857,22.160588443379133,50.12762867681109,2250.4880668257756,1900.1491646778043,0.918859649122807,0.8969739903354221,14.488066825775656,23.149164677804297,2236,1877,2266,1923,0.69,0.87,19.84982059419677
1414,2102,541.0,585.0,87.85576616457097,1.0991901693310935,24.138634155677263,29.106663379470763,2248.8927911275414,1981.4473197781886,0.9247863247863248,0.5587792581633466,12.89279112754159,14.44731977818854,2236,1967,2263,1996,0.88,0.89,27.021042415058048
1415,2104,6892.0,7324.0,331.0816489021476,1.4187006519540588,79.09086953346237,118.19131373876382,2282.7752466627976,1644.2444863609983,0.941015838339705,0.7431033486580776,43.77524666279744,63.24448636099826,2239,1581,2324,1700,0.79,0.84,8.7144402505741
1416,2105,464.0,500.0,84.29356616482454,0.11344082250929784,21.85836047907547,27.92109725095188,2257.1400862068967,1562.5021551724137,0.928,0.622195628861485,16.14008620689655,11.502155172413794,2241,1551,2270,1576,0.82,0.84,83.50031964572456
1417,2107,1341.0,1382.0,133.07676539001648,1.2869435371203972,39.75131927473506,43.40875991482704,2261.345264727815,1737.3251304996272,0.9703328509406657,0.4017618646411569,19.345264727815064,22.325130499627143,2242,1715,2283,1760,0.95,0.95,16.26356685136345
1418,2108,3378.0,3533.0,220.4724559623321,-0.5132709980669423,61.439326486409065,71.14926736522266,2274.6607460035525,2070.6947898164594,0.9561279365977923,0.5043022928937687,32.6607460035524,34.69478981645944,2242,2036,2312,2104,0.87,0.88,119.40826193570322
1419,2110,576.0,630.0,95.11491918517697,-0.26836939050949665,26.208668932670005,29.505785840853996,2257.4201388888887,1931.4618055555557,0.9142857142857143,0.4593502211270222,12.42013888888889,12.461805555555555,2245,1919,2274,1946,0.8,0.8,105.37643342669242
1420,2112,9878.0,10298.0,391.6458205783012,1.4102153462197045,93.4199991471035,141.28107456486754,2295.893703178781,667.0777485320915,0.9592153816275005,0.7501787798219838,47.89370317878113,72.07774853209152,2248,595,2356,741,0.81,0.86,9.200612457030758
1421,2113,229.0,287.0,67.09374306227804,-0.5333357812053501,12.771939541295254,26.61331280865641,2257.4366812227076,1950.6288209606987,0.7979094076655052,0.8773188646286614,9.436681222707424,7.62882096069869,2248,1943,2270,1963,0.64,0.78,120.55788932637925
1422,2114,1052.0,1142.0,131.3712160421084,-0.18244630696698103,28.225154693258904,50.143240426619045,2272.153041825095,1020.8811787072243,0.9211908931698775,0.8265314647105639,23.153041825095055,13.881178707224334,2249,1007,2298,1038,0.77,0.86,100.45340337695627
1423,2115,2022.0,2199.0,177.70293600209345,-0.7468572623477819,49.857437879324884,54.44301402440777,2277.772997032641,1301.4609297725024,0.9195088676671214,0.40169635371702084,28.772997032640948,26.46092977250247,2249,1275,2301,1329,0.8,0.81,132.7917690312228
1424,2117,16369.0,16926.0,485.61055078283994,1.293891542250486,137.43866804223936,154.46170621432816,2322.144052782699,2444.4861628688373,0.967092047737209,0.45636784236825195,71.144052782699,70.48616286883744,2251,2374,2395,2530,0.87,0.88,15.86547548137412
1425,2118,450.0,492.0,86.97508322615903,-0.5711685831701645,17.50593772511815,33.976113340074946,2269.66,892.3266666666667,0.9146341463414634,0.8570444339241022,16.66,13.326666666666666,2253,879,2284,905,0.75,0.88,122.72554920611736
1426,2120,1246.0,1326.0,137.32907877814586,0.9166807859790942,31.02300130920031,52.32746049192331,2273.333868378812,1975.4494382022472,0.9396681749622926,0.8053035317262205,20.3338683788122,23.44943820224719,2253,1952,2296,1998,0.83,0.92,37.47805980266281
1427,2121,1421.0,1466.0,147.26974886008634,-0.45483278598691246,37.492293415745635,52.04206371014387,2283.1878958479942,992.3427163969036,0.9693042291950886,0.6935350561206632,29.18789584799437,25.34271639690359,2254,967,2308,1010,0.82,0.86,116.0599990212271
1428,2122,323.0,336.0,67.32378085840567,0.8071963100031206,19.975819177842258,21.404117731351032,2262.5913312693497,1365.6439628482972,0.9613095238095238,0.35917580944234145,8.591331269349846,11.643962848297214,2254,1354,2276,1376,0.9,0.9,43.75105819828755
1429,2123,428.0,457.0,80.2712905728228,1.2063852427924904,18.71462922573818,29.678574206435528,2264.28738317757,1886.0957943925234,0.936542669584245,0.7761266148050602,10.287383177570094,15.095794392523365,2254,1871,2276,1901,0.83,0.9,20.87921712112518
1430,2124,1090.0,1197.0,135.48877640912463,-1.45512472410754,26.216038517649633,55.44575283028749,2268.4633027522937,471.19633027522934,0.910609857978279,0.8811573171018771,12.463302752293577,25.196330275229357,2256,446,2283,496,0.75,0.91,173.37250535650037
1431,2125,777.0,820.0,108.71307404187841,1.3158167146855115,23.32096255483064,44.057625218854035,2268.906048906049,1341.4337194337195,0.947560975609756,0.8484168773058697,12.906048906048905,18.433719433719435,2256,1323,2282,1364,0.83,0.96,14.609255635750586
1432,2126,151.0,162.0,47.99780106179446,-0.8043282007831637,12.551088900059598,16.174309116636824,2262.7880794701987,1578.3509933774835,0.9320987654320988,0.630746216392371,6.788079470198675,7.3509933774834435,2256,1571,2270,1587,0.82,0.84,136.08461124822634
1433,2127,468.0,494.0,84.38885093983903,0.2732039780816194,17.9707314994853,33.30641352994229,2272.2735042735044,1153.0235042735044,0.9473684210526315,0.8419486330423585,15.273504273504274,10.023504273504274,2257,1143,2289,1163,0.83,0.95,74.34656510973856
1434,2128,626.0,703.0,99.78783991946301,1.2402739591345417,27.573591860286992,31.591892850324744,2271.597444089457,1394.7316293929712,0.8904694167852063,0.48806739720197906,13.59744408945687,13.731629392971247,2258,1381,2286,1411,0.79,0.8,18.937536701609616
1435,2129,173.0,184.0,49.893919959731505,-0.9749322004425719,12.049831481939274,18.57266714679384,2266.3294797687863,1846.179190751445,0.9402173913043478,0.760964251441752,7.329479768786127,7.179190751445087,2259,1839,2274,1855,0.87,0.94,145.85950039676177
1436,2130,767.0,855.0,111.98941971658135,-0.9590220031627167,28.412314129315302,36.24495203640526,2277.040417209909,1864.8109517601042,0.8970760233918129,0.6208907139916644,18.040417209908735,15.810951760104302,2259,1849,2296,1886,0.77,0.79,144.94791324140556
1437,2131,774.0,864.0,116.33701787972524,-0.7211385508100734,23.77701755784467,44.04602309032607,2276.4728682170544,752.7635658914729,0.8958333333333334,0.841779115246504,16.472868217054263,17.76356589147287,2260,735,2297,772,0.72,0.82,131.3181954055977
1438,2133,4945.0,5317.0,281.68727278077006,1.5084343095124502,68.14702978126327,95.6267212295341,2297.493225480283,1070.4305358948434,0.9300357344367124,0.7015341367810302,37.493225480283115,48.430535894843274,2260,1022,2337,1127,0.78,0.82,3.57308039220608
1439,2134,174.0,192.0,50.909355919256605,-0.28218060670574713,13.26380029502609,16.962705563674533,2267.8275862068967,1589.4942528735633,0.90625,0.6233550093233595,7.827586206896552,7.494252873563219,2260,1582,2277,1597,0.84,0.86,106.16775782468028
1440,2136,639.0,786.0,115.09154412407247,1.1195957091132835,21.720222242046585,42.01943749825019,2277.4522691705793,1807.0892018779343,0.8129770992366412,0.8560403984933649,16.45226917057903,17.089201877934272,2261,1790,2290,1831,0.61,0.71,25.85189110685225
1441,2137,218.0,239.0,61.40538636846691,0.46170550713814923,15.016396623156952,20.732653116795248,2272.605504587156,1111.7844036697247,0.9121338912133892,0.6894983376984883,10.605504587155963,10.784403669724771,2262,1101,2284,1119,0.73,0.75,63.54622306303675
1442,2138,187.0,213.0,56.04235224579793,-0.2804160227702025,12.171536539565736,20.768202921426692,2271.6310160427806,1696.9251336898396,0.8779342723004695,0.8102633548711214,9.631016042780749,6.925133689839572,2262,1690,2282,1705,0.75,0.83,106.066654612577
1443,2139,597.0,634.0,93.77416065450974,-0.935468370131626,24.00817260582557,32.9954129037573,2276.785594639866,1908.2311557788944,0.9416403785488959,0.6859788032636985,13.785594639865996,14.231155778894472,2263,1894,2291,1926,0.85,0.89,143.59838947652412
1444,2140,7881.0,9594.0,400.49211820851923,-0.11051275862008353,102.62448135878833,117.87576480998136,2319.1233346022077,818.1608932876538,0.8214509068167605,0.49196387328206503,55.12333460220784,46.16089328765385,2264,772,2385,890,0.62,0.62,96.3319146512788
1445,2141,540.0,581.0,89.98192285863567,-0.31407081359615857,21.25819139937516,33.17267411635255,2280.5314814814815,1133.0870370370371,0.9294320137693631,0.7676791291200818,14.531481481481482,13.087037037037037,2266,1120,2298,1146,0.84,0.9,107.99493208729987
1446,2143,9639.0,9870.0,361.3637347402244,1.389275189982021,101.92317285395261,121.0543952542213,2318.7398070339245,2238.5410312273057,0.9765957446808511,0.5395371891008357,52.739807033924684,62.54103122730574,2266,2176,2373,2299,0.93,0.94,10.400395031794574
1447,2144,263.0,279.0,64.18218820481587,1.0693789434393475,15.464554677327017,23.520090147303783,2277.490494296578,1418.9239543726235,0.942652329749104,0.7534510043107489,10.490494296577946,8.923954372623575,2267,1410,2285,1432,0.8,0.86,28.729099840766217
1448,2146,1271.0,1345.0,143.11272024697143,-1.4921049962010562,30.62160525504296,55.346992765118124,2287.8733280881197,914.8355625491739,0.9449814126394052,0.8330046903211594,17.873328088119592,30.83556254917388,2270,884,2304,941,0.78,0.89,175.49131887270426
1449,2148,502.0,531.0,86.18968506276158,0.4266951501346274,23.17018240871151,28.370418595884342,2282.2151394422312,1576.284860557769,0.9453860640301318,0.5770594135826883,12.215139442231076,12.284860557768924,2270,1564,2300,1590,0.85,0.86,65.55216875858483
1450,2149,634.0,885.0,124.93692943099849,0.5253610505261582,26.035947691088374,44.227663505067724,2293.8233438485804,1963.3864353312304,0.7163841807909604,0.8083660545859186,22.823343848580443,16.386435331230285,2271,1947,2310,1981,0.51,0.57,59.89902908429194
1451,2151,266.0,276.0,59.049191878274556,-0.19740376932953035,17.410854551175472,19.69495800963178,2282.496240601504,1840.0225563909773,0.9637681159420289,0.467437768131093,8.496240601503759,8.022556390977444,2274,1832,2294,1849,0.96,0.96,101.31040284255613
1452,2152,1748.0,1832.0,158.32113967656642,-1.0929283405214918,38.32239069430311,58.80473925962682,2296.920480549199,1929.3495423340962,0.9541484716157205,0.7584864479558728,22.920480549199084,27.34954233409611,2274,1902,2320,1959,0.88,0.94,152.62018122211833
1453,2153,143.0,151.0,44.20556326592038,0.7068613383259439,12.214733380469843,15.298409300500293,2282.146853146853,1711.93006993007,0.9470198675496688,0.6020855286021871,6.146853146853147,6.93006993006993,2276,1705,2290,1719,0.92,0.94,49.49982861295443
1454,2154,6604.0,7086.0,332.46187567891343,1.200765460786607,78.72786500363422,113.01651145494058,2320.281647486372,488.4130829800121,0.9319785492520463,0.7174548753180127,42.281647486371895,64.41308298001212,2278,424,2366,543,0.75,0.79,21.201206911845873
1455,2155,896.0,939.0,113.4254630222631,-0.3019291753151541,28.37678979673237,40.93623844609113,2299.8738839285716,1363.2332589285713,0.9542066027689031,0.7207502310886987,21.873883928571427,16.233258928571427,2278,1347,2320,1378,0.88,0.92,107.29926745742385
1456,2157,245.0,264.0,60.9453107762116,1.49732587383149,15.177380844951754,21.632047669235867,2285.4612244897958,1346.3510204081633,0.928030303030303,0.7125557041753742,6.461224489795918,9.351020408163265,2279,1337,2295,1359,0.83,0.87,4.209546873717628
1457,2158,457.0,483.0,79.81121498056751,-1.1648865421730774,22.342777249445998,27.236128523703936,2292.671772428884,1879.2013129102845,0.9461697722567288,0.5718818197233869,12.671772428884026,14.201312910284464,2280,1865,2304,1891,0.9,0.91,156.74308247810552
1458,2159,8095.0,8429.0,337.6506885343706,-0.29090512242353306,92.34031620901503,114.87590391989836,2336.9878937615813,2333.2723903644223,0.9603748961917191,0.5948635743022671,56.987893761581226,51.272390364422485,2280,2282,2389,2381,0.89,0.91,106.66763575360497
1459,2160,408.0,456.0,88.08580396069863,-0.9212413337002947,15.261872315193882,36.12760653481664,2292.9583333333335,443.9950980392157,0.8947368421052632,0.9063892623077673,11.958333333333334,12.995098039215685,2281,431,2306,463,0.66,0.86,142.78324033402998
1460,2161,236.0,250.0,57.15307298033751,-1.373025620404637,14.632072411792107,20.76941055962113,2288.135593220339,1395.5127118644068,0.944,0.7097029039607217,7.135593220338983,10.51271186440678,2281,1385,2296,1406,0.91,0.95,168.66857321251715
1461,2163,719.0,919.0,142.46207510468716,1.0208593303730698,16.190845636482187,62.35362672965371,2300.1696801112657,970.4005563282336,0.7823721436343852,0.9656996568376277,16.169680111265645,28.40055632823366,2284,942,2318,999,0.45,0.81,31.509068893071735
1462,2164,188.0,205.0,53.13079738833578,0.6007760970415293,15.43798355425421,16.674351185411926,2291.148936170213,1420.409574468085,0.9170731707317074,0.37788600684065254,6.148936170212766,8.409574468085106,2285,1412,2301,1429,0.84,0.84,55.57806520717838
1463,2165,225.0,243.0,57.05778820532303,-0.3026348826459024,14.770854089644374,19.606130631803026,2295.3333333333335,1432.7866666666666,0.9259259259259259,0.6575861497701441,10.333333333333334,7.786666666666667,2285,1425,2306,1442,0.87,0.89,107.33970150904716
1464,2166,1887.0,1999.0,165.4455396760593,-0.47789163853259536,45.53796267247754,54.23553949418254,2313.7217806041335,751.4631690514043,0.9439719859929965,0.5431537477391349,27.721780604133546,24.463169051404346,2286,727,2343,775,0.87,0.88,117.38117395250922
1465,2168,767.0,879.0,122.90605751194829,-1.1341175550125837,30.096297600974122,38.71920030084309,2298.556714471969,2011.083441981747,0.8725824800910125,0.6291344866612142,11.556714471968709,17.083441981747068,2287,1994,2320,2037,0.64,0.65,154.98014937391702
1466,2169,1935.0,2101.0,176.26689269641173,-0.2625694195939929,40.494006835706294,62.44680302463921,2322.029457364341,2032.7891472868216,0.9209900047596382,0.7612520996967241,35.029457364341084,20.789147286821706,2287,2012,2351,2058,0.78,0.84,105.04411957193541
1467,2170,1139.0,1308.0,138.66983730881307,0.9137732298763311,34.57186932479581,46.11207462400498,2311.597014925373,1152.7348551360842,0.8707951070336392,0.6617373760358238,22.597014925373134,23.734855136084285,2289,1129,2330,1179,0.74,0.77,37.64465049604864
1468,2171,278.0,290.0,61.730708939609045,-1.515531772355556,16.125536505802526,22.25796945771955,2297.2841726618703,1561.6906474820144,0.9586206896551724,0.6892919119522763,8.284172661870503,11.690647482014388,2289,1550,2305,1573,0.92,0.95,176.8335742739548
1469,2172,6821.0,7216.0,320.2602958817952,-1.1397326745422596,84.44322941058441,106.94270764585036,2331.9825538777304,1784.7957777451986,0.9452605321507761,0.6136066522186913,41.98255387773054,54.79577774519865,2290,1730,2380,1840,0.84,0.85,155.30187202442892
1470,2175,564.0,605.0,90.63256800091995,-0.29747065511768395,25.55795159384908,28.94501069967378,2306.7890070921985,1711.5248226950355,0.9322314049586777,0.46940501684086033,14.789007092198581,12.52482269503546,2292,1699,2322,1725,0.86,0.87,107.04381306723496
1471,2176,1268.0,1420.0,146.90495804284552,0.2806764643768827,35.92294739234994,47.246957527102154,2315.018138801262,1857.5930599369085,0.8929577464788733,0.6495452031465251,23.01813880126183,16.593059936908517,2292,1841,2340,1880,0.74,0.76,73.91842318255063
1472,2177,193.0,208.0,52.80547481719364,-0.7937071845942835,12.969307706718425,19.332744663171074,2301.678756476684,1266.8134715025906,0.9278846153846154,0.741596064325782,7.678756476683938,7.813471502590674,2294,1259,2311,1276,0.87,0.92,135.4760718464634
1473,2178,214.0,237.0,60.294665633927316,-0.797957514231486,12.95258335883271,21.88515263073571,2304.7242990654204,1125.4672897196263,0.9029535864978903,0.8060529623886121,9.72429906542056,10.467289719626168,2295,1115,2314,1135,0.74,0.82,135.7195977962145
1474,2179,1112.0,1270.0,145.88952208332043,0.3198558648725621,28.13479557941763,54.888344280894046,2317.9379496402876,1335.49190647482,0.8755905511811024,0.8586380795456369,21.93794964028777,19.491906474820144,2296,1316,2347,1351,0.66,0.77,71.67360889029543
1475,2180,969.0,1027.0,117.44773861426482,0.9237250512018127,33.88453796986965,37.48608932862446,2314.0897832817336,1392.9463364293085,0.943524829600779,0.427695250335148,18.089783281733745,17.946336429308566,2296,1375,2333,1414,0.88,0.89,37.07445313563026
1476,2181,370.0,388.0,70.56065828700996,0.8381401528634209,20.750306849446854,23.002018271088726,2308.1783783783785,1417.8972972972972,0.9536082474226805,0.43151012458710514,11.178378378378378,10.897297297297298,2297,1407,2320,1430,0.93,0.94,41.97810660047632
1477,2183,11569.0,12017.0,400.7616242507456,-1.4013614002212116,107.97585898912486,138.41702614004356,2350.6333304520704,909.903103120408,0.9627194807356245,0.625684241668687,51.63333045207019,68.90310312040799,2299,841,2410,978,0.91,0.93,170.29209380521885
1478,2184,544.0,564.0,86.74504543003138,-0.9305292926062247,21.273331566019305,32.81870076857964,2311.095588235294,1243.9154411764705,0.9645390070921985,0.7614636532536347,12.095588235294118,14.915441176470589,2299,1229,2325,1259,0.91,0.97,143.31540117963073
1479,2186,1926.0,2151.0,185.9775249822246,-1.4353991170284817,49.692525217497085,55.67238631176016,2328.363447559709,1272.5529595015576,0.895397489539749,0.4508724657836851,28.363447559709243,36.55295950155763,2300,1236,2355,1298,0.7,0.7,172.24231132253692
1480,2187,1123.0,1165.0,131.1806464920794,0.3730721661831229,27.776405083082683,52.12002566539321,2323.8815672306323,1312.347284060552,0.9639484978540772,0.8461583676076407,23.881567230632236,17.34728406055209,2300,1295,2351,1329,0.82,0.95,68.62453942390378
1481,2188,883.0,931.0,114.11557641064606,0.8315333775718757,27.134243774662494,42.25650992403785,2320.7485843714608,1591.762174405436,0.9484425349087003,0.7665943539632407,19.74858437146093,16.762174405436014,2301,1575,2339,1613,0.85,0.92,42.356646940873176
1482,2189,5951.0,6677.0,349.98702135260214,1.3217083516906123,54.59506946287898,143.66213402174367,2338.690808267518,596.0371366156949,0.8912685337726524,0.9249765959822063,34.690808267518065,66.03713661569485,2304,530,2374,671,0.61,0.85,14.271689700935212
1483,2190,757.0,786.0,101.68395881740005,-1.3903245969067368,26.402890301467785,36.655771165412126,2319.1598414795244,1538.8626155878467,0.9631043256997456,0.6936700899859798,13.159841479524438,17.862615587846765,2306,1521,2333,1557,0.92,0.96,169.65973155598346
1484,2191,280.0,337.0,74.58293387901169,0.40378545432979657,15.192181269882798,27.665414858328628,2318.4821428571427,1899.3035714285713,0.8308605341246291,0.8357304857529905,12.482142857142858,9.303571428571429,2306,1890,2333,1910,0.63,0.72,66.8647976381302
1485,2193,242.0,265.0,63.856865633673735,-1.2642787333836487,14.565434572522856,22.450145515867817,2316.1735537190084,1942.1404958677685,0.9132075471698113,0.7609673228005126,8.173553719008265,14.140495867768594,2308,1928,2325,1952,0.75,0.8,162.4378355510285
1486,2194,511.0,679.0,106.95170816505453,1.3519946581332716,18.513870667178843,42.98099379987087,2317.9119373776907,1992.416829745597,0.7525773195876289,0.9024734312648666,9.911937377690803,20.416829745596868,2308,1972,2331,2012,0.56,0.72,12.536412164730962
1487,2195,674.0,723.0,105.15087404213196,-0.4945176165491569,22.088856808966064,40.14671192575314,2325.566765578635,2062.19881305638,0.9322268326417704,0.8350306789804821,16.566765578635014,13.198813056379821,2309,2049,2345,2079,0.77,0.87,118.33377232313549
1488,2196,10877.0,13031.0,446.26847780123455,-0.7702605760033927,94.68601818017609,165.70417655049704,2376.344488369955,1009.3882504367012,0.8347018647839767,0.8206605583076559,65.34448836995495,62.3882504367013,2311,947,2453,1083,0.69,0.77,134.13268013031018
1489,2197,587.0,647.0,104.6907984498767,-0.24275529691528033,17.02447244208015,45.65721811168692,2330.902896081772,1112.3407155025554,0.9072642967542504,0.9278812564816096,19.902896081771722,8.340715502555366,2311,1104,2354,1124,0.67,0.94,103.90885396769073
1490,2198,13889.0,14630.0,457.1292990676857,1.4972896903514843,125.43168980240287,144.9336623196844,2375.358917128663,1680.564691482468,0.9493506493506494,0.5010089926082654,64.35891712866297,68.56469148246813,2311,1612,2442,1759,0.84,0.84,4.211620034410046
1491,2200,581.0,613.0,91.55271918543056,-0.6581264595787415,25.399987884259296,30.229898780696804,2328.8244406196213,1207.8709122203097,0.9477977161500816,0.5422342597758588,14.824440619621342,14.87091222030981,2314,1193,2345,1222,0.87,0.88,127.70786851974906
1492,2201,137.0,145.0,42.86480473525314,1.328827439301515,13.216552995341827,13.404310602736354,2320.116788321168,1472.6277372262773,0.9448275862068966,0.16678821414887982,6.116788321167883,5.627737226277373,2314,1467,2327,1481,0.94,0.94,13.863796026846614
1493,2202,209.0,221.0,54.93163151125834,0.6504230385339531,12.437133049687594,21.64901861901197,2324.502392344498,1227.9473684210527,0.9457013574660633,0.8185119782625104,9.502392344497608,7.947368421052632,2315,1220,2334,1237,0.87,0.97,52.73350499392957
1494,2203,384.0,432.0,79.8112149805675,-1.30818146176062,21.399481088557366,24.969293901909204,2326.0442708333335,1359.7630208333333,0.8888888888888888,0.5152633728282351,10.044270833333334,10.763020833333334,2316,1349,2338,1373,0.76,0.76,164.9532765961382
1495,2204,2394.0,2531.0,187.73889085904847,-0.4970838258471494,46.440183365238035,67.74266064279908,2348.720133667502,2082.124895572264,0.9458711971552746,0.7280366346746615,32.72013366750209,27.124895572263995,2316,2055,2378,2107,0.85,0.9,118.48080528525769
1496,2206,288.0,310.0,67.32378085840567,-1.2739874307135237,15.336730584527496,24.869423109113086,2327.5,1561.829861111111,0.9290322580645162,0.7872059095213445,8.5,11.82986111111111,2319,1550,2337,1576,0.8,0.87,162.9941029326003
1497,2207,283.0,302.0,67.18902783729251,1.457118303872679,13.23229740414589,27.372934486588623,2325.035335689046,1925.7420494699647,0.9370860927152318,0.875395132946324,6.035335689045937,12.742049469964664,2319,1913,2333,1940,0.79,0.95,6.513270936834502
1498,2208,417.0,502.0,90.86260579704759,-1.2032608609397935,14.959506247042738,39.95639529998203,2331.5419664268584,1169.7505995203837,0.8306772908366534,0.9272689961638759,11.541966426858513,18.750599520383695,2320,1151,2341,1187,0.63,0.89,158.94176898512802
1499,2209,778.0,815.0,107.73710632845197,0.5019383181745681,26.087000641505906,39.47606835025622,2336.7429305912597,1959.80205655527,0.9546012269938651,0.7505349382410703,16.74293059125964,16.802056555269925,2320,1943,2358,1975,0.84,0.9,61.24105279270258
1500,2210,522.0,591.0,106.30106302277025,-0.6339944076123989,19.327489923674367,40.20068147933156,2340.8505747126437,1835.015325670498,0.883248730964467,0.8768439000849291,19.850574712643677,16.015325670498083,2321,1819,2359,1852,0.58,0.7,126.32520379108725
1501,2211,1785.0,1875.0,161.1932262879299,0.010989256704144171,41.82048392617919,56.55951488022662,2348.212324929972,1991.592156862745,0.952,0.6732590441225956,27.212324929971988,18.5921568627451,2321,1973,2377,2015,0.86,0.89,89.3703619708667
1502,2212,480.0,528.0,89.98192285863566,-1.438107043227224,18.67616215376338,34.68646162386868,2331.8458333333333,1882.7145833333334,0.9090909090909091,0.8426715190305711,9.845833333333333,15.714583333333334,2322,1867,2344,1903,0.75,0.86,172.39746406495777
1503,2213,925.0,965.0,118.32842155267679,-0.07180499095256378,25.931659241057343,46.38910019145934,2348.32,1142.84,0.9585492227979274,0.8291654425231575,24.32,11.84,2324,1131,2372,1158,0.83,0.94,94.11412292955697
1504,2214,369.0,509.0,92.8934777160978,-1.0585359675295503,17.020324267064126,35.27461177437491,2338.5149051490516,1605.9620596205962,0.724950884086444,0.8758909087130979,13.51490514905149,17.962059620596207,2325,1588,2350,1620,0.54,0.65,150.64964340224037
1505,2215,982.0,1511.0,175.15617196187213,-0.6744666485557949,27.016955398671755,68.79552682511782,2353.2586558044804,2522.1904276985742,0.6499007279947054,0.9196607206968966,28.25865580448065,30.19042769857434,2325,2492,2374,2548,0.4,0.55,128.6440923845804
1506,2216,1423.0,1487.0,140.98656355290677,-1.5311286143786789,37.58729915827332,48.85041432758717,2343.932536893886,1480.1243851018974,0.956960322797579,0.6387231336174322,17.932536893886155,23.1243851018974,2326,1457,2365,1507,0.9,0.92,177.72720749561205
1507,2218,464.0,509.0,87.62572836844332,-0.15520477622096102,17.828047513164005,35.03008482087964,2343.877155172414,1124.4008620689656,0.9115913555992141,0.8608047615924207,16.877155172413794,9.400862068965518,2327,1115,2362,1135,0.76,0.9,98.89257863773346
1508,2220,793.0,831.0,105.61094963438728,-0.20881974449618648,30.597655855833082,34.30305404855914,2344.3656998738966,1523.890290037831,0.9542719614921781,0.45207384220360003,16.365699873896595,13.890290037831022,2328,1510,2365,1541,0.89,0.9,101.96449003863168
1509,2221,545.0,572.0,87.53044359342883,-0.11040379560905075,22.994190526254084,30.62787670902327,2342.9743119266054,1575.8660550458715,0.9527972027972028,0.6605748539384229,14.974311926605505,10.86605504587156,2328,1565,2360,1589,0.89,0.92,96.32567153062358
1510,2222,204.0,218.0,53.59087298059109,-0.846331916965162,13.449498491155579,19.45415934910545,2336.799019607843,1372.9950980392157,0.9357798165137615,0.7225266377990736,7.799019607843137,7.995098039215686,2329,1365,2346,1383,0.89,0.94,138.4912469093202
1511,2223,9391.0,10246.0,403.15728698703657,-1.363165995963661,82.62729909031157,148.75445579577968,2377.8939410073476,718.9900969012884,0.9165528010931095,0.8315425876602377,46.89394100734746,76.99009690128847,2331,642,2423,791,0.73,0.82,168.1036583444652
1512,2224,375.0,405.0,75.46361681742363,0.18033811163090266,18.715613937015604,26.364897594771907,2344.424,1547.8106666666667,0.9259259259259259,0.7043340949440755,13.424,8.810666666666666,2331,1539,2358,1559,0.83,0.86,79.66738731819018
1513,2225,705.0,775.0,110.05383257254564,-0.27872307722773265,22.95339530265458,42.2931595865964,2351.91914893617,1919.2652482269505,0.9096774193548387,0.8399128966258782,20.919148936170213,15.265248226950355,2331,1904,2370,1931,0.73,0.84,105.96965597804798
1514,2229,281.0,296.0,61.73070893960904,-1.1151558917898101,17.83863606388831,20.534317412760593,2342.1743772241994,1387.5480427046264,0.9493243243243243,0.49529805158041024,9.174377224199288,10.548042704626335,2333,1377,2351,1398,0.93,0.93,153.89372609870367
1515,2230,2270.0,2452.0,185.51744938996927,-0.7540554609324421,50.63706236863173,59.00189289011084,2360.0493392070484,1230.4982378854625,0.9257748776508973,0.5132690444879927,26.049339207048458,27.498237885462554,2334,1203,2388,1259,0.83,0.84,133.20419543022086
1516,2231,2411.0,2499.0,186.11227800333776,-1.352064336192422,45.77574700359406,68.3821300313104,2357.9294898382414,395.8705931148901,0.9647859143657463,0.7428923021895427,22.929489838241395,32.870593114890085,2335,363,2385,433,0.87,0.93,167.46758009398303
1517,2233,390.0,526.0,110.8392307359431,0.18786926872571635,12.551969515563545,45.9739123722172,2358.0153846153844,1563.4871794871794,0.7414448669201521,0.9620072958098126,23.015384615384615,9.487179487179487,2335,1554,2383,1572,0.4,0.69,79.23588380180735
1518,2235,24531.0,24958.0,586.2396053946161,0.16706804368422185,155.69172298252073,204.15021575962226,2438.8352288940523,2584.713301536831,0.9828912573122847,0.646831254703685,103.83522889405242,80.71330153683095,2335,2504,2536,2665,0.9,0.92,80.42770620538681
1519,2236,416.0,443.0,77.12969791923302,-1.2742483277738865,22.215275917191168,24.88352132489725,2347.747596153846,1447.360576923077,0.9390519187358917,0.4505115765593366,11.747596153846153,12.360576923076923,2336,1435,2358,1460,0.88,0.88,163.00905123304645
1520,2237,610.0,640.0,93.54412285838208,-0.27386633125879595,27.15612564172836,29.360589239960024,2351.0032786885245,1892.388524590164,0.953125,0.3801676459794207,15.00327868852459,12.388524590163934,2336,1880,2366,1908,0.88,0.88,105.69138493186074
1521,2238,1440.0,1517.0,148.80107694078256,0.16354208217778526,35.07077099484492,54.11623952060819,2365.9513888888887,1946.4291666666666,0.9492419248516809,0.76158612567857,29.95138888888889,16.429166666666667,2336,1930,2392,1967,0.82,0.88,80.62972891843123
1522,2239,492.0,542.0,90.11667587974883,-0.8567175694077278,19.22564623358525,34.36071616473775,2351.4959349593496,1346.25,0.9077490774907749,0.8288141315710954,14.495934959349594,17.25,2337,1329,2366,1361,0.76,0.86,139.08630096176898
1523,2240,500.0,544.0,88.96648689911056,-0.6782296944761167,25.44065400130891,26.57858393492183,2350.138,1089.634,0.9191176470588235,0.2894729020276319,12.138,12.634,2338,1077,2365,1104,0.79,0.79,128.85969903392876
1524,2242,853.0,921.0,121.56529898128106,0.06011084079730506,21.80143152550334,50.7779265113449,2364.350527549824,1870.3763188745604,0.9261672095548317,0.9031388497501092,25.35052754982415,10.376318874560376,2339,1860,2389,1884,0.73,0.93,86.55590251933161
1525,2243,221.0,256.0,63.856865633673735,-0.33881318130752913,13.820919175414799,23.365753189969976,2353.710407239819,1588.1900452488687,0.86328125,0.8063026068761733,13.710407239819004,9.190045248868778,2340,1579,2364,1596,0.68,0.75,109.41256533232217
1526,2244,432.0,459.0,82.3974472668875,-0.6676266579513337,19.96694937733135,29.65558665884447,2355.7986111111113,1607.5949074074074,0.9411764705882353,0.7393742249195254,13.79861111111111,12.594907407407407,2342,1595,2371,1620,0.8,0.85,128.25218979103565
1527,2245,485.0,515.0,82.16740947075985,0.8523520108873923,22.097861908238198,28.2986212433987,2356.7092783505154,1311.183505154639,0.941747572815534,0.6246795328330493,13.709278350515463,12.183505154639175,2343,1299,2370,1325,0.9,0.92,41.163827116663626
1528,2246,1530.0,1671.0,154.2988640845647,-0.2622758718614852,38.907564384586564,52.28175611359789,2374.6111111111113,552.8104575163399,0.9156193895870736,0.6679679044813067,26.61111111111111,18.81045751633987,2348,534,2404,578,0.81,0.83,105.0273005257771
1529,2247,913.0,992.0,120.2245404506138,-0.4782249518767235,32.32254942316525,38.793883425946,2364.157721796276,2027.0602409638554,0.9203629032258065,0.5529917263705588,16.157721796276014,17.06024096385542,2348,2010,2387,2045,0.79,0.8,117.40027140038316
1530,2251,1157.0,1191.0,126.60301053280789,-1.27704637675207,31.02641438943088,47.865052752742535,2365.588591184097,1171.542783059637,0.9714525608732157,0.761465023119483,15.588591184096803,24.542783059636992,2350,1147,2383,1196,0.91,0.97,163.16936763036728
1531,2252,977.0,1042.0,119.34385751220186,0.5646905762574201,33.82530837393834,37.594807967385115,2369.202661207779,1288.3449334698055,0.9376199616122841,0.436439707709926,18.202661207778917,17.34493346980553,2351,1271,2391,1308,0.86,0.87,57.64561324963945
1532,2253,128.0,136.0,41.52404620458589,0.7022332843516382,12.5894252753993,13.055864199092195,2358.453125,1106.03125,0.9411764705882353,0.264908303237229,6.453125,6.03125,2352,1100,2365,1113,0.93,0.93,49.76499657304089
1533,2254,702.0,761.0,107.18174596118217,-0.9424316816685587,22.652623147673403,41.07886567318872,2368.787749287749,1354.2834757834758,0.9224704336399474,0.8342130526251493,16.78774928774929,19.283475783475783,2352,1335,2385,1371,0.77,0.87,143.99735783902514
1534,2255,18557.0,19244.0,517.749287272755,0.1771549772947121,131.9951363703444,181.49562508445692,2445.811769143719,341.90564207576654,0.9643005612138849,0.686358404170146,92.81176914371935,64.90564207576655,2353,277,2537,413,0.87,0.9,79.84976748127707
1535,2256,1331.0,1466.0,145.69895253329145,-0.535942574393108,37.142669320419216,46.826095176326966,2376.0503380916603,1833.5905334335087,0.907912687585266,0.6089553548975213,23.050338091660407,21.59053343350864,2353,1812,2401,1856,0.79,0.8,120.70724757410123
1536,2258,335.0,393.0,75.92369240967894,-0.5083364453161476,19.130228415776543,24.699973283543326,2368.379104477612,1327.5373134328358,0.8524173027989822,0.632568995985629,12.379104477611941,13.537313432835822,2356,1314,2381,1339,0.73,0.75,119.12553288929803
1537,2259,864.0,910.0,117.31298559315167,-1.389164770946483,25.284139063630885,45.19006681372061,2369.172453703704,1494.84375,0.9494505494505494,0.8288259187005417,13.172453703703704,23.84375,2356,1471,2384,1516,0.79,0.89,169.5932784234912
1538,2260,1811.0,1866.0,155.73490739024643,-1.1371392529201012,43.61812463344129,53.263496695783815,2378.1358365543897,1538.2335726118167,0.9705251875669882,0.5739188874925542,22.13583655438984,26.233572611816676,2356,1512,2403,1565,0.94,0.95,155.15327991098127
1539,2261,975.0,1069.0,136.0836050224931,1.0305653352745432,24.48954540522764,54.541261128166234,2377.3753846153845,1133.8923076923077,0.912067352666043,0.8935269733868323,20.375384615384615,22.892307692307693,2357,1111,2393,1160,0.66,0.83,30.952955776284014
1540,2262,650.0,683.0,95.76556432746128,1.307230319336281,23.859624740259946,35.20583399794219,2368.607692307692,1389.956923076923,0.9516837481698389,0.7353219805537015,11.607692307692307,16.956923076923076,2357,1373,2382,1407,0.89,0.94,15.101219850492242
1541,2263,11136.0,11619.0,404.74443159664867,-0.4956114642249271,110.27740066128068,133.2659617571372,2416.852191091954,2184.181842672414,0.9584301575006455,0.5614677362220285,59.852191091954026,61.181842672413794,2357,2123,2483,2249,0.85,0.87,118.39644517838731
1542,2267,1260.0,1334.0,135.7582824513509,-0.19674793646696384,36.92576928060814,44.57436989369878,2382.09126984127,1587.7650793650794,0.9445277361319341,0.5601249968649711,22.091269841269842,19.765079365079366,2360,1568,2408,1608,0.86,0.87,101.27282638746509
1543,2268,948.0,1016.0,123.23138008309044,-0.31757724728297965,25.451669024535892,48.416323555446894,2382.8860759493673,522.3512658227849,0.9330708661417323,0.8506801481702668,21.88607594936709,13.35126582278481,2361,509,2406,539,0.78,0.91,108.19583593869723
1544,2269,6359.0,6798.0,324.41732449491,1.152848727028091,80.13640641491442,103.89848804006294,2410.2819625727316,609.9073753734864,0.9354221829949986,0.6364775684348615,47.28196257273156,54.907375373486396,2363,555,2452,660,0.76,0.78,23.946633524260875
1545,2270,1872.0,2048.0,169.46781526806103,1.157529348118957,41.185536686858484,59.45941546921803,2387.8194444444443,2274.6452991452993,0.9140625,0.7212581495156524,24.819444444444443,27.645299145299145,2363,2247,2411,2307,0.82,0.86,23.67845369025433
1546,2271,666.0,698.0,97.66168322539832,0.6790475110312166,26.71091302831682,32.725229652998,2380.1246246246246,1106.0465465465466,0.9541547277936963,0.5777444062175545,15.124624624624625,13.046546546546546,2365,1093,2394,1123,0.88,0.89,51.09344352904807
1547,2272,330.0,345.0,66.86370526615038,-0.9669040047481147,18.185915546235847,23.586367599418374,2375.7636363636366,630.4515151515152,0.9565217391304348,0.6367927365095952,9.763636363636364,10.451515151515151,2366,620,2386,642,0.93,0.95,145.3995186663643
1548,2273,1156.0,1245.0,140.29645016452378,-1.3905750966444586,26.630476303894767,57.16041228931845,2382.3814878892736,1906.2058823529412,0.9285140562248996,0.8848425369414272,15.381487889273357,28.205882352941178,2367,1878,2398,1932,0.74,0.91,169.67408413372402
1549,2274,932.0,1074.0,138.11447694154327,-0.6538107643364542,23.35503846568121,56.31518015463281,2396.274678111588,1188.6845493562232,0.8677839851024208,0.9099490201148253,26.27467811158798,16.684549356223176,2370,1172,2422,1211,0.61,0.81,127.4605973967013
1550,2275,411.0,443.0,78.47045644990025,1.3998205468466263,18.44852919526091,29.42382079171679,2378.7761557177614,1460.4768856447688,0.927765237020316,0.779024902149478,8.776155717761558,12.476885644768856,2370,1448,2389,1477,0.84,0.91,9.796190589993373
1551,2276,836.0,893.0,119.20910449108871,-1.1836517317609718,23.203112483626008,48.06470654442015,2385.4832535885166,1796.8062200956938,0.9361702127659575,0.8757596362074664,15.483253588516746,22.80622009569378,2370,1774,2400,1818,0.74,0.89,157.81824864325472
1552,2277,1150.0,1299.0,139.55052024722502,-1.5199211449670156,30.98323546713195,50.58353290621069,2391.614782608696,1261.878260869565,0.8852963818321786,0.7904580024678969,19.614782608695652,26.878260869565217,2372,1235,2409,1286,0.74,0.81,177.08506679930176
1553,2278,1219.0,1414.0,149.03111473691024,0.3715322171940738,34.29164449931305,50.016524388341075,2394.0689089417556,1980.6406890894175,0.862093352192362,0.7279725227459614,21.068908941755538,20.640689089417556,2373,1960,2421,2000,0.69,0.73,68.71277200164174
1554,2279,1729.0,1790.0,155.60015436913326,-0.8294592201875075,41.31226436442569,54.34887102814112,2395.3782533256217,2048.1295546558704,0.9659217877094972,0.6497697960409979,21.378253325621746,22.129554655870447,2374,2026,2421,2075,0.9,0.92,137.52451259495663
1555,2280,724.0,753.0,100.57323808286046,-1.2124425941645833,24.526900627538712,37.94732579313263,2387.8660220994475,1369.493093922652,0.9614873837981408,0.7630489605339372,12.866022099447514,17.493093922651934,2375,1352,2402,1388,0.9,0.96,159.4678435475235
1556,2281,3903.0,4135.0,243.91599612595957,-0.7857840619625093,67.74550356961515,77.57649786155417,2414.8652318729182,2091.893927747886,0.9438935912938331,0.4872302427482292,39.865231872918265,39.89392774788624,2375,2052,2448,2131,0.82,0.83,135.02211035909815
1557,2283,1181.0,1360.0,158.78121526882174,0.4492463004340062,25.30762518838308,64.4451988048365,2408.4403048264185,1514.6892464013547,0.8683823529411765,0.9196666588537545,32.44030482641829,19.689246401354783,2376,1495,2438,1537,0.59,0.8,64.26008302326524
1558,2284,1457.0,1514.0,147.78564098125747,0.29594194056926676,31.666324594857908,59.1828008742926,2405.4241592312974,2010.8483184625943,0.9623513870541611,0.844814326088222,28.424159231297185,17.84831846259437,2377,1993,2433,2029,0.84,0.97,73.04377582446958
1559,2286,423.0,444.0,78.70049424602792,-0.7152909682108884,18.810130906555408,29.151809132878267,2393.952718676123,1296.387706855792,0.9527027027027027,0.7639736320915819,13.952718676122931,11.387706855791961,2380,1285,2407,1308,0.86,0.92,130.98315360231024
1560,2287,329.0,349.0,70.56065828700996,1.2968681963771171,16.35221043270357,26.409269492119638,2388.449848024316,1488.5136778115502,0.9426934097421203,0.7852455348162887,8.44984802431611,13.513677811550153,2380,1475,2399,1502,0.83,0.9,15.694925762847944
1561,2288,8980.0,10592.0,418.65156074167504,1.2344265488815043,93.83148153261159,136.69290509194826,2431.901670378619,2441.021380846325,0.847809667673716,0.7271864194436695,51.90167037861915,73.02138084632517,2380,2368,2499,2498,0.64,0.68,19.272568630190193
1562,2289,301.0,318.0,63.856865633673735,-1.2008053228542315,17.20227722832266,22.63659296385201,2389.21926910299,1397.5016611295682,0.9465408805031447,0.6500022781867472,8.219269102990033,10.501661129568106,2381,1387,2400,1409,0.93,0.95,158.80107701639167
1563,2290,295.0,326.0,68.98986196021505,-0.862959540986785,16.912581144051867,23.002444003385456,2391.0440677966103,1164.7661016949153,0.9049079754601227,0.6777944022812927,9.04406779661017,10.766101694915255,2382,1154,2402,1176,0.78,0.81,139.44393958908955
1564,2292,554.0,598.0,89.75188506250801,-0.34108639450129613,23.47503094607176,31.34051080994602,2399.1462093862815,1314.3592057761732,0.9264214046822743,0.6625343450063366,16.146209386281587,12.359205776173285,2383,1302,2414,1328,0.86,0.89,109.54281085425848
1565,2293,4864.0,5137.0,286.72498433229686,-0.7632386883157293,58.83864059555428,109.67591698006568,2431.2911184210525,792.3334703947369,0.9468561417169554,0.8439147462647852,47.29111842105263,52.33347039473684,2384,740,2472,834,0.74,0.86,133.73035560159218
1566,2294,1854.0,1969.0,166.13565306444224,-0.7627375415700692,42.577864068910216,56.763318703760504,2410.2006472491908,1213.2330097087379,0.941594718131031,0.6613304414570739,26.20064724919094,27.233009708737864,2384,1186,2436,1242,0.84,0.87,133.70164200814915
1567,2295,470.0,488.0,84.61888873596669,0.2715469248532849,17.92081630895176,34.15746637870008,2400.978723404255,1345.9191489361701,0.9631147540983607,0.8513161910882316,16.97872340425532,9.919148936170213,2384,1336,2418,1356,0.82,0.96,74.44150726615065
1568,2296,589.0,616.0,89.52184726638035,-1.0450795939899509,22.555895639937376,33.37505918870344,2396.9983022071306,2680.6162988115448,0.9561688311688312,0.737056728409622,12.99830220713073,14.616298811544992,2384,2666,2410,2696,0.92,0.98,149.8786499908698
1569,2297,1416.0,1526.0,149.81651290030766,-0.12999504583706345,35.10433503854157,53.39877651687361,2411.3312146892654,1470.3114406779662,0.927916120576671,0.7535421343851673,25.331214689265536,16.3114406779661,2386,1454,2440,1492,0.79,0.85,97.44816748407342
1570,2298,21481.0,22012.0,542.8194402920933,-1.4686540220035078,147.35864097220957,187.70097459554586,2456.730319817513,1089.421349099204,0.9758767944757405,0.6194054519058005,68.73031981751315,91.42134909920395,2388,998,2533,1187,0.92,0.94,174.14767702571453
1571,2299,1397.0,1567.0,153.2834281250396,-1.188590406931492,33.799446231474036,55.61801855599051,2408.3700787401576,1553.3450250536864,0.8915124441608169,0.7941614984419402,20.37007874015748,29.34502505368647,2388,1524,2429,1580,0.75,0.82,158.10121388691158
1572,2300,1363.0,1444.0,140.24063363560796,-0.8747761846366193,37.17425846456425,48.64472458561847,2412.519442406456,1950.8297872340424,0.9439058171745153,0.6449803243422438,23.519442406456346,22.829787234042552,2389,1928,2435,1975,0.87,0.89,140.12098339823513
1573,2301,1094.0,1619.0,178.4883341654909,1.4313412428017687,27.382610398014485,71.0932862261924,2410.245886654479,883.4168190127971,0.6757257566399012,0.9228479311833601,20.245886654478976,24.416819012797074,2390,859,2423,927,0.43,0.59,7.990187744448633
1574,2302,571.0,607.0,91.8780417565727,-0.026487795194655148,23.973483824274012,31.26575954045724,2408.5323992994745,2246.2486865148862,0.9406919275123559,0.6419281449482885,18.532399299474605,12.248686514886165,2390,2234,2424,2259,0.85,0.87,91.51763887326064
1575,2303,243.0,272.0,63.30150526640395,0.8301689096794563,13.83874495036897,23.35111098749134,2402.5061728395062,1611.2469135802469,0.8933823529411765,0.8054692714656007,10.506172839506172,9.246913580246913,2392,1602,2412,1622,0.76,0.84,42.434825192389916
1576,2305,21129.0,21814.0,566.532486497947,1.2139742489205056,134.53639831822153,204.0880128866488,2464.3760708031614,1815.3810402763975,0.9685981479783625,0.7519608711652214,71.37607080316153,111.38104027639737,2393,1704,2547,1907,0.83,0.88,20.44439909929099
1577,2307,4968.0,5841.0,302.3145428619498,-0.07698069750033339,63.43705975547613,110.6265284425079,2448.829106280193,433.41143317230274,0.8505392912172574,0.8192514631854663,52.82910628019324,37.411433172302736,2396,396,2502,472,0.68,0.76,94.41066907074239
1578,2309,529.0,560.0,89.2918094702527,1.3711779271441007,20.01547895172106,34.04478540289748,2406.357277882798,1874.319470699433,0.9446428571428571,0.8089218799238794,10.357277882797732,15.319470699432893,2396,1859,2418,1891,0.83,0.92,11.437291813146345
1579,2311,806.0,857.0,113.75078559340524,1.118846143952733,26.51960877298989,41.251922468178286,2410.9205955334987,1438.498759305211,0.94049008168028,0.7659755994186244,13.920595533498759,21.498759305210918,2397,1417,2429,1456,0.78,0.84,25.894838027021848
1580,2312,1433.0,1614.0,157.26623547094266,-1.4485805664657097,36.5093237788178,53.42604388735799,2423.836706210747,1328.060013956734,0.8878562577447335,0.7300797834021083,22.836706210746684,27.060013956734124,2401,1301,2440,1357,0.73,0.77,172.9975527431552
1581,2313,344.0,377.0,80.3665753478373,-1.4298839251151734,13.650387378249924,33.33690627987824,2411.2383720930234,1281.6889534883721,0.9124668435013262,0.9123246007536396,9.238372093023257,15.688953488372093,2402,1266,2418,1299,0.67,0.89,171.92631410269968
1582,2314,8646.0,9269.0,379.40477253508413,1.4893449702626484,82.17183243226083,141.35462693415892,2446.618204950266,527.3576220217442,0.9327867083827813,0.8136772522342083,43.61820495026602,65.35762202174416,2403,462,2490,608,0.75,0.84,4.666818964913148
1583,2315,926.0,1049.0,135.10763730906666,-0.6189158126171842,25.414714393242377,50.86244762710474,2426.6166306695463,751.6252699784018,0.882745471877979,0.8662127245761372,22.616630669546435,19.62526997840173,2404,732,2455,771,0.64,0.76,125.46126393687436
1584,2316,2359.0,2473.0,206.7790163306162,-0.5092560625392208,33.645305545836784,90.42767597913631,2441.68376430691,1236.944891903349,0.9539021431459765,0.9282052043622081,37.68376430690971,26.944891903348875,2404,1210,2483,1266,0.69,0.97,119.17822307494765
1585,2317,13211.0,13790.0,446.6332686184753,-0.6054350202656282,105.33023825532362,164.20169533882026,2478.712436605859,2274.78911513133,0.9580130529369109,0.7671492575912385,70.71243660585876,59.78911513132995,2408,2215,2557,2344,0.83,0.89,124.68887143063796
1586,2318,421.0,446.0,78.83524726714107,1.1634255175521473,18.985748203886143,29.005734668859546,2419.8598574821854,1496.895486935867,0.9439461883408071,0.756017384493247,10.859857482185273,14.895486935866984,2409,1482,2432,1512,0.85,0.91,23.340628066438484
1587,2319,8716.0,9192.0,395.11273580303316,-1.0380785107518058,69.37800555684831,166.25881182855633,2468.7231528223956,673.2249885268471,0.9482158398607484,0.9087737500081039,57.7231528223956,79.22498852684718,2411,594,2520,742,0.7,0.92,149.47751746930433
1588,2320,5906.0,6684.0,321.9263769836045,-0.07744363242313841,83.95940426108581,99.60472391823356,2462.72959701998,917.4446325770404,0.8836026331538002,0.5380296286211219,48.72959701997968,47.444632577040295,2414,870,2517,958,0.72,0.72,94.43719328800833
1589,2321,662.0,715.0,103.9448685325779,0.5680302905667084,20.99405998320915,40.77801436198581,2432.818731117825,1627.1450151057402,0.9258741258741259,0.8572876535798833,17.818731117824772,15.145015105740182,2415,1612,2452,1643,0.77,0.9,57.45426171493779
1590,2322,1110.0,1225.0,135.98832024747858,0.6534748265729288,32.046694115709954,47.9955895520337,2435.457657657658,1986.10990990991,0.9061224489795918,0.744429731856057,20.45765765765766,22.10990990990991,2415,1964,2462,2005,0.75,0.8,52.55865041932776
1591,2323,222.0,241.0,58.953907103260065,-0.7519480357949156,13.66198530068547,21.420974583917083,2425.3828828828828,1568.626126126126,0.921161825726141,0.7702140977131787,8.382882882882884,8.626126126126126,2417,1560,2437,1579,0.8,0.86,133.08344886420082
1592,2324,2311.0,2575.0,196.4340871853362,-0.9522178797131712,48.64700477011108,64.05256374296724,2447.2371267849417,2029.0510601471224,0.8974757281553398,0.6505240238978841,29.237126784941584,28.051060147122456,2418,2001,2475,2059,0.75,0.77,144.5580656844606
1593,2325,11221.0,12292.0,460.67515078461497,-0.7983623137422738,81.84902281078888,183.03263139704993,2494.349255859549,816.7533196684788,0.912870159453303,0.8944426476034705,75.34925585954906,80.75331966847874,2419,736,2561,886,0.66,0.84,135.74279109973156
1594,2327,833.0,932.0,119.66918008334402,0.7921494986416905,27.253327416377783,42.21827331335257,2444.187274909964,1199.0216086434573,0.8937768240343348,0.7637316018706083,21.187274909963985,17.021608643457384,2423,1182,2463,1218,0.73,0.78,44.613176984427
1595,2328,1323.0,1476.0,189.61866147416833,-0.6933748508479051,21.020013624236523,84.09756695693014,2455.9160997732424,1558.7528344671202,0.8963414634146342,0.968259276879886,32.91609977324263,29.75283446712018,2423,1529,2491,1590,0.46,0.86,129.72745257409792
1596,2329,1784.0,2045.0,180.32863653451213,-1.564394243909921,45.475138772803135,56.552192757048196,2447.951793721973,1524.445067264574,0.8723716381418093,0.594457692315211,22.951793721973093,30.44506726457399,2425,1494,2476,1552,0.69,0.7,179.63318767059798
1597,2330,791.0,813.0,101.8187118385132,-1.5651378825078224,28.669850426269107,35.44840589742751,2439.739570164349,1431.2932996207333,0.972939729397294,0.5881156265193304,13.739570164348926,18.29329962073325,2426,1413,2456,1449,0.96,0.98,179.67579502374073
1598,2332,1050.0,1192.0,134.87759951293899,0.42840542413626803,33.804310111245464,42.672779443470645,2447.841904761905,1609.1028571428571,0.8808724832214765,0.6102939702981518,21.84190476190476,18.102857142857143,2426,1591,2471,1633,0.73,0.74,65.45417727647987
1599,2334,2841.0,3121.0,216.73603469537386,-0.0907036644019657,44.392701807514214,85.63196185154794,2468.324181626188,1922.89264343541,0.9102851650112144,0.8551305215101296,40.324181626187965,23.89264343541007,2428,1899,2507,1947,0.76,0.89,95.19693715660364
1600,2335,1117.0,1311.0,142.65264465471614,-1.2636317393055354,32.89164166902371,46.76839646485821,2450.022381378693,1469.018800358102,0.8520213577421816,0.7109052680589704,20.022381378692927,21.01880035810206,2430,1448,2467,1491,0.69,0.72,162.40076552098267
1601,2336,1256.0,1334.0,138.66983730881307,-0.24164469553380152,34.070897379892926,49.36926095646001,2456.014331210191,1284.187101910828,0.9415292353823088,0.7236914184421912,24.014331210191084,21.187101910828027,2432,1263,2483,1303,0.82,0.86,103.8452211958106
1602,2337,151.0,160.0,46.88708032725487,-0.8154680101163366,12.06516233469265,16.68979917620211,2437.701986754967,1684.569536423841,0.94375,0.6909459915342914,5.701986754966887,6.569536423841059,2432,1678,2447,1693,0.86,0.9,136.7228753075976
1603,2338,1867.0,2168.0,187.31828351289184,0.9707746238493749,46.36689114506341,60.80720159227279,2463.317086234601,1700.504552758436,0.8611623616236163,0.6469610809227812,31.317086234600964,23.504552758435995,2432,1677,2487,1736,0.67,0.69,34.37871119503079
1604,2339,1886.0,1946.0,171.26864939098357,0.9150860795381994,37.15322097491465,66.66747905212172,2460.465005302227,1970.9374337221634,0.9691675231243576,0.8303169019921519,27.465005302226935,24.93743372216331,2433,1946,2484,2006,0.81,0.92,37.56942975128841
1605,2342,214.0,231.0,56.827750409195374,0.3229953042321774,15.375815858286227,18.22513417290431,2444.6355140186915,1672.8644859813085,0.9264069264069265,0.5368779023075642,8.63551401869159,8.86448598130841,2436,1664,2454,1682,0.83,0.84,71.49373226495221
1606,2343,1896.0,1948.0,161.42326408405756,0.2615175463087558,40.642648449872766,59.708053227696695,2469.293776371308,1656.084388185654,0.973305954825462,0.7325719920897351,29.293776371308017,20.08438818565401,2440,1636,2500,1679,0.91,0.97,75.01614832789123
1607,2345,8472.0,9276.0,380.74553106575144,-1.1400786018743598,92.29081199265353,123.86884969279971,2493.9209159584516,2106.4490084985837,0.9133247089262613,0.6669876474318639,51.92091595845137,56.44900849858357,2442,2050,2547,2176,0.73,0.76,155.32169220057648
1608,2347,2859.0,2949.0,197.77484571600345,1.102972088093887,54.6923851546932,67.2135009327998,2475.7569080097937,976.6474291710389,0.9694811800610377,0.58126923355001,28.756908009793634,31.647429171038826,2447,945,2504,1009,0.92,0.93,26.80435443148864
1609,2348,559.0,645.0,107.0864611861677,0.7964329976797802,16.348947609407023,48.00250405339967,2466.227191413238,1505.5957066189624,0.8666666666666667,0.940213618405692,19.227191413237925,15.595706618962433,2447,1490,2482,1527,0.61,0.91,44.36775056799611
1610,2349,418.0,606.0,103.84958375756341,1.4135626816685891,20.624210135054724,37.37383492304479,2458.6172248803828,1583.6124401913876,0.6897689768976898,0.8339529626584137,11.617224880382775,15.61244019138756,2447,1568,2472,1602,0.49,0.55,9.008824263195137
1611,2351,574.0,605.0,91.64800396044504,-0.3701226793862625,21.483515495709963,34.30017918305471,2468.015679442509,1436.2003484320558,0.9487603305785124,0.7795513770238285,16.01567944250871,12.20034843205575,2452,1424,2485,1449,0.86,0.93,111.20646743090656
1612,2354,594.0,626.0,93.40936983726894,-0.5743259989554474,24.758172058872926,32.15164799681743,2471.8569023569025,1624.8973063973065,0.9488817891373802,0.6379912165010206,15.856902356902356,13.897306397306398,2456,1611,2485,1638,0.86,0.88,122.90645580478207
1613,2356,158.0,174.0,51.4647162865264,0.5301560643797587,12.918155308561854,17.701117574204346,2464.76582278481,1381.8354430379748,0.9080459770114943,0.6836679599190975,6.765822784810126,8.835443037974683,2458,1373,2476,1388,0.75,0.78,59.62429502777387
1614,2357,589.0,617.0,90.7673210220331,-0.40445556025465884,23.310897901190977,32.41747600845075,2474.288624787776,2718.6859083191853,0.9546191247974068,0.6949228560050339,16.28862478777589,12.68590831918506,2458,2706,2491,2732,0.9,0.94,113.17359660319111
1615,2359,1298.0,1641.0,167.0163360028542,-0.3640035802761651,28.69522053633685,64.26807839074273,2490.2942989214175,1581.3058551617873,0.7909811090798293,0.8947873324937735,30.294298921417564,20.305855161787367,2460,1561,2518,1603,0.58,0.74,110.85586887747571
1616,2360,699.0,737.0,99.46251734832086,1.485370304750737,28.271983409985253,32.10233829823891,2475.749642346209,1366.450643776824,0.9484396200814111,0.4737060944399835,14.74964234620887,15.450643776824034,2461,1351,2491,1384,0.89,0.89,4.894550523721875
1617,2361,4160.0,4368.0,271.4212801276874,1.096930131496273,46.64149699712513,114.76666913688594,2494.8430288461536,2445.6314903846155,0.9523809523809523,0.913694015987632,33.84302884615385,51.63149038461538,2461,2394,2533,2500,0.71,0.94,27.150533044533148
1618,2362,983.0,1108.0,128.72916722687256,1.5263881410183477,29.319693558876104,45.342157457671846,2478.947100712106,750.971515768057,0.8871841155234657,0.7628020411358443,16.947100712105797,22.971515768056967,2462,728,2497,774,0.75,0.8,2.5444016208291345
1619,2363,3018.0,3515.0,240.35379612621313,-0.5651639882014832,48.22292483631348,89.09370300641872,2495.4307488402915,1467.1332007952287,0.8586059743954481,0.8408548011035644,33.430748840291585,30.13320079522863,2462,1437,2544,1507,0.66,0.75,122.38151125672644
1620,2364,739.0,788.0,110.87869898204175,-0.5214274467928202,22.88447482535059,42.813076287035074,2483.8809201623817,1560.4884979702301,0.9378172588832487,0.8451553929720792,21.880920162381596,17.48849797023004,2462,1543,2503,1576,0.76,0.87,119.87559202351089
1621,2365,1885.0,1937.0,159.52714518612052,0.158883688314085,44.81493475924643,54.612349501283894,2491.6583554376657,2376.5480106100795,0.9731543624161074,0.5715018942513864,29.658355437665783,23.548010610079576,2462,2353,2517,2400,0.93,0.94,80.8966352261309
1622,2367,855.0,1441.0,167.99230371628062,-1.1086707388097585,36.32904786429694,54.03677193671595,2483.4397660818713,1307.9426900584795,0.5933379597501734,0.7402766864214697,17.439766081871344,17.94269005847953,2466,1290,2512,1335,0.38,0.4,153.52215420345001
1623,2368,1584.0,1645.0,150.83194885983278,-1.417153927695356,38.65460382810302,53.48876465756365,2487.620580808081,1401.9463383838383,0.9629179331306991,0.6911956020731232,21.62058080808081,26.946338383838384,2466,1375,2506,1431,0.87,0.91,171.19693897733174
1624,2370,6341.0,6582.0,311.4698147804929,-0.7953963290348532,70.5915955411372,118.06093459941998,2520.3513641381487,2006.739788676865,0.9633849893649347,0.8015519825430505,47.351364138148554,49.73978867686485,2473,1957,2571,2058,0.82,0.9,135.57285269389604
1625,2373,1049.0,1136.0,141.35135437014756,-0.526381668531667,23.795692059874828,59.517330094736,2500.938989513823,461.6682554814109,0.9234154929577465,0.916597537682351,23.938989513822687,16.668255481410867,2477,445,2532,483,0.66,0.89,120.15944801991878
1626,2376,733.0,765.0,106.16631000165708,1.5685212479493886,25.090459188741402,38.79159420587903,2491.043656207367,1709.2742155525239,0.9581699346405229,0.762658436432524,11.043656207366984,20.274215552523874,2480,1689,2507,1730,0.82,0.88,0.13035241590709745
1627,2378,532.0,558.0,87.16565277618801,-0.4680399540208573,21.752126619354122,31.714846307587912,2494.2631578947367,2182.1428571428573,0.953405017921147,0.7277280968224094,13.263157894736842,12.142857142857142,2481,2170,2509,2195,0.88,0.93,116.81671400889223
1628,2379,1503.0,1587.0,153.70403547119622,0.4534208547204059,32.79722654047218,59.79495684075973,2508.7990685296077,1321.2541583499667,0.947069943289225,0.8361539257002585,26.799068529607453,19.254158349966733,2482,1302,2534,1344,0.8,0.91,64.02089868130629
1629,2381,859.0,882.0,106.26159477667157,-0.8766804658396614,28.903012259095593,38.00031398252094,2498.849825378347,1509.3050058207218,0.9739229024943311,0.6492216132182694,15.849825378346916,16.30500582072177,2483,1493,2516,1526,0.96,0.98,140.23009067417553
1630,2382,1986.0,2094.0,172.01457930828235,-1.506597846061843,40.684371651509885,64.13450953143696,2502.2885196374623,1618.356495468278,0.9484240687679083,0.773037714221422,19.288519637462237,29.356495468277945,2483,1589,2526,1653,0.84,0.91,176.3216980028441
1631,2383,3764.0,4057.0,252.9759832694881,1.3282104932275072,57.84768791919548,90.13399548912305,2510.415515409139,549.797821466525,0.9277791471530688,0.7668749443014349,26.415515409139214,53.79782146652497,2484,496,2547,593,0.74,0.79,13.899144433074426
1632,2384,1330.0,1497.0,152.78388428668563,1.4613673871898172,29.21641556199618,61.0637441183828,2498.7203007518797,1218.2639097744361,0.8884435537742151,0.8781106287698751,13.7203007518797,29.26390977443609,2485,1189,2517,1246,0.72,0.87,6.2698163959630335
1633,2385,295.0,337.0,71.11601865427974,-1.161983188861018,15.994750265388472,26.215810651133577,2495.3593220338985,1676.2881355932204,0.8753709198813057,0.7923102002651169,10.359322033898305,12.288135593220339,2485,1664,2505,1688,0.73,0.8,156.5767325868892
1634,2386,497.0,521.0,81.70733387850456,-1.486548349572811,23.025472609542906,27.547462364141108,2499.080482897384,2709.0160965794767,0.9539347408829175,0.5489619808828978,11.080482897384305,13.01609657947686,2488,2696,2512,2723,0.94,0.95,175.17294647266021
1635,2387,3744.0,4104.0,247.15287355456383,1.1222720072725048,51.6571928122378,96.65118719704336,2526.90625,1750.1629273504273,0.9122807017543859,0.8451872315875084,37.90625,42.16292735042735,2489,1708,2556,1797,0.77,0.89,25.698550517610244
1636,2388,769.0,861.0,114.21086118566056,0.26595758740562014,31.100864234049116,35.28255278883148,2504.5344603381013,1950.4564369310792,0.8931475029036005,0.47222137763905075,15.53446033810143,20.456436931079324,2489,1930,2527,1965,0.74,0.75,74.76175271217627
1637,2389,247.0,271.0,61.40538636846691,0.913590943570557,14.943176763038313,22.2141539053092,2500.4898785425103,1542.6842105263158,0.9114391143911439,0.7399269860994708,9.489878542510121,8.68421052631579,2491,1534,2510,1555,0.82,0.87,37.65509473203253
1638,2390,17192.0,17516.0,506.126187806188,-0.1719149580708116,118.29446999691093,187.44742782858293,2592.8696486738017,484.4919148441135,0.9815026261703585,0.7757171147739456,100.86964867380176,66.49191484411354,2492,418,2693,551,0.84,0.91,99.85000153262601
1639,2391,3872.0,5257.0,309.24837331141373,-0.1262975030979062,71.71013184756183,88.57462412623696,2531.7644628099174,724.6859504132232,0.7365417538520068,0.5869801671371327,39.764462809917354,50.68595041322314,2492,674,2578,763,0.51,0.52,97.23631389055046
1640,2392,2014.0,2106.0,184.08140608428755,-1.1406436419435146,41.21535952170817,66.57798249836402,2519.2135054617675,675.0357497517379,0.956315289648623,0.7853485038997238,26.213505461767628,34.03574975173783,2493,641,2545,706,0.75,0.81,155.35406661179485
1641,2393,260.0,282.0,60.619988205069454,-0.724055051486469,17.984062031249596,19.319616862049912,2504.4384615384615,1432.5153846153846,0.9219858156028369,0.36534921949816107,9.438461538461539,9.515384615384615,2495,1423,2515,1442,0.89,0.89,131.4852985853022
1642,2394,468.0,565.0,95.11491918517699,0.5721316547483258,23.168780577442988,30.38705187692445,2512.991452991453,919.5491452991453,0.8283185840707965,0.6470404332141764,14.991452991452991,9.5491452991453,2498,910,2529,940,0.65,0.67,57.219270857084986
1643,2395,206.0,215.0,52.57543702106599,-0.8219325521539186,15.054654068552486,17.612240706345514,2506.78640776699,1484.3543689320388,0.958139534883721,0.5189846245409441,7.786407766990291,8.354368932038835,2499,1476,2515,1493,0.94,0.95,137.09326628283594
1644,2397,444.0,489.0,95.80503257355994,-0.8437608807841702,14.268643504246395,42.454031357949354,2514.8355855855857,869.5518018018018,0.9079754601226994,0.9418276205960523,13.835585585585585,15.551801801801801,2501,854,2532,887,0.61,0.91,138.34393738717395
1645,2398,469.0,526.0,94.52009057180852,1.5637940402191985,15.493193517283446,41.12514533648093,2509.040511727079,973.9019189765459,0.8916349809885932,0.9263219494796591,8.040511727078892,18.901918976545844,2501,955,2518,993,0.66,0.92,0.40120146772861176
1646,2399,3403.0,3610.0,233.88004126900455,0.3046558973685832,51.86184026882355,87.42555683096708,2538.84807522774,1677.5571554510725,0.9426592797783934,0.8050467005424596,37.84807522774023,34.55715545107258,2501,1643,2588,1704,0.78,0.86,72.54450287700942
1647,2400,774.0,1187.0,149.58647510418,0.3371696442553819,21.123663614608333,66.08043572203579,2533.107235142119,1708.735142118863,0.6520640269587195,0.9475303142086543,32.10723514211886,15.735142118863049,2501,1693,2556,1729,0.43,0.67,70.68160240423924
1648,2401,690.0,734.0,102.14403440965535,-1.0473671129645785,24.942146019749284,36.76958279575992,2519.2608695652175,1149.6782608695653,0.9400544959128065,0.734751484054425,16.26086956521739,18.678260869565218,2503,1131,2533,1165,0.83,0.88,150.00971517367208
1649,2402,428.0,451.0,77.26445094034618,0.06440311846407179,21.10192278728375,26.27269479617702,2516.7359813084113,1534.6004672897195,0.9490022172949002,0.5957251461282572,13.735981308411215,10.600467289719626,2503,1524,2531,1547,0.9,0.92,86.30997312452762
1650,2403,877.0,922.0,111.62462889934055,0.12902648655365098,29.00276450048874,38.9167142832279,2522.672748004561,1415.1060433295324,0.9511930585683297,0.6667827619908657,18.672748004561004,15.106043329532497,2504,1400,2543,1430,0.88,0.91,82.60732687507434
1651,2404,260.0,293.0,64.6422637970712,0.8859202822819288,16.44107540302892,21.403199684899473,2513.9269230769232,1556.1076923076923,0.8873720136518771,0.6402582905321641,9.926923076923076,10.107692307692307,2504,1546,2524,1567,0.78,0.8,39.240506840206955
1652,2405,5715.0,5942.0,284.0598155537796,0.28467566545022815,73.94275844315494,99.5248414730679,2551.748731408574,1922.0587926509186,0.9617973746213396,0.6693382477094808,45.74873140857393,38.05879265091863,2506,1884,2601,1959,0.89,0.92,73.68928583962374
1653,2406,4090.0,4450.0,250.29446620815364,-0.2782540419550127,61.22602649654747,87.72117263971082,2548.6823960880197,1191.655501222494,0.9191011235955057,0.7161350030293164,40.68239608801956,32.65550122249389,2508,1159,2593,1225,0.82,0.86,105.94278223647837
1654,2407,646.0,765.0,112.64006485886564,0.8280632445430152,23.677879189920386,41.086354127874145,2520.311145510836,1293.8034055727553,0.8444444444444444,0.8172414253608742,12.311145510835914,21.80340557275542,2508,1272,2541,1309,0.64,0.71,42.555470917775835
1655,2408,12721.0,13696.0,470.90167519159894,-0.5565129111600012,90.23964339605426,185.92118977979698,2594.5369860859996,1349.5300683908497,0.928811331775701,0.8743116092388917,86.53698608599953,70.53006839084978,2508,1279,2678,1409,0.72,0.87,121.885841054007
1656,2409,7132.0,7510.0,328.6696378830394,0.851418012423779,76.96635012514919,120.71832932023827,2558.042765002804,1268.758272574313,0.9496671105193076,0.7703926699120869,47.04276500280426,52.758272574312954,2511,1216,2614,1325,0.83,0.89,41.217341286700375
1657,2410,6847.0,7438.0,340.14163604567614,-1.116096172228112,75.29393495246158,121.0388587249023,2552.8799474222287,2156.994450124142,0.9205431567625706,0.7829662773108267,41.87994742222871,55.99445012414196,2511,2101,2605,2220,0.74,0.81,153.94760019937706
1658,2411,456.0,506.0,89.42656249136587,-0.7912375934516234,18.110728682880946,33.87215769707062,2525.2565789473683,1478.5263157894738,0.9011857707509882,0.8450552957690203,13.256578947368421,14.526315789473685,2512,1464,2539,1494,0.72,0.83,135.33457469686607
1659,2412,4005.0,4303.0,264.0273740859682,-0.3934799480249485,53.23472439886206,97.53217390564356,2562.431210986267,925.9558052434456,0.9307459911689518,0.8379043723548318,49.43121098626717,30.955805243445692,2513,895,2613,960,0.72,0.82,112.54474034485654
1660,2413,461.0,486.0,85.26953387825097,-1.1334226331007713,19.587910866246954,31.630316656169565,2523.3383947939265,1582.0043383947939,0.948559670781893,0.7851730082128165,9.338394793926247,13.004338394793926,2514,1569,2536,1599,0.8,0.87,154.94033328127898
1661,2414,18642.0,20518.0,557.9325749466738,-0.7568108802488409,129.0269317649271,188.50283770887705,2601.5870614740907,352.663233558631,0.908568086558144,0.7290291010076476,86.58706147409076,80.66323355863105,2515,272,2682,438,0.75,0.79,133.36206932783932
1662,2415,2375.0,2434.0,179.503770125016,0.9892203994140404,48.33904577772133,63.48763748390928,2539.4985263157896,979.52,0.975760065735415,0.6482905423743713,24.498526315789473,29.52,2515,950,2568,1010,0.93,0.95,33.32184610532991
1663,2416,7672.0,9497.0,441.0238484168616,-0.870642626224274,71.22695203650242,159.6053109151591,2575.1406412930137,1000.139598540146,0.8078340528587975,0.8948987108075865,60.14064129301356,71.13959854014598,2515,929,2632,1068,0.5,0.62,139.88414794683695
1664,2417,462.0,481.0,80.04125277669516,-1.1764860699995658,22.53530277284446,26.741387920784437,2527.5714285714284,1631.3246753246754,0.9604989604989606,0.5383638038784725,11.571428571428571,13.324675324675324,2516,1618,2541,1644,0.91,0.92,157.40768646690788
1665,2418,995.0,1057.0,121.70005200239422,0.5964940229409352,30.7042286059445,42.133129716374974,2539.1537688442213,1554.2904522613064,0.9413434247871334,0.6847871626258895,22.153768844221105,17.290452261306534,2517,1537,2561,1573,0.84,0.88,55.8234099807047
1666,2419,6123.0,7812.0,362.51392372086264,0.2830923632695762,72.37727599609569,130.36248024691673,2595.487506124449,585.9482279928139,0.7837941628264209,0.8317167368369889,71.4875061244488,37.94822799281398,2524,548,2651,633,0.59,0.66,73.78000237226895
1667,2421,1950.0,2065.0,170.1184604103453,-1.484017113798782,43.695377457297525,58.320216787737515,2548.7302564102565,1498.0205128205127,0.9443099273607748,0.6623075471608806,23.73025641025641,29.02051282051282,2525,1469,2573,1528,0.85,0.87,175.02791734585583
1668,2422,285.0,293.0,60.9453107762116,-1.540395843167503,17.650207527304453,20.990454939287503,2534.7649122807015,2459.4350877192983,0.9726962457337884,0.5412398293069896,8.764912280701754,9.435087719298245,2526,2450,2543,2471,0.96,0.97,178.2581805929938
1669,2423,1383.0,1437.0,150.50662628869063,0.9248230037296837,33.89969371573809,56.149812017947546,2547.7895878524946,1825.34273318872,0.9624217118997912,0.7971839058897552,20.789587852494577,25.342733188720175,2527,1800,2575,1851,0.77,0.84,37.01154508967753
1670,2424,13968.0,14773.0,489.11693425367054,0.9905022358902509,97.19314576818866,186.33861359355367,2595.2138459335624,675.4757302405499,0.9455086983009544,0.8531936818319426,67.21384593356242,86.47573024054982,2528,589,2659,768,0.73,0.86,33.24840228521713
1671,2425,430.0,496.0,86.74504543003138,-1.2857910325031943,23.243891746396276,26.5971749842277,2541.655813953488,1323.1558139534884,0.8669354838709677,0.4860637944317426,11.655813953488373,11.155813953488373,2530,1312,2557,1338,0.72,0.72,163.6703994982015
1672,2426,9087.0,9344.0,356.00070061755537,-0.8097427932045607,96.72127498033218,123.16449259366976,2582.471112578409,837.7374270936502,0.9724957191780822,0.6191133765482725,51.471112578408714,55.73742709365027,2531,782,2643,897,0.9,0.92,136.39484454175593
1673,2428,517.0,552.0,90.63256800091995,0.1510403505589881,18.887900727241338,36.33306415138797,2547.3442940038685,1151.4023210831722,0.9365942028985508,0.8542549241352279,15.344294003868471,9.402321083172147,2532,1142,2567,1162,0.79,0.92,81.34602537679356
1674,2429,1469.0,1579.0,150.79248061373409,1.4938378758955337,38.111110421129965,50.90821608979922,2553.4397549353303,1444.2314499659633,0.9303356554781508,0.6629948444043139,18.439754935330157,23.23144996596324,2535,1421,2573,1470,0.81,0.84,4.409394434398266
1675,2430,2401.0,2488.0,182.78011579971897,-0.08147345578351944,48.376447519916255,64.17935394870301,2569.1957517700957,1638.9820907955018,0.965032154340836,0.6571387626196911,34.1957517700958,27.982090795501875,2535,1611,2603,1664,0.9,0.93,94.66808515874139
1676,2431,1330.0,1366.0,139.41576722611185,-1.34400942264582,32.568907570471104,52.627830364484545,2551.084962406015,1600.0203007518796,0.9736456808199122,0.7855065675961714,15.084962406015038,26.0203007518797,2536,1574,2568,1629,0.86,0.94,167.00606754342
1677,2432,218.0,228.0,55.16166930738599,0.43636486489685683,15.50492015326249,18.706836670644464,2544.619266055046,896.2614678899082,0.956140350877193,0.5594900095546638,7.6192660550458715,8.261467889908257,2537,888,2556,906,0.9,0.91,64.99813491361374
1678,2433,7135.0,7557.0,325.24219090440613,-0.5899352567110109,83.35893806018161,113.89619911478815,2589.2127540294323,2514.6008409250176,0.9441577345507477,0.681427993755789,51.212754029432375,48.60084092501752,2538,2466,2649,2569,0.85,0.88,123.80080039550771
1679,2434,10560.0,10934.0,387.1240011479455,-1.451666650984759,97.1779578374962,139.16096614474185,2590.3341856060606,2048.233522727273,0.96579476861167,0.7157922125232952,50.33418560606061,69.23352272727273,2540,1979,2642,2116,0.89,0.93,173.17437236131738
1680,2435,295.0,312.0,65.29290893935547,-0.03275424211702966,17.733038300461686,21.543039945667005,2551.2542372881358,1412.8440677966103,0.9455128205128205,0.5678317250948994,9.254237288135593,7.84406779661017,2542,1405,2564,1422,0.87,0.88,91.87667983445544
1681,2436,351.0,417.0,83.83349057256923,-1.4631883303297473,17.272514104056572,30.386022124230497,2551.119658119658,1867.5470085470085,0.841726618705036,0.8227273656309333,8.11965811965812,13.547008547008547,2543,1854,2562,1885,0.63,0.71,173.83451596068826
1682,2437,463.0,499.0,95.5749947774323,0.5424897783635539,16.27379348175028,40.282335569259274,2567.5745140388767,1815.2483801295896,0.9278557114228457,0.9147619458078544,21.574514038876888,12.248380129589632,2546,1803,2583,1829,0.64,0.85,58.91762527078092
1683,2438,2865.0,2975.0,212.3326200033142,-0.9610548260023225,45.84489253338767,83.0816563836461,2579.5912739965097,1065.967190226876,0.9630252100840336,0.83397301384884,32.5912739965096,39.96719022687609,2547,1026,2610,1099,0.8,0.91,145.06438541061277
1684,2439,1112.0,1402.0,165.4060714299606,1.563417670360124,29.33165211246823,59.1574382882951,2569.970323741007,1859.6789568345323,0.7931526390870185,0.868423277923811,22.970323741007196,31.678956834532375,2547,1828,2582,1891,0.51,0.61,0.42276587218951533
1685,2440,1022.0,1173.0,140.20116538950933,1.5512000298786595,28.851295545904307,52.16074868100735,2564.3473581213307,1757.0420743639922,0.8712702472293266,0.8330997833527142,14.347358121330725,23.04207436399217,2550,1734,2581,1789,0.65,0.74,1.12278510738561
1686,2442,1066.0,1156.0,126.46825751169472,0.17605376372920237,32.640754131365924,43.780474656353334,2574.202626641651,1110.905253283302,0.9221453287197232,0.666444042641733,21.202626641651033,14.905253283302065,2553,1096,2595,1130,0.84,0.86,79.91286237092334
1687,2443,2549.0,2694.0,195.4581194719098,0.5223501164136236,46.727196573657125,70.47743266559021,2583.5657120439387,1543.681051392703,0.9461766889383816,0.7486111183195081,30.5657120439388,29.681051392703022,2553,1514,2617,1572,0.84,0.89,60.07154290133214
1688,2444,17327.0,18076.0,517.0986421304708,1.3627549525862177,119.25367589494587,187.9927247479725,2617.633115946211,2249.8364979511744,0.9585638415578668,0.7730438307293293,63.63311594621111,95.83649795117447,2554,2154,2681,2349,0.81,0.88,11.91989270625912
1689,2446,1071.0,1227.0,135.5282446552233,-0.944884033722998,28.332594707303965,51.50121845271036,2575.2549019607845,1787.4341736694678,0.8728606356968215,0.8350760936788799,18.254901960784313,21.434173669467786,2557,1766,2600,1810,0.73,0.83,144.13786726162473
1690,2447,3485.0,4006.0,248.95370767748636,-0.35898587368639545,55.97163287802467,86.5209301500097,2605.7047345767573,1420.7913916786226,0.8699450823764353,0.7625626531687186,45.70473457675753,37.79139167862267,2560,1383,2646,1452,0.71,0.76,110.56837546704693
1691,2448,5085.0,5307.0,278.1808893099394,0.0091944819979157,68.65092310332632,98.97895652857277,2608.444641101278,1487.1097345132744,0.958168456755229,0.7203689257975773,45.44464110127827,35.10973451327433,2563,1452,2665,1526,0.83,0.87,89.47319498671041
1692,2449,683.0,808.0,110.3791551436878,0.33103259342879054,26.607773376314885,37.011468045731164,2582.5007320644218,1968.0629575402636,0.8452970297029703,0.6951071097113238,18.50073206442167,14.062957540263543,2564,1954,2602,1982,0.7,0.73,71.03322951526019
1693,2451,2876.0,3008.0,204.32753706540936,0.9960973734561807,54.07729518091068,68.96088312862497,2602.1216968011126,1154.7159248956884,0.9561170212765957,0.6205416708214126,32.121696801112655,35.71592489568846,2570,1119,2632,1191,0.87,0.88,32.927824516894255
1694,2454,1043.0,1101.0,122.90605751194829,0.5932170709114305,33.61390788654501,40.77461242391061,2591.4400767018215,1602.3614573346117,0.9473206176203451,0.5660320148126712,20.440076701821667,15.361457334611696,2571,1587,2610,1624,0.87,0.88,56.011165501662155
1695,2455,560.0,589.0,93.31408506225443,0.18577162129095853,19.134144266575042,37.60996642123337,2590.0035714285714,1227.044642857143,0.9507640067911715,0.8609131428689304,18.00357142857143,10.044642857142858,2572,1217,2609,1238,0.81,0.95,79.35607014672541
1696,2456,343.0,370.0,79.25585461329771,0.4964094685861556,15.309457960625682,30.943087101297525,2589.6880466472303,1679.4460641399417,0.927027027027027,0.8690286218695678,15.68804664723032,9.446064139941692,2574,1670,2604,1690,0.69,0.82,61.557832539681264
1697,2458,1210.0,1280.0,141.25606959513308,-0.4207142160524636,32.07849809774409,50.92278316281198,2609.8462809917355,886.707438016529,0.9453125,0.7766406159875155,30.846280991735537,21.707438016528926,2579,865,2634,905,0.76,0.82,114.10514896096123
1698,2459,1101.0,1186.0,133.8621635534139,0.1971682808996149,35.27013148732134,43.54907184776955,2601.542234332425,1204.6721162579472,0.9283305227655987,0.5865762760713725,22.542234332425068,22.67211625794732,2579,1182,2627,1221,0.77,0.79,78.70308965060218
1699,2460,991.0,1041.0,121.98590632743768,1.263137515499268,29.7382744516741,44.10098446518126,2594.3965691220988,1753.4611503531787,0.951969260326609,0.7384372160977312,15.39656912209889,19.461150353178606,2579,1734,2608,1778,0.84,0.89,17.62755141725134
1700,2461,11964.0,12450.0,416.85072661875256,0.02292549885183331,124.6581770419746,128.30012723273992,2634.3879973253092,1855.6102474088934,0.9609638554216867,0.23657256818100691,55.387997325309264,68.61024740889334,2579,1787,2706,1922,0.87,0.87,88.68646567255794
1701,2462,512.0,579.0,103.94486853257789,-0.8281712639187673,18.880187914446807,40.12574371291323,2594.845703125,1792.28515625,0.8842832469775475,0.8823863666890096,12.845703125,13.28515625,2582,1779,2614,1815,0.6,0.73,137.4507181365604
1702,2464,337.0,369.0,75.78893938856577,0.009885187481077225,16.953039977891592,28.023503444309924,2601.459940652819,2151.086053412463,0.9132791327913279,0.7962574529017332,11.459940652818991,9.086053412462908,2590,2142,2619,2160,0.74,0.81,89.43362047763871
1703,2465,201.0,232.0,58.953907103260065,1.1668493777566145,13.880364402823814,20.40174755885466,2601.492537313433,1626.3731343283582,0.8663793103448276,0.7328857435320987,9.492537313432836,8.373134328358208,2592,1618,2609,1639,0.73,0.77,23.14445532707971
1704,2466,859.0,1035.0,131.04589347096623,1.3665250433448188,28.269840484819078,47.49902833754321,2610.199068684517,1080.7159487776485,0.8299516908212561,0.803602255957473,17.19906868451688,25.71594877764843,2593,1055,2629,1100,0.63,0.69,11.70388241741
1705,2467,4658.0,4882.0,264.7174874743512,-1.1233548810574114,68.41919121311203,90.65130660919534,2638.2103907256333,2446.113997423787,0.954117165096272,0.6560110365625159,44.21039072563332,44.11399742378703,2594,2402,2675,2492,0.84,0.86,154.36349358001024
1706,2468,2145.0,2236.0,175.2514567368866,-0.6275928050231945,47.31252200878131,59.55521579473926,2621.606993006993,1254.2592074592073,0.9593023255813954,0.6073541439957293,25.606993006993008,22.25920745920746,2596,1232,2652,1284,0.88,0.9,125.95841898060581
1707,2469,15342.0,16417.0,477.5659995988364,0.7442268610661833,131.2085513697746,151.23834355249576,2679.9178073262938,1972.8714639551558,0.9345190960589632,0.4973300622326469,82.91780732629384,73.87146395515578,2597,1899,2750,2042,0.85,0.85,47.35894186063861
1708,2470,5848.0,6724.0,322.56067384307164,-1.2873880177995014,86.97245353090612,95.52228909270279,2637.669288645691,1668.1280779753763,0.8697204045211184,0.41352268451620444,38.669288645690834,49.1280779753762,2599,1619,2701,1722,0.71,0.71,163.76190001562435
1709,2471,570.0,666.0,111.39459110321289,0.21586807606709355,22.140513086346488,39.623573911023065,2626.7017543859647,1452.60350877193,0.8558558558558559,0.8293218396925153,25.70175438596491,12.603508771929825,2601,1440,2644,1466,0.58,0.65,77.63167030974653
1710,2473,1226.0,1403.0,169.23777747193338,-1.1163425729567413,24.01982910072441,71.79346708129378,2619.5342577487763,2117.211256117455,0.8738417676407698,0.942371450830261,17.534257748776508,38.211256117455136,2602,2079,2641,2148,0.54,0.81,153.96171792119645
1711,2474,7483.0,8767.0,365.8460859244814,0.8376719728133648,81.89514834960373,131.34525950876247,2655.125885340104,1061.7835092877187,0.8535416904300217,0.781814976284651,51.12588534010423,60.78350928771883,2604,1001,2718,1118,0.7,0.76,42.00493134139676
1712,2475,537.0,575.0,95.34495698130462,1.3081965830664652,23.620876884488176,31.285435420145667,2619.1936685288642,1537.0689013035383,0.9339130434782609,0.6557110568267037,14.193668528864059,13.068901303538174,2605,1524,2633,1557,0.74,0.76,15.045857016856118
1713,2476,688.0,739.0,104.13543808260688,-0.826657764521142,24.824905676335856,37.2825693713431,2620.8502906976746,1606.735465116279,0.9309878213802436,0.7460782912352595,14.850290697674419,12.73546511627907,2606,1594,2639,1624,0.8,0.85,137.3640010087809
1714,2477,22539.0,23169.0,597.0446101321514,-0.5341046031519288,121.43495265226888,239.97463731515646,2719.4862238786104,2547.845290385554,0.972808494108507,0.8625144426561497,112.4862238786104,79.84529038555392,2607,2468,2827,2628,0.79,0.94,120.60193957911524
1715,2478,2814.0,3216.0,242.47995282027782,-0.27016950024742553,45.10763017263137,87.20050087897796,2649.0799573560766,912.637526652452,0.875,0.8558123719777871,37.07995735607676,22.637526652452024,2612,890,2708,948,0.6,0.7,105.47957211733613
1716,2479,3527.0,3714.0,223.5187638409074,-1.1496923149693397,63.502852391731864,73.70278291613789,2649.852849447122,1556.2945846328325,0.9496499730748519,0.507575551086067,35.8528494471222,41.29458463283243,2614,1515,2685,1590,0.89,0.89,155.8725173863685
1717,2480,4467.0,5643.0,320.16501110678064,1.5020348558435528,48.76477140745166,139.88178515883916,2649.966420416387,831.3684799641818,0.7916002126528442,0.9372663258531845,29.966420416386836,65.36847996418177,2620,766,2674,893,0.55,0.8,3.9397420786234107
1718,2481,362.0,409.0,76.93912836920404,-0.6817929087018291,18.728365985391637,26.51045419980644,2631.7154696132598,1517.267955801105,0.8850855745721271,0.7077608589000917,11.715469613259668,9.267955801104973,2620,1508,2647,1532,0.77,0.8,129.06385617056307
1719,2482,15222.0,15494.0,460.21507519235956,-0.7942008601160115,115.07687836243133,170.06394276428438,2696.038496912364,1739.7772303245304,0.9824448173486511,0.7362879988019975,73.03849691236368,68.77723032453028,2623,1671,2774,1821,0.9,0.96,135.50435737030733
1720,2484,769.0,808.0,105.84098743051493,-0.926491896682932,30.31105471438807,33.70168763879923,2650.196358907672,1271.9505851755528,0.9517326732673267,0.4371414162152845,18.196358907672302,18.950585175552664,2632,1253,2666,1288,0.86,0.87,143.0840754330027
1721,2485,12081.0,12907.0,468.56182898422367,-0.20679421177179333,90.52391915967283,179.9488482193294,2708.896945617085,1192.699776508567,0.9360037189122182,0.8642552038445277,75.89694561708468,44.69977650856717,2633,1148,2814,1249,0.69,0.82,101.84843556225832
1722,2486,15360.0,15794.0,472.9883636395649,0.885910597291138,121.90562724071997,165.10558976173687,2704.44921875,986.2533854166667,0.9725212105862986,0.6744182955543597,70.44921875,80.25338541666666,2634,906,2783,1055,0.86,0.89,39.241061749303896
1723,2487,530.0,581.0,106.58691734781371,-1.4704848692788353,14.493106685748245,47.334512883629785,2641.4377358490565,2060.6415094339623,0.9122203098106713,0.9519721056384308,7.437735849056604,23.641509433962263,2634,2037,2650,2084,0.59,0.94,174.2525768475238
1724,2488,11528.0,12889.0,457.15241903096717,1.0948356320529196,110.87825515300618,141.05295904013883,2708.8691880638444,1418.2435808466344,0.8944060827061836,0.6181306762316621,73.86918806384455,74.24358084663429,2635,1344,2775,1493,0.69,0.71,27.270539022829794
1725,2489,1917.0,2215.0,188.06421343019062,1.1394678328738281,45.06771055999974,59.43600391766965,2656.9551382368286,2122.5565988523736,0.8654627539503386,0.6519568521631279,20.95513823682838,38.5565988523735,2636,2084,2682,2152,0.68,0.7,24.7133022854114
1726,2490,913.0,964.0,130.39524832868196,-0.9206791119783613,33.18385948977444,41.01236412278801,2660.5454545454545,527.9123767798467,0.9470954356846473,0.5876456188303432,23.545454545454547,21.91237677984666,2637,506,2677,550,0.67,0.69,142.75102740221263
1727,2491,1229.0,1277.0,137.5196483281748,1.0387195168728356,32.65437707741357,51.41230632432685,2657.6615134255494,1448.7990235964198,0.9624119028974158,0.7723912001222666,16.661513425549227,25.799023596419854,2641,1423,2681,1469,0.82,0.88,30.48575558531862
1728,2493,10742.0,11868.0,422.2137607414214,0.9306094015531174,106.25250601835855,134.6892590489798,2709.8127909141685,1612.0949543846584,0.9051230198854061,0.6145582923774495,68.81279091416869,72.09495438465835,2641,1540,2772,1674,0.76,0.77,36.680008915811094
1729,2494,10864.0,13750.0,482.56424290426463,-0.33826129994624665,93.46880877678934,170.5622917138462,2724.5956369661267,2061.938328424153,0.7901090909090909,0.8364757473754106,82.59563696612666,77.93832842415317,2642,1984,2805,2109,0.59,0.67,109.38094485952875
1730,2495,3879.0,4290.0,285.80483314778627,-0.7406316212075175,51.96211612136515,101.87811068689776,2689.3214746068575,1336.8332044341325,0.9041958041958041,0.8601494930079929,44.321474606857436,40.83320443413251,2645,1296,2734,1381,0.6,0.7,132.43506606912263
1731,2496,9734.0,10033.0,396.45349433370035,1.168968472636639,81.46926511535263,155.91427991559038,2709.1915964659956,773.8901787548798,0.9701983454599821,0.8526233510366465,55.19159646599548,75.8901787548798,2654,698,2753,852,0.78,0.91,23.023040134066534
1732,2498,1046.0,1090.0,127.2141874289935,1.567411541527299,27.2070615451371,50.11689370519438,2667.6749521988527,2175.3087954110897,0.9596330275229358,0.839815409322558,12.674952198852772,25.308795411089868,2655,2150,2682,2198,0.81,0.93,0.19393391039140795
1733,2499,702.0,740.0,104.36547587873453,-1.3016707544958857,25.0687835574379,37.39504311766592,2667.0826210826212,700.8233618233618,0.9486486486486486,0.7420205093604689,11.082621082621083,15.823361823361823,2656,685,2682,724,0.81,0.86,164.58024054822377
1734,2500,17453.0,18789.0,531.6727647005987,-1.4943719763609216,123.66352928110668,186.04368286338865,2720.598693634332,2379.5806451612902,0.9288945659694502,0.7471089708423594,63.59869363433221,89.58064516129032,2657,2290,2787,2480,0.78,0.83,175.62120726810443
1735,2502,3807.0,4105.0,241.92459245300802,0.5839035001411983,61.818094685055215,81.6695908865689,2695.6432886787497,1506.268452850013,0.9274056029232643,0.6534969390736743,34.64328867874967,41.268452850013134,2661,1465,2738,1542,0.82,0.84,56.54479379899287
1736,2503,1408.0,1577.0,161.55801710517073,-0.888475943172928,28.769461144181168,66.23400818245122,2683.9644886363635,1266.192471590909,0.8928344958782498,0.9007389400933656,21.964488636363637,25.19247159090909,2662,1241,2712,1295,0.68,0.87,140.90592174271393
1737,2504,3087.0,3426.0,231.48437853271355,1.10688359417469,53.47011179395791,80.14641110690904,2697.0459993521217,873.031746031746,0.9010507880910683,0.7449185582173775,33.045999352121804,37.03174603174603,2664,836,2731,910,0.72,0.77,26.580241641518874
1738,2505,20887.0,22047.0,589.5322993521363,1.2673691954546888,122.63343277003126,222.78147357914153,2732.6344616268493,590.7809642361277,0.9473851317639588,0.8348581561426806,62.63446162684924,123.78096423612773,2670,467,2804,690,0.76,0.86,17.38509401555561
1739,2506,774.0,807.0,112.83063440889464,1.1610640173681264,26.48195377581725,40.72725798299528,2681.9961240310076,822.6808785529715,0.9591078066914498,0.7597401765539699,10.996124031007753,20.680878552971578,2671,802,2700,841,0.76,0.82,23.47593206030224
1740,2507,8732.0,9455.0,397.4852785760426,1.5294958672642938,78.72171677741095,153.64843203717834,2711.0797068254697,2207.211177278974,0.923532522474881,0.8587769559978524,36.079706825469536,75.21117727897389,2675,2132,2760,2284,0.69,0.82,2.3663420230544006
1741,2509,11501.0,12459.0,425.085847352785,-0.32567321101883256,103.6121168681524,145.36526714840772,2753.883053647509,1103.6249891313798,0.9231077935628863,0.7013970312096269,77.88305364750892,59.62498913137988,2676,1044,2828,1157,0.8,0.83,108.65970049185256
1742,2510,13595.0,14190.0,504.89706233335244,-0.29787377973827217,86.5942953526417,207.9972131979575,2784.832659065833,1251.4079440970945,0.9580690627202255,0.9092161858224953,99.83265906583303,54.40794409709452,2685,1197,2894,1307,0.67,0.88,107.0669104066125
1743,2511,15892.0,16730.0,512.3073166578888,0.04757350990958233,101.27498912395319,207.06904754954388,2781.705889755852,377.5551849987415,0.9499103407053198,0.8722344381229988,94.705889755852,48.5551849987415,2687,329,2889,433,0.76,0.91,87.27423866555714
1744,2512,7759.0,8814.0,375.4219651891811,-0.23619694250706963,92.1346199777732,119.65497235164196,2764.461786312669,461.13764660394384,0.8803040617199909,0.6380409479720481,66.46178631266916,43.13764660394381,2698,418,2826,518,0.69,0.71,103.53308793954925
1745,2513,18146.0,19097.0,517.2660917172183,1.5451442093066354,143.28626214609702,166.1864931311376,2777.3411771189244,1860.4179433483964,0.9502016023459182,0.5065652786693002,69.34117711892428,86.41794334839634,2708,1774,2847,1937,0.85,0.86,1.4697580676510995
1746,2514,937.0,972.0,118.0425672276333,-0.9088935798779724,30.366011626713345,40.91832009423097,2732.092849519744,1540.4407684098185,0.9639917695473251,0.67027494380689,20.092849519743865,20.44076840981857,2712,1520,2751,1562,0.85,0.87,142.07576615354438
1747,2516,8324.0,8845.0,370.90014575882543,1.311894704459446,81.96023023616678,136.4100215353908,2770.4506246996634,2152.2419509851034,0.9410966647823629,0.7993713331882791,51.45062469966362,68.24195098510332,2719,2084,2811,2219,0.76,0.84,14.833970268911287
1748,2517,5184.0,5472.0,289.9618617609012,0.7105808964421455,78.64785212440303,90.98902741194202,2761.964313271605,888.330825617284,0.9473684210526315,0.5028626446567853,39.96431327160494,51.33082561728395,2722,837,2815,930,0.77,0.78,49.28671363124245
1749,2518,4465.0,4709.0,258.4343021671716,-0.956707575353882,68.2058545337244,84.86793412409993,2764.1122060470325,1332.2694288913774,0.9481843278827776,0.5950745644335134,39.11220604703247,42.26942889137738,2725,1290,2800,1378,0.84,0.86,144.8153062959716
1750,2519,6539.0,6859.0,307.5822922096043,-0.7683401818771516,83.37424751813768,103.41222986005674,2780.7446092674722,1495.831931487995,0.9533459688001167,0.5915995130098495,48.74460926747209,45.83193148799511,2732,1450,2832,1550,0.87,0.88,134.02264965187484
1751,2520,4909.0,5625.0,300.3789557179141,1.1656394570678246,56.993782271226124,117.80273985403504,2781.415359543695,1604.7962925239356,0.8727111111111111,0.8751747548648827,46.41535954369525,49.79629252393563,2735,1555,2814,1660,0.68,0.83,23.21377867609293
1752,2522,1029.0,1151.0,132.88619583998747,0.8165425703247466,29.99355174177266,47.67074036030502,2767.2750242954326,1676.5432458697765,0.894005212858384,0.7772583478696815,25.27502429543246,20.54324586977648,2742,1656,2788,1700,0.73,0.79,43.2155569276278
1753,2523,14968.0,15615.0,469.38669539371983,-0.9735355384840718,122.55015345799437,159.2982489644808,2813.0998797434527,754.3343132014966,0.9585654819084214,0.6388725153854518,70.0998797434527,76.33431320149653,2743,678,2881,830,0.85,0.88,145.77947756113326
1754,2524,2862.0,3264.0,240.71858694345394,0.8483271113747748,43.28051936402607,97.02637591362843,2782.477288609364,983.5988819007687,0.8768382352941176,0.8949982611147818,39.47728860936408,40.598881900768696,2743,943,2818,1026,0.62,0.78,41.394436871700876
1755,2525,6033.0,6159.0,293.4056570223516,-1.3762838963158646,71.64619694551992,108.9362848650434,2778.834576495939,2264.282778054036,0.9795421334632245,0.7532895664752921,35.834576495939004,51.282778054036136,2743,2213,2813,2319,0.88,0.94,168.85525867071965
1756,2526,1618.0,1719.0,170.5785360026006,0.9987854061346881,29.397769011955337,70.83366748949462,2770.386279357231,1420.9443757725587,0.9412449098312973,0.9098098388120796,22.38627935723115,29.944375772558715,2748,1391,2795,1451,0.7,0.92,32.773811589222525
1757,2527,1130.0,1310.0,150.83194885983278,-0.394804419976188,26.044356879985987,59.493010887587744,2783.8814159292037,1371.8115044247788,0.8625954198473282,0.899086165669647,30.88141592920354,22.81150442477876,2753,1349,2810,1390,0.62,0.79,112.62062699774603
1758,2528,3893.0,5114.0,302.12397331192085,-0.9556626731370378,64.59296214559053,93.2346760199847,2814.784741844336,1544.333162085795,0.7612436448963629,0.7211300007974193,59.78474184433599,47.33316208579502,2755,1497,2848,1587,0.54,0.56,144.7554378089426
1759,2529,8652.0,11728.0,508.07812323304097,-1.2798528736198345,95.07329795976096,155.172223946061,2823.2746185852984,545.5102866389274,0.7377216916780355,0.7903191916441699,65.2746185852982,73.51028663892741,2758,472,2883,626,0.42,0.46,163.33016805610686
1760,2530,804.0,1036.0,155.6001543691333,-1.2268842418938894,17.130316447766766,66.88343476884894,2779.634328358209,1715.379353233831,0.7760617760617761,0.9666444751172049,16.634328358208954,33.37935323383085,2763,1682,2794,1746,0.42,0.76,160.29528901162746
1761,2531,2414.0,2536.0,186.89767616673518,0.14070279759299328,54.11400311281388,58.50825895258408,2798.6822700911353,1751.2734051367026,0.9518927444794952,0.38022232875063827,33.682270091135045,29.273405136702568,2765,1722,2829,1779,0.87,0.87,81.938323532238
1762,2532,959.0,1039.0,145.14359216602165,-0.6012395066016528,20.692901933081504,62.98002830254669,2800.981230448384,494.4129301355579,0.9230028873917228,0.9444820846936695,29.981230448383734,21.412930135557872,2771,473,2825,513,0.57,0.87,124.4484862048027
1763,2533,2167.0,2270.0,179.27373232888834,1.014011588733005,43.47753809856151,64.9340699777759,2798.791416705122,2015.5782187355792,0.9546255506607929,0.7427540552226121,27.791416705122288,27.578218735579142,2771,1988,2824,2047,0.85,0.9,31.90141558824343
1764,2534,20052.0,20994.0,555.481095681467,-0.1599986437118229,137.75931038089746,193.12141668156173,2869.6876122082585,2584.7135946538997,0.9551300371534724,0.7008282497197056,97.68761220825853,78.71359465389986,2772,2506,2973,2652,0.82,0.85,99.16724701250482
1765,2535,2345.0,2445.0,184.54148167654284,0.3029287939621186,51.11640669956409,60.68893484091423,2805.8294243070363,1407.778251599147,0.9591002044989775,0.5390574927500892,30.82942430703625,23.778251599147122,2775,1384,2839,1439,0.87,0.87,72.64345861298251
1766,2536,420.0,449.0,81.9373716746322,-1.531714065979799,17.552060001249206,32.25546724257472,2786.3738095238095,1954.15,0.9354120267260579,0.8389829716665615,10.373809523809523,15.15,2776,1939,2795,1971,0.79,0.9,177.7607514014654
1767,2537,138.0,146.0,43.97552546979273,0.6511363120300904,12.269106537118574,14.796682892216156,2787.246376811594,1676.3985507246377,0.9452054794520548,0.5589823881663182,7.246376811594203,5.398550724637682,2780,1671,2794,1684,0.9,0.91,52.69263743296237
1768,2538,11814.0,12661.0,428.5132943314182,-0.7546937131792247,114.64395614188298,135.54320963671768,2854.1493990181143,1323.532165227696,0.9331016507384883,0.5334824476440286,65.1493990181141,60.532165227695955,2789,1263,2921,1390,0.81,0.82,133.24076459022626
1769,2539,12228.0,12729.0,463.967844742135,0.6768462944031244,84.90441220926488,187.28463841854352,2866.4472522080473,1719.1955348380766,0.9606410558567051,0.8913355144796196,74.4472522080471,65.19553483807654,2792,1654,2950,1789,0.71,0.89,51.21956395163178
1770,2540,9765.0,10046.0,374.3670609835574,0.4494505156044867,88.45272512753253,141.33773331318906,2857.0759856630825,1975.2409626216079,0.9720286681266176,0.7799632884252425,64.07598566308243,49.240962621607785,2793,1926,2924,2027,0.88,0.95,64.24838235588416
1771,2541,16089.0,17350.0,497.043080699378,0.5708429698914567,133.456373840575,164.169132457781,2868.284169308223,2306.810988874386,0.9273198847262247,0.5823753489194912,74.28416930822301,79.81098887438623,2794,2227,2954,2370,0.82,0.83,57.29310706050601
1772,2542,12255.0,12853.0,431.98020955615016,-1.5576287834022777,118.4383047064824,140.72205196515876,2853.7970624235004,2155.88992248062,0.9534738971446355,0.5400279490996444,54.79706242350061,67.88992248062016,2799,2088,2925,2228,0.83,0.83,179.24555533704756
1773,2544,3454.0,3626.0,236.7915961264667,0.22274391152835485,64.09436581032038,74.90123013457034,2852.6453387376955,1187.2408801389693,0.9525648097076669,0.5174416929666009,46.645338737695425,38.24088013896931,2806,1149,2889,1218,0.77,0.78,77.23771395718987
1774,2545,803.0,875.0,129.8004197153135,1.5371287146255561,21.272404315400422,53.72301862440233,2820.9987546699876,1616.011207970112,0.9177142857142857,0.9182658504604834,8.998754669987546,30.01120797011208,2812,1586,2834,1642,0.6,0.81,1.9290120835864997
1775,2547,7975.0,8388.0,357.4762121693358,1.2198319193647624,79.07513400847057,131.49379039111784,2866.508463949843,1472.490156739812,0.9507629947544111,0.7989780299191543,52.50846394984326,60.490156739811916,2814,1412,2913,1541,0.78,0.86,20.108779305056558
1776,2549,3675.0,3802.0,249.54853629085483,0.6676814480428936,46.84175955308031,102.5950023668317,2861.145850340136,1788.1668027210885,0.9665965281430826,0.8896876964124096,39.14585034013606,40.16680272108844,2822,1748,2908,1824,0.74,0.92,51.74467096795883
1777,2551,17164.0,19945.0,570.8011481688935,0.2275883920687042,131.27882841469773,182.26789890922794,2916.200536005593,1880.3618620368213,0.8605665580345951,0.6937124619880234,92.20053600559311,87.36186203682125,2824,1793,3009,1949,0.66,0.69,76.96014566829459
1778,2554,321.0,336.0,65.75298453161078,1.1479218095761163,18.58436208869416,22.24982322910752,2833.2959501557634,675.6760124610591,0.9553571428571429,0.5498569168857677,8.29595015576324,10.67601246105919,2825,665,2844,687,0.93,0.94,24.22892510026837
1779,2556,14038.0,14468.0,523.3028909454531,-0.361187103384026,87.63021421925836,214.20553716621512,2943.2659210713778,512.6041458897279,0.9702792369366878,0.912492216368764,115.26592107137769,64.60414588972787,2828,448,3033,566,0.64,0.85,110.69449663846002
1780,2557,9777.0,10145.0,401.8165284563693,-1.0088306554016526,75.8335796463954,167.84427556405117,2891.6254474787766,874.3381405339061,0.9637259733859044,0.8921146176659838,57.62544747877672,76.33814053390611,2834,798,2944,949,0.76,0.95,147.80173879793142
1781,2558,2633.0,3742.0,264.44798143212483,0.6512306827145588,50.01411404317984,89.63065361221985,2880.205469046715,1409.7709836688189,0.7036344200962052,0.8298393782152597,45.205469046714775,28.770983668818836,2835,1381,2912,1463,0.47,0.54,52.68723039103257
1782,2559,10761.0,11055.0,388.5995126997259,0.6332985165735465,114.23591908272161,122.25640655058737,2902.7242821299137,2438.1169965616577,0.9734056987788331,0.3562355702798273,63.724282129913576,65.11699656165784,2839,2373,2962,2497,0.9,0.9,53.714667828439964
1783,2560,1158.0,1269.0,132.291367226619,-0.5951483821767092,34.004200787225415,45.227427319324185,2862.0872193436962,1117.7098445595855,0.9125295508274232,0.6593352122573676,20.087219343696027,18.70984455958549,2842,1099,2885,1141,0.83,0.86,124.09949048276438
1784,2561,411.0,434.0,80.2712905728228,-1.3274561092396748,19.099267086114022,29.531475512880753,2851.131386861314,1539.897810218978,0.9470046082949308,0.7627082283174802,9.13138686131387,14.897810218978103,2842,1525,2864,1555,0.8,0.86,166.05763254829054
1785,2566,5135.0,5459.0,293.02451792229357,1.0917046073184742,71.59236532026794,101.37595170662665,2906.654722492697,1163.9444985394352,0.9406484704158271,0.7080058262795905,45.654722492697175,39.94449853943525,2861,1124,2945,1225,0.75,0.79,27.449933525664584
1786,2567,333.0,358.0,69.54522232748485,1.3259066730023665,20.212397619426966,21.54154321533928,2874.3393393393394,337.8258258258258,0.9301675977653632,0.3458264459998085,9.33933933933934,9.825825825825826,2865,328,2886,350,0.87,0.87,14.031143608731867
1787,2570,21097.0,21819.0,571.2381037978673,-0.1494343973200555,135.5692180492904,205.86276328155398,2973.225292695644,2061.155093141205,0.9669095742242999,0.7525442206821528,100.22529269564393,68.15509314120492,2873,1993,3067,2126,0.81,0.87,98.56196028052024
1788,2571,257.0,271.0,59.2792296744022,0.6684110537231782,16.450087424303167,20.28689797728061,2897.151750972763,324.4824902723735,0.948339483394834,0.5852228713839523,10.151750972762645,8.482490272373541,2887,316,2907,334,0.92,0.93,51.70286764176976
1789,2572,10815.0,11492.0,446.44269906844636,-0.6378193949941835,89.09060940737172,163.27517069477548,2958.098012020342,2173.1705963938975,0.9410894535328924,0.8380151166471006,70.09801202034211,53.17059639389736,2888,2120,3039,2243,0.68,0.78,126.5443594247543
1790,2573,6913.0,7164.0,323.5924580854139,-0.5837610058382663,77.53757949493804,116.9495169846858,2939.3717633444235,374.4856068277159,0.964963707426019,0.7486190193305767,46.37176334442355,43.4856068277159,2893,331,2995,427,0.83,0.88,123.44704187884446
1791,2575,14779.0,15524.0,469.9978722899055,-0.7743139432814158,125.03778862920981,156.90314802961413,2956.433452872319,668.1935178293525,0.9520097912909045,0.6040971996494305,61.43345287231883,66.19351782935246,2895,602,3030,744,0.84,0.86,134.36492096815732
1792,2577,8432.0,8713.0,364.2358213515878,-0.5430855788370126,76.62258921067455,141.8142909893759,2959.7515417457307,930.3543643263757,0.9677493400665672,0.8414709812579105,61.75154174573055,45.35436432637571,2898,885,3029,983,0.8,0.92,121.11651158178016
1793,2579,9539.0,9995.0,370.61429143378194,1.3026791345247595,105.79617910739593,117.39612307150365,2961.8165426145297,1431.5099066988155,0.9543771885942971,0.4334248391759274,49.81654261452982,60.50990669881539,2912,1371,3021,1491,0.87,0.88,15.361983531976477
1794,2580,5177.0,5485.0,292.3738727800093,0.30725741817264435,59.74305496051615,113.93553240031154,2968.8524241838904,1349.1301912304423,0.9438468550592525,0.8514976539331902,54.852424183890285,38.13019123044234,2914,1311,3028,1384,0.76,0.89,72.39544671462124
1795,2582,157.0,166.0,46.65704253112722,1.3642093313634005,12.153188612631187,16.648837035961236,2927.267515923567,323.4267515923567,0.9457831325301205,0.6834768108129193,5.267515923566879,8.426751592356688,2922,315,2934,332,0.91,0.94,11.836562940513147
1796,2586,9253.0,9522.0,368.02805914746193,0.27821075125725403,97.16582836298487,126.8862819644451,2982.353723116827,1660.3157894736842,0.9717496324301618,0.6431134083388678,55.35372311682698,54.31578947368421,2927,1606,3053,1711,0.86,0.88,74.05969813779538
1797,2590,16665.0,17020.0,495.0353287436093,0.3150835747202449,134.20077393087564,166.54635386013888,3030.6156615661566,1178.4130813081308,0.9791421856639247,0.5922063856185309,86.61566156615662,66.41308130813081,2944,1112,3121,1257,0.85,0.87,71.94704097463504
1798,2591,2943.0,3121.0,239.75896751284466,-1.1555639960865396,39.40360536159967,97.06461170725036,2972.826707441386,1743.9289840299014,0.9429669977571291,0.9138942526961116,25.82670744138634,39.928984029901464,2947,1704,3006,1791,0.64,0.86,156.2089399330307
1799,2593,14575.0,15057.0,479.78744106791567,-0.3069906103930066,113.82446085935584,170.37407774179994,3047.177975986278,833.7079931389366,0.9679883110845454,0.7440844620752041,94.17797598627787,67.70799313893653,2953,766,3133,888,0.8,0.84,107.58926632566427
1800,2595,9641.0,9960.0,380.84081584076586,0.25582275007446836,89.19196771623922,142.24252209878696,3033.33067109221,1296.4584586661135,0.9679718875502008,0.7789858331329025,74.33067109221035,41.45845866611347,2959,1255,3098,1349,0.84,0.91,75.3424361173029
1801,2597,11211.0,11566.0,402.8088444526129,1.2600574212590454,99.2319398674779,146.31692411482297,3025.360271162251,1568.5047720988316,0.9693065882759814,0.7348786268072258,54.36027116225136,67.50477209883151,2971,1501,3079,1638,0.87,0.92,17.804027817718648
1802,2599,7659.0,8002.0,368.1069956396593,0.5411136668285478,65.5715199345733,149.90948194692248,3044.0494842668754,1954.6375505940723,0.9571357160709822,0.8992634473536952,71.04948426687557,53.63755059407233,2973,1901,3111,2003,0.71,0.9,58.99647065387604
1803,2600,6828.0,7056.0,314.3255531090392,-0.47591073634361786,87.29182812950732,102.14049341587011,3036.654950205038,410.33626244874046,0.967687074829932,0.5192455678230644,54.65495020503808,51.33626244874048,2982,359,3089,462,0.87,0.88,117.26767661745258
1804,2601,4659.0,4973.0,306.4715714750647,-0.5978341143655638,55.96710884917098,115.81218167549736,3033.3876368319384,1723.2788151963941,0.9368590388095717,0.8754782463271789,51.38763683193818,40.27881519639408,2982,1683,3091,1774,0.62,0.75,124.25337160208818
1805,2602,916.0,967.0,113.5207477972776,-0.1029008315761246,32.19413894608556,36.84134103663509,3014.5949781659388,2576.680131004367,0.9472595656670114,0.48617936661919225,16.594978165938866,15.680131004366812,2998,2561,3035,2593,0.89,0.9,95.89578335769845
1806,2603,13223.0,13678.0,434.09001796739767,0.963579636929055,120.1703155293696,142.71542694567526,3067.8888300688195,1002.4157906677758,0.9667349027635619,0.5394345865019776,67.88883006881949,74.41579066777585,3000,928,3132,1076,0.88,0.89,34.790953579216946
1807,2604,10482.0,11163.0,423.3244814759611,0.5389004085672559,83.26203761005375,169.71997950129114,3081.9704254913186,1901.152738027094,0.9389948938457404,0.8713934705641786,77.97042549131845,55.15273802709407,3004,1846,3156,1965,0.74,0.88,59.12328101122053
1808,2605,14959.0,16060.0,478.9067581295037,-0.5532194694321285,125.90352656399136,154.87241544428133,3090.428103482853,496.6354702854469,0.9314445828144459,0.5823335255625297,77.42810348285313,70.63547028544689,3013,426,3166,561,0.82,0.83,121.69714074292762
1809,2607,422.0,442.0,74.90825645015383,-0.9847875033400206,21.653277256059877,24.931904447073833,3032.0616113744077,2555.5829383886257,0.9547511312217195,0.49569491214495276,11.061611374407583,11.582938388625593,3021,2544,3044,2569,0.95,0.95,146.42416765860864
1810,2610,12768.0,13263.0,441.0796649457774,1.4377128937850652,107.45710888493986,156.85037432258872,3102.121710526316,671.2863408521304,0.962678127120561,0.7284555215777501,58.12171052631579,86.28634085213032,3044,585,3161,749,0.82,0.87,7.625119034575363
1811,2611,231.0,240.0,55.717029674655784,-1.1456985135487534,16.215134363800658,18.416592448973418,3066.4545454545455,362.04329004329,0.9625,0.47411424767382276,9.454545454545455,9.043290043290042,3057,353,3075,372,0.93,0.94,155.64368942075555
1812,2613,560.0,587.0,88.1810887357131,0.8738963511923551,22.716961199759744,31.73944273091477,3096.255357142857,2529.0910714285715,0.9540034071550255,0.6983741938579755,12.255357142857143,14.091071428571428,3084,2515,3110,2544,0.91,0.94,39.92942734479567
1813,2618,699.0,782.0,116.89237824699504,1.1116012936186663,23.69867643865321,38.725331077060126,3146.5150214592277,2498.5865522174536,0.8938618925831202,0.7908822637742096,14.515021459227468,17.586552217453505,3132,2481,3162,2517,0.64,0.7,26.309937374367813
1814,2621,636.0,655.0,91.64800396044505,0.5649783228241756,27.70755038320512,29.68488449893045,3176.8380503144654,494.2704402515723,0.9709923664122138,0.3588657334074155,12.83805031446541,14.270440251572326,3164,480,3193,509,0.95,0.95,57.62912658579499
1815,2622,887.0,918.0,113.61603257229207,1.3370999600607845,26.068724616683305,43.81156341594454,3178.065388951522,1092.4870349492671,0.9662309368191722,0.8037114312062991,13.065388951521983,20.487034949267194,3165,1072,3192,1113,0.86,0.95,13.389815501406119
1816,2624,711.0,734.0,97.33636065425617,1.5599519433712137,26.307599518968743,34.7055785004406,3180.9113924050635,2091.9507735583684,0.9686648501362398,0.6522287330401948,11.91139240506329,16.950773558368496,3169,2075,3195,2109,0.94,0.97,0.6213374015986659
1817,2625,235.0,250.0,56.59771261306772,1.3415538453565417,14.90290314592727,20.17956851105975,3177.463829787234,2130.727659574468,0.94,0.6742376376930213,7.463829787234043,9.727659574468085,3170,2121,3186,2141,0.92,0.95,13.134626671523847
1818,2626,352.0,373.0,71.90141681767722,-0.6022683171963319,17.095724748299514,26.48719843372586,3181.9176136363635,2151.525568181818,0.9436997319034852,0.7638164822898295,11.917613636363637,10.525568181818182,3170,2141,3195,2163,0.86,0.92,124.50743270979615
1819,2627,2314.0,2401.0,177.70293600209345,-0.5604066414638101,49.1581584642912,60.42612337040367,3199.11970613656,551.8569576490925,0.963765097875885,0.5815300250028772,27.11970613656007,26.85695764909248,3172,525,3228,579,0.92,0.94,122.10893536697745
1820,2629,2968.0,3058.0,200.63058404454978,-0.4086660210914874,55.555374323989504,68.86941338323413,3209.125,863.9272237196766,0.9705689993459777,0.5909925194694693,32.125,29.92722371967655,3177,834,3246,896,0.93,0.94,113.41483823894652
1821,2630,867.0,899.0,109.49847220527585,0.17516832874691915,29.01558935122949,38.58780353068846,3197.151095732411,1915.7520184544405,0.96440489432703,0.6592352044858398,19.15109573241061,13.7520184544406,3178,1902,3216,1931,0.91,0.94,79.9635940584414
1822,2631,494.0,516.0,82.492732041902,-0.04487153677660984,22.243389630669398,28.97718228185719,3193.817813765182,1353.408906882591,0.9573643410852714,0.6409083482772812,14.817813765182187,10.408906882591094,3179,1343,3208,1366,0.91,0.94,92.5709496775658
1823,2633,662.0,715.0,103.48479294032259,1.1612995904153596,21.021021474382373,40.68058465241291,3193.4380664652567,1178.1948640483383,0.9258741258741259,0.8561462930590966,12.438066465256798,18.194864048338367,3181,1160,3208,1198,0.78,0.91,23.462434718928748
1824,2634,481.0,500.0,79.25585461329771,-1.2226153314637547,22.78295584205196,27.003880018039776,3193.673596673597,1209.4386694386694,0.962,0.5368276401662413,11.673596673596673,12.43866943866944,3182,1197,3206,1223,0.96,0.97,160.05069846086135
1825,2635,207.0,215.0,51.23467849039875,-1.5641723521250894,15.211078364152003,17.350915929487005,3189.2028985507245,1550.6183574879226,0.9627906976744186,0.481086861115154,7.202898550724638,7.618357487922705,3182,1543,3197,1560,0.99,1.0,179.6204742078185
1826,2636,730.0,779.0,103.38950816530811,1.4755178498771986,25.438820877763696,37.27436932430509,3196.441095890411,2062.3164383561643,0.9370988446726572,0.7309090455176878,13.441095890410958,18.316438356164383,3183,2044,3211,2083,0.86,0.91,5.4590546058187215
1827,2637,465.0,482.0,78.37517167488578,-0.9974209637593794,22.7194991798176,26.18363793626926,3195.5118279569892,915.2129032258065,0.9647302904564315,0.4970911287417243,11.511827956989247,12.212903225806452,3184,903,3208,929,0.95,0.96,147.14801162128347
1828,2638,164.0,179.0,48.78319922519191,1.253829005674806,13.200436779788967,16.026026869890565,3193.128048780488,1077.871951219512,0.9162011173184358,0.5670441151566024,7.128048780487805,7.871951219512195,3186,1070,3200,1087,0.87,0.88,18.160889743749067
1829,2640,792.0,833.0,106.95170816505453,-1.244412449061301,30.413647373503736,33.77760414170351,3202.5164141414143,1887.0492424242425,0.9507803121248499,0.43504510132258695,15.516414141414142,18.049242424242426,3187,1869,3220,1903,0.87,0.87,161.2995813047511
1830,2641,635.0,662.0,94.32952102177954,1.2688703422319323,23.73703295997482,34.39612920050662,3202.0330708661418,764.9070866141732,0.959214501510574,0.7237067006343599,13.033070866141733,16.907086614173227,3189,748,3215,782,0.9,0.94,17.2990846407899
1831,2643,1456.0,1616.0,171.7845415121547,1.392111688432159,27.3839346890444,70.0602104541858,3205.224587912088,990.559065934066,0.900990099009901,0.9204489228383447,15.224587912087912,32.559065934065934,3190,958,3221,1026,0.62,0.84,10.237875642006273
1832,2644,423.0,456.0,85.86436249161943,-0.6396074646334606,14.761123629275524,37.21089559870171,3204.624113475177,1042.049645390071,0.9276315789473685,0.9179534098911845,14.624113475177305,12.049645390070921,3190,1030,3220,1056,0.72,0.97,126.64680826856036
1833,2645,2859.0,2927.0,193.23667800283062,-0.83303072988675,56.7989028248448,64.34064485551654,3221.6649178034277,635.6079048618398,0.9767680218653911,0.46977878579583054,30.664917803427773,30.607904861839803,3191,605,3253,666,0.96,0.97,137.72914502721326
1834,2647,506.0,531.0,85.40428689936412,1.4903301879091948,21.888026086443016,29.950569432673785,3202.505928853755,1649.8359683794467,0.9529190207156308,0.6825862894869792,10.505928853754941,14.83596837944664,3192,1635,3215,1666,0.87,0.9,4.610370151864231
1835,2648,257.0,272.0,61.175348572339246,-0.23644899552933402,14.808805971917833,22.54177379772979,3202.081712062257,2103.3112840466924,0.9448529411764706,0.7539346230689027,10.081712062256809,7.311284046692607,3192,2096,3214,2113,0.86,0.92,103.54752951393851
1836,2649,469.0,499.0,84.29356616482454,-0.7255500755175701,22.66888312915103,26.66099782321966,3207.4477611940297,1539.4648187633263,0.9398797595190381,0.5263566804717525,13.447761194029852,13.464818763326226,3194,1526,3221,1552,0.83,0.84,131.5709571525549
1837,2650,259.0,285.0,63.761580858659244,-1.469807262955833,16.72568946581424,20.713425427735988,3202.138996138996,1562.7335907335907,0.9087719298245615,0.589894108556592,8.13899613899614,9.733590733590734,3194,1553,3213,1575,0.8,0.81,174.2137528650444
1838,2651,1343.0,1420.0,149.777044654209,1.491903131090457,27.54564905617225,62.97844505529946,3208.0081906180194,1607.500372300819,0.9457746478873239,0.8992757286012331,13.00819061801936,30.500372300819063,3195,1577,3223,1639,0.75,0.96,4.520247146164024
1839,2652,331.0,348.0,66.07830710275293,-0.31826623903936113,19.75518680243518,21.490032448747993,3205.7039274924473,935.2658610271903,0.9511494252873564,0.3936227193090505,9.70392749244713,9.265861027190333,3196,926,3217,946,0.95,0.96,108.23531225845718
1840,2653,703.0,735.0,99.13719477717872,0.39708180844847196,26.836350049037012,33.66320325972454,3212.6899004267425,2120.7567567567567,0.9564625850340136,0.6037135550709553,16.689900426742533,14.756756756756756,3196,2106,3229,2136,0.9,0.92,67.24888825448036
1841,2654,400.0,414.0,73.10742232723128,-0.3724445857168153,20.714354777593893,25.11041628782711,3209.1625,1835.2,0.966183574879227,0.5652337942548316,12.1625,11.2,3197,1824,3221,1845,0.94,0.95,111.33950286407193
1842,2657,659.0,685.0,94.32952102177953,1.0741247371669014,26.721537080061136,31.827002321733502,3213.801213960546,2151.875569044006,0.962043795620438,0.5432252628707098,12.801213960546283,16.87556904400607,3201,2135,3229,2167,0.93,0.94,28.457185889737715
1843,2658,149.0,155.0,43.65020289865058,-1.1573999151529246,12.195079945616904,15.578145292983614,3208.718120805369,951.8120805369127,0.9612903225806452,0.6222323714841127,5.718120805369128,6.8120805369127515,3203,945,3216,960,0.98,1.0,156.31413034706216
1844,2659,1117.0,1176.0,128.26909163461727,0.1742348227153431,31.235162827351235,45.94194315041314,3228.6401074306177,823.6902417188899,0.9498299319727891,0.7333202658165395,22.640107430617725,15.690241718889883,3206,808,3253,842,0.85,0.9,80.01708001420072
1845,2660,140.0,146.0,42.634766939125484,1.2237676311325436,12.33513938839008,14.576814464843027,3214.5642857142857,1051.6857142857143,0.958904109589041,0.5328393873152746,5.564285714285714,6.685714285714286,3209,1045,3221,1059,0.97,0.98,19.88327963138272
1846,2661,696.0,719.0,101.12859845013024,1.3231222121110273,28.180061214920364,33.68248987667744,3223.9454022988507,1936.5316091954023,0.9680111265646731,0.5477557373348406,14.945402298850574,16.5316091954023,3209,1920,3236,1956,0.86,0.87,14.190681466024841
1847,2663,1087.0,1160.0,125.16696722712615,0.2099659051020616,32.92665370535633,43.08177586151677,3233.266789328427,906.7976080956762,0.9370689655172414,0.6448814116197972,22.266789328426864,18.79760809567617,3211,888,3257,925,0.87,0.9,77.9698397960075
1848,2664,561.0,594.0,91.4179661643174,1.5567657113032847,24.181768244433414,30.234331486019926,3223.4598930481284,1908.4224598930482,0.9444444444444444,0.600251152966245,11.459893048128341,14.422459893048128,3212,1894,3236,1925,0.84,0.86,0.8038950516402252
1849,2665,235.0,246.0,56.367674816940074,1.510749086244057,14.567574839561809,20.6356518496354,3220.604255319149,2180.655319148936,0.9552845528455285,0.7082695743162225,7.604255319148936,9.65531914893617,3213,2171,3228,2191,0.93,0.97,3.4404534549699264
1850,2666,757.0,823.0,105.93627220552942,-0.8407924836264284,29.288779005229404,34.08111978188867,3229.797886393659,1480.796565389696,0.9198055893074119,0.5113302632484809,15.797886393659182,16.79656538969617,3214,1464,3245,1498,0.85,0.85,138.17386075811672
1851,2667,280.0,296.0,62.51610710300649,1.4322028628297703,15.652528584573773,23.090182159835962,3221.9714285714285,2069.4964285714286,0.9459459459459459,0.7351663428299641,7.9714285714285715,10.496428571428572,3214,2059,3230,2082,0.9,0.95,7.940820553300199
1852,2668,417.0,434.0,73.79753571561425,0.5659436514932925,22.674072867618623,23.564227088126014,3226.856115107914,940.5419664268585,0.9608294930875576,0.27225781657050513,11.856115107913668,10.541966426858513,3215,930,3240,953,0.96,0.96,57.57381732721161
1853,2669,406.0,423.0,72.55206195996149,0.6379023109395616,21.635979892517327,24.092279727868,3229.8768472906404,1210.7906403940888,0.9598108747044918,0.4399011820661884,10.876847290640393,10.79064039408867,3219,1200,3241,1223,0.97,0.97,53.450889841521196
1854,2670,2905.0,3051.0,210.5317858803916,-1.3734122738135985,56.15175034938771,67.57264169879495,3251.226161790017,523.7669535283993,0.9521468371025893,0.5562970623592682,31.226161790017212,31.766953528399313,3220,492,3277,561,0.82,0.83,168.690726820985
1855,2671,524.0,554.0,96.55096249085872,-1.4327719028952492,17.07457428574345,40.616511093970324,3230.227099236641,1835.2404580152672,0.9458483754512635,0.9073458022142328,10.227099236641221,20.240458015267176,3220,1815,3239,1855,0.71,0.92,172.0917830408256
1856,2673,241.0,247.0,54.701593715130684,-1.311325587161381,17.288857917410084,17.783979420549944,3229.2697095435683,1594.8132780082988,0.9757085020242915,0.23432163956666033,8.269709543568466,8.813278008298756,3221,1586,3238,1604,1.01,1.01,165.1334217118617
1857,2674,456.0,489.0,84.94421130710883,-1.5485810956145187,18.378822495791752,32.967571543570344,3229.6381578947367,1617.5811403508771,0.9325153374233128,0.8301891328688538,8.638157894736842,14.581140350877194,3221,1603,3240,1636,0.79,0.9,178.72716101245692
1858,2675,623.0,655.0,93.3535533083531,-0.9599564645911612,26.780509724664753,30.07869917058201,3236.247191011236,768.5569823434992,0.9511450381679389,0.45528061063942893,13.247191011235955,14.556982343499197,3223,754,3253,786,0.9,0.9,145.00145393737318
1859,2676,504.0,522.0,80.04125277669516,1.397279296657846,24.714545782189855,26.083668596851783,3235.1111111111113,977.0079365079365,0.9655172413793104,0.31972511579340757,12.11111111111111,13.007936507936508,3223,964,3248,990,0.99,0.99,9.941793500497312
1860,2677,1923.0,1983.0,164.43010371653418,0.5958758244478498,40.305056228304025,61.8127651589239,3251.817992719709,370.2418096723869,0.9697428139183056,0.7581753731802957,26.817992719708787,25.241809672386896,3225,345,3279,395,0.89,0.96,55.85883014525985
1861,2678,876.0,910.0,112.73534963388013,1.2871751771438875,25.44790241921402,44.10920328256867,3240.5102739726026,1180.3972602739725,0.9626373626373627,0.8167939178981335,13.51027397260274,20.397260273972602,3227,1160,3254,1203,0.87,0.97,16.250294855651134
1862,2682,561.0,584.0,86.28496983777607,0.5663161924038873,24.493133784029766,29.443485680836233,3248.8502673796793,465.0802139037433,0.9606164383561644,0.5549714919707941,13.850267379679144,12.080213903743315,3235,453,3263,479,0.95,0.96,57.55247230533857
1863,2683,724.0,754.0,102.69939477692515,-0.7556156351584817,26.755628797282313,36.45091266667923,3255.038674033149,781.8618784530387,0.9602122015915119,0.6791299312885052,18.03867403314917,16.861878453038674,3237,765,3269,797,0.86,0.89,133.29358682867803
1864,2684,468.0,483.0,81.8420868996177,0.8852098913280144,18.476633799177577,32.600445311343755,3250.277777777778,888.5769230769231,0.968944099378882,0.8238828279171015,12.277777777777779,13.576923076923077,3238,875,3263,904,0.88,0.99,39.281209243670524
1865,2685,327.0,352.0,71.21130342929425,-1.509550738155489,15.027393927735805,28.357599237397388,3244.859327217125,1138.1284403669724,0.9289772727272727,0.8480446629279388,6.859327217125382,13.128440366972477,3238,1125,3253,1152,0.81,0.94,176.49088625716757
1866,2686,1109.0,1187.0,129.93517273642667,-0.889664159899448,33.725481581825896,42.965933388725155,3258.7195671776376,323.4355275022543,0.9342881213142376,0.6195776280307257,17.71956717763751,19.435527502254285,3241,304,3279,345,0.83,0.84,140.9740015462904
1867,2687,566.0,603.0,91.3226813893029,1.0992479065885918,24.51801998633406,30.135362604600175,3259.547703180212,650.7190812720848,0.9386401326699834,0.5814301635933593,14.547703180212014,14.719081272084805,3245,636,3272,666,0.85,0.87,27.017734313882727
1868,2688,147.0,156.0,43.65020289865059,0.6516671809870239,12.878142969334556,14.564099270156118,3253.374149659864,852.8367346938776,0.9423076923076923,0.4670348871284105,6.374149659863946,6.836734693877551,3247,846,3261,860,0.97,0.97,52.66222088225557
1869,2689,355.0,370.0,67.64910342954782,1.5142590502460358,19.66271528156913,23.00853546251223,3257.5830985915495,720.5521126760564,0.9594594594594594,0.5193139736100764,9.583098591549296,10.552112676056337,3248,710,3268,733,0.97,0.98,3.2393473314136827
1870,2692,763.0,793.0,100.8032758789881,0.8823558990597684,28.922988813746507,33.862662533835504,3371.1336828309304,2454.8204456094363,0.9621689785624212,0.5200657234361679,15.133682830930537,15.820445609436435,3356,2439,3387,2472,0.94,0.95,39.44473095540399
1871,2693,346.0,368.0,71.67137902154954,-0.9514672677086191,15.857476179636846,28.175755595851445,3375.2976878612717,1757.3526011560693,0.9402173913043478,0.8265892153449987,10.297687861271676,12.352601156069364,3365,1745,3386,1770,0.85,0.95,144.5150587845479
1872,2694,995.0,1024.0,120.3198252256283,1.5374748486449157,27.315112294645083,47.28495842542572,3379.470351758794,1670.4321608040202,0.9716796875,0.816270248106036,11.47035175879397,22.4321608040201,3368,1648,3395,1695,0.86,0.96,1.9091800651312951
1873,2695,1037.0,1074.0,118.97906669496106,1.338203591021678,32.48626980831112,41.64555164395196,3388.3394406943107,1445.2227579556413,0.9655493482309124,0.6256975114338621,14.339440694310511,20.222757955641274,3374,1425,3406,1466,0.92,0.94,13.326582105206938
1874,2697,443.0,465.0,77.12969791923302,-0.03692726357717868,21.241236852304255,26.66637824123621,3400.4853273137696,1584.4627539503385,0.9526881720430107,0.6045660724984373,12.485327313769751,10.4627539503386,3388,1574,3414,1596,0.94,0.95,92.1157763519395
1875,2698,453.0,484.0,84.71417351098117,-1.5071071106900895,18.719955418662856,31.48743752755618,3400.887417218543,894.1810154525386,0.9359504132231405,0.8040797882030702,7.887417218543046,15.181015452538631,3393,879,3411,911,0.79,0.88,176.35087671669794
1876,2699,964.0,1004.0,121.3352611851534,0.4194735969187581,28.19252335416553,45.00587648049154,3422.447095435685,1192.4253112033196,0.9601593625498008,0.7794867492997881,25.44709543568465,13.425311203319502,3397,1179,3442,1210,0.82,0.89,65.96593327938326
1877,2700,296.0,315.0,65.98302232773844,1.0813029376418195,17.739413085622218,21.55300857930474,3414.6587837837837,1120.2905405405406,0.9396825396825397,0.5679548455124218,9.658783783783784,10.29054054054054,3405,1110,3425,1131,0.85,0.87,28.045905298026106
1878,2701,722.0,758.0,101.1680666962289,0.3885817377591503,27.44073490442163,33.99517241118537,3427.156509695291,1438.7146814404432,0.9525065963060686,0.5902848047937036,16.156509695290858,14.714681440443213,3411,1424,3445,1456,0.89,0.9,67.73590643054135
1879,2702,397.0,416.0,72.78209975608914,-1.0061083640354311,21.093455100752507,24.3499357484696,3426.035264483627,1097.2115869017632,0.9543269230769231,0.4995877675083456,10.035264483627204,11.211586901763225,3416,1086,3438,1110,0.94,0.95,147.64576299204202
1880,2703,2241.0,2315.0,177.93297379822113,-1.5131888982990864,44.25094199727875,64.89538712513901,3439.7764390896923,450.9509147701919,0.9680345572354212,0.7314629727979144,21.7764390896921,32.95091477019188,3418,418,3463,483,0.89,0.94,176.6993374785884
1881,2704,1837.0,1956.0,174.69609636961684,0.7199744451182665,40.73792649662824,57.899668984248464,3444.717474142624,623.2585737615677,0.939161554192229,0.7106010552531518,25.717474142623843,24.258573761567774,3419,599,3473,649,0.76,0.79,48.74850293745001
1882,2705,229.0,239.0,57.15307298033752,0.9085097421766799,12.726714504146686,22.962953379086233,3432.873362445415,1492.7423580786026,0.9581589958158996,0.8323648177818287,7.873362445414847,8.74235807860262,3425,1484,3442,1503,0.88,1.0,37.94622612675768
1883,2706,554.0,576.0,86.05493204164841,-0.4691728077237875,25.323954249874863,28.01556817139029,3444.061371841155,567.7292418772563,0.9618055555555556,0.4276923771051209,13.061371841155236,11.729241877256317,3431,556,3459,581,0.94,0.94,116.8816217448759
1884,2707,690.0,720.0,97.89172102152597,-1.372739439029209,24.919274900244236,35.654126330249404,3443.6289855072464,1527.2391304347825,0.9583333333333334,0.7152027904772886,11.628985507246377,16.23913043478261,3432,1511,3458,1546,0.9,0.95,168.65217622752988
1885,2709,1116.0,1154.0,123.55670265423258,-1.0526447187914687,33.57296331883043,42.80873109661005,3449.2374551971325,1779.6263440860216,0.9670710571923743,0.620438574635133,16.237455197132615,18.626344086021504,3433,1761,3468,1801,0.92,0.94,150.31209971348653
1886,2710,296.0,306.0,61.9607467357367,1.547888576901696,17.96944904770927,21.241178212021467,3443.983108108108,1455.4695945945946,0.9673202614379085,0.5332267950725719,8.983108108108109,11.469594594594595,3435,1444,3453,1466,0.97,0.98,1.312517387021657
1887,2711,1289.0,1348.0,135.85356722636544,-1.128088705946567,35.63109215941237,47.331095752697706,3462.699767261443,944.2536850271529,0.9562314540059347,0.6582434362378724,20.69976726144298,24.25368502715283,3442,920,3481,966,0.88,0.9,154.63472176711286
1888,2712,758.0,796.0,103.48479294032259,-1.0230326828328031,27.474183394741523,35.55236760662792,3468.745382585752,575.7532981530343,0.9522613065326633,0.6346731406014897,14.74538258575198,15.7532981530343,3454,560,3486,594,0.89,0.91,148.61545503026537
1889,2713,171.0,187.0,50.679318123128944,1.3975729066365028,12.720867545637095,17.28692915188447,3461.7134502923977,1451.3391812865498,0.9144385026737968,0.6771269288122728,6.713450292397661,8.339181286549708,3455,1443,3469,1460,0.84,0.87,9.924970887897345
1890,2714,429.0,461.0,79.02581681717005,0.5334795911100542,19.30745361178406,28.93263750196598,3468.848484848485,1037.1118881118882,0.93058568329718,0.744767216935977,12.848484848484848,10.111888111888112,3456,1027,3482,1050,0.86,0.92,59.43387097302902
1891,2716,784.0,815.0,102.60411000191064,-0.1726838378322571,30.04715159586479,33.933290698464766,3474.8494897959185,517.4553571428571,0.9619631901840491,0.46468302979126697,16.849489795918366,16.455357142857142,3458,501,3493,533,0.94,0.94,99.89405509790987
1892,2717,331.0,349.0,70.8859808581521,-1.1943473588783335,16.056795097603064,26.637886554156555,3467.513595166163,1629.4652567975832,0.9484240687679083,0.7979071539004304,8.513595166163142,13.465256797583082,3459,1616,3477,1642,0.83,0.91,158.4310629363252
1893,2718,153.0,160.0,45.64160657160212,1.2879165792752645,12.855247628503113,15.494340087515777,3466.62091503268,1020.0130718954248,0.95625,0.5582485355133564,5.620915032679738,7.0130718954248366,3461,1013,3473,1028,0.92,0.94,16.207815642601233
1894,2719,374.0,392.0,71.4413412254219,-1.2506159729140098,20.94758148049081,22.826304460197967,3473.5748663101604,997.3315508021391,0.9540816326530612,0.39728605297364905,10.574866310160427,10.331550802139038,3463,987,3485,1010,0.92,0.92,161.65501703962005
1895,2720,357.0,375.0,69.54522232748486,-0.202602952789911,19.70549168899751,23.246221874774783,3475.005602240896,1473.9159663865546,0.952,0.5304986529583476,11.005602240896359,9.915966386554622,3464,1464,3488,1484,0.93,0.94,101.60829411175017
1896,2721,302.0,332.0,71.9014168176772,0.8475943075088805,14.36267124841379,28.019329490297306,3474.6026490066224,489.7682119205298,0.9096385542168675,0.8586283221277747,9.602649006622517,11.7682119205298,3465,478,3487,502,0.73,0.86,41.43642344042748
1897,2722,1441.0,1587.0,160.08250555339032,0.2968747315347602,34.58882149716587,54.17933657263595,3491.8285912560723,1439.8473282442749,0.908002520478891,0.7696935527331403,26.828591256072173,18.84732824427481,3465,1421,3519,1458,0.71,0.76,72.99033083897888
1898,2723,434.0,465.0,80.50132836895047,0.7893415422805589,20.956116292066834,27.0141593000172,3477.9400921658985,729.9700460829494,0.9333333333333333,0.6310457211676708,11.940092165898617,13.97004608294931,3466,716,3491,743,0.84,0.86,44.77406103297675
1899,2725,398.0,410.0,72.22673938881934,1.3065405572498874,19.128276229662397,26.56524782176232,3480.879396984925,460.08793969849245,0.9707317073170731,0.6939233739911679,8.879396984924623,13.087939698492463,3472,447,3492,473,0.96,1.0,15.140740306910743
1900,2727,494.0,527.0,89.98192285863566,1.0498611297391627,18.780938303081214,34.302144820567364,3494.097165991903,1487.5607287449393,0.937381404174573,0.8367958779310409,12.097165991902834,16.560728744939272,3482,1471,3506,1505,0.77,0.87,29.847388191109424
1901,2728,477.0,494.0,80.2712905728228,0.6754420031760943,20.69498499954498,29.666982209681095,3499.2557651991615,1075.0398322851154,0.9655870445344129,0.7165104630902053,13.255765199161425,11.039832285115304,3486,1064,3513,1089,0.93,0.98,51.30002391214785
1902,2729,298.0,310.0,63.952150408688226,-0.3865564272373827,16.277602943946047,23.445494976004614,3499.1610738255035,1054.744966442953,0.9612903225806452,0.7197105634808317,10.161073825503356,7.74496644295302,3489,1047,3511,1064,0.92,0.96,112.14805182435794
1903,2730,272.0,285.0,61.4053863684669,-0.03459943695031396,17.546199749925375,20.408676888245306,3501.073529411765,1115.7426470588234,0.9543859649122807,0.5107283379933429,10.073529411764707,9.742647058823529,3491,1106,3513,1124,0.91,0.91,91.98240171078199
1904,2731,1641.0,1686.0,147.23028061398767,1.4047172711848055,43.30166252572661,48.53267754540023,3518.441803778184,479.26203534430226,0.9733096085409253,0.4516076460653854,20.441803778184035,24.262035344302255,3498,455,3542,503,0.95,0.96,9.515628951976723
1905,2732,2402.0,2527.0,193.2366780028306,-1.2838287724589794,44.729386776381276,71.13990523771116,3528.56910907577,865.8651124063281,0.9505342303126236,0.7776055609963336,27.569109075770193,35.86511240632806,3501,830,3552,901,0.81,0.87,163.5579702793608
1906,2733,183.0,196.0,50.9093559192566,-1.338438703716366,12.751608854433826,18.523486304458373,3507.448087431694,1099.983606557377,0.9336734693877551,0.7253291675611807,6.448087431693989,8.98360655737705,3501,1091,3515,1110,0.89,0.93,166.68688885990863
1907,2734,376.0,401.0,75.00354122516832,-0.15039135879324353,16.986603943680198,28.457400897090434,3520.372340425532,1031.4760638297873,0.9376558603491272,0.8023056724851819,13.372340425531915,9.476063829787234,3507,1022,3535,1040,0.84,0.93,98.61679013409054
1908,2735,971.0,1030.0,119.43914228721636,0.39028112505948515,32.17377159959365,39.22163401000726,3528.799176107106,1169.4212152420184,0.9427184466019417,0.5719237851576299,19.799176107106078,16.421215242018537,3509,1153,3547,1186,0.86,0.87,67.63853871047402
1909,2736,663.0,700.0,98.6771191849234,0.9907240831081519,23.98673539732719,36.031296000457836,3524.366515837104,1112.8552036199094,0.9471428571428572,0.746202105873847,13.366515837104073,15.855203619909503,3511,1097,3540,1129,0.86,0.91,33.235691375934685
1910,2737,859.0,884.0,104.92083624600431,0.6998036894159811,32.458483890265235,33.84544091811959,3530.53434225844,531.7462165308498,0.9717194570135747,0.28333546930138653,16.534342258440045,15.746216530849825,3514,516,3547,548,0.98,0.98,49.9042021087804
1911,2739,711.0,773.0,111.29930632819841,1.528060589281496,22.798458240769666,40.12829767197673,3527.6300984528834,1501.3628691983122,0.9197930142302717,0.8229324815134891,11.630098452883264,20.362869198312236,3516,1481,3541,1522,0.72,0.81,2.4485773938967554
1912,2740,1084.0,1156.0,132.8467275938888,0.3653298927106768,31.359555061662387,46.08694811265898,3545.758302583026,973.1337638376384,0.9377162629757786,0.7328007337993613,21.75830258302583,19.133763837638377,3524,954,3571,990,0.77,0.82,69.06813901771105
1913,2741,490.0,527.0,94.23423624676505,0.7822339229239327,22.486229377597507,28.273261840626024,3537.3979591836733,1448.5081632653062,0.9297912713472486,0.6061926610712786,13.39795918367347,13.508163265306122,3524,1435,3551,1462,0.69,0.71,45.18129762449692
1914,2742,3037.0,3163.0,207.6202310229295,-1.0687131755079429,54.817459492333256,71.53061508490565,3566.7922291735267,1075.0572933816266,0.9601644008852356,0.6424237418815496,30.792229173526508,37.05729338162661,3536,1038,3595,1107,0.89,0.91,151.23275446662916
1915,2743,796.0,840.0,111.62462889934056,1.0861531819334205,24.25188744661333,42.07604835867541,3553.212311557789,929.8015075376884,0.9476190476190476,0.8171802134582351,14.212311557788945,19.801507537688444,3539,910,3569,949,0.8,0.9,27.76800677050995
1916,2744,1073.0,1130.0,123.88202522537472,-0.34281967999877483,31.86907088625198,43.74408844363928,3559.389561975769,1001.5535880708295,0.9495575221238938,0.6850092743986895,19.38956197576887,14.55358807082945,3540,987,3582,1019,0.88,0.91,109.64212079795524
1917,2746,225.0,236.0,54.146233347860885,-1.0489024568183196,15.170905158237392,18.968388052803572,3550.448888888889,705.3155555555555,0.9533898305084746,0.600267389389395,8.448888888888888,8.315555555555555,3542,697,3559,715,0.96,0.98,150.0976838965928
1918,2747,622.0,665.0,96.55096249085871,-0.040816261044332384,25.624166285120086,31.582663153783322,3558.3440514469453,807.2395498392283,0.9353383458646617,0.5845794558654588,16.344051446945336,12.239549839228296,3542,795,3574,821,0.84,0.85,92.33859949334447
1919,2748,266.0,284.0,60.715272980083945,-0.24390118425930435,16.410161527709985,20.825342648961787,3554.785714285714,459.13157894736844,0.9366197183098591,0.6156880517123609,9.785714285714286,8.131578947368421,3545,451,3565,468,0.91,0.93,103.97450847630077
1920,2749,458.0,489.0,90.76732102203312,1.0704348857462664,19.430629924719522,30.63081970560669,3556.8471615720523,1605.8275109170306,0.9366053169734151,0.7730467922969875,11.847161572052402,13.827510917030567,3545,1592,3568,1624,0.7,0.75,28.668598803170447
1921,2750,308.0,317.0,62.5161071030065,1.4737548887729628,18.33259804667549,21.46272000758522,3555.3506493506493,1193.0811688311687,0.9716088328075709,0.5200101968771127,9.35064935064935,10.081168831168831,3546,1183,3565,1204,0.99,1.0,5.560064836537165
1922,2752,622.0,665.0,98.71658743102208,0.9745699138779395,24.106889904108314,33.62011057417771,3576.064308681672,1502.1109324758843,0.9353383458646617,0.6970342908778878,13.064308681672026,17.110932475884244,3563,1485,3593,1519,0.8,0.84,34.16125709436595
1923,2753,260.0,271.0,58.49383151100476,0.7990963428178733,16.11856226982996,20.677775796542424,3578.0730769230768,1604.8653846153845,0.959409594095941,0.6263880218472961,9.073076923076924,8.865384615384615,3569,1596,3587,1615,0.96,0.98,44.215152132196685
