label,area,area_convex,perimeter_crofton,orientation,ell: b-axis (px),ell: a-axis (px),centerpoint y,centerpoint x,convexity,eccentricity,local centerpoint y,local centerpoint x,bbox y1,bbox x1,bbox y2,bbox x2,IR,IRn,b axis azimuth (deg),ell: a-axis (mm),ell: b-axis (mm),b_mm,a_mm,area_px,d_eq_mm,__resolution_mm_per_px,shape_class,shape_label,anomaly_class,anomaly_label
183,23369.0,24965.0,626.9455568701703,-1.2565439796674551,144.05224227775324,221.8343432769824,436.0385125593736,1584.876503059609,0.9360704986981776,0.7604738700908352,94.03851255937352,131.8765030596089,342,1453,510,1695,0.75,0.8,161.99466680751752,46.14154340161234,29.96286639377267,29.96286639377267,46.14154340161234,23369.0,35.878845383017975,0.208,regular,普通,normal,正常骨料
190,10470.0,14871.0,517.9793250688828,-1.4648516205009403,85.85568185495069,196.54725981428,410.95912129894936,2190.6243553008594,0.7040548718983256,0.8995491633708506,54.95912129894938,93.6243553008596,356,2097,467,2275,0.49,0.63,173.92981546760322,40.88183004137024,17.857981825829743,17.857981825829743,40.88183004137024,10470.0,24.015505645229066,0.208,needle_flaky,针片状候选,normal,正常骨料
194,17801.0,18276.0,509.9511221676965,-0.1933140565563374,130.30542109103322,180.49521269616545,454.0884219987641,2406.423066119881,0.9740096301159992,0.6919631333143557,94.08842199876412,73.4230661198809,360,2333,534,2465,0.86,0.89,101.07607956123144,37.54300424080241,27.10352758693491,27.10352758693491,37.54300424080241,17801.0,31.31414760526903,0.208,regular,普通,normal,正常骨料
196,21035.0,25150.0,689.7080500521216,0.8324146121698474,119.36476423670896,254.36308186887103,463.7351081530782,1920.024768243404,0.8363817097415507,0.883055152337993,100.7351081530782,97.02476824340386,363,1823,574,2017,0.56,0.68,42.30615591764849,52.90752102872517,24.827870961235465,24.827870961235465,52.90752102872517,21035.0,34.04000791980054,0.208,needle_flaky,针片状候选,normal,正常骨料
199,8455.0,8690.0,345.6394231894583,-0.3328006457533904,86.33827309948425,125.75519889651515,431.4930810171496,619.2665878178592,0.9729574223245108,0.7270747744782692,64.49308101714962,46.26658781785925,367,573,494,669,0.89,0.94,109.06807242089768,26.15708137047515,17.958360804692724,17.958360804692724,26.15708137047515,8455.0,21.581180656633077,0.208,regular,普通,normal,正常骨料
205,31546.0,35009.0,733.7625120141117,-0.779158182303231,157.30037546039551,273.6388905110706,512.9318138591264,371.6608444810752,0.9010825787654604,0.8182612236139376,125.93181385912636,127.66084448107526,387,244,625,487,0.74,0.82,134.6424754190599,56.91688922630268,32.718478095762265,32.718478095762265,56.91688922630268,31546.0,41.68603067501525,0.208,regular,普通,normal,正常骨料
206,891.0,986.0,125.16696722712616,0.8746594871543412,31.77531748988088,36.82270312979207,406.4051627384961,2667.8215488215487,0.9036511156186612,0.5053280076005838,19.40516273849607,15.821548821548822,387,2652,424,2689,0.71,0.72,39.88570287497921,7.65912225099675,6.609266037895222,6.609266037895222,7.65912225099675,891.0,7.0057921162498875,0.208,regular,普通,normal,正常骨料
208,15206.0,15844.0,478.71618857947465,-0.5532742956285086,135.88173255185612,151.15383687287553,481.84433776141,1781.8125082204392,0.9597323908104014,0.4380242192128978,90.84433776140996,77.8125082204393,391,1704,553,1848,0.83,0.84,121.70028205258696,31.439998069558108,28.263400370786076,28.263400370786076,31.439998069558108,15206.0,28.9418232787431,0.208,regular,普通,normal,正常骨料
209,21672.0,22025.0,542.8194402920933,0.5780292791094203,160.25277018078435,176.5059283200615,480.0488648947952,741.9798818752307,0.9839727582292848,0.4191495411077651,84.04886489479513,89.97988187523072,396,652,569,816,0.92,0.93,56.881361872040735,36.71323309057279,33.332576197603146,33.332576197603146,36.71323309057279,21672.0,34.55157828084968,0.208,round,圆形,normal,正常骨料
212,766.0,800.0,104.27019110372004,-1.3442661731777537,31.19960725042005,31.470286889399222,422.8028720626632,2477.882506527415,0.9575,0.1308749632661244,15.802872062663186,14.882506527415144,407,2463,440,2495,0.89,0.89,167.0207782652875,6.545819672995038,6.48951830808737,6.48951830808737,6.545819672995038,766.0,6.495802007310669,0.208,round,圆形,normal,正常骨料
216,11456.0,14394.0,514.5518780902495,-0.0425884246710495,84.87457156103432,202.90287416796184,509.6636696927374,1050.91218575419,0.7958871752118939,0.9083082494129684,93.66366969273744,54.91218575418994,416,996,617,1095,0.54,0.71,92.44013698976195,42.20379782693606,17.653910884695136,17.653910884695136,42.20379782693606,11456.0,25.120882766339307,0.208,needle_flaky,针片状候选,normal,正常骨料
218,11127.0,11487.0,407.1006260868409,-1.1098795237763113,97.08785160099364,147.3028272272407,482.1517929361014,2063.458973667656,0.9686602246017236,0.7520519895074962,62.15179293610137,67.45897366765526,420,1996,538,2131,0.84,0.9,153.59141248037236,30.638988063266066,20.19427313300668,20.19427313300668,30.638988063266066,11127.0,24.757537087256832,0.208,regular,普通,normal,正常骨料
219,23029.0,26104.0,661.3220831119819,0.9775240869818131,141.17573057774518,220.4559858740956,507.9357766294672,1217.9377741109035,0.8822019613852283,0.7680577592824561,85.9357766294672,107.93777411090365,422,1110,625,1310,0.66,0.71,33.99199544356293,45.854845061811886,29.364551960171,29.364551960171,45.854845061811886,23029.0,35.616885011086346,0.208,angular,棱角状,normal,正常骨料
221,16105.0,16794.0,485.74530380395305,-0.7639976634504592,131.4746629111241,163.01861724434144,505.37969574666255,2546.4063334368207,0.9589734428962724,0.5912328514023102,71.37969574666252,80.40633343682086,434,2466,586,2624,0.86,0.87,133.77384167356757,33.907872386823016,27.346729885513813,27.346729885513813,33.907872386823016,16105.0,29.785079173294346,0.208,round,圆形,normal,正常骨料
222,4733.0,5192.0,292.52497408393964,-1.341982668533056,70.41236600458109,98.0958105203701,471.1360659201352,907.564124234101,0.9115947611710324,0.6962578308317344,36.13606592013522,39.564124234100994,435,868,511,967,0.7,0.72,166.8899430866478,20.40392858823698,14.645772128952864,14.645772128952864,20.40392858823698,4733.0,16.14680671200893,0.208,regular,普通,normal,正常骨料
223,16604.0,16946.0,500.835318495252,0.0712177271710095,115.78268320574732,187.7809634793314,526.924174897615,2182.1342447602988,0.979818246193792,0.7872893547239525,87.92417489761503,55.13424476029872,439,2127,629,2245,0.83,0.91,85.91952480658698,39.05844040370093,24.08279810679544,24.08279810679544,39.05844040370093,16604.0,30.24299214289916,0.208,regular,普通,normal,正常骨料
224,10376.0,13127.0,500.68421719132175,-0.2907841082193927,113.2818832243214,153.9232548437119,527.8975520431766,2281.5556090979185,0.7904319341814581,0.6770213156928417,81.89755204317656,52.55560909791827,446,2229,612,2357,0.52,0.54,106.6607021504466,32.01603700749207,23.56263171065885,23.56263171065885,32.01603700749207,10376.0,23.907456586673277,0.208,angular,棱角状,normal,正常骨料
225,22704.0,23742.0,581.7803741736407,-1.2471485537226434,141.00337070960117,211.3334827184518,554.7600863284002,933.2206219168428,0.956280010108668,0.744871538369197,76.76008632840028,104.22062191684284,478,829,643,1038,0.84,0.9,161.4563485541521,43.95736440543797,29.32870110759704,29.32870110759704,43.95736440543797,22704.0,35.36466783814511,0.208,regular,普通,normal,正常骨料
226,12216.0,15088.0,501.64383662193103,-0.6058673434095955,105.26132517390732,171.4439895045802,563.4277177472168,1874.0739194499013,0.8096500530222693,0.7893300003387582,79.42771774721676,71.07391944990177,484,1803,662,1946,0.61,0.67,124.71364172217312,35.66034981695268,21.894355636172723,21.894355636172723,35.66034981695268,12216.0,25.940772580329295,0.208,angular,棱角状,normal,正常骨料
228,26505.0,29207.0,697.2367091149539,0.800536195587594,140.21215143841957,254.7536733601934,608.2579890586682,1567.3182041124317,0.9074879309754512,0.8349121463866682,120.25798905866816,96.31820411243162,488,1471,710,1694,0.69,0.78,44.13265464537147,52.98876405892023,29.16412749919127,29.16412749919127,52.98876405892023,26505.0,38.21046286371054,0.208,regular,普通,normal,正常骨料
229,7603.0,7927.0,362.81612632872327,-0.1938603893841504,70.70986471631986,142.23018018607664,578.934104958569,2102.2260949625147,0.959127034186956,0.8676640849118119,79.93410495856898,38.2260949625148,499,2064,643,2138,0.73,0.87,101.10738212647456,29.58387747870394,14.70765186099453,14.70765186099453,29.58387747870394,7603.0,20.464959500301926,0.208,needle_flaky,针片状候选,normal,正常骨料
230,12064.0,13165.0,434.4711570674557,0.0813002832689739,124.36878740237744,129.57390245803535,595.0048076923077,1415.4591346153843,0.9163691606532473,0.2805856691330286,73.0048076923077,70.45913461538461,522,1345,665,1474,0.8,0.8,85.34183689546974,26.951371711271356,25.868707779694507,25.868707779694507,26.951371711271356,12064.0,25.778880810530232,0.208,regular,普通,normal,正常骨料
231,10590.0,10943.0,393.978895105212,-1.5602223081890751,91.59377940163542,148.75029313790887,578.1247403210576,1722.486968838527,0.967741935483871,0.7879374511149956,46.1247403210576,71.4869688385269,532,1651,624,1795,0.86,0.93,179.39415336139362,30.940060972685043,19.051506115540164,19.051506115540164,30.940060972685043,10590.0,24.152738223142315,0.208,regular,普通,normal,正常骨料
233,16030.0,17194.0,513.3458725806954,1.1643130971418847,115.41872764597606,187.28214720332275,613.0056144728634,768.9642545227698,0.932301965802024,0.787525087406913,63.00561447286338,94.9642545227698,550,674,693,856,0.76,0.83,23.28977350196457,38.95468661829113,24.00709535036302,24.00709535036302,38.95468661829113,16030.0,29.715644594803187,0.208,regular,普通,normal,正常骨料
234,9206.0,9748.0,380.65024629073696,-0.4616846065131692,96.7388098235852,127.46071958417888,605.2012817727569,1111.1111231805344,0.9443988510463684,0.6511260742401965,53.2012817727569,52.11112318053444,552,1059,679,1172,0.8,0.82,116.4525794193627,26.511829673509204,20.12167244330572,20.12167244330572,26.511829673509204,9206.0,22.519247783117972,0.208,regular,普通,normal,正常骨料
235,8438.0,10457.0,427.25147229294834,0.782784571463591,68.052130911589,181.850614087648,618.2107134392036,2404.93161886703,0.8069235918523477,0.9273399677846396,62.2107134392036,66.9316188670301,556,2338,697,2471,0.58,0.81,45.14974778717946,37.82492773023078,14.154843229610512,14.154843229610512,37.82492773023078,8438.0,21.559473697842336,0.208,needle_flaky,针片状候选,normal,正常骨料
236,5296.0,5459.0,274.61868931019296,1.018709537442657,72.04056528729244,95.36434617084691,595.4756419939577,2493.7915407854985,0.970141051474629,0.655235680395302,39.4756419939577,42.79154078549849,556,2451,634,2544,0.88,0.91,31.63224295481145,19.83578400353616,14.984437579756827,14.984437579756827,19.83578400353616,5296.0,17.080177612468887,0.208,regular,普通,normal,正常骨料
237,17680.0,17951.0,495.37699959756856,0.3331831047146137,129.57089684791202,176.55632103053233,651.6375,551.4100678733032,0.9849033480028968,0.679280703423611,92.6375,62.41006787330317,559,489,732,624,0.91,0.94,70.91001429478727,36.723714774350725,26.9507465443657,26.9507465443657,36.723714774350725,17680.0,31.207539193747756,0.208,regular,普通,normal,正常骨料
238,8325.0,8650.0,349.4316609853324,0.9404998558157353,87.05291746635937,124.13570970617307,613.9628828828829,1211.039039039039,0.96242774566474,0.7128936494944982,54.96288288288288,58.03903903903904,559,1153,667,1270,0.86,0.9,36.11332762909592,25.820227618884,18.10700683300275,18.10700683300275,25.820227618884,8325.0,21.414627054842416,0.208,regular,普通,normal,正常骨料
240,15612.0,16588.0,486.39594894623735,0.7993073614818524,120.1994223782598,169.28689892899288,645.2619139123751,2706.4042403279527,0.9411622859898722,0.7041675823656987,75.26191391237509,74.40424032795286,570,2632,724,2782,0.83,0.87,44.203061653352194,35.21167497723052,25.00147985467804,25.00147985467804,35.21167497723052,15612.0,29.32565125580923,0.208,regular,普通,normal,正常骨料
241,18853.0,19331.0,529.2212854353918,1.537579214248724,133.4061749281455,186.48567771581352,642.5762478120193,1957.5352463798863,0.975272877761109,0.6987463131650076,68.5762478120193,86.53524637988649,574,1871,719,2059,0.85,0.88,1.903200356506744,38.78902096488921,27.74848438505426,27.74848438505426,38.78902096488921,18853.0,32.226165123428764,0.208,regular,普通,normal,正常骨料
242,20632.0,26078.0,744.1237894422088,0.5219136950792038,115.4777091340396,269.72202678557915,742.0480321830166,1876.6012989530825,0.7911649666385459,0.9037143172337858,153.0480321830167,93.6012989530826,589,1783,861,1964,0.47,0.6,60.09654800188386,56.10218157140046,24.019363499880235,24.019363499880235,56.10218157140046,20632.0,33.71235246326967,0.208,needle_flaky,针片状候选,normal,正常骨料
243,6195.0,7039.0,360.44358355571376,0.955865772860637,68.12252129973774,123.59136983944803,649.3099273607749,1029.2361581920904,0.8800966046313397,0.8343787222210357,49.30992736077482,51.23615819209039,600,978,700,1095,0.6,0.68,35.232925434074915,25.70700492660519,14.169484430345449,14.169484430345449,25.70700492660519,6195.0,18.47306888242719,0.208,angular,棱角状,normal,正常骨料
244,7138.0,7755.0,367.9327743724474,-0.0548946302985478,67.5131363414005,139.73852467207993,682.6541047912581,962.5201737181284,0.9204384268214056,0.8755436426806291,81.65410479125805,31.520173718128326,601,931,750,1007,0.66,0.8,93.14523063403776,29.065613131792624,14.042732359011303,14.042732359011303,29.065613131792624,7138.0,19.82926725235975,0.208,needle_flaky,针片状候选,normal,正常骨料
245,12771.0,13473.0,443.6264289859988,1.0677964882578532,112.56374246629014,150.00181980015782,673.8928040090831,2356.935400516796,0.9478957915831664,0.6609660040260564,72.89280400908308,69.93540051679587,601,2287,739,2426,0.82,0.84,28.819767843934443,31.200378518432824,23.413258432988343,23.413258432988343,31.200378518432824,12771.0,26.523500878608832,0.208,regular,普通,normal,正常骨料
246,3551.0,4019.0,278.8710026983224,0.830694325661678,43.04765132710549,112.16336234315546,650.0315404111518,895.0275978597579,0.8835531226673302,0.9234186421816064,45.03154041115179,40.02759785975781,605,855,701,934,0.57,0.79,42.40472107411989,23.329979367376332,8.953911476037941,8.953911476037941,23.329979367376332,3551.0,13.986006650964091,0.208,needle_flaky,针片状候选,normal,正常骨料
248,5847.0,6060.0,303.7900544137302,-0.9918475680631348,67.84615410826666,113.21428477812977,652.7135283051138,2246.7785188985804,0.9648514851485148,0.8005454613625785,43.71352830511373,61.77851889858047,609,2185,695,2297,0.8,0.88,146.8286795703323,23.54857123385099,14.112000054519465,14.112000054519465,23.54857123385099,5847.0,17.946713970084577,0.208,regular,普通,normal,正常骨料
250,24074.0,25032.0,593.1176193151642,1.3959024901894928,171.34862132565294,185.2904944585744,706.0043615518817,1739.9769876215005,0.961728986896772,0.3805589237269468,86.0043615518817,102.97698762150036,620,1637,801,1823,0.86,0.86,10.02067870034027,38.54042284738347,35.64051323573581,35.64051323573581,38.54042284738347,24074.0,36.41602364565938,0.208,round,圆形,normal,正常骨料
251,12193.0,12511.0,427.8626491891339,0.0535503673632431,100.5319376678598,159.78024160385544,702.9375051258919,402.1268760764373,0.9745823675165854,0.7772525074507172,81.9375051258919,46.1268760764373,621,356,785,460,0.84,0.91,86.93178995871106,33.234290253601934,20.91064303491484,20.91064303491484,33.234290253601934,12193.0,25.916340734064008,0.208,regular,普通,normal,正常骨料
252,1728.0,1962.0,174.41024204457338,-0.7896330025284667,42.9118085936371,56.95661972415859,647.1435185185185,1305.2922453703704,0.8807339449541285,0.6575485925245944,23.14351851851852,25.29224537037037,624,1280,681,1338,0.71,0.74,135.2426384091242,11.846976902624986,8.925656187476516,8.925656187476516,11.846976902624986,1728.0,9.756414957677505,0.208,angular,棱角状,normal,正常骨料
253,7367.0,7653.0,333.99320375960974,-1.042376809029843,82.45859380255806,118.77994903645876,675.3598479706801,1354.3716573910683,0.9626290343656082,0.7197695498819143,48.35984797068006,55.37165739106828,627,1299,725,1410,0.83,0.87,149.7237918197242,24.70622939958342,17.151387510932075,17.151387510932075,24.70622939958342,7367.0,20.144835678963243,0.208,regular,普通,normal,正常骨料
254,5501.0,6051.0,299.363519758389,1.1085556805523076,77.0147809693278,100.11641018814043,676.4651881476095,1159.9636429740046,0.9091059329036524,0.6389451194622982,39.46518814760952,51.96364297400473,637,1108,727,1202,0.77,0.79,26.484438149100065,20.82421331913321,16.019074441620184,16.019074441620184,20.82421331913321,5501.0,17.407612748004386,0.208,regular,普通,normal,正常骨料
256,9127.0,9409.0,351.7089189833273,-0.1158057696438264,99.6969514726449,117.588811571177,696.5121069354662,2092.1835214199627,0.9700286959294292,0.5302459760860723,58.5121069354662,49.18352141996274,638,2043,755,2141,0.93,0.94,96.63518184385548,24.458472806804817,20.73696590631014,20.73696590631014,24.458472806804817,9127.0,22.42241671408444,0.208,round,圆形,normal,正常骨料
259,2294.0,2622.0,201.4159822079472,0.0820160848755489,39.44737267067804,78.1350567611344,703.1765475152572,1285.6708805579774,0.8749046529366895,0.8632004320254516,38.17654751525719,20.67088055797733,665,1265,743,1311,0.71,0.84,85.3008244844443,16.252091806315953,8.205053515501033,8.205053515501033,16.252091806315953,2294.0,11.241262803257037,0.208,angular,棱角状,normal,正常骨料
260,8108.0,9692.0,389.15487306699566,1.1161870601256607,85.80656841602459,130.3156244611572,708.8421312284164,2527.1930192402565,0.8365662401981016,0.7526228249994169,43.84213122841638,66.19301924025653,665,2461,777,2586,0.67,0.72,26.047192307684583,27.10564988792069,17.847766230533114,17.847766230533114,27.10564988792069,8108.0,21.13368667220715,0.208,angular,棱角状,normal,正常骨料
262,22535.0,25139.0,676.1262434782373,1.2711228848680076,128.37145402701037,251.60028132381447,753.5822942090082,2278.6288883958287,0.8964159274434146,0.8600440221036757,73.58229420900821,123.62888839582872,680,2155,844,2409,0.62,0.73,17.170023454569503,52.33285851535341,26.701262437618155,26.701262437618155,52.33285851535341,22535.0,35.23280137421968,0.208,angular,棱角状,normal,正常骨料
263,14918.0,19896.0,626.0022857223782,0.0956121275783346,121.25188164152917,188.6476873050158,794.6504223086205,1091.282477543907,0.7497989545637314,0.7660823124622486,113.65042230862046,67.2824775439067,681,1024,873,1161,0.48,0.51,84.52182861949504,39.23871895944329,25.220391381438063,25.220391381438063,39.23871895944329,14918.0,28.666435586360063,0.208,angular,棱角状,normal,正常骨料
264,8411.0,8663.0,377.2622675582023,0.958639296970404,72.03840026978341,153.25809289309746,728.776364284865,1542.4609440019024,0.9709107699411288,0.8826417569956847,46.77636428486506,75.46094400190228,682,1467,791,1604,0.74,0.91,35.07401420820748,31.87768332176427,14.983987256114949,14.983987256114949,31.87768332176427,8411.0,21.524952946871753,0.208,needle_flaky,针片状候选,normal,正常骨料
265,6636.0,7217.0,331.12111714824624,-0.7612324681806742,71.99181216176046,122.61532406229,742.0007534659434,1022.1844484629296,0.9194956353055286,0.8094886534815896,59.00075346594334,53.184448462929474,683,969,794,1068,0.76,0.84,133.61540765507937,25.50398740495632,14.974296929646176,14.974296929646176,25.50398740495632,6636.0,19.119282179581663,0.208,regular,普通,normal,正常骨料
268,10646.0,11448.0,399.70672004512176,-0.7844459371440963,106.51668296520172,133.78158496647754,744.9433590080781,739.6125305278978,0.9299440950384348,0.6050356344560291,53.94335900807816,54.6125305278978,691,685,818,805,0.84,0.85,134.94544145454137,27.82656967302733,22.15547005676196,22.15547005676196,27.82656967302733,10646.0,24.216513953762863,0.208,regular,普通,normal,正常骨料
269,946.0,1179.0,136.54368061474838,-0.8670374190668834,27.90191555591204,50.28506868537549,709.6955602536998,909.26955602537,0.8023748939779474,0.8319338902098847,18.69556025369979,20.26955602536998,691,889,735,933,0.64,0.72,139.6775847924481,10.459294286558102,5.803598435629703,5.803598435629703,10.459294286558102,946.0,7.2187825938725485,0.208,angular,棱角状,normal,正常骨料
270,4848.0,5579.0,311.46981478049287,-0.9277822416001202,57.26748274350648,113.74273324239608,732.506600660066,623.8351897689769,0.8689729342176017,0.8640053875679776,40.506600660066006,54.835189768976896,692,569,780,673,0.63,0.74,143.15800675087377,23.658488514418384,11.911636410649349,11.911636410649349,23.658488514418384,4848.0,16.341792805450392,0.208,angular,棱角状,normal,正常骨料
271,5039.0,5778.0,297.00732526819667,0.8773639310048458,77.18392205886799,87.1736252674045,733.9924588211946,1232.5052589799564,0.8721010730356524,0.4648212897957832,41.99245882119468,39.50525897995634,692,1193,780,1278,0.72,0.72,39.73074965641519,18.132114055620136,16.054255788244543,16.054255788244543,18.132114055620136,5039.0,16.660597537542998,0.208,angular,棱角状,normal,正常骨料
273,14930.0,16979.0,514.2265555191074,0.9150518222615418,126.12963510746992,163.92865465709696,757.9226389819156,1426.3108506363028,0.8793215148124154,0.638745765154331,61.9226389819156,103.31085063630276,696,1323,840,1506,0.71,0.73,37.57139254865851,34.09716016867617,26.234964102353743,26.234964102353743,34.09716016867617,14930.0,28.67796287142606,0.208,angular,棱角状,normal,正常骨料
275,11253.0,13090.0,452.4563783333997,-0.2933468999592079,122.97699524041629,129.72529647983092,761.840575846441,2693.98933617702,0.8596638655462185,0.3183296918125579,64.84057584644096,69.98933617701947,697,2624,836,2765,0.69,0.69,106.807539300909,26.98286166780483,25.579215010006585,25.579215010006585,26.98286166780483,11253.0,24.897317275571854,0.208,angular,棱角状,normal,正常骨料
276,3567.0,3953.0,245.4867924527545,-0.4475461282254748,64.8222581374103,75.81293888194611,736.2026913372582,1980.7687132043727,0.9023526435618516,0.5185802550525873,38.2026913372582,42.76871320437342,698,1938,780,2012,0.74,0.75,115.64250428474048,15.76909128744479,13.483029692581342,13.483029692581342,15.76909128744479,3567.0,14.01748012345395,0.208,regular,普通,normal,正常骨料
277,5663.0,5843.0,297.6974386565796,1.313276477839228,61.43396503552906,118.95066333107088,736.9360762846547,1144.059685678969,0.9691939072394318,0.8563077382025149,30.93607628465477,61.05968567896875,706,1083,772,1202,0.8,0.94,14.754800486006246,24.741737972862744,12.778264727390043,12.778264727390043,24.741737972862744,5663.0,17.662072985976454,0.208,regular,普通,normal,正常骨料
278,4149.0,5267.0,295.7060349836281,0.1600456389227562,74.118807770463,82.77309210184684,759.3564714389009,926.2641600385635,0.7877349534839567,0.4451707914628957,46.35647143890094,32.26416003856351,713,894,802,980,0.6,0.6,80.83006036025138,17.216803157184142,15.416712016256302,15.416712016256302,17.216803157184142,4149.0,15.11785277635479,0.208,angular,棱角状,normal,正常骨料
279,2005.0,2070.0,168.1270567373938,-0.5817998135972945,42.40362407965365,60.89284737463255,746.1990024937655,2148.247880299252,0.9685990338164252,0.717688181696452,30.199002493765587,23.24788029925187,716,2125,775,2174,0.89,0.94,123.33467384062298,12.665712253923571,8.81995380856796,8.81995380856796,12.665712253923571,2005.0,10.509343390771912,0.208,regular,普通,normal,正常骨料
280,14831.0,15281.0,460.27089172127535,0.5654079650798735,118.0322758407916,161.76743895351396,793.3103634279549,2485.199919088396,0.9705516654669196,0.6838296055149923,73.31036342795495,68.19991908839593,720,2417,877,2551,0.88,0.91,57.60450989784302,33.6476273023309,24.55071337488465,24.55071337488465,33.6476273023309,14831.0,28.58272373872394,0.208,regular,普通,normal,正常骨料
281,16093.0,17065.0,493.3692476417999,-0.2634660943667911,133.44462972816382,162.75642052699465,814.9817311874729,1329.793388429752,0.9430413126281864,0.5725011235351125,92.98173118747282,68.79338842975207,722,1261,894,1410,0.83,0.84,105.0954952520126,33.85333546961488,27.756482983458078,27.756482983458078,33.85333546961488,16093.0,29.77398052211782,0.208,regular,普通,normal,正常骨料
282,11664.0,13726.0,489.02164947865606,-0.6788131663665884,98.1017607545076,172.85745806496467,801.3345336076818,505.3604252400549,0.8497741512458109,0.8233528478067808,74.33453360768175,70.36042524005487,727,435,874,584,0.61,0.69,128.8931295107173,35.95435127751265,20.40516623693758,20.40516623693758,35.95435127751265,11664.0,25.347909609633593,0.208,angular,棱角状,normal,正常骨料
283,779.0,1090.0,151.06198665596042,-0.884687220089247,20.336447761540672,64.07572298476515,751.0641848523749,2022.258023106547,0.7146788990825688,0.9482979470949044,17.06418485237484,21.25802310654685,734,2001,782,2052,0.43,0.67,140.68884390027523,13.327750380831151,4.229981134400459,4.229981134400459,13.327750380831151,779.0,6.550691137720187,0.208,needle_flaky,针片状候选,undersized,过小噪声(<5mm)
285,9488.0,9864.0,405.6482344983421,0.8500586563454583,89.13075573212292,148.2404910701609,802.1192032040473,1685.8157672849916,0.961881589618816,0.7990550818724399,63.11920320404722,65.81576728499157,739,1620,867,1761,0.72,0.8,41.2952266528436,30.83402214259347,18.539197192281566,18.539197192281566,30.83402214259347,9488.0,22.86155317502616,0.208,regular,普通,normal,正常骨料
287,8482.0,8896.0,367.7585531052356,-0.2499237719001422,74.77102010870354,148.4874231721446,809.4027352039614,2038.6643480311247,0.9534622302158272,0.8639653865040894,68.40273520396133,37.66434803112473,741,2001,881,2086,0.79,0.93,104.31957732986842,30.88538401980607,15.552372182610336,15.552372182610336,30.88538401980607,8482.0,21.61561161052692,0.208,regular,普通,normal,正常骨料
290,13383.0,13971.0,445.0788205744976,0.419168045571322,112.96832475351,154.97005786440874,817.0804005081073,2605.470223417769,0.9579128194116384,0.6845470071104653,70.0804005081073,57.470223417768814,747,2548,893,2663,0.85,0.88,65.98344008201589,32.23377203579702,23.49741154873008,23.49741154873008,32.23377203579702,13383.0,27.151581638710805,0.208,regular,普通,normal,正常骨料
291,10497.0,10886.0,391.64582057830125,1.028364607336992,108.58254926538486,127.84793989645452,815.1212727445937,656.0567781270839,0.9642660297629984,0.5278942307579307,65.1212727445937,65.05677812708393,750,591,866,722,0.86,0.87,31.07904819896224,26.59237149846254,22.58517024720005,22.58517024720005,26.59237149846254,10497.0,24.04645125915551,0.208,round,圆形,normal,正常骨料
292,2271.0,2612.0,200.8211535945788,0.8203500575456254,48.91231927900251,64.53785538845536,782.0942316160282,2110.3016292382213,0.8694486983154671,0.6523873303706773,29.094231616028186,25.301629238221047,753,2085,815,2141,0.71,0.73,42.997403979321454,13.423873920798714,10.173762410032522,10.173762410032522,13.423873920798714,2271.0,11.18476751620844,0.208,angular,棱角状,normal,正常骨料
293,11216.0,11871.0,419.9528510262436,0.7119278542335125,97.97530488668704,149.26894426375068,824.5456490727532,2199.763641226819,0.9448235195013056,0.7544411966946466,66.5456490727532,61.763641226818834,758,2138,889,2262,0.8,0.85,49.20953863461486,31.04794040686014,20.378863416430903,20.378863416430903,31.04794040686014,11216.0,24.856352234407648,0.208,regular,普通,normal,正常骨料
295,3331.0,3461.0,230.873201636528,-0.7823387901716573,47.60802539652622,91.62890712095412,792.9615731011709,1251.9666766736716,0.9624386015602427,0.8544252719960422,31.96157310117082,33.96667667367157,761,1218,833,1294,0.79,0.92,134.82471082620685,19.058812681158457,9.902469282477457,9.902469282477457,19.058812681158457,3331.0,13.54583279812869,0.208,regular,普通,normal,正常骨料
296,3384.0,4050.0,258.2437326171426,-1.0641332093385614,52.09154405375841,94.29477325687074,795.1471631205674,1515.025413711584,0.8355555555555556,0.8335573078332496,33.14716312056738,46.02541371158392,762,1469,830,1553,0.64,0.72,150.9703417348109,19.613312837429117,10.83504116318175,10.83504116318175,19.613312837429117,3384.0,13.653172315803397,0.208,angular,棱角状,normal,正常骨料
297,6390.0,6772.0,317.02341845319086,-0.2405322443134729,74.87248665255815,112.52385492095138,814.0945226917058,1185.5206572769953,0.9435912581216775,0.7464940209915663,49.09452269170579,37.52065727699531,765,1148,878,1230,0.8,0.85,103.7814824359716,23.404961823557887,15.573477223732096,15.573477223732096,23.404961823557887,6390.0,18.761554676765652,0.208,regular,普通,normal,正常骨料
298,784.0,835.0,108.19718192070728,-1.109482476652074,26.78252778362345,38.374523194224544,782.9617346938776,595.1033163265306,0.9389221556886228,0.716171142963201,15.96173469387755,19.103316326530614,767,576,798,616,0.84,0.88,153.56866335588575,7.981900824398704,5.570765778993677,5.570765778993677,7.981900824398704,784.0,6.571680269164265,0.208,regular,普通,normal,正常骨料
301,487.0,550.0,90.8626057970476,-1.4063006007809256,21.828774084828503,31.96631348249492,788.6652977412731,1985.2669404517453,0.8854545454545455,0.7305417368106221,11.6652977412731,13.26694045174538,777,1972,802,2004,0.74,0.78,170.5750891514591,6.648993204358943,4.540385009644329,4.540385009644329,6.648993204358943,487.0,5.1794408161583,0.208,angular,棱角状,undersized,过小噪声(<5mm)
303,5177.0,5996.0,302.3145428619498,0.7592382136021197,68.93141947281927,101.37612282940924,829.8954993239328,567.0141008305968,0.8634089392928619,0.7332518498407863,42.89549932393278,43.01410083059688,787,524,872,617,0.71,0.75,46.49885471554645,21.08623354851712,14.337735250346409,14.337735250346409,21.08623354851712,5177.0,16.88719338521165,0.208,angular,棱角状,normal,正常骨料
305,10458.0,12507.0,444.18178935326847,-0.6261477999864824,114.81947617005464,130.1489135507768,868.2753872633391,1963.8096194301013,0.8361717438234588,0.4708445897111755,74.27538726333907,68.80961943010136,794,1895,930,2039,0.67,0.67,125.87562629062708,27.07097401856157,23.882451043371365,23.882451043371365,27.07097401856157,10458.0,24.001739232148743,0.208,angular,棱角状,normal,正常骨料
306,10419.0,10657.0,377.4297171449498,0.5293911823211525,111.3725000254304,121.20536520393146,850.8445148286784,911.1453114502352,0.9776672609552408,0.3945503088836705,55.84451482867838,53.14531145023515,795,858,908,966,0.92,0.92,59.66811954155729,25.210715962417744,23.16548000528952,23.16548000528952,25.210715962417744,10419.0,23.95694375702365,0.208,round,圆形,normal,正常骨料
307,3351.0,3655.0,233.97532604401903,-0.0921370322216454,52.27736754871229,84.19400113918805,838.5395404356908,988.3318412414204,0.9168262653898768,0.7838774363096354,41.53954043569084,26.33184124142047,797,962,883,1019,0.77,0.84,95.27906308316116,17.512352236951113,10.873692450132156,10.873692450132156,17.512352236951113,3351.0,13.586437903590749,0.208,regular,普通,normal,正常骨料
308,3111.0,3666.0,239.0525058416445,-0.7968645276367378,51.64318487147823,84.51453762334775,837.3224043715848,791.0363227258116,0.8486088379705401,0.7915867348952373,38.322404371584696,35.03632272581164,799,756,883,829,0.68,0.75,135.65697427727102,17.579023825656332,10.741782453267472,10.741782453267472,17.579023825656332,3111.0,13.090866676767666,0.208,angular,棱角状,normal,正常骨料
309,8525.0,8857.0,348.0350859257493,1.055945513207335,90.38180879186572,121.5318127853393,851.6912609970675,1615.7340762463343,0.9625155244439426,0.6685263261497945,52.691260997067445,58.73407624633431,799,1557,905,1682,0.88,0.91,29.49877869744397,25.278617059350573,18.79941622870807,18.79941622870807,25.278617059350573,8525.0,21.670333154584245,0.208,regular,普通,normal,正常骨料
310,5591.0,6117.0,309.1136202903005,0.8095068880084632,79.02297967605736,99.96687686391328,850.6056161688427,2117.5659094974067,0.9140101356874284,0.612472839510165,50.60561616884279,51.565909497406544,800,2066,902,2158,0.74,0.75,43.61867183034567,20.79311038769396,16.43677977261993,16.43677977261993,20.79311038769396,5591.0,17.5494350562687,0.208,regular,普通,normal,正常骨料
311,12047.0,12647.0,461.2073911886032,-0.0179950546193843,87.60296079186013,184.83379326658712,905.6294513156804,1861.9098530754543,0.9525579188740412,0.880548890583668,103.62945131568026,42.90985307545447,802,1819,994,1911,0.71,0.87,91.03104068179812,38.44542899945012,18.221415844706904,18.221415844706904,38.44542899945012,12047.0,25.760711237022278,0.208,needle_flaky,针片状候选,normal,正常骨料
312,16706.0,17786.0,561.1858006580952,-0.2377779044246032,101.96838384502944,226.37563677528576,933.5044295462708,1498.8010295702145,0.9392780838862026,0.8928072765534777,124.5044295462708,66.8010295702143,809,1432,1027,1551,0.67,0.84,103.62367038499482,47.08613244925944,21.20942383976612,21.20942383976612,47.08613244925944,16706.0,30.33574274998272,0.208,needle_flaky,针片状候选,normal,正常骨料
313,11514.0,12346.0,440.1200455151681,0.9189574548553604,98.57309015743498,153.75284092374295,882.9538822303283,418.3383706791732,0.932609752146444,0.7674457059270713,66.95388223032829,62.33837067917318,816,356,945,496,0.75,0.8,37.34761628470397,31.98059091213853,20.503202752746475,20.503202752746475,31.98059091213853,11514.0,25.18439410088402,0.208,regular,普通,normal,正常骨料
314,5384.0,6612.0,355.6359098003146,1.4125242089575405,50.460807137712834,159.62048516221694,842.7711738484398,2384.5547919762257,0.8142770719903206,0.9487159162732434,26.771173848439823,71.55479197622586,816,2313,877,2460,0.53,0.84,9.068324366677745,33.201060913741124,10.495847884644268,10.495847884644268,33.201060913741124,5384.0,17.22149777492842,0.208,needle_flaky,针片状候选,normal,正常骨料
317,6969.0,7243.0,331.2164019232607,-1.0296869424205912,74.82770877360942,125.5246507894814,877.8781747739991,1223.5356579136171,0.9621703713930692,0.8028956239966245,55.87817477399914,63.53565791361745,822,1160,920,1272,0.8,0.88,148.99671602043009,26.109127364212128,15.564163424910758,15.564163424910758,26.109127364212128,6969.0,19.593121270956,0.208,regular,普通,normal,正常骨料
319,1344.0,1393.0,145.33416171605063,-0.2195540824383772,30.482696713148624,56.95051979064543,850.6599702380952,1475.2872023809523,0.964824120603015,0.8446944622660665,25.65997023809524,16.28720238095238,825,1459,882,1493,0.8,0.92,102.57952229858635,11.845708116454247,6.3404009163349135,6.3404009163349135,11.845708116454247,1344.0,8.604349221855147,0.208,regular,普通,normal,正常骨料
320,11047.0,11454.0,403.0225339659234,-0.8276481726910243,95.06827216590686,150.145890486764,888.2729247759572,1749.6984701728975,0.964466561899773,0.7740105868439052,60.27292477595727,71.69847017289761,828,1678,947,1817,0.85,0.92,137.4207472169104,31.230345221246907,19.774200610508625,19.774200610508625,31.230345221246907,11047.0,24.668376674881216,0.208,regular,普通,normal,正常骨料
322,634.0,676.0,97.47111367536934,0.5899307543021454,23.456531909829177,36.15974036313996,852.294952681388,748.0410094637224,0.9378698224852072,0.7610510986374629,15.294952681388011,17.041009463722396,837,731,870,762,0.84,0.9,56.19945757351794,7.521225995533111,4.878958637244469,4.878958637244469,7.521225995533111,634.0,5.909667182727771,0.208,regular,普通,undersized,过小噪声(<5mm)
323,586.0,624.0,95.34495698130463,-1.438030973107565,23.10416980244328,34.268305425271684,850.1621160409557,1407.1689419795223,0.939102564102564,0.7385360790836447,13.162116040955633,20.168941979522184,837,1387,862,1423,0.81,0.86,172.39310556815423,7.12780752845651,4.805667318908202,4.805667318908202,7.12780752845651,586.0,5.681554831097324,0.208,regular,普通,undersized,过小噪声(<5mm)
324,4001.0,4373.0,254.96738694243965,0.2299173573418142,68.30471317819114,80.29360067298072,882.6443389152712,1035.4701324668831,0.914932540589984,0.5256727316513037,41.644338915271184,30.47013246688328,841,1005,926,1080,0.77,0.78,76.82670578751285,16.701068939979987,14.207380341063756,14.207380341063756,16.701068939979987,4001.0,14.84576801951828,0.208,regular,普通,normal,正常骨料
325,5862.0,8728.0,415.47049984198657,1.324766952404956,58.76350317670985,176.7843249269192,893.085977482088,2603.698737632207,0.6716315307057745,0.9431377205719336,51.085977482088026,69.69873763220744,842,2534,922,2684,0.43,0.64,14.096444788787608,36.7711395847992,12.222808660755648,12.222808660755648,36.7711395847992,5862.0,17.969719637740045,0.208,needle_flaky,针片状候选,normal,正常骨料
326,912.0,964.0,124.01677824648787,0.9198033061513624,26.767456221308933,47.228544469522056,858.7598684210526,843.3081140350877,0.946058091286307,0.823879936423975,15.759868421052632,22.30811403508772,843,821,881,860,0.75,0.84,37.299152575347385,9.823537249660587,5.567630894032257,5.567630894032257,9.823537249660587,912.0,7.087871141960817,0.208,regular,普通,normal,正常骨料
327,770.0,867.0,119.20910449108872,0.3222107813320817,23.252151230238702,43.73522100398958,864.5506493506493,1551.7025974025971,0.8881199538638985,0.8469595466300408,20.55064935064935,12.702597402597403,844,1539,889,1566,0.68,0.79,71.53868211605906,9.096925968829831,4.83644745588965,4.83644745588965,9.096925968829831,770.0,6.512740242082053,0.208,angular,棱角状,undersized,过小噪声(<5mm)
329,6789.0,8318.0,377.2227993121037,1.330731948832142,75.52345786093605,137.02087242789642,897.8169097068787,822.632935631168,0.8161817744650156,0.8343849514256454,46.816909706878775,59.63293563116807,851,763,942,901,0.6,0.68,13.75467566869925,28.500341465002453,15.708879235074695,15.708879235074695,28.500341465002453,6789.0,19.33843382280407,0.208,angular,棱角状,normal,正常骨料
330,17703.0,18765.0,544.2160153516763,-1.391948256096766,118.36288468641251,199.92801033478588,916.0441733039598,2391.535784895216,0.9434052757793764,0.8059177453741964,63.04417330395978,93.5357848952155,853,2298,977,2493,0.75,0.83,169.75276037493975,41.58502614963546,24.619480014773803,24.619480014773803,41.58502614963546,17703.0,31.227831617798266,0.208,regular,普通,normal,正常骨料
331,24310.0,27072.0,671.3185697228382,-0.86339495981965,140.69306679711144,233.8432169154724,945.2826820238585,657.3172768408062,0.897975768321513,0.7987556647479374,91.2826820238585,92.31727684080626,854,565,1046,775,0.68,0.75,139.46888725053324,48.63938911841826,29.26415789379918,29.26415789379918,48.63938911841826,24310.0,36.59408341491546,0.208,angular,棱角状,normal,正常骨料
332,851.0,887.0,111.2993063281984,-0.3620349327619348,25.267493937597585,43.2810759532732,878.454759106933,1375.8119858989423,0.959413754227734,0.8118974760072674,21.45475910693302,13.81198589894242,857,1362,900,1390,0.86,0.96,110.7430736835614,9.002463798280825,5.255638739020298,5.255638739020298,9.002463798280825,851.0,6.846729565973246,0.208,regular,普通,normal,正常骨料
333,4122.0,4328.0,248.68420163526005,1.3137782817705672,60.93283132278522,87.82419523649237,887.7913634158176,1427.46967491509,0.9524029574861368,0.7201632914358265,30.791363415817564,38.46967491508976,857,1389,922,1472,0.84,0.88,14.72604923859744,18.26743260919041,12.674028915139324,12.674028915139324,18.26743260919041,4122.0,15.068582076779016,0.208,regular,普通,normal,正常骨料
334,7591.0,14625.0,557.7025371505462,0.1896176077905812,81.01218912171599,230.4976366893296,943.409563957318,565.2454222105124,0.519042735042735,0.936200472821431,84.40956395731787,34.24542221051245,859,531,1058,639,0.31,0.45,79.13571135223273,47.94350843138055,16.850535337316927,16.850535337316927,47.94350843138055,7591.0,20.44880295080954,0.208,needle_flaky,针片状候选,normal,正常骨料
335,311.0,327.0,68.2044637968176,-1.4340637185336458,17.009490566405137,23.978787980414,870.4469453376206,690.8617363344051,0.9510703363914372,0.7048506603542455,8.446945337620578,13.861736334405144,862,677,879,703,0.84,0.88,172.16579862481473,4.987587899926111,3.5379740378122686,3.5379740378122686,4.987587899926111,311.0,4.139030138972688,0.208,regular,普通,undersized,过小噪声(<5mm)
336,6485.0,6662.0,346.3064166145597,-0.0265937966186644,53.45657372108938,156.19150195152113,938.6545875096376,507.2606013878181,0.973431401981387,0.939608852917524,74.65458750963762,27.26060138781804,864,480,1018,534,0.68,1.01,91.52371230747876,32.48783240591639,11.118967333986587,11.118967333986587,32.48783240591639,6485.0,18.90050396887057,0.208,needle_flaky,针片状候选,normal,正常骨料
337,2249.0,2516.0,200.8211535945788,-1.405383589659673,41.17927674285779,72.97363672095432,888.4704313028012,1130.38950644731,0.893879173290938,0.8255674344080174,22.470431302801245,39.38950644730991,866,1091,910,1167,0.7,0.79,170.52254828444478,15.178516437958498,8.565289562514419,8.565289562514419,15.178516437958498,2249.0,11.130460224403851,0.208,angular,棱角状,normal,正常骨料
338,9650.0,10059.0,393.5024712301396,-1.495885152874649,90.36125526755002,144.37310410253926,916.5380310880828,2082.398756476684,0.9593398946217316,0.7799137189158531,50.5380310880829,66.39875647668394,866,2016,963,2169,0.78,0.85,175.70790589599932,30.029605653328165,18.795141095650404,18.795141095650404,30.029605653328165,9650.0,23.05589846768117,0.208,regular,普通,normal,正常骨料
339,7318.0,9124.0,403.6731791082077,-0.8277204253066427,80.2324706872972,146.98134512312188,928.29611915824,2508.9931675321127,0.8020604997807979,0.8378709311974174,62.296119158239954,70.9931675321126,866,2438,990,2569,0.56,0.64,137.42488698684411,30.57211978560935,16.688353902957815,16.688353902957815,30.57211978560935,7318.0,20.07772940810098,0.208,angular,棱角状,normal,正常骨料
340,376.0,395.0,74.12285828675638,0.2299925243462349,18.69771947583713,26.580461035439168,885.3164893617021,1570.1196808510638,0.9518987341772152,0.7107561363863428,13.316489361702128,8.11968085106383,872,1562,898,1583,0.86,0.9,76.8223990354009,5.528735895371347,3.8891256509741225,3.8891256509741225,5.528735895371347,376.0,4.551057438601132,0.208,regular,普通,undersized,过小噪声(<5mm)
344,10006.0,11378.0,445.4436113917384,-1.0637866500503863,94.42918616827268,146.24772278923058,936.222066759944,2194.735158904657,0.8794164176480929,0.7636083561265068,52.22206675994404,69.73515890465721,884,2125,992,2260,0.63,0.68,150.9504853502474,30.41952634015996,19.64127072300072,19.64127072300072,30.41952634015996,10006.0,23.477326705743167,0.208,angular,棱角状,normal,正常骨料
346,4054.0,4523.0,263.33726069758524,-1.2840939448120985,65.93361968611973,83.95911883701199,918.889738529847,1295.2059694129257,0.8963077603360602,0.6191075140349493,31.889738529847065,43.20596941292551,887,1252,960,1337,0.73,0.75,163.57316353603807,17.463496718098494,13.714192894712902,13.714192894712902,17.463496718098494,4054.0,14.943773157389439,0.208,angular,棱角状,normal,正常骨料
347,2123.0,2234.0,176.82225306368153,-1.0400875716797944,42.04138762112437,65.01495398052313,916.168158266604,1579.0037682524728,0.950313339301701,0.7627937909612901,26.16815826660386,30.00376825247292,890,1549,941,1608,0.85,0.92,149.5926281812627,13.523110427948811,8.74460862519387,8.74460862519387,13.523110427948811,2123.0,10.814174952970063,0.208,regular,普通,normal,正常骨料
348,3376.0,3574.0,231.7144163288412,-0.7615086252582807,54.34643593553076,81.48772563861782,929.0462085308056,1351.8364928909953,0.944599888080582,0.745122275651527,32.046208530805686,35.83649289099526,897,1316,964,1389,0.79,0.84,133.63123029010887,16.949446932832505,11.304058674590395,11.304058674590395,16.949446932832505,3376.0,13.637024264835526,0.208,regular,普通,normal,正常骨料
349,198.0,214.0,55.81231444967028,0.5623683230523662,15.485478805040309,18.37169004896589,905.7070707070708,1633.232323232323,0.9252336448598132,0.5380718440333572,7.707070707070707,10.232323232323232,898,1623,916,1640,0.8,0.81,57.77866855724978,3.821311530184905,3.220979591448384,3.220979591448384,3.821311530184905,198.0,3.3025620753223657,0.208,regular,普通,undersized,过小噪声(<5mm)
350,1393.0,1573.0,167.20690555288317,0.2097523750399928,32.31590409967504,63.00570614579826,939.3905240488156,1920.3653984206749,0.8855689764780674,0.8584457311492267,38.39052404881551,18.365398420674804,901,1902,965,1940,0.63,0.74,77.98207416736322,13.105186878326036,6.721708052732407,6.721708052732407,13.105186878326036,1393.0,8.759795196187348,0.208,angular,棱角状,normal,正常骨料
351,1081.0,1293.0,145.8895220833204,0.2024358999405819,28.578898067240093,52.42883762883395,926.7474560592044,1621.540240518039,0.8360402165506574,0.8383717941156428,24.74745605920444,16.540240518038853,902,1605,956,1637,0.64,0.73,78.40127731147203,10.90519822679746,5.944410797985939,5.944410797985939,10.90519822679746,1081.0,7.716693330187436,0.208,angular,棱角状,normal,正常骨料
352,4115.0,4496.0,263.5672984937129,-0.9711593540213472,70.88940282575788,82.16095500591835,935.2379100850546,1067.5885783718104,0.9152580071174378,0.5055260721269308,32.23791008505468,44.58857837181045,903,1023,981,1111,0.74,0.75,145.64333222007457,17.08947864123102,14.74499578775764,14.74499578775764,17.08947864123102,4115.0,15.055781871260683,0.208,regular,普通,normal,正常骨料
353,3787.0,4149.0,252.0953003310761,-1.022719341613905,54.515016903872095,94.15316373740974,937.1542117771324,977.1460258780036,0.9127500602554832,0.8153250140631494,33.154211777132296,42.1460258780037,904,935,974,1027,0.75,0.84,148.59750190087505,19.583858057381224,11.339123516005396,11.339123516005396,19.583858057381224,3787.0,14.443287190157905,0.208,regular,普通,normal,正常骨料
354,5846.0,6518.0,309.899018453698,0.1107153182791854,75.62966114647108,103.43547166263347,956.124358535751,1132.417208347588,0.8969008898435102,0.6821875588907239,51.12435853575094,36.417208347588094,905,1096,1012,1180,0.76,0.79,83.65647953515506,21.514578105827763,15.730969518465985,15.730969518465985,21.514578105827763,5846.0,17.945179210260495,0.208,angular,棱角状,normal,正常骨料
356,776.0,996.0,129.2845275941424,0.7837521526419998,29.80509346670564,40.88904111989566,928.1353092783504,1243.909793814433,0.7791164658634538,0.6845922810939343,19.135309278350515,18.90979381443299,909,1225,948,1266,0.58,0.61,45.094309469320336,8.504920552938296,6.199459441074772,6.199459441074772,8.504920552938296,776.0,6.538065315887837,0.208,angular,棱角状,normal,正常骨料
357,6097.0,6508.0,319.6096507395108,1.021911632159349,64.2432551805854,125.99631169110788,959.7260948007216,1212.8263080203378,0.9368469575906576,0.8602443347437474,45.72609480072167,52.82630802033787,914,1160,1011,1266,0.75,0.88,31.448776441943835,26.20723283175044,13.36259707756176,13.36259707756176,26.20723283175044,6097.0,18.32637174237946,0.208,regular,普通,normal,正常骨料
358,393.0,444.0,90.4025302047923,-1.4902920702805875,16.541077757083755,35.379785016156355,922.114503816794,1215.0839694656488,0.8851351351351351,0.8839777003631004,8.114503816793894,19.083969465648856,914,1196,932,1233,0.6,0.74,175.38744586889155,7.358995283360521,3.440544173473421,3.440544173473421,7.358995283360521,393.0,4.652803049316065,0.208,needle_flaky,针片状候选,undersized,过小噪声(<5mm)
359,5150.0,5363.0,280.59290032904755,0.5493446087115817,70.7353957837892,97.100707914683,958.5376699029126,377.0576699029126,0.9602834234570204,0.6850728507116063,39.53766990291262,45.05766990291262,919,332,1005,413,0.82,0.85,58.52487242256073,20.196947246254062,14.712962323028153,14.712962323028153,20.196947246254062,5150.0,16.84309928922298,0.208,regular,普通,normal,正常骨料
360,2052.0,2106.0,171.18971289878624,-0.3028422842443203,41.48430588327405,64.12663531546555,946.8703703703704,1415.5989278752436,0.9743589743589745,0.7625644509685967,27.87037037037037,19.598927875243664,919,1396,979,1438,0.88,0.94,107.35158474530078,13.338340145616831,8.628735623721001,8.628735623721001,13.338340145616831,2052.0,10.631806712941225,0.208,regular,普通,normal,正常骨料
361,28162.0,29268.0,638.6244728656532,-1.0955379416470463,172.45544275565652,212.76291877854945,1008.9069313259,810.8616930615723,0.9622112887795544,0.5856664585801271,85.90693132590015,106.86169306157232,923,704,1109,919,0.87,0.88,152.76970035282525,44.25468710593828,35.87073209317656,35.87073209317656,44.25468710593828,28162.0,39.386749537798785,0.208,round,圆形,normal,正常骨料
362,1834.0,1921.0,177.5123664520645,-1.1028497581809074,33.34770462285278,71.97557804343049,951.5343511450382,1586.5517993456924,0.954711087975013,0.8861911969849334,25.53435114503817,35.55179934569247,926,1551,973,1618,0.73,0.9,153.18863658078942,14.97092023303354,6.936322561553379,6.936322561553379,14.97092023303354,1834.0,10.051203361126273,0.208,needle_flaky,针片状候选,normal,正常骨料
363,1172.0,1232.0,136.82953493979187,-1.2267403542892177,30.842051536539724,50.35725584456115,942.6672354948804,745.9564846416382,0.9512987012987012,0.7904977858258186,15.667235494880543,22.956484641638227,927,723,960,773,0.79,0.86,160.28704485915551,10.474309215668718,6.415146719600262,6.415146719600262,10.474309215668718,1172.0,8.034931897504213,0.208,regular,普通,normal,正常骨料
364,4950.0,5198.0,291.3189685743856,0.3749111729028181,56.63464994118728,114.4005552154789,982.9680808080808,1971.029898989899,0.9522893420546364,0.8688612247909874,53.968080808080806,32.02989898989899,929,1939,1034,2008,0.73,0.88,68.51917210036905,23.79531548481961,11.780007187766952,11.780007187766952,23.79531548481961,4950.0,16.512810376611828,0.208,needle_flaky,针片状候选,normal,正常骨料
365,13748.0,14383.0,454.8289211064091,-1.243823607057697,120.38137850434012,149.07932977784012,997.983561245272,1651.7152313063718,0.9558506570256552,0.5898692254410169,61.98356124527204,79.71523130637183,936,1572,1058,1727,0.84,0.85,161.26584314314454,31.008500593790743,25.039326728902743,25.039326728902743,31.008500593790743,13748.0,27.51934900212443,0.208,regular,普通,normal,正常骨料
366,854.0,1121.0,138.76512208382758,0.2785456291397669,22.00886556898303,57.14949081618586,963.5070257611242,1272.8360655737704,0.7618198037466548,0.9228704940570152,24.50702576112412,14.836065573770492,939,1258,988,1293,0.56,0.77,74.04051104847511,11.88709408976666,4.57784403834847,4.57784403834847,11.88709408976666,854.0,6.858787214702207,0.208,needle_flaky,针片状候选,undersized,过小噪声(<5mm)
367,910.0,983.0,129.14977457302922,-1.2998400329908346,31.37831217661781,42.01655700366451,958.7417582417582,2112.343956043956,0.9257375381485248,0.6650394051264368,17.74175824175824,25.343956043956045,941,2087,978,2130,0.69,0.71,164.4753479325205,8.739443856762218,6.526688932736504,6.526688932736504,8.739443856762218,910.0,7.080095087900592,0.208,regular,普通,normal,正常骨料
368,4015.0,4333.0,243.1305979625621,1.4148225424357617,66.71032347782891,78.61893873784643,977.4732254047324,1020.6054794520549,0.9266097392107084,0.5291514488024726,33.473225404732254,35.605479452054794,944,985,1014,1061,0.85,0.86,8.936639558462048,16.35273925747206,13.875747283388412,13.875747283388412,16.35273925747206,4015.0,14.871718938597503,0.208,regular,普通,normal,正常骨料
369,6133.0,6526.0,303.9575040004777,-0.8802772792095772,86.76581771326006,93.6642519368296,984.2378933637698,2582.961356595468,0.9397793441618144,0.3766655084115467,40.23789336376977,42.96135659546714,944,2540,1027,2626,0.83,0.84,140.43617289996794,19.482164402860555,18.04729008435809,18.04729008435809,19.482164402860555,6133.0,18.380396538806433,0.208,regular,普通,normal,正常骨料
370,190.0,204.0,54.70159371513068,0.3757704394469922,12.565612401646622,20.11326679868476,953.9105263157896,910.0526315789474,0.931372549019608,0.7808308523351605,7.910526315789474,8.052631578947368,946,902,966,917,0.8,0.87,68.46993975391108,4.183559494126429,2.6136473795424973,2.6136473795424973,4.183559494126429,190.0,3.235155757618201,0.208,regular,普通,undersized,过小噪声(<5mm)
371,2645.0,2833.0,207.5807627768308,1.5419917473947915,43.99483330823431,79.83998556815446,979.449527410208,450.09489603024576,0.9336392516766678,0.8344804212023301,25.44952741020794,39.09489603024575,954,411,1000,487,0.77,0.88,1.6503808302754803,16.606716998176125,9.150925328112736,9.150925328112736,16.606716998176125,2645.0,12.070665985344446,0.208,regular,普通,normal,正常骨料
372,1912.0,2010.0,170.57853600260063,-1.4668422276525084,38.53293169914601,64.25659296799927,975.145920502092,1756.553870292887,0.9512437810945272,0.8002452876029744,21.14592050209205,32.55387029288703,954,1724,998,1789,0.83,0.91,174.04386885605663,13.365371337343849,8.01484979342237,8.01484979342237,13.365371337343849,1912.0,10.262716647577435,0.208,regular,普通,normal,正常骨料
373,19980.0,21943.0,591.3331334750588,-0.6602864772563227,130.9526972838874,207.0568874814596,1053.0744744744743,2472.743243243244,0.910540946999043,0.7746028864505498,97.07447447447448,76.74324324324324,956,2396,1154,2545,0.72,0.78,127.83162841634812,43.0678325961436,27.238161035048577,27.238161035048577,43.0678325961436,19980.0,33.17539757945899,0.208,regular,普通,normal,正常骨料
374,13365.0,13892.0,457.9146972310831,0.7035396820004451,109.56704634221585,164.98760957101263,1037.936026936027,1360.975009352787,0.9620644975525482,0.7476503547542023,78.93602693602693,63.97500935278713,959,1297,1113,1434,0.8,0.85,49.69014550139844,34.31742279077063,22.789945639180896,22.789945639180896,34.31742279077063,13365.0,27.133316193227028,0.208,regular,普通,normal,正常骨料
375,7749.0,7979.0,340.4111420879025,0.8427059107080168,85.73794340881045,119.74194922758704,1006.815589108272,2086.676087237063,0.9711743326231356,0.6980770854484745,46.81558910827204,55.676087237062845,960,2031,1066,2144,0.84,0.88,41.71650794570223,24.906325439338104,17.833492229032572,17.833492229032572,24.906325439338104,7749.0,20.660518893673935,0.208,regular,普通,normal,正常骨料
376,6824.0,7119.0,315.2062360474512,-0.3717242789733143,87.8381524930225,102.55690578985492,1012.3144783118406,1904.1652989449003,0.9585615957297372,0.5161767509533209,51.31447831184056,52.16529894490035,961,1852,1071,1951,0.86,0.87,111.29823232771452,21.331836404289824,18.27033571854868,18.27033571854868,21.331836404289824,6824.0,19.38821840621753,0.208,round,圆形,normal,正常骨料
378,1818.0,1870.0,159.75718298224817,-1.3311377839566063,39.76310731224437,58.76850114927738,987.003300330033,2236.62101210121,0.972192513368984,0.7363454516494292,22.003300330033003,27.62101210121012,965,2209,1009,2268,0.9,0.95,166.26857697111075,12.223848239049694,8.27072632094683,8.27072632094683,12.223848239049694,1818.0,10.007263463909668,0.208,regular,普通,normal,正常骨料
379,426.0,448.0,76.80437534809087,0.5338959574738844,19.57215694785531,27.89700266611339,978.0093896713616,1815.4647887323945,0.9508928571428572,0.7125844228746167,12.009389671361502,10.464788732394366,966,1805,992,1828,0.91,0.95,59.410014937650345,5.802576554551585,4.071008645153904,4.071008645153904,5.802576554551585,426.0,4.844212587471549,0.208,regular,普通,undersized,过小噪声(<5mm)
380,1757.0,1857.0,159.98722077837584,0.1308193556959631,42.063943619142414,54.706468655997945,1002.846328969835,1086.8161639157654,0.946149703823371,0.6393659814672308,25.846328969834943,21.81616391576551,977,1065,1034,1111,0.86,0.89,82.5046030400006,11.378945480447571,8.749300272781621,8.749300272781621,11.378945480447571,1757.0,9.837942389576826,0.208,regular,普通,normal,正常骨料
382,2526.0,2714.0,198.0048835121312,1.4753282160386658,54.05694073697974,61.30275256948553,1008.6250989707048,1191.8341250989706,0.9307295504789976,0.471618243936595,26.62509897070467,32.8341250989707,982,1159,1036,1225,0.81,0.81,5.46991982441952,12.75097253445299,11.243843673291783,11.243843673291783,12.75097253445299,2526.0,11.796008243715505,0.208,regular,普通,normal,正常骨料
383,424.0,442.0,77.81981130761598,1.0012427765865326,20.93594454280452,26.87952638737824,999.1981132075472,1408.6650943396226,0.9592760180995475,0.6271720997736369,12.19811320754717,12.66509433962264,987,1396,1012,1422,0.88,0.9,32.63301463363168,5.590941488574674,4.354676464903339,4.354676464903339,5.590941488574674,424.0,4.832827818295512,0.208,regular,普通,undersized,过小噪声(<5mm)
384,644.0,684.0,103.5800777153371,0.3664547835631432,19.1370400801942,43.69049310202342,1007.1242236024844,1432.7810559006211,0.9415204678362572,0.8989682349760585,20.12422360248448,11.781055900621118,987,1421,1026,1446,0.75,0.96,69.00368751945184,9.08762256522087,3.9805043366803936,3.9805043366803936,9.08762256522087,644.0,5.956091047595211,0.208,needle_flaky,针片状候选,undersized,过小噪声(<5mm)
385,6807.0,7075.0,335.19920926916376,-0.0231271141327172,65.75772753791108,135.28978284219113,1064.3157044219186,1143.1632143381812,0.962120141342756,0.8739304740981302,71.31570442191861,38.16321433818128,993,1105,1129,1175,0.76,0.92,91.32508603212206,28.140274831175752,13.677607327885504,13.677607327885504,28.140274831175752,6807.0,19.364053309183852,0.208,needle_flaky,针片状候选,normal,正常骨料
386,594.0,647.0,103.4847929403226,1.256393453513144,20.03568213211049,40.22424759925804,1006.1515151515152,418.2609427609428,0.9180834621329212,0.8671198165649128,12.151515151515152,20.26094276094276,994,398,1018,440,0.7,0.83,18.01395770583086,8.366643500645672,4.167421883478982,4.167421883478982,8.366643500645672,594.0,5.720205309608451,0.208,needle_flaky,针片状候选,undersized,过小噪声(<5mm)
387,3129.0,3714.0,256.07810767697924,-1.3589022020166035,41.62471215878962,100.94585858417072,1023.2428891019496,357.4563758389262,0.8424878836833603,0.9110269104580302,28.242889101949505,52.45637583892618,995,305,1049,412,0.6,0.79,167.85936094658538,20.996738585507508,8.65794012902824,8.65794012902824,20.996738585507508,3129.0,13.128683414221232,0.208,needle_flaky,针片状候选,normal,正常骨料
388,2705.0,2821.0,220.41663943341632,0.5007782440187308,37.70143960613675,93.16781291558928,1043.060258780037,1070.1460258780037,0.9588798298475718,0.9144664894188989,45.06025878003697,28.14602587800369,998,1042,1087,1100,0.7,0.93,61.30752014575426,19.37890508644257,7.841899438076444,7.841899438076444,19.37890508644257,2705.0,12.206805621027833,0.208,needle_flaky,针片状候选,normal,正常骨料
390,1011.0,1106.0,134.41752392068372,-0.3628447856219465,24.78881019793157,54.647666065735706,1027.7279920870426,1109.626112759644,0.9141048824593128,0.8911995287566737,24.727992087042534,15.626112759643917,1003,1094,1056,1128,0.7,0.88,110.78947483446667,11.366714541673026,5.156072521169767,5.156072521169767,11.366714541673026,1011.0,7.462665439085402,0.208,needle_flaky,针片状候选,normal,正常骨料
391,2878.0,3049.0,208.40562918632693,0.7840754036289992,53.59753180085862,72.20118830200778,1037.0642807505212,1023.4732453092424,0.9439160380452608,0.6700279537696726,33.06428075052119,31.47324530924253,1004,992,1068,1059,0.83,0.86,45.07578855204184,15.017847166817615,11.148286614578591,11.148286614578591,15.017847166817615,2878.0,12.59110336068006,0.208,regular,普通,normal,正常骨料
392,1417.0,1457.0,137.32907877814583,1.3390184592631071,40.69408741577701,45.23431721631201,1025.45518701482,2365.4643613267467,0.9725463280713796,0.4366558194240759,20.45518701482004,24.464361326746648,1005,2341,1048,2388,0.94,0.95,13.279893594113815,9.408737980992898,8.464370182481618,8.464370182481618,9.408737980992898,1417.0,8.834934200947345,0.208,round,圆形,normal,正常骨料
393,1939.0,2060.0,185.84277196111145,0.3680486323629126,34.02621760235005,75.15662148776738,1041.571428571429,710.334708612687,0.94126213592233,0.8916438728966415,32.57142857142857,20.33470861268696,1009,690,1078,735,0.71,0.88,68.91236671004307,15.632577269455616,7.07745326128881,7.07745326128881,15.632577269455616,1939.0,10.33492427409971,0.208,needle_flaky,针片状候选,normal,正常骨料
394,7864.0,8512.0,355.50115677920144,1.4723261877122829,92.61986707213836,114.55340681734634,1057.8316378433367,1499.7417344862663,0.9238721804511278,0.5884549465876773,48.83163784333672,59.74173448626653,1009,1440,1113,1550,0.78,0.8,5.641923377499992,23.82710861800804,19.264932351004777,19.264932351004777,23.82710861800804,7864.0,20.81326178322733,0.208,regular,普通,normal,正常骨料
395,5708.0,6170.0,304.0759087387737,0.3411661270587501,75.59231892821923,102.30424506097832,1062.1394533987386,1778.5853188507358,0.9251215559157212,0.673818185080425,52.13945339873861,35.58531885073581,1010,1743,1111,1823,0.78,0.8,70.45262080670963,21.27928297268349,15.7232023370696,15.7232023370696,21.27928297268349,5708.0,17.7321083565044,0.208,regular,普通,normal,正常骨料
397,2062.0,2250.0,198.2743895543574,-0.651394547191833,43.192104124442544,68.88626357858607,1052.1086323957322,1725.7720659553831,0.9164444444444444,0.779014384633107,40.1086323957323,29.772065955383123,1012,1696,1079,1753,0.66,0.71,127.32215835192736,14.3283428243459,8.983957657884048,8.983957657884048,14.3283428243459,2062.0,10.657681189544766,0.208,regular,普通,normal,正常骨料
398,1396.0,1614.0,165.9056152683146,0.7257840591574937,26.59562664595137,69.4865457111957,1044.1661891117478,1581.4154727793696,0.8649318463444857,0.9238540356632352,27.16618911174785,24.415472779369622,1017,1557,1072,1609,0.64,0.88,48.41563657240235,14.453201507928704,5.531890342357885,5.531890342357885,14.453201507928704,1396.0,8.769222781189745,0.208,needle_flaky,针片状候选,normal,正常骨料
399,4304.0,4603.0,269.39040820863715,0.6765962943303556,52.150644959973405,107.7221555181467,1062.8046003717473,1843.828066914498,0.9350423636758636,0.8750006129152745,45.80460037174721,40.82806691449815,1017,1803,1111,1883,0.75,0.9,51.23388790067939,22.406208347774516,10.847334151674469,10.847334151674469,22.406208347774516,4304.0,15.397652908653598,0.208,needle_flaky,针片状候选,normal,正常骨料
400,3886.0,4049.0,265.6539869416789,-0.235876335255053,45.21698574481298,111.71982684180176,1077.4240864642306,1952.335048893464,0.9597431464559152,0.9144337773982568,54.42408646423057,24.33504889346372,1023,1928,1133,1980,0.69,0.92,103.5147184971274,23.237723983094764,9.4051330349211,9.4051330349211,23.237723983094764,3886.0,14.630857903351334,0.208,needle_flaky,针片状候选,normal,正常骨料
401,8544.0,9131.0,360.1019127017545,-0.1625424632037259,101.55485481740251,111.03739507502566,1079.7618211610486,2609.448150749064,0.9357135034497864,0.4043587049267974,56.76182116104869,57.44815074906367,1023,2552,1145,2668,0.83,0.83,99.31299713323398,23.095778175605336,21.12340980201972,21.12340980201972,23.095778175605336,8544.0,21.69446847259177,0.208,regular,普通,normal,正常骨料
402,4625.0,4825.0,266.0187777589197,-0.8824948663316446,68.1129286341792,92.17044287049876,1060.9087567567567,1213.235027027027,0.9585492227979274,0.6737176669465977,35.90875675675676,41.23502702702703,1025,1172,1106,1260,0.82,0.85,140.56323128276497,19.17145211706374,14.167489155909273,14.167489155909273,19.17145211706374,4625.0,15.96152060247792,0.208,regular,普通,normal,正常骨料
403,242.0,258.0,62.84142967414864,0.3647199869697384,12.56606602845093,25.1362655142812,1036.4917355371902,1551.0537190082644,0.937984496124031,0.866072868892603,11.491735537190085,7.053719008264463,1025,1544,1049,1559,0.77,0.92,69.10308404256762,5.228343226970489,2.6137417339177933,2.6137417339177933,5.228343226970489,242.0,3.651119750233912,0.208,needle_flaky,针片状候选,undersized,过小噪声(<5mm)
404,3353.0,3486.0,217.7909389009976,0.029619129455923,59.61651372319237,73.52300157027906,1067.0217715478675,560.8538622129437,0.9618473895582328,0.5852467185270941,36.02177154786758,26.853862212943632,1031,534,1108,594,0.89,0.9,88.30294888932399,15.292784326618044,12.400234854424012,12.400234854424012,15.292784326618044,3353.0,13.590491741635187,0.208,round,圆形,normal,正常骨料
405,16291.0,18393.0,554.2914384547299,0.2731855157242696,140.7740701591515,168.56988813125915,1103.6481492848811,310.92290221594743,0.8857173924862719,0.5500859467905472,69.64814928488123,71.92290221594746,1034,239,1215,390,0.67,0.67,74.34762292489457,35.062536731301904,29.281006593103516,29.281006593103516,35.062536731301904,16291.0,29.956582455160152,0.208,angular,棱角状,normal,正常骨料
406,5746.0,6047.0,330.5262885348778,0.3322233966010835,52.84222993764848,140.40028082307333,1103.029411764706,2019.16742081448,0.9502232511989416,0.926470087341274,69.02941176470588,35.16742081447964,1034,1984,1170,2054,0.66,0.92,70.96500151925702,29.20325841119925,10.991183827030884,10.991183827030884,29.20325841119925,5746.0,17.79103463326468,0.208,needle_flaky,针片状候选,normal,正常骨料
407,1524.0,1645.0,153.70403547119625,0.0095496382111635,40.78186443322342,51.58302129101701,1057.793963254593,672.6095800524935,0.9264437689969603,0.6123247436830465,22.793963254593177,22.60958005249344,1035,650,1087,693,0.81,0.83,89.45284603462346,10.72926842853154,8.482627802110471,8.482627802110471,10.72926842853154,1524.0,9.162434390000032,0.208,regular,普通,normal,正常骨料
408,14672.0,17459.0,540.4468975190837,0.7335235405561579,128.85516215750386,161.5543055175343,1101.6556706652127,2216.051594874591,0.8403688641961166,0.6031912546800525,65.65567066521265,72.05159487459106,1036,2144,1177,2301,0.63,0.64,47.97219695263888,33.60329554764713,26.8018737287608,26.8018737287608,33.60329554764713,14672.0,28.429096222949628,0.208,angular,棱角状,normal,正常骨料
412,1397.0,1484.0,168.03177196237928,-1.0761211849190162,27.569678817137508,70.56493067132341,1064.0221904080172,888.5518969219756,0.9413746630727764,0.9205183042542988,22.02219040801718,37.55189692197566,1042,851,1086,917,0.62,0.85,151.65720214047684,14.677505579635268,5.734493193964601,5.734493193964601,14.677505579635268,1397.0,8.772363058024938,0.208,needle_flaky,针片状候选,normal,正常骨料
413,359.0,393.0,76.70909057307638,-1.000457397533865,19.867853996420752,23.787124264003708,1053.6657381615598,2664.061281337047,0.9134860050890584,0.5498921921650444,11.665738161559888,13.061281337047356,1042,2651,1065,2677,0.77,0.78,147.3219864613325,4.947721846912772,4.132513631255517,4.132513631255517,4.947721846912772,359.0,4.446984529225229,0.208,regular,普通,undersized,过小噪声(<5mm)
414,2031.0,2148.0,183.52604571701767,-0.8672025281391732,39.63892691401022,69.21132240035905,1070.052191038897,1263.1344165435746,0.9455307262569832,0.8197488566258816,26.052191038897096,28.134416543574595,1044,1235,1101,1295,0.76,0.85,139.68704484544963,14.395955059274682,8.244896798114125,8.244896798114125,14.395955059274682,2031.0,10.577264288671728,0.208,regular,普通,normal,正常骨料
415,1707.0,1781.0,156.3855525325307,0.2748324493658992,38.63113798300888,57.567042664185976,1075.144698301113,1566.646748681898,0.9584503088152724,0.741399927468916,29.144698301113063,17.646748681898067,1046,1549,1103,1588,0.88,0.93,74.25326057809107,11.973944874150682,8.035276700465847,8.035276700465847,11.973944874150682,1707.0,9.696949967771387,0.208,regular,普通,normal,正常骨料
416,11643.0,12207.0,423.2850132298624,0.5204969115005791,119.50345224481894,136.23215625086144,1102.2656531821694,2328.134415528644,0.9537970017203244,0.480117039473862,54.26565318216954,74.13441552864381,1048,2254,1181,2387,0.82,0.82,60.177723721422495,28.336288500179176,24.85671806692234,24.85671806692234,28.336288500179176,11643.0,25.32508099551161,0.208,regular,普通,normal,正常骨料
417,9162.0,9621.0,369.3130011492134,1.1488069074900644,98.1960219451,122.89053458268134,1104.2345557738486,492.22123990395113,0.9522918615528532,0.6012609020346188,53.234555773848506,65.2212399039511,1051,427,1158,555,0.84,0.86,24.178212725343315,25.56123119319772,20.4247725645808,20.4247725645808,25.56123119319772,9162.0,22.46536804835997,0.208,regular,普通,normal,正常骨料
418,12873.0,14309.0,468.48966417249073,-0.7669149316376089,105.68288229132992,164.31402984629477,1129.4009166472465,2688.710634661695,0.8996435809630302,0.7657181632596072,77.40091664724618,68.71063466169502,1052,2620,1210,2760,0.74,0.79,133.94098882839904,34.17731820802931,21.982039516596625,21.982039516596625,34.17731820802931,12873.0,26.62920977601912,0.208,angular,棱角状,normal,正常骨料
421,2158.0,2247.0,175.61624755412743,0.2153951302227054,49.60991900071766,56.99570143964367,1084.6427247451345,1686.725208526413,0.9603916332888296,0.4923185541965065,29.642724745134384,22.725208526413347,1055,1664,1116,1716,0.88,0.89,77.65876811056822,11.855105899445885,10.318863152149271,10.318863152149271,11.855105899445885,2158.0,10.902952359873211,0.208,round,圆形,normal,正常骨料
422,5036.0,5238.0,296.76093918925187,0.944760429121856,54.84218216479833,121.29352486559998,1100.319896743447,1050.7092930897538,0.9614356624665904,0.8919447770086386,41.31989674344718,57.70929308975377,1059,993,1144,1102,0.72,0.9,35.8692147603491,25.229053172044797,11.407173890278052,11.407173890278052,25.229053172044797,5036.0,16.65563730395789,0.208,needle_flaky,针片状候选,normal,正常骨料
424,270.0,281.0,60.619988205069454,0.6050405723393543,15.159270155958716,22.80842109660987,1070.2259259259258,1890.4962962962964,0.9608540925266904,0.747168385635966,10.225925925925926,8.496296296296297,1060,1882,1081,1900,0.92,0.98,55.33372877077522,4.744151588094852,3.153128192439413,3.153128192439413,4.744151588094852,270.0,3.856561632999525,0.208,regular,普通,undersized,过小噪声(<5mm)
425,3852.0,4140.0,262.4565777591733,-0.2007612331288183,48.89061164530129,103.67793368676686,1111.8891484942887,640.6028037383178,0.9304347826086956,0.8818327140524211,49.88914849428868,31.60280373831776,1062,609,1167,669,0.7,0.86,101.50277134812328,21.565010206847507,10.169247222222667,10.169247222222667,21.565010206847507,3852.0,14.566711989172498,0.208,needle_flaky,针片状候选,normal,正常骨料
426,5872.0,6468.0,311.06555571715336,0.2315018740860333,78.97843215294634,98.88692852319753,1112.9659400544958,2084.484502724796,0.9078540507111936,0.6017637619897487,47.96594005449591,46.48450272479564,1065,2038,1163,2123,0.76,0.78,76.73591966550129,20.568481132825085,16.42751388781284,16.42751388781284,20.568481132825085,5872.0,17.98504040072233,0.208,regular,普通,normal,正常骨料
428,16288.0,17159.0,508.3870975213659,0.7429880954800637,128.72663564656366,168.1956259123964,1155.6739317288802,1465.081532416503,0.9492394661693572,0.6436276463856794,84.67393172888016,79.08153241650295,1071,1386,1247,1547,0.79,0.81,47.42991790052931,34.98469018977845,26.77514021448524,26.77514021448524,34.98469018977845,16288.0,29.95382406447996,0.208,regular,普通,normal,正常骨料
429,540.0,583.0,92.8934777160978,-1.2097273807804556,27.203070544083065,27.965176824744187,1087.835185185185,1097.1351851851853,0.9262435677530018,0.231864785023937,14.835185185185184,17.135185185185186,1073,1080,1104,1110,0.79,0.79,159.31227328013557,5.816756779546791,5.6582386731692775,5.6582386731692775,5.816756779546791,540.0,5.454001765515659,0.208,regular,普通,normal,正常骨料
430,1887.0,1979.0,182.8359323286348,0.1573438720562885,32.86160439736078,74.60804501113348,1111.2061473237943,1654.6322204557498,0.953511874684184,0.8977739139278539,36.20614732379438,18.632220455749867,1075,1636,1150,1675,0.71,0.9,80.98486019892826,15.518473362315763,6.835213714651042,6.835213714651042,15.518473362315763,1887.0,10.195401762406298,0.208,needle_flaky,针片状候选,normal,正常骨料
431,1077.0,1350.0,163.6841737992354,-0.6451150302128034,21.10495989570763,75.63886293166152,1102.5923862581244,680.233983286908,0.7977777777777778,0.9602845056983856,26.59238625812442,20.23398328690808,1076,660,1134,709,0.51,0.87,126.96236853164822,15.732883489785596,4.389831658307187,4.389831658307187,15.732883489785596,1077.0,7.7024031450908605,0.208,needle_flaky,针片状候选,undersized,过小噪声(<5mm)
432,3597.0,4249.0,257.0935436365044,1.4696976609549155,52.75476847608095,95.69454607817708,1108.8482068390326,730.022518765638,0.8465521299129207,0.8343183719263052,32.84820683903253,43.02251876563803,1076,687,1139,784,0.68,0.78,5.792526867034326,19.904465584260837,10.972991843024836,10.972991843024836,19.904465584260837,3597.0,14.076303210762731,0.208,angular,棱角状,normal,正常骨料
434,2116.0,2343.0,217.42614808375683,0.1318117546171398,31.055440357472573,90.62978837408296,1125.1587901701323,1629.2225897920605,0.903115663679044,0.9394585311254028,47.15879017013233,16.222589792060493,1078,1613,1173,1650,0.56,0.83,82.44774277022384,18.850995981809252,6.459531594354295,6.459531594354295,18.850995981809252,2116.0,10.796331870769864,0.208,needle_flaky,针片状候选,normal,正常骨料
435,5876.0,6124.0,303.5205483715039,-0.9490731340684666,64.57727215969777,118.40379082434322,1119.2328114363513,1279.719026548673,0.9595035924232528,0.8381767541641558,40.23281143635126,47.719026548672566,1079,1232,1167,1334,0.8,0.92,144.37788503137688,24.627988491463388,13.432072609217135,13.432072609217135,24.627988491463388,5876.0,17.991165052832685,0.208,regular,普通,normal,正常骨料
436,844.0,892.0,110.97398375705626,-0.0519823251947183,29.35902655819234,37.5565045720146,1098.4336492890995,1724.8317535545025,0.9461883408071748,0.623617695175836,19.433649289099527,14.83175355450237,1079,1710,1119,1742,0.86,0.88,92.97836784293392,7.811752950979037,6.106677524104007,6.106677524104007,7.811752950979037,844.0,6.818512132417763,0.208,regular,普通,normal,正常骨料
437,3203.0,3322.0,215.1094218396632,-0.6007532476761142,54.11316580649736,76.58703299569798,1119.6116141117702,587.0568217296285,0.9641782059000602,0.7076553330388291,35.611614111770216,33.056821729628474,1084,554,1153,621,0.87,0.91,124.42062562061878,15.93010286310518,11.255538487751451,11.255538487751451,15.93010286310518,3203.0,13.283021133384562,0.208,regular,普通,normal,正常骨料
438,462.0,488.0,83.0480924091718,-0.1010487675082087,21.70021724324097,28.757916771661684,1100.926406926407,1605.4112554112555,0.9467213114754098,0.6562053289909944,12.926406926406926,11.41125541125541,1088,1594,1117,1616,0.84,0.87,95.78966790321904,5.98164668850563,4.513645186594123,4.513645186594123,5.98164668850563,462.0,5.044746899151731,0.208,regular,普通,undersized,过小噪声(<5mm)
439,1329.0,1462.0,145.2783451871348,-0.7682904442905483,40.19427640520817,44.48539865622786,1110.7027840481564,1539.8141459744168,0.9090287277701778,0.4285066323979652,21.70278404815651,25.814145974416856,1089,1514,1139,1562,0.79,0.79,134.01979989807933,9.252962920495394,8.3604094922833,8.3604094922833,9.252962920495394,1329.0,8.55619915597387,0.208,regular,普通,normal,正常骨料
440,12579.0,14364.0,554.6398809891537,-0.4127131764610401,78.70662224177293,220.649414874224,1201.3637809046825,1788.2190158200176,0.8757309941520468,0.9342172951382168,111.3637809046824,63.21901582001749,1090,1725,1299,1847,0.51,0.74,113.6467231606556,45.89507829383858,16.370977426288768,16.370977426288768,45.89507829383858,12579.0,26.323367854630348,0.208,needle_flaky,针片状候选,normal,正常骨料
441,6310.0,6635.0,309.8595502075993,-0.621485160393143,74.34211502311005,109.9431237116276,1140.100316957211,1885.4323296354992,0.9510173323285608,0.736729999022938,50.10031695721078,47.43232963549921,1090,1838,1189,1930,0.83,0.87,125.60847672053814,22.86816973201854,15.46315992480689,15.46315992480689,22.86816973201854,6310.0,18.643741551421307,0.208,regular,普通,normal,正常骨料
442,2079.0,2135.0,172.28408535050866,0.4769248454168668,42.88038460311872,62.671294964822,1123.12025012025,846.4131794131794,0.9737704918032788,0.7292841779446904,29.12025012025012,26.413179413179414,1094,820,1156,872,0.88,0.93,62.67421921268433,13.035629352682976,8.919119997448693,8.919119997448693,13.035629352682976,2079.0,10.701524225279991,0.208,regular,普通,normal,正常骨料
443,4072.0,4335.0,274.65815755629166,-0.93746532425022,50.09309567603701,109.20152046340236,1141.0798133595283,1759.307956777996,0.9393310265282584,0.8885800459195758,45.07981335952849,49.30795677799607,1096,1710,1176,1803,0.68,0.84,143.71280651940083,22.71391625638769,10.419363900615698,10.419363900615698,22.71391625638769,4072.0,14.97691203223998,0.208,needle_flaky,针片状候选,normal,正常骨料
444,776.0,830.0,112.54478008385117,1.060845324297418,25.42912889254368,41.82498669662962,1115.4664948453608,1195.2951030927834,0.9349397590361446,0.7939455028365487,17.466494845360824,19.295103092783503,1098,1176,1131,1216,0.77,0.84,29.218040201570822,8.699597232898961,5.289258809649085,5.289258809649085,8.699597232898961,776.0,6.538065315887837,0.208,regular,普通,normal,正常骨料
445,1350.0,1429.0,148.80107694078256,1.0354444045911622,29.811020440872937,58.76189922679702,1119.842962962963,1588.3348148148148,0.9447165850244926,0.8617584127613153,18.842962962962964,26.334814814814816,1101,1562,1142,1614,0.77,0.9,30.673405696489965,12.22247503917378,6.200692251701571,6.200692251701571,12.22247503917378,1350.0,8.623533970804534,0.208,regular,普通,normal,正常骨料
446,1376.0,1751.0,183.8513682881599,0.1307201880103471,28.710651535832664,69.6007234841782,1130.9803779069769,1223.0392441860463,0.7858366647629925,0.9109553032842332,28.980377906976745,20.03924418604652,1102,1203,1165,1239,0.51,0.67,82.51028492985049,14.476950484709066,5.971815519453194,5.971815519453194,14.476950484709066,1376.0,8.706179384372273,0.208,needle_flaky,针片状候选,normal,正常骨料
447,17776.0,18180.0,490.8783001304944,-1.394641367304725,141.30355761433893,161.5566983037927,1179.055468046805,2505.001631413141,0.9777777777777776,0.484777397941294,76.05546804680468,78.00163141314131,1103,2427,1249,2591,0.93,0.93,169.9070642809152,33.60379324718888,29.39113998378249,29.39113998378249,33.60379324718888,17776.0,31.292150842551408,0.208,round,圆形,normal,正常骨料
448,2645.0,2818.0,204.5181066154384,-0.4888292944262347,48.807256155567856,71.82149140911604,1138.481663516068,2140.2230623818527,0.93860894251242,0.7336167932743607,34.48166351606805,29.22306238185256,1104,2111,1171,2172,0.79,0.84,118.00785547298116,14.938870213096134,10.151909280358112,10.151909280358112,14.938870213096134,2645.0,12.070665985344446,0.208,regular,普通,normal,正常骨料
449,2726.0,3026.0,217.9256919221108,-0.8137447717714544,44.11808183298533,85.81701055992383,1142.6030814380044,1323.5300807043286,0.9008592200925314,0.8577333508949658,36.6030814380044,40.53008070432869,1106,1283,1174,1356,0.72,0.85,136.62414102334074,17.849938196464155,9.176561021260948,9.176561021260948,17.849938196464155,2726.0,12.25409717680126,0.208,regular,普通,normal,正常骨料
450,381.0,464.0,83.73820579755474,0.4900199719103553,17.490717455393746,31.1946638040702,1125.002624671916,685.6561679790026,0.8211206896551724,0.8280218612317577,17.00262467191601,9.656167979002625,1108,676,1138,701,0.68,0.77,61.92392373241749,6.488490071246601,3.638069230721899,3.638069230721899,6.488490071246601,381.0,4.581217195000016,0.208,angular,棱角状,undersized,过小噪声(<5mm)
451,3060.0,3209.0,213.2133029417261,-0.3713865954439116,52.00964846289991,76.44396709147566,1143.4728758169936,1691.3323529411764,0.9535680897475848,0.7328752679106133,35.472875816993465,29.33235294117647,1108,1662,1181,1723,0.85,0.89,111.27888448666866,15.900345155026937,10.81800688028318,10.81800688028318,15.900345155026937,3060.0,12.983121085858807,0.208,regular,普通,normal,正常骨料
452,565.0,642.0,98.35179661378126,-0.0585526818163829,23.090676524660093,34.315226845106906,1123.6654867256636,1015.1203539823008,0.8800623052959502,0.7397345090112702,14.665486725663715,12.120353982300886,1109,1003,1145,1029,0.73,0.78,93.35482154725112,7.137567183782236,4.802860717129299,4.802860717129299,7.137567183782236,565.0,5.5788234556968614,0.208,angular,棱角状,undersized,过小噪声(<5mm)
454,5372.0,8484.0,403.9426851504341,0.0685077125813016,64.5462569433264,170.48127166515698,1194.3938942665677,2589.381794489948,0.6331918906176331,0.9255554796097734,82.39389426656739,39.38179448994788,1112,2550,1259,2626,0.41,0.57,86.07479720499613,35.46010450635265,13.42562144421189,13.42562144421189,35.46010450635265,5372.0,17.2022952068584,0.208,needle_flaky,针片状候选,normal,正常骨料
455,1476.0,1595.0,155.9649451863741,1.0028783004093145,31.02982883057225,62.84367472960173,1135.6029810298105,803.9552845528456,0.9253918495297806,0.8695969901999223,22.60298102981029,29.95528455284553,1113,774,1158,830,0.76,0.91,32.53930602129318,13.07148434375716,6.454204396759027,6.454204396759027,13.07148434375716,1476.0,9.016989688316771,0.208,needle_flaky,针片状候选,normal,正常骨料
456,1586.0,1675.0,161.7485866551997,-0.1790321301721151,34.00277948813642,63.15177998943637,1144.576923076923,986.5283732660782,0.946865671641791,0.8426705790709165,30.57692307692308,19.528373266078184,1114,967,1179,1004,0.76,0.88,100.25778545609896,13.135570237802764,7.072578133532375,7.072578133532375,13.135570237802764,1586.0,9.346951426116828,0.208,regular,普通,normal,正常骨料
457,5563.0,6100.0,295.74550322972675,0.9092743976134592,76.80200432483555,96.65509640365424,1166.2229013122417,1581.3618551141471,0.911967213114754,0.6071351284734705,51.2229013122416,42.36185511414704,1115,1539,1208,1628,0.8,0.82,37.9024145974485,20.10426005196008,15.974816899565791,15.974816899565791,20.10426005196008,5563.0,17.505435687112076,0.208,regular,普通,normal,正常骨料
458,18283.0,19331.0,518.8600080072947,-0.0230127375645369,138.99885589491768,172.98633772912277,1204.279658699338,400.9335995186785,0.9457865604469504,0.5952709399608697,83.27965869933819,65.93359951867855,1121,335,1291,482,0.85,0.87,91.31853273749012,35.98115824765753,28.91176202614288,28.91176202614288,35.98115824765753,18283.0,31.735264615792094,0.208,regular,普通,normal,正常骨料
459,1281.0,1482.0,153.05339032891197,1.1713141600665962,32.22411572518734,56.699667646696206,1143.784543325527,1042.5316159250583,0.8643724696356275,0.822800789480439,22.784543325526933,22.53161592505855,1121,1020,1165,1074,0.69,0.77,22.88864214427309,11.79353087051281,6.702616070838967,6.702616070838967,11.79353087051281,1281.0,8.400264465172729,0.208,angular,棱角状,normal,正常骨料
460,2013.0,2131.0,181.9552493902229,-0.3482465328666288,36.645449829313954,71.94981174226919,1154.2245404868356,2381.3000496770987,0.9446269357109338,0.8605774445573465,32.22454048683557,25.30004967709886,1122,2356,1189,2404,0.76,0.9,109.95305656332174,14.96556084239199,7.622253564497302,7.622253564497302,14.96556084239199,2013.0,10.530288789509461,0.208,regular,普通,normal,正常骨料
461,218.0,230.0,57.05778820532302,-0.3135148583551829,16.121083219677587,18.34407957366826,1132.2385321100917,1725.6009174311926,0.9478260869565216,0.4771595459693296,9.238532110091745,6.60091743119266,1123,1719,1143,1737,0.84,0.85,107.9630781983938,3.8155685513229978,3.353185309692938,3.353185309692938,3.8155685513229978,218.0,3.4653462993799065,0.208,regular,普通,undersized,过小噪声(<5mm)
463,4446.0,4675.0,256.6729362903477,-1.0437227355525642,75.64256851078127,78.55809684922401,1162.271255060729,758.050832208727,0.9510160427807488,0.2699049215215924,36.27125506072875,36.05083220872695,1126,722,1208,807,0.85,0.85,149.80090772901085,16.340084144638595,15.733654250242504,15.733654250242504,16.340084144638595,4446.0,15.649595744286003,0.208,regular,普通,normal,正常骨料
464,1796.0,1855.0,158.55117747269406,-0.9062615635058764,42.47246764551396,55.04529654014176,1151.5918708240536,934.3468819599108,0.9681940700808626,0.6361186882136498,25.59187082405345,26.34688195991092,1126,908,1178,961,0.9,0.92,141.92496272381396,11.449421680349486,8.834273270266904,8.834273270266904,11.449421680349486,1796.0,9.946529166071251,0.208,regular,普通,normal,正常骨料
466,1363.0,1748.0,189.76976277809865,-0.2722114056282408,25.105145045616432,78.77712316779117,1165.6184886280264,1194.2905355832722,0.7797482837528604,0.947860435485034,38.61848862802641,21.290535583272195,1127,1173,1207,1212,0.48,0.74,105.5965646778219,16.385641618900564,5.221870169488217,5.221870169488217,16.385641618900564,1363.0,8.664955211035098,0.208,needle_flaky,针片状候选,normal,正常骨料
467,1532.0,1634.0,155.9649451863741,0.2699599422185149,33.67967339498612,59.98052292025935,1156.4582245430809,1104.5352480417755,0.9375764993880048,0.8274698382601631,28.45822454308094,20.535248041775457,1128,1084,1189,1124,0.79,0.89,74.53243467328353,12.475948767413945,7.005372066157112,7.005372066157112,12.475948767413945,1532.0,9.186451297229121,0.208,regular,普通,normal,正常骨料
468,1525.0,1566.0,145.56419951217828,-1.446856180641342,43.23691704678985,46.32821720704662,1146.4655737704918,1151.8891803278689,0.9738186462324392,0.3591653985353236,18.465573770491805,21.889180327868853,1128,1130,1172,1177,0.9,0.91,172.89875271316674,9.636269179065696,8.993278745732288,8.993278745732288,9.636269179065696,1525.0,9.16543994507185,0.208,round,圆形,normal,正常骨料
469,2296.0,2374.0,178.5836189405054,-0.7675049867918617,48.40963952854673,61.720387440974285,1155.6419860627177,1944.648519163763,0.9671440606571188,0.6203338190332194,24.64198606271777,25.648519163763066,1131,1919,1186,1973,0.9,0.92,133.97479649841767,12.837840587722653,10.06920502193772,10.06920502193772,12.837840587722653,2296.0,11.246162024584969,0.208,regular,普通,normal,正常骨料
470,584.0,627.0,99.6925551444485,0.6021565149874535,19.81457725481922,38.99996690301298,1148.0958904109589,2004.3852739726028,0.9314194577352471,0.8613178372232969,16.095890410958905,14.38527397260274,1132,1990,1164,2022,0.74,0.87,55.49897308491281,8.1119931158267,4.121432069002397,4.121432069002397,8.1119931158267,584.0,5.671851058291155,0.208,regular,普通,undersized,过小噪声(<5mm)
472,1123.0,1214.0,143.34275804309908,0.265866974164229,28.51688023618923,54.19805329650104,1165.206589492431,662.739982190561,0.9250411861614496,0.8503852204190993,31.20658949243099,17.739982190560998,1134,645,1189,682,0.69,0.8,74.76694446847598,11.273195085672215,5.931511089127359,5.931511089127359,11.273195085672215,1123.0,7.865172868413191,0.208,regular,普通,normal,正常骨料
473,3841.0,4673.0,284.19456857489274,0.5491113259654649,51.91812399738118,102.49961725335376,1176.357719343921,705.8758135902109,0.8219559169698266,0.8622281096217334,39.357719343920856,36.87581359021088,1137,669,1222,751,0.6,0.71,58.53823853934645,21.319920388697582,10.798969791455283,10.798969791455283,21.319920388697582,3841.0,14.545898335379778,0.208,angular,棱角状,normal,正常骨料
476,1186.0,1417.0,149.35643730805236,-0.7674427096070172,39.07793952132555,45.46166226184653,1173.2512647554806,960.264755480607,0.8369795342272407,0.51100105390448,29.25126475548061,24.26475548060708,1144,936,1194,980,0.67,0.67,133.97122827856612,9.456025750464075,8.128211420435713,8.128211420435713,9.456025750464075,1186.0,8.082779639258922,0.208,angular,棱角状,normal,正常骨料
477,5122.0,5667.0,298.5223050660757,-0.906103465129544,75.83260979990764,98.80732553720736,1184.2048028114018,585.6977743069114,0.90382918651844,0.6410733305341538,39.2048028114018,48.69777430691136,1145,537,1237,636,0.72,0.74,141.91590435410222,20.55192371173913,15.773182838380787,15.773182838380787,20.55192371173913,5122.0,16.7972498185878,0.208,regular,普通,normal,正常骨料
478,2086.0,2191.0,176.26689269641173,0.0327122890803948,41.364951195077495,65.2951142165472,1180.6275167785234,1013.9817833173538,0.952076677316294,0.7737364660392411,35.62751677852349,21.981783317353788,1145,992,1213,1035,0.84,0.91,88.12572389748149,13.581383757041818,8.60390984857612,8.60390984857612,13.581383757041818,2086.0,10.71952511979418,0.208,regular,普通,normal,正常骨料
479,1326.0,1510.0,158.32113967656642,0.7133266591485397,28.076624408571625,65.05527601708808,1176.7021116138762,1661.2767722473604,0.8781456953642384,0.9020741633913646,28.70211161387632,22.276772247360483,1148,1639,1206,1685,0.66,0.85,49.12939301662164,13.53149741155432,5.839937876982898,5.839937876982898,13.53149741155432,1326.0,8.546536590321116,0.208,needle_flaky,针片状候选,normal,正常骨料
480,4010.0,4476.0,271.5723814316177,1.0631924791670828,56.929435369261874,93.7054404832518,1186.5708229426434,2086.293017456359,0.8958891867739053,0.7942920870144213,34.57082294264339,53.2930174563591,1152,2033,1221,2128,0.68,0.75,29.083558133675453,19.49073162051637,11.84132255680647,11.84132255680647,19.49073162051637,4010.0,14.862455954865686,0.208,angular,棱角状,normal,正常骨料
482,2455.0,2626.0,194.7680060835268,-0.3992329463690799,50.81353644122392,63.916850165635005,1182.1788187372708,1065.2366598778003,0.9348819497334347,0.6066167994987436,28.17881873727088,24.23665987780041,1154,1041,1217,1092,0.81,0.83,112.87436286952102,13.29470483445208,10.569215579774577,10.569215579774577,13.29470483445208,2455.0,11.629047448252209,0.208,regular,普通,normal,正常骨料
484,7038.0,7850.0,358.5869329038754,0.9515520230858948,83.1643150538691,118.07243515297748,1207.547456663825,2307.732026143791,0.8965605095541401,0.7098528952762735,51.54745666382495,60.73202614379085,1156,2247,1271,2356,0.69,0.72,35.48008509004315,24.559066511819317,17.29817753120477,17.29817753120477,24.559066511819317,7038.0,19.68987801382133,0.208,angular,棱角状,normal,正常骨料
486,1284.0,1354.0,149.22168428693922,0.2058337567528927,27.30874151063414,62.37696307812586,1186.644080996885,1278.2266355140189,0.948301329394387,0.8990715527475213,26.64408099688473,17.226635514018692,1160,1261,1218,1293,0.72,0.92,78.20659445673684,12.97440832025018,5.6802182342119005,5.6802182342119005,12.97440832025018,1284.0,8.410095088156492,0.208,needle_flaky,针片状候选,normal,正常骨料
487,1442.0,1498.0,140.7170575106804,0.4180881798008482,39.83152369910434,46.79768439154604,1183.2822468793345,1220.5693481276005,0.9626168224299064,0.5249338177818709,22.28224687933426,19.56934812760056,1161,1201,1205,1240,0.92,0.92,66.04531183310468,9.733918353441576,8.284956929413703,8.284956929413703,9.733918353441576,1442.0,8.912530405370555,0.208,round,圆形,normal,正常骨料
488,6468.0,7003.0,377.79450796219055,0.1825689714625735,54.1756835590461,157.60261760116973,1231.1012677798392,2008.6439393939395,0.9236041696415822,0.9390617023360088,69.1012677798392,35.64393939393939,1162,1973,1317,2038,0.57,0.84,79.53956846515017,32.781344461043304,11.268542180281589,11.268542180281589,32.781344461043304,6468.0,18.875714499616006,0.208,needle_flaky,针片状候选,normal,正常骨料
490,1000.0,1187.0,137.5196483281748,-1.418925082287733,34.13102982508662,44.138339831478106,1181.672,864.299,0.8424599831508003,0.6340720368344167,16.672,18.299,1165,846,1203,892,0.66,0.68,171.29841866034013,9.180774684947446,7.099254203618017,7.099254203618017,9.180774684947446,1000.0,7.421956323195528,0.208,angular,棱角状,normal,正常骨料
492,7273.0,7827.0,341.38710980132885,-0.938247145996202,84.61179002529272,112.915075184816,1217.0087996700124,797.8739172281039,0.9292193688514118,0.6621853695981267,51.00879967001237,55.87391722810395,1166,742,1267,848,0.78,0.81,143.75760160577715,23.486335638441727,17.599252325260885,17.599252325260885,23.486335638441727,7273.0,20.015903016853095,0.208,regular,普通,normal,正常骨料
493,1317.0,1789.0,176.82225306368153,-1.3823419460847477,33.24612755338189,65.34260744349987,1189.1435079726652,1945.92027334852,0.7361654555617664,0.8608864827984042,23.143507972665148,29.920273348519363,1166,1916,1207,1975,0.53,0.62,169.20235935455682,13.591262348247971,6.915194531103433,6.915194531103433,13.591262348247971,1317.0,8.517483124064695,0.208,angular,棱角状,normal,正常骨料
494,12617.0,13714.0,466.6493618034696,1.512081214828891,129.84598956884756,137.75388103432113,1237.938971229294,2713.841404454308,0.9200087501822954,0.3339407792111445,71.93897122929381,67.84140445430768,1166,2646,1297,2798,0.73,0.73,3.3641281092902062,28.652807255138796,27.00796583032029,27.00796583032029,28.652807255138796,12617.0,26.36309810635685,0.208,regular,普通,normal,正常骨料
497,943.0,970.0,111.98941971658137,-1.0405367471426177,32.689992494121284,37.41368942214627,1187.996818663839,2399.204665959703,0.9721649484536082,0.4863858031678152,17.996818663838813,18.204665959703075,1170,2381,1205,2420,0.94,0.95,149.6183640395433,7.782047399806424,6.799518438777227,6.799518438777227,7.782047399806424,943.0,7.207327232102551,0.208,round,圆形,normal,正常骨料
498,6599.0,6792.0,306.7179575540095,0.0043101477879799,72.72553237658644,116.61658643967836,1227.9913623276254,513.4558266404,0.9715842167255596,0.7817201325442041,55.9913623276254,37.45582664040006,1172,476,1286,550,0.88,0.96,89.7530467226711,24.2562499794531,15.12691073432998,15.12691073432998,24.2562499794531,6599.0,19.06590648101795,0.208,regular,普通,normal,正常骨料
501,1169.0,1301.0,144.54876355265318,0.421166705598972,27.5333967642002,58.02953975505349,1197.6295979469633,1256.5183917878528,0.8985395849346657,0.880270549217338,24.629597946963216,16.518391787852867,1173,1240,1229,1274,0.7,0.86,65.86892529775005,12.070144269051124,5.7269465269536415,5.7269465269536415,12.070144269051124,1169.0,8.02464169234617,0.208,needle_flaky,针片状候选,normal,正常骨料
502,2054.0,2130.0,171.87982628716918,-1.0106644408922256,47.821328872894085,57.32840327981898,1197.983446932814,1313.9620253164558,0.964319248826291,0.5515154535325018,22.983446932814022,22.96202531645569,1175,1291,1226,1344,0.87,0.88,147.90680696707358,11.924307882202347,9.94683640556197,9.94683640556197,11.924307882202347,2054.0,10.636986643437556,0.208,round,圆形,normal,正常骨料
503,1027.0,1059.0,123.23138008309044,-0.876338741703298,28.98476261653142,46.062317409939794,1193.1207400194742,1711.5608568646544,0.9697828139754484,0.7772020896660803,18.1207400194742,22.560856864654333,1175,1689,1210,1731,0.85,0.92,140.21051132340415,9.580962021267476,6.028830624238535,6.028830624238535,9.580962021267476,1027.0,7.521485386965428,0.208,regular,普通,normal,正常骨料
504,238.0,257.0,64.87230159319884,-0.8142975078770687,12.59971536767264,25.543007886412408,1184.0588235294117,1836.0504201680671,0.926070038910506,0.8698736873602941,9.058823529411764,10.050420168067228,1175,1826,1196,1848,0.71,0.85,136.65581046937697,5.312945640373781,2.6207407964759093,2.6207407964759093,5.312945640373781,238.0,3.6208194773965814,0.208,needle_flaky,针片状候选,undersized,过小噪声(<5mm)
505,1127.0,1216.0,145.88952208332043,-0.9782724770209896,25.23817288859524,59.02591150681553,1196.645075421473,1893.362910381544,0.9268092105263158,0.9039785252918964,20.64507542147294,25.362910381543923,1176,1868,1219,1916,0.67,0.86,146.0508841471115,12.277389593417633,5.24953996082781,5.24953996082781,12.277389593417633,1127.0,7.87916784899755,0.208,needle_flaky,针片状候选,normal,正常骨料
506,7639.0,7899.0,333.9768554767926,-0.296047556287414,88.18098612363254,113.63826816008408,1239.483047519309,1641.7377929048305,0.9670844410684896,0.630757915277414,59.48304751930881,42.73779290483048,1180,1599,1301,1698,0.86,0.88,106.9622755104305,23.63675977729749,18.34164511371557,18.34164511371557,23.63675977729749,7639.0,20.513352798430617,0.208,regular,普通,normal,正常骨料
507,1821.0,2000.0,171.36393416599805,-0.4664100557956629,45.106628600755904,54.22435987547144,1206.5090609555189,1850.151015925316,0.9105,0.5549978988135856,26.509060955518947,25.15101592531576,1180,1825,1238,1877,0.78,0.79,116.72332771955271,11.27866685409806,9.382178748957228,9.382178748957228,11.27866685409806,1821.0,10.015516878478694,0.208,regular,普通,normal,正常骨料
508,348.0,377.0,78.37517167488576,-0.5086354884158463,15.709004662397922,30.128248944035736,1193.2758620689656,1351.462643678161,0.9230769230769232,0.8533096415768566,12.275862068965518,8.46264367816092,1181,1343,1211,1364,0.71,0.83,119.14266679680328,6.266675780359432,3.267472969778768,3.267472969778768,6.266675780359432,348.0,4.378325206157131,0.208,regular,普通,undersized,过小噪声(<5mm)
509,1779.0,2419.0,205.9541499211201,1.3897468216407658,38.60188362074212,73.23489654138713,1204.840921866217,666.9449128724002,0.7354278627532038,0.8498052163717323,20.840921866216977,30.944912872400224,1184,636,1231,705,0.53,0.61,10.373372528263744,15.232858480608522,8.02919179311436,8.02919179311436,15.232858480608522,1779.0,9.899342909770722,0.208,angular,棱角状,normal,正常骨料
510,5387.0,5554.0,278.94993919051973,-0.4570288904126102,78.45103330889958,89.84893798943534,1234.3894560980136,1371.9224057917208,0.969931580842636,0.4874629171917206,50.38945609801374,43.92240579172081,1184,1328,1283,1418,0.87,0.88,116.18582653618958,18.68857910180255,16.317814928251114,16.317814928251114,18.68857910180255,5387.0,17.22629507232634,0.208,round,圆形,normal,正常骨料
511,1590.0,1906.0,172.53047142945348,-0.322515044992159,40.91720344018445,55.86900823499828,1209.3861635220126,946.3899371069182,0.8342077649527807,0.680898837817387,24.386163522012577,18.38993710691824,1185,928,1240,973,0.67,0.7,108.47875090752257,11.620753712879642,8.510778315558365,8.510778315558365,11.620753712879642,1590.0,9.358730827673222,0.208,angular,棱角状,normal,正常骨料
512,11486.0,12109.0,418.00091559939074,0.5989759557187833,99.07861836587392,150.26006230250655,1259.0518892564862,1119.2288002786,0.9485506647947808,0.7518090184245779,74.05188925648616,63.22880027860003,1185,1056,1334,1178,0.83,0.88,55.68120570749883,31.25409295892136,20.608352620101776,20.608352620101776,31.25409295892136,11486.0,25.153753477961615,0.208,regular,普通,normal,正常骨料
513,2465.0,2850.0,249.9296753909128,-0.2237934989384274,34.81194896946348,98.83358257669056,1239.8032454361055,2052.3983772819474,0.8649122807017544,0.935914248145851,53.80324543610548,19.398377281947266,1186,2033,1296,2077,0.5,0.72,102.82242297163737,20.55738517595164,7.2408853856484034,7.2408853856484034,20.55738517595164,2465.0,11.652707793055459,0.208,needle_flaky,针片状候选,normal,正常骨料
514,1519.0,1700.0,161.42326408405756,0.0143782828663628,36.55975764539869,57.60647080869209,1220.6089532587227,2419.0454246214613,0.8935294117647059,0.7728023958860795,34.60895325872284,19.04542462146149,1186,2400,1246,2441,0.73,0.79,89.17618507511214,11.982145928207954,7.604429590242927,7.604429590242927,11.982145928207954,1519.0,9.1473918016415,0.208,angular,棱角状,normal,正常骨料
516,542.0,570.0,89.75188506250801,-0.3593084621148372,21.6257239034688,32.56584601171807,1201.6549815498156,2041.6051660516605,0.950877192982456,0.7476779725513396,14.654981549815496,10.605166051660516,1187,2031,1219,2054,0.85,0.9,110.5868584225164,6.773695970437359,4.49815057192151,4.49815057192151,6.773695970437359,542.0,5.464092434208518,0.208,regular,普通,undersized,过小噪声(<5mm)
517,929.0,974.0,116.52758742975422,0.8886920898828116,28.47599322176885,42.139124373395255,1205.8406889128096,986.6178686759956,0.9537987679671458,0.7371204413186475,16.840688912809473,18.61786867599569,1189,968,1224,1005,0.86,0.91,39.08169396305409,8.764937869666213,5.923006590127921,5.923006590127921,8.764937869666213,929.0,7.15362633433695,0.208,regular,普通,normal,正常骨料
518,1405.0,1693.0,159.20182261497837,-0.6669524063035678,38.93508640442358,53.35808475725787,1214.4199288256227,616.0462633451957,0.8298877731836976,0.6837735994221951,23.419928825622776,26.04626334519573,1191,590,1242,639,0.7,0.72,128.2135580172889,11.098481629509635,8.098497972120104,8.098497972120104,11.098481629509635,1405.0,8.797444919242633,0.208,angular,棱角状,normal,正常骨料
519,5165.0,6168.0,332.2876544117016,-0.196537987692363,56.37595868557283,125.85983985194302,1243.8096805421103,867.2538238141336,0.8373865110246433,0.8940703789711578,52.80968054211036,29.2538238141336,1191,838,1314,906,0.59,0.74,101.26079720876652,26.178846689204143,11.726199406599148,11.726199406599148,26.178846689204143,5165.0,16.86761023979316,0.208,needle_flaky,针片状候选,normal,正常骨料
520,933.0,1000.0,122.445981919693,1.4667411116794582,31.330081419592474,41.862857331712185,1204.5155412647373,1147.4094319399785,0.933,0.6632498295555851,13.515541264737406,22.409431939978564,1191,1125,1224,1167,0.78,0.81,5.961924662440509,8.707474324996134,6.516656935275234,6.516656935275234,8.707474324996134,933.0,7.169010494759566,0.208,regular,普通,normal,正常骨料
521,1804.0,1973.0,170.25321343145848,-0.3066948368328841,40.75391172074233,59.01761625751045,1221.293791574279,2640.64467849224,0.9143436391282312,0.7232960341060526,27.29379157427938,21.644678492239468,1194,2619,1251,2667,0.78,0.82,107.57231974897768,12.275664181562172,8.476813637914404,8.476813637914404,12.275664181562172,1804.0,9.968657178216805,0.208,regular,普通,normal,正常骨料
522,2802.0,2899.0,204.05803102318305,-0.6566929148295911,48.0968189415724,75.16519527551338,1233.0453247680227,2183.305496074233,0.966540186271128,0.7684735833037164,37.04532476802285,29.305496074232693,1196,2154,1266,2213,0.85,0.91,127.6257324558796,15.634360617306784,10.004138339847058,10.004138339847058,15.634360617306784,2802.0,12.423743024101418,0.208,regular,普通,normal,正常骨料
523,2945.0,3361.0,240.4490809012276,-1.2996043347731805,42.1305636053041,95.64486800946324,1224.313752122241,1909.5341256366723,0.8762273132996132,0.8977577445967078,24.313752122241088,45.53412563667233,1200,1864,1254,1958,0.64,0.81,164.46184341941017,19.894132545968358,8.763157229903252,8.763157229903252,19.894132545968358,2945.0,12.73682095457018,0.208,needle_flaky,针片状候选,normal,正常骨料
524,2260.0,2400.0,186.62817012450887,1.4991265677435044,42.18667221273174,71.1377534232593,1224.6654867256636,1563.900442477876,0.9416666666666668,0.8051819142279658,22.665486725663715,32.900442477876105,1202,1531,1246,1599,0.82,0.9,4.1063747123643,14.796652712037933,8.774827820248202,8.774827820248202,14.796652712037933,2260.0,11.157646911393723,0.208,regular,普通,normal,正常骨料
525,1952.0,2053.0,171.55450371602706,1.4753130256771323,39.13045957877364,64.27042032359722,1222.642930327869,1230.6480532786886,0.950803701899659,0.7932923653665385,19.642930327868854,30.64805327868853,1203,1200,1243,1263,0.83,0.91,5.470790168024649,13.36824742730822,8.139135592384916,8.139135592384916,13.36824742730822,1952.0,10.36951158034938,0.208,regular,普通,normal,正常骨料
526,2122.0,2509.0,212.1420504532852,0.6848715914367082,37.70083454505355,77.70156454357664,1236.918944392083,1186.9500471253534,0.8457552809884417,0.8744029491829809,31.918944392082945,28.95004712535344,1205,1158,1274,1221,0.59,0.71,50.75974830226857,16.16192542506394,7.841773585371139,7.841773585371139,16.16192542506394,2122.0,10.81162774413648,0.208,needle_flaky,针片状候选,normal,正常骨料
527,1266.0,1349.0,139.32048245109738,-0.6959594953300308,35.47511617707532,47.85242167119928,1232.7053712480254,2234.26935229068,0.938472942920682,0.671124987442688,25.70537124802528,22.269352290679304,1207,2212,1252,2255,0.82,0.85,129.8755417944655,9.95330370760945,7.378824164831666,7.378824164831666,9.95330370760945,1266.0,8.350937764699983,0.208,regular,普通,normal,正常骨料
528,1156.0,1344.0,144.22344098151103,1.1886982061755569,33.77059292679917,49.5443889605004,1223.1911764705883,1041.5709342560554,0.8601190476190477,0.7317035902048526,15.191176470588236,26.570934256055363,1208,1015,1247,1066,0.7,0.74,21.89260967136883,10.305232903784082,7.024283328774227,7.024283328774227,10.305232903784082,1156.0,7.9798974696994645,0.208,angular,棱角状,normal,正常骨料
529,1930.0,2008.0,166.5562604105989,-1.4219783976900189,45.40987057389722,56.27785640613079,1228.5134715025906,1715.286528497409,0.9611553784860558,0.5907058265135943,20.513471502590672,27.286528497409325,1208,1688,1255,1747,0.87,0.89,171.4733607464134,11.705794132475203,9.44525307937062,9.44525307937062,11.705794132475203,1930.0,10.310911251213668,0.208,round,圆形,normal,正常骨料
531,2328.0,2570.0,197.06838404480337,-1.4573935409619954,48.47578160872121,65.01169806416281,1237.4007731958764,666.4604810996564,0.9058365758754864,0.6663410988692066,24.40077319587629,36.46048109965636,1213,630,1270,703,0.75,0.78,173.50249898674878,13.522433197345864,10.082962574614012,10.082962574614012,13.522433197345864,2328.0,11.324261310321596,0.208,regular,普通,normal,正常骨料
532,2697.0,2868.0,200.4958310234366,-0.3741560206339288,54.6681111828995,65.65905982274,1247.519095291064,720.6325546903968,0.9403765690376568,0.5538660975700029,34.51909529106415,27.63255469039673,1213,693,1281,753,0.84,0.85,111.43756086173389,13.65708444312992,11.370967126043096,11.370967126043096,13.65708444312992,2697.0,12.18874152586104,0.208,regular,普通,normal,正常骨料
533,3824.0,4085.0,253.81719796180136,1.2881697376660346,50.73328544712238,98.9245665157807,1244.069560669456,996.4103033472804,0.9361077111383108,0.858479311443549,30.069560669456067,44.41030334728033,1214,952,1274,1045,0.75,0.88,16.19331073526179,20.576309835282384,10.552523373001454,10.552523373001454,20.576309835282384,3824.0,14.513673069796152,0.208,regular,普通,normal,正常骨料
534,912.0,941.0,112.7748178799788,-0.5798465960697073,31.017657673409747,38.38950277991879,1233.906798245614,1824.078947368421,0.9691817215727948,0.589220369537777,19.90679824561404,18.07894736842105,1214,1806,1252,1843,0.9,0.92,123.22276271982126,7.985016578223108,6.451672796069227,6.451672796069227,7.985016578223108,912.0,7.087871141960817,0.208,round,圆形,normal,正常骨料
535,175.0,190.0,52.48015224605149,-0.5476332476149047,14.085167194507862,16.947973203749303,1224.4057142857143,341.54857142857145,0.9210526315789472,0.5561488640818976,9.405714285714286,8.548571428571428,1215,333,1234,349,0.8,0.81,121.3770738093768,3.525178426379855,2.9297147764576352,2.9297147764576352,3.525178426379855,175.0,3.10482708714976,0.208,regular,普通,undersized,过小噪声(<5mm)
536,2012.0,2450.0,201.1464761657209,-1.4569984993153389,39.39975699852421,72.62825079229854,1234.4662027833,2107.707753479125,0.8212244897959183,0.8400653072898246,18.4662027833002,34.70775347912525,1216,2073,1262,2142,0.62,0.72,173.47986476766349,15.106676164798095,8.195149455693036,8.195149455693036,15.106676164798095,2012.0,10.527672893607837,0.208,angular,棱角状,normal,正常骨料
537,1261.0,1415.0,146.90495804284552,1.0807699690557182,30.781102195584804,56.541481430043895,1240.8279143536874,568.2870737509912,0.8911660777385159,0.838826672328707,21.82791435368755,23.28707375099128,1219,545,1260,596,0.73,0.84,28.076442148622768,11.76062813744913,6.402469256681639,6.402469256681639,11.76062813744913,1261.0,8.334430656714066,0.208,angular,棱角状,normal,正常骨料
539,2115.0,2372.0,191.99120424717785,-0.100639159623154,43.04744099107881,66.46575309158351,1258.3073286052008,1279.6950354609928,0.8916526138279932,0.7619265160348457,35.307328605200944,19.69503546099291,1223,1260,1294,1307,0.72,0.77,95.76619910015012,13.82487664304937,8.953867726144392,8.953867726144392,13.82487664304937,2115.0,10.793780451173614,0.208,angular,棱角状,normal,正常骨料
540,549.0,612.0,96.78100028698636,0.5945219190516835,19.57200972166742,37.93408611187173,1239.023679417122,1303.0983606557377,0.8970588235294118,0.8566200022804434,15.02367941712204,15.098360655737704,1224,1288,1256,1317,0.74,0.86,55.936403210320165,7.890289911269319,4.070978022106823,4.070978022106823,7.890289911269319,549.0,5.49926396704311,0.208,angular,棱角状,undersized,过小噪声(<5mm)
541,1756.0,1844.0,172.3399018794245,-0.1529291735077677,33.094312059093376,69.32034116125466,1253.8929384965832,2264.364464692483,0.9522776572668112,0.8786799644846958,29.892938496583145,15.364464692482915,1224,2249,1293,2284,0.74,0.9,98.76219620641896,14.418630961540968,6.883616908291422,6.883616908291422,14.418630961540968,1756.0,9.835142348993692,0.208,needle_flaky,针片状候选,normal,正常骨料
542,4704.0,4964.0,264.44798143212483,-0.9963711092275286,67.0197128881762,91.89787941551658,1261.8356717687077,1942.5831207482995,0.9476228847703464,0.6842104195905137,35.835671768707485,45.58312074829932,1226,1897,1301,1987,0.85,0.88,147.08785938750574,19.114758918427448,13.94010028074065,13.94010028074065,19.114758918427448,4704.0,16.097263412168463,0.208,regular,普通,normal,正常骨料
543,3186.0,3289.0,208.8657047785822,0.4789810467358814,55.862462963699,73.42608927480606,1265.084118016321,623.2030759573132,0.9686834904226208,0.648988098179507,36.084118016321405,29.20307595731325,1229,594,1300,656,0.92,0.94,62.55640755527556,15.27262656915966,11.619392296449393,11.619392296449393,15.27262656915966,3186.0,13.247724258289148,0.208,regular,普通,normal,正常骨料
544,703.0,742.0,101.8187118385132,-0.8617208631199839,25.19844355715318,37.28942032417189,1242.5618776671408,2364.1322901849217,0.9474393530997304,0.7371279868367951,13.561877667140823,15.132290184921764,1229,2349,1260,2384,0.85,0.9,139.3729685751456,7.756199427427753,5.2412762598878615,5.2412762598878615,7.756199427427753,703.0,6.222946349711342,0.208,regular,普通,normal,正常骨料
545,7083.0,7499.0,338.34080192275354,-1.5113396024160042,85.93714069616875,112.9367680054149,1280.15657207398,925.6086404066074,0.9445259367915724,0.6488322592538662,50.15657207397995,53.60864040660737,1230,872,1322,993,0.78,0.8,176.59338062941686,23.4908477451263,17.8749252648031,17.8749252648031,23.4908477451263,7083.0,19.752724895669928,0.208,regular,普通,normal,正常骨料
547,209.0,219.0,54.93163151125833,-0.5630809844767259,12.695507870691095,21.398957943661827,1242.248803827751,1481.4545454545455,0.954337899543379,0.8049984444729692,9.248803827751196,8.454545454545455,1233,1473,1252,1490,0.87,0.96,122.26216393458782,4.45098325228166,2.640665637103748,2.640665637103748,4.45098325228166,209.0,3.393059983798579,0.208,regular,普通,undersized,过小噪声(<5mm)
550,10996.0,12984.0,547.3249114396318,0.6391310734241351,64.32642302314338,241.1541974858338,1320.3813204801745,1896.668152055293,0.8468884781269255,0.963767433316666,84.38132048017461,78.66815205529284,1236,1818,1429,1976,0.46,0.82,53.38048693713112,50.16007307705343,13.37989598881382,13.37989598881382,50.16007307705343,10996.0,24.61136831943704,0.208,needle_flaky,针片状候选,normal,正常骨料
551,2671.0,3414.0,235.8714449419561,0.2244829422047371,42.46375759350544,89.94549105792521,1279.0348184200675,1248.591538749532,0.7823667252489748,0.8815420766647861,42.03481842006739,25.59153874953201,1237,1223,1320,1282,0.6,0.74,77.13807483898938,18.708662140048443,8.83246157944913,8.83246157944913,18.708662140048443,2671.0,12.129847429254845,0.208,needle_flaky,针片状候选,normal,正常骨料
552,586.0,626.0,96.55096249085872,-1.323614380802541,19.93155197752236,38.40391839876503,1248.887372013652,2390.6672354948805,0.9361022364217252,0.8547755304471742,10.887372013651875,17.667235494880547,1238,2373,1261,2410,0.79,0.92,165.83751772280735,7.988015026943126,4.1457628113246505,4.1457628113246505,7.988015026943126,586.0,5.681554831097324,0.208,regular,普通,undersized,过小噪声(<5mm)
553,7722.0,8366.0,355.5406250253001,1.2206550227659938,88.45637919480933,114.99524892240906,1287.8131313131314,307.6622636622637,0.9230217547214916,0.6389868172705679,48.81313131313132,63.66226366226366,1239,244,1335,372,0.77,0.79,20.06161895406313,23.919011775861083,18.398926872520335,18.398926872520335,23.919011775861083,7722.0,20.624493549974634,0.208,regular,普通,normal,正常骨料
554,2240.0,2413.0,189.0796493897157,-0.3639815329764498,49.6360999286799,61.14763917333315,1266.2924107142858,1556.3299107142857,0.928305014504766,0.5840163619281594,26.292410714285715,24.32991071428572,1240,1532,1299,1584,0.79,0.8,110.85460566025236,12.718708948053294,10.324308785165416,10.324308785165416,12.718708948053294,2240.0,11.108167080399243,0.208,regular,普通,normal,正常骨料
555,2716.0,2994.0,233.6500034728769,-0.2753532582143545,37.28640386495943,95.5323880615152,1285.0699558173785,2287.559646539028,0.9071476285905145,0.9206872369414556,44.0699558173785,24.559646539027984,1241,2263,1337,2312,0.63,0.85,105.77657957085847,19.87073671679516,7.755572003911562,7.755572003911562,19.87073671679516,2716.0,12.231600192201116,0.208,needle_flaky,针片状候选,normal,正常骨料
559,24961.0,25564.0,603.2093907010351,-1.3013813837804091,140.69242506240198,227.51818445995173,1313.5549857778135,2441.8036536997715,0.9764121420747928,0.7858801705324099,70.55498577781339,113.80365369977164,1243,2328,1392,2552,0.86,0.94,164.5636608275123,47.32378236766996,29.26402441297961,29.26402441297961,47.32378236766996,24961.0,37.08082468870775,0.208,regular,普通,normal,正常骨料
560,265.0,285.0,61.730708939609045,-1.2212311824291526,17.338832309710313,19.9617704010995,1253.8415094339623,1443.0377358490566,0.9298245614035088,0.4955105307260035,8.841509433962264,9.037735849056604,1245,1434,1264,1454,0.87,0.88,159.97139256296154,4.152048243428696,3.6064771204197448,3.6064771204197448,4.152048243428696,265.0,3.820685861309047,0.208,regular,普通,undersized,过小噪声(<5mm)
561,3920.0,4136.0,242.47995282027784,-0.152641851026388,61.75927671868092,82.80442241966881,1285.8586734693877,2119.332142857143,0.9477756286266924,0.666119369761902,40.85867346938775,28.332142857142856,1245,2091,1333,2156,0.84,0.87,98.74573384087668,17.223319863291113,12.845929557485633,12.845929557485633,17.223319863291113,3920.0,14.694723808245412,0.208,regular,普通,normal,正常骨料
562,6632.0,7096.0,320.52980192402146,-0.8075862425268827,78.83108707286382,109.34962788803642,1295.9224969843185,2594.312876960193,0.9346110484780158,0.6930301519270698,50.92249698431846,47.312876960193,1245,2547,1344,2647,0.81,0.84,136.2712832896189,22.744722600711576,16.396866111155674,16.396866111155674,22.744722600711576,6632.0,19.113519019788463,0.208,regular,普通,normal,正常骨料
563,761.0,849.0,127.38840869620536,-0.5833368942109989,18.43547594805949,54.43793747465321,1270.8488830486203,1400.798948751643,0.8963486454652533,0.9409119651751155,24.84888304862024,16.798948751642577,1246,1384,1294,1419,0.59,0.88,123.42274207255964,11.323090994727869,3.834578997196374,3.834578997196374,11.323090994727869,761.0,6.474566899790611,0.208,needle_flaky,针片状候选,undersized,过小噪声(<5mm)
566,682.0,752.0,106.16631000165708,0.5140564736458714,22.63716348988026,40.84226373141655,1269.1979472140763,1050.3695014662756,0.9069148936170212,0.8323447252220518,22.197947214076247,12.36950146627566,1247,1038,1287,1066,0.76,0.86,60.54673362871354,8.495190856134641,4.708530005895094,4.708530005895094,8.495190856134641,682.0,6.129295809671275,0.208,regular,普通,undersized,过小噪声(<5mm)
567,1526.0,1618.0,146.44488245059023,-0.9213835548675904,42.13874387644719,47.084917910177616,1271.240498034076,1716.2798165137615,0.9431396786155748,0.4461623309861934,22.24049803407601,22.279816513761467,1249,1694,1294,1738,0.89,0.9,142.79138900667346,9.793662925316944,8.764858726301014,8.764858726301014,9.793662925316944,1526.0,9.168444514877216,0.208,regular,普通,normal,正常骨料
568,1222.0,1299.0,135.94885200137992,0.253357130472979,31.5613308922196,50.311579363150976,1273.6792144026188,2076.814238952537,0.9407236335642802,0.7787636588595118,24.67921440261866,15.814238952536824,1249,2061,1298,2094,0.83,0.9,75.48370571435296,10.464808507535402,6.564756825581676,6.564756825581676,10.464808507535402,1222.0,8.204535476229095,0.208,regular,普通,normal,正常骨料
569,1643.0,1764.0,162.1133774724405,-0.3107968276664818,35.64587733228554,60.24064873125148,1282.367011564212,1422.678636640292,0.93140589569161,0.8061401415732617,32.36701156421181,21.678636640292147,1250,1401,1315,1442,0.79,0.87,107.8073465113442,12.530054936100308,7.414342485115391,7.414342485115391,12.530054936100308,1643.0,9.513431073750546,0.208,regular,普通,normal,正常骨料
570,787.0,994.0,135.5282446552233,0.3498171457310542,22.20478852961774,53.32380329129628,1279.0559085133418,1599.2604828462515,0.7917505030181087,0.9091750214582108,29.055908513341805,12.260482846251588,1250,1587,1305,1618,0.54,0.71,69.95695394829772,11.091351084589624,4.61859601416049,4.61859601416049,11.091351084589624,787.0,6.584241631889976,0.208,needle_flaky,针片状候选,undersized,过小噪声(<5mm)
571,1682.0,1859.0,170.44378298148746,0.6369626199242598,40.490283455610864,56.8630050000028,1276.8026159334129,822.525564803805,0.9047875201721356,0.7021112696864649,25.802615933412604,26.525564803805,1251,796,1304,844,0.73,0.76,53.50473017074435,11.827505040000585,8.42197895876706,8.42197895876706,11.827505040000585,1682.0,9.625679341525768,0.208,regular,普通,normal,正常骨料
572,408.0,444.0,79.02581681717007,-0.6765716166319922,20.54823554479038,26.87735263062622,1261.063725490196,1813.299019607843,0.918918918918919,0.6446016881981136,10.06372549019608,11.299019607843135,1251,1802,1274,1828,0.82,0.84,128.7646981713563,5.590489347170253,4.274032993316399,4.274032993316399,5.590489347170253,408.0,4.740765523697223,0.208,regular,普通,undersized,过小噪声(<5mm)
573,1004.0,1114.0,130.26049530756882,-1.4890910958462744,27.286339790347068,48.07435080672303,1263.4930278884462,2227.6772908366534,0.9012567324955116,0.8233139531571891,12.493027888446216,23.677290836653388,1251,2204,1281,2250,0.74,0.84,175.31863510250227,9.99946496779839,5.67555867639219,5.67555867639219,9.99946496779839,1004.0,7.436785421543085,0.208,regular,普通,normal,正常骨料
574,654.0,727.0,117.44773861426484,0.9803358423190572,17.86112083321412,49.603421332899735,1266.203363914373,1333.8639143730886,0.8995873452544704,0.932922045132636,14.203363914373089,18.863914373088686,1252,1315,1284,1358,0.6,0.85,33.830893729715456,10.317511637243143,3.7151131333085368,3.7151131333085368,10.317511637243143,654.0,6.002155856346787,0.208,needle_flaky,针片状候选,undersized,过小噪声(<5mm)
576,2538.0,2664.0,204.2880688193107,0.080058200654054,40.9531938812164,80.04504651686332,1292.8581560283687,2325.040583136328,0.9527027027027029,0.8592077634409672,39.8581560283688,21.04058313632781,1253,2304,1337,2347,0.76,0.9,85.41300298711121,16.64936967550757,8.51826432729301,8.51826432729301,16.64936967550757,2538.0,11.823994067732157,0.208,regular,普通,normal,正常骨料
577,6034.0,6268.0,297.1815465354085,-0.6618084031754342,72.96277810764381,106.55526067407224,1304.87520715943,747.7572091481604,0.9626675175494576,0.7287863030830548,50.8752071594299,41.75720914816043,1254,706,1357,793,0.86,0.91,127.91882834824476,22.163494220207024,15.176257846389912,15.176257846389912,22.163494220207024,6034.0,18.231443135229004,0.208,regular,普通,normal,正常骨料
578,747.0,770.0,98.81187220603658,1.1505561584796438,27.943234869367373,34.20405418586991,1268.4779116465863,1509.7831325301204,0.9701298701298702,0.5766988613478431,14.477911646586346,16.783132530120483,1254,1493,1285,1527,0.96,0.98,24.07798802633133,7.11444327066094,5.812192852828414,5.812192852828414,7.11444327066094,747.0,6.414734635242232,0.208,round,圆形,normal,正常骨料
579,932.0,1123.0,138.6303690627144,-1.3430953615167314,22.21593327197837,57.980718010927,1271.3530042918455,2181.277896995708,0.8299198575244879,0.9236816918001084,17.353004291845494,25.277896995708154,1254,2156,1286,2209,0.61,0.84,166.95369569850624,12.059989346272816,4.6209141205715,4.6209141205715,12.059989346272816,932.0,7.165167551307462,0.208,needle_flaky,针片状候选,undersized,过小噪声(<5mm)
580,1807.0,1927.0,176.68750004256836,0.1294338920889459,34.88664929253186,69.1187869436522,1295.0282235749862,1681.8561151079136,0.9377270368448364,0.8632745193493685,39.02822357498616,17.85611510791367,1256,1664,1327,1702,0.73,0.86,82.58398425735166,14.376707684279657,7.256423052846626,7.256423052846626,14.376707684279657,1807.0,9.976942529843685,0.208,regular,普通,normal,正常骨料
581,3301.0,3545.0,221.90849926801383,-0.6926218110609076,63.70513559372229,68.72247933550486,1293.262344744017,677.1305664950015,0.9311706629055008,0.3750830054319353,36.26234474401696,34.13056649500152,1257,643,1323,712,0.84,0.84,129.68430657249752,14.29427570178501,13.250668203494236,13.250668203494236,14.29427570178501,3301.0,13.48469588551986,0.208,regular,普通,normal,正常骨料
583,4255.0,4686.0,259.1244155555545,0.2268580118539158,66.71212884503308,87.22403555845564,1306.3297297297297,585.8761457109283,0.9080239009816474,0.6442244016205599,48.32972972972973,35.87614571092832,1258,550,1348,627,0.8,0.82,77.00199337204182,18.14259939615877,13.87612279976688,13.87612279976688,18.14259939615877,4255.0,15.309752733073807,0.208,regular,普通,normal,正常骨料
584,3021.0,3133.0,200.9559066156919,0.6507148992832285,58.47905457230341,66.56256760911371,1293.301886792453,1202.8897715988082,0.964251516118736,0.4776362774161383,34.301886792452834,29.88977159880834,1259,1173,1326,1236,0.94,0.95,52.71678260479057,13.845014062695652,12.16364335103911,12.16364335103911,13.845014062695652,3021.0,12.900120198633736,0.208,round,圆形,normal,正常骨料
586,970.0,1084.0,132.15661420550583,0.5551700399211202,27.76333042503011,48.24108382475232,1284.5144329896907,1455.4835051546393,0.8948339483394834,0.8177932207880724,24.51443298969072,14.483505154639175,1260,1441,1306,1475,0.7,0.78,58.19109980041039,10.034145435548483,5.774772728406262,5.774772728406262,10.034145435548483,970.0,7.3097792438294205,0.208,angular,棱角状,normal,正常骨料
588,467.0,581.0,102.374072205783,0.1094521076344147,16.983892421707864,39.3732284691371,1283.5224839400428,796.6316916488223,0.8037865748709122,0.902181629555537,19.522483940042825,9.63169164882227,1264,787,1306,807,0.56,0.72,83.72885617373642,8.189631521580518,3.532649623715236,3.532649623715236,8.189631521580518,467.0,5.071971850751748,0.208,needle_flaky,针片状候选,undersized,过小噪声(<5mm)
591,993.0,1054.0,126.69829530782238,1.1418647148626295,31.264208789463805,43.73933057819136,1283.5931520644513,1025.3282980866063,0.9421252371916508,0.699344468370305,15.59315206445116,24.32829808660624,1268,1001,1304,1044,0.78,0.81,24.575971063462163,9.097780760263802,6.502955428208471,6.502955428208471,9.097780760263802,993.0,7.395933856774148,0.208,regular,普通,normal,正常骨料
593,13324.0,14028.0,467.3394751918525,0.4551897752694244,115.4432181744061,156.6928975123912,1340.056364455119,1349.331657160012,0.9498146564014828,0.6761671500161828,70.05636445511858,65.33165716001201,1270,1284,1430,1417,0.77,0.79,63.91954699955356,32.59212268257737,24.012189380276467,24.012189380276467,32.59212268257737,13324.0,27.09166559625738,0.208,regular,普通,normal,正常骨料
594,785.0,962.0,127.15837090007768,-0.40625085599683,26.697508494065577,43.25916702374489,1289.0165605095542,1487.5044585987262,0.816008316008316,0.7868434642093128,19.01656050955414,12.504458598726115,1270,1475,1316,1508,0.61,0.66,113.27645947219531,8.997906740938935,5.55308176676564,5.55308176676564,8.997906740938935,785.0,6.57587005618164,0.208,angular,棱角状,normal,正常骨料
595,1009.0,1229.0,150.7366640848183,1.129876853673797,28.11238156042173,52.17593574441285,1293.9137760158574,1071.0,0.8209926769731489,0.8424338672060881,22.913776015857284,28.0,1271,1043,1312,1097,0.56,0.64,25.26282491497095,10.852594634837873,5.84737536456772,5.84737536456772,10.852594634837873,1009.0,7.455280315614757,0.208,angular,棱角状,normal,正常骨料
596,2112.0,2233.0,180.97928167679643,0.8541759568918051,40.716616581033584,68.28021838554568,1302.356534090909,1816.5142045454545,0.9458128078817734,0.8027494667320627,31.35653409090909,28.514204545454547,1271,1788,1330,1847,0.81,0.89,41.05932270855102,14.2022854241935,8.469056248854985,8.469056248854985,14.2022854241935,2112.0,10.786122571209146,0.208,regular,普通,normal,正常骨料
597,139.0,150.0,45.22099922544548,0.1302540791953822,12.792272626973856,14.57137778368764,1278.4028776978416,1381.3309352517986,0.9266666666666666,0.4788364560860765,6.402877697841727,7.330935251798561,1272,1374,1288,1388,0.85,0.86,82.53699099774181,3.030846579007029,2.660792706410562,2.660792706410562,3.030846579007029,139.0,2.767105989516063,0.208,regular,普通,undersized,过小噪声(<5mm)
598,3520.0,4413.0,272.58781739114283,0.7635638114485858,55.11333299718686,98.04158080501854,1314.2076704545457,2242.826988636364,0.7976433265352368,0.8270404357726218,40.20767045454546,42.82698863636364,1274,2200,1360,2283,0.6,0.67,46.251016215073065,20.39264880744385,11.463573263414869,11.463573263414869,20.39264880744385,3520.0,13.924824362814983,0.208,angular,棱角状,normal,正常骨料
599,1652.0,2059.0,195.59287249302287,-1.2431534011779464,28.072482845794443,83.54463786005161,1293.7070217917676,2182.358958837772,0.8023312287518213,0.9418556464523636,18.70702179176756,37.3589588377724,1275,2145,1320,2221,0.54,0.81,161.22744317483,17.377284674890735,5.839076431925244,5.839076431925244,17.377284674890735,1652.0,9.539451751331063,0.208,needle_flaky,针片状候选,normal,正常骨料
601,655.0,680.0,99.55780212333536,0.4332557651567427,25.9751647937089,34.20510389137104,1293.53893129771,1992.618320610687,0.9632352941176472,0.6506305598360845,17.538931297709922,12.618320610687023,1276,1980,1308,2009,0.83,0.85,65.1762732068075,7.114661609405176,5.402834277091451,5.402834277091451,7.114661609405176,655.0,6.006742907728069,0.208,regular,普通,normal,正常骨料
604,1257.0,1305.0,139.64580502223953,-0.2882670739472478,29.603423895254217,55.433513439737695,1307.7263325377885,996.5115354017502,0.9632183908045976,0.8454625117317727,23.726332537788384,14.5115354017502,1284,982,1338,1015,0.81,0.93,106.51648670976292,11.53017079546544,6.157512170212877,6.157512170212877,11.53017079546544,1257.0,8.321201393363914,0.208,regular,普通,normal,正常骨料
605,191.0,207.0,54.146233347860885,-0.0446561778113758,14.311055721247794,18.00736366046396,1295.3612565445026,1967.4869109947645,0.9227053140096618,0.6069584939251904,9.361256544502618,8.486910994764397,1286,1959,1305,1975,0.82,0.83,92.5586105177776,3.745531641376503,2.9766995900195408,2.9766995900195408,3.745531641376503,191.0,3.2436581527210318,0.208,regular,普通,undersized,过小噪声(<5mm)
606,853.0,913.0,119.01853494105973,-0.6495490123352897,22.81147299072871,49.337953385108726,1310.831184056272,2035.7420867526373,0.9342825848849944,0.886696769470741,23.831184056271983,17.74208675263775,1287,2018,1331,2052,0.76,0.94,127.21641699370316,10.262294304102614,4.744786382071571,4.744786382071571,10.262294304102614,853.0,6.8547703550811265,0.208,needle_flaky,针片状候选,undersized,过小噪声(<5mm)
607,2928.0,3038.0,205.30350477883584,-0.6826018990798943,49.29996983801082,76.30479759692776,1321.8756830601094,1723.511270491803,0.9637919684002634,0.7632589806304094,32.87568306010929,32.51127049180328,1289,1691,1356,1755,0.87,0.94,129.1102079048929,15.871397900160972,10.25439372630625,10.25439372630625,15.871397900160972,2928.0,12.700006126868594,0.208,regular,普通,normal,正常骨料
609,2225.0,2471.0,196.24351763530723,0.0740377912036861,48.167092974268265,62.4112289420075,1325.9456179775282,1500.940224719101,0.9004451639012545,0.6359021867195062,35.94561797752809,26.940224719101124,1290,1474,1360,1525,0.73,0.74,85.75794703955798,12.981535619937558,10.018755338647798,10.018755338647798,12.981535619937558,2225.0,11.070912083072203,0.208,regular,普通,normal,正常骨料
610,2194.0,2630.0,205.3987895538503,-0.6969258641715527,43.56923537978656,71.21557139352981,1319.6736554238832,1635.34548769371,0.8342205323193916,0.7910173906386728,29.67365542388332,27.34548769371012,1290,1608,1358,1665,0.65,0.71,129.93091065053764,14.8128388498542,9.062400958995603,9.062400958995603,14.8128388498542,2194.0,10.993518356083644,0.208,angular,棱角状,normal,正常骨料
612,1994.0,2078.0,171.36393416599805,-0.1717489043663091,43.18080983231035,60.78284456310689,1324.7592778335004,1590.8034102306922,0.9595765158806544,0.7037869093067632,31.7592778335005,24.80341023069208,1293,1566,1357,1612,0.85,0.89,99.8404873561855,12.642831669126233,8.981608445120553,8.981608445120553,12.642831669126233,1994.0,10.480475118660586,0.208,regular,普通,normal,正常骨料
613,6698.0,8167.0,358.35689510774773,-0.3508963948856867,74.07937172761703,130.02933722442526,1349.6179456554196,815.4363989250522,0.8201297906207909,0.821843889470332,54.617945655419526,41.43639892505225,1295,774,1422,870,0.66,0.74,110.10488247330576,27.046102142680454,15.408509319344342,15.408509319344342,27.046102142680454,6698.0,19.208390043769963,0.208,angular,棱角状,normal,正常骨料
614,275.0,295.0,62.28606930687885,1.414232964402805,18.245500565527777,19.599714874531013,1304.7672727272727,972.3854545454544,0.9322033898305084,0.3652577475312873,8.767272727272728,10.385454545454545,1296,962,1314,983,0.89,0.89,8.970419891444067,4.07674069390245,3.7950641176297775,3.7950641176297775,4.07674069390245,275.0,3.892106731249937,0.208,regular,普通,undersized,过小噪声(<5mm)
615,3161.0,3307.0,213.76866330899588,-0.0057490150758019,58.23216011009745,71.29226482110322,1332.3324897184436,1056.1515343245808,0.955851224674932,0.5769082561615818,35.33248971844353,26.15153432458083,1297,1030,1370,1090,0.87,0.88,90.32939430020052,14.828791082789468,12.112289302900267,12.112289302900267,14.828791082789468,3161.0,13.195645574661256,0.208,round,圆形,normal,正常骨料
616,359.0,392.0,81.80261865351903,-0.1188281728501727,18.917556772829524,28.661589755380447,1313.242339832869,2087.005571030641,0.9158163265306124,0.7512377804713567,16.24233983286908,11.005571030640668,1297,2076,1324,2098,0.67,0.72,96.80835279156594,5.961610669119133,3.9348518087485407,3.9348518087485407,5.961610669119133,359.0,4.446984529225229,0.208,regular,普通,undersized,过小噪声(<5mm)
618,3475.0,3702.0,243.3606357586897,1.411291023064821,48.3634166300206,94.29009593034311,1323.9703597122302,1970.3513669064748,0.9386817936250677,0.8584355209607548,24.970359712230216,48.35136690647482,1299,1922,1350,2019,0.74,0.87,9.13898071368564,19.612339953511366,10.059590659044284,10.059590659044284,19.612339953511366,3475.0,13.835529947580314,0.208,regular,普通,normal,正常骨料
619,2225.0,2409.0,186.20756277835224,-1.2987698752784824,45.52426641170863,64.08743542155304,1323.072808988764,1446.1244943820225,0.9236197592361975,0.7038524503640423,23.072808988764045,32.12449438202247,1300,1414,1348,1477,0.81,0.84,164.41403241218936,13.33018656768303,9.469047413635394,9.469047413635394,13.33018656768303,2225.0,11.070912083072203,0.208,regular,普通,normal,正常骨料
620,408.0,423.0,74.67821865402618,0.2224446916025537,19.08128046472521,27.616656680612305,1315.529411764706,1761.3700980392157,0.9645390070921984,0.7229180714322095,13.529411764705882,8.370098039215685,1302,1753,1330,1772,0.92,0.97,77.2548579960845,5.744264589567359,3.968906336662844,3.968906336662844,5.744264589567359,408.0,4.740765523697223,0.208,regular,普通,undersized,过小噪声(<5mm)
622,229.0,240.0,59.50926747052986,0.6603962679122116,13.153033051835294,22.88797697484282,1314.2794759825329,1412.0349344978165,0.9541666666666668,0.8183852546697568,11.279475982532752,7.034934497816594,1303,1405,1325,1422,0.81,0.91,52.16208104243948,4.7606992107673065,2.7358308747817413,2.7358308747817413,4.7606992107673065,229.0,3.5516988564521705,0.208,regular,普通,undersized,过小噪声(<5mm)
623,1069.0,1141.0,128.5944142057594,-1.0759712010332494,29.42425858779636,48.010710048835136,1318.2385406922358,2178.582787652011,0.936897458369851,0.7901848073257446,15.238540692235734,19.582787652011227,1303,2159,1339,2203,0.81,0.89,151.64860869682744,9.986227690157708,6.120245786261642,6.120245786261642,9.986227690157708,1069.0,7.6737429409772515,0.208,regular,普通,normal,正常骨料
624,1624.0,1693.0,156.8850963708847,-1.067765182341477,39.10558517888827,55.57243005908345,1331.1588669950738,1786.7463054187192,0.9592439456585942,0.7105103060778168,26.158866995073893,25.746305418719214,1305,1761,1352,1818,0.83,0.87,151.17843845918344,11.559065452289357,8.13396171720876,8.13396171720876,11.559065452289357,1624.0,9.458263451469168,0.208,regular,普通,normal,正常骨料
626,974.0,1143.0,143.57279583922676,1.5295728962209882,27.920537600056093,52.712541923213465,1326.6078028747434,1234.4866529774126,0.8521434820647419,0.8482004203684776,19.607802874743328,27.48665297741273,1307,1207,1339,1263,0.59,0.69,2.3619285889355126,10.9642087200284,5.807471820811667,5.807471820811667,10.9642087200284,974.0,7.324835447719839,0.208,angular,棱角状,normal,正常骨料
627,680.0,729.0,99.82730816556167,0.2773285204650232,26.6236820418582,33.47369939331221,1324.4367647058823,1275.6191176470588,0.9327846364883402,0.6061357489372777,16.436764705882354,14.619117647058824,1308,1261,1345,1291,0.86,0.87,74.11024623874668,6.96252947380894,5.5377258647065055,5.5377258647065055,6.96252947380894,680.0,6.120301973851209,0.208,regular,普通,normal,正常骨料
628,316.0,337.0,68.43450159294527,-0.5850323134926194,16.67387507012066,24.981056679449367,1320.873417721519,1169.990506329114,0.9376854599406528,0.7446449719301146,11.873417721518988,8.990506329113924,1309,1161,1333,1181,0.85,0.9,123.5198824419016,5.196059789325468,3.4681660145850968,3.4681660145850968,5.196059789325468,316.0,4.172169420054916,0.208,regular,普通,undersized,过小噪声(<5mm)
629,1380.0,1544.0,149.95126592142083,-0.6665884319523238,38.69165220393411,47.33883891222478,1332.818115942029,2139.182608695652,0.8937823834196891,0.5761638651871861,23.818115942028985,21.18260869565217,1309,2118,1364,2162,0.77,0.78,128.19270382311163,9.846478493742756,8.047863658418295,8.047863658418295,9.846478493742756,1380.0,8.718824531754407,0.208,angular,棱角状,normal,正常骨料
631,975.0,1106.0,133.07676539001645,-0.4238105913441514,25.40713469482576,50.6343843560585,1334.6892307692308,2294.902564102564,0.8815551537070524,0.8649974171522486,23.689230769230768,16.902564102564103,1311,2278,1357,2313,0.69,0.82,114.28255819696354,10.531951946060166,5.284684016523757,5.284684016523757,10.531951946060166,975.0,7.328594665543765,0.208,angular,棱角状,normal,正常骨料
632,1895.0,2046.0,171.55450371602703,0.7174290635884055,42.90255127557495,59.31398529328658,1342.934036939314,1546.4654353562005,0.9261974584555228,0.690520762004664,30.934036939313984,22.465435356200526,1312,1524,1367,1573,0.81,0.84,48.8943425563616,12.337308941003608,8.923730665319589,8.923730665319589,12.337308941003608,1895.0,10.216990779196427,0.208,regular,普通,normal,正常骨料
633,1435.0,1531.0,152.17270739050002,0.8395677210979183,36.44170874133164,53.12470449922073,1333.1379790940766,963.2864111498258,0.937295885042456,0.7276341670899732,20.13797909407665,29.286411149825785,1313,934,1360,986,0.78,0.82,41.89631296567268,11.04993853583791,7.57987541819698,7.57987541819698,11.04993853583791,1435.0,8.89087173324476,0.208,regular,普通,normal,正常骨料
634,470.0,494.0,83.92877534758374,1.2412167773999592,25.02313634983196,25.755015401584828,1325.231914893617,1114.3,0.951417004048583,0.2366989268995639,12.231914893617022,10.3,1313,1104,1338,1129,0.84,0.84,18.88351719415336,5.357043203529644,5.204812360765048,5.204812360765048,5.357043203529644,470.0,5.088236901109104,0.208,regular,普通,normal,正常骨料
635,4504.0,4660.0,257.74418877878867,1.5059695463954474,75.22071103157946,80.62616920305145,1354.4402753108347,2637.5990230905863,0.9665236051502146,0.359989046339281,41.440275310834814,45.599023090586144,1313,2592,1390,2675,0.85,0.85,3.7143009163098384,16.770243194234702,15.645907894568523,15.645907894568523,16.770243194234702,4504.0,15.751342870627033,0.208,round,圆形,normal,正常骨料
636,2341.0,2450.0,181.8599646152084,-1.3511942104746786,50.95119073687577,59.71609583598463,1339.53951302862,359.8201623237932,0.9555102040816328,0.5215450568947823,25.53951302862025,28.82016232379325,1314,331,1368,394,0.89,0.9,167.41772556271053,12.420947933884802,10.59784767327016,10.59784767327016,12.420947933884802,2341.0,11.35583571949115,0.208,round,圆形,normal,正常骨料
637,1551.0,1599.0,145.83370555440462,-1.1193825037432985,39.718494714780384,50.5215716768626,1338.7111540941328,1664.976144422953,0.9699812382739212,0.6180115412538171,22.711154094132816,23.97614442295293,1316,1641,1362,1693,0.92,0.94,154.13589312527807,10.50848690878742,8.26144690067432,8.26144690067432,10.50848690878742,1551.0,9.24324135322494,0.208,regular,普通,normal,正常骨料
638,1890.0,1993.0,166.32622261447122,1.4725248360955856,47.176952095783854,52.65292926692172,1345.8724867724868,670.3365079365079,0.948319116909182,0.4440568301568429,23.872486772486774,26.33650793650793,1322,644,1371,699,0.86,0.86,5.630541663529641,10.951809287519715,9.81280603592304,9.81280603592304,10.951809287519715,1890.0,10.20350299670989,0.208,regular,普通,normal,正常骨料
639,1206.0,1504.0,164.20006592040653,0.8674344631811152,24.649895429131742,70.61334537776906,1342.9684908789386,936.2985074626864,0.8018617021276596,0.9370919307452072,20.96849087893864,29.29850746268657,1322,907,1370,962,0.56,0.82,40.2996662555259,14.687575838575963,5.127178249259402,5.127178249259402,14.687575838575963,1206.0,8.150646318549654,0.208,needle_flaky,针片状候选,normal,正常骨料
641,10427.0,10698.0,377.9687292294024,0.9224599980389476,107.36007476118442,125.36241912018326,1382.2494485470413,2089.063680828618,0.974668162273322,0.5163169105586294,60.24944854704133,58.06368082861801,1322,2031,1437,2152,0.92,0.93,37.146935342722095,26.07538317699812,22.33089555032636,22.33089555032636,26.07538317699812,10427.0,23.96613939837833,0.208,round,圆形,normal,正常骨料
642,2353.0,2498.0,203.59795543092773,-0.2941286571595167,37.883507313224726,81.8217369715973,1365.1291967700809,1189.0458988525286,0.9419535628502802,0.8863580045766132,42.129196770080746,24.045898852528687,1323,1165,1402,1213,0.71,0.88,106.85233068909064,17.018921290092237,7.879769521150743,7.879769521150743,17.018921290092237,2353.0,11.38490360591745,0.208,needle_flaky,针片状候选,normal,正常骨料
643,6119.0,6331.0,303.5205483715039,-1.4407905644004266,71.39913989119512,112.38755742044248,1359.2688347769242,2199.803726099036,0.9665139788343072,0.7722703833584622,36.268834776924336,61.80372609903579,1323,2138,1399,2254,0.83,0.9,172.55121850241628,23.376611943452037,14.851021097368584,14.851021097368584,23.376611943452037,6119.0,18.35940578625789,0.208,regular,普通,normal,正常骨料
644,2593.0,2698.0,210.8571084515337,-0.014792426744493,39.5782115362362,85.6516799736344,1368.1831854994216,1010.7786347859624,0.9610822831727204,0.8868365223363984,44.18318549942152,17.778634785962208,1324,993,1413,1035,0.73,0.91,90.8475436212159,17.815549434515955,8.23226799953713,8.23226799953713,17.815549434515955,2593.0,11.951423960150247,0.208,needle_flaky,针片状候选,normal,正常骨料
645,478.0,514.0,88.31584175682627,-0.5680584906885012,22.54712965239242,29.674012643549663,1341.2280334728034,1749.6087866108787,0.9299610894941636,0.6501247812237626,17.228033472803347,14.608786610878662,1324,1735,1354,1762,0.77,0.79,122.54735403302269,6.172194629858329,4.689802967697624,4.689802967697624,6.172194629858329,478.0,5.131358323788717,0.208,regular,普通,undersized,过小噪声(<5mm)
646,2422.0,2534.0,192.2212420433055,-0.7009783106679178,46.50343088810399,69.13489721280233,1355.5520231213873,1831.4483897605285,0.9558011049723756,0.7399628684049636,31.552023121387283,33.44838976052849,1324,1798,1384,1859,0.82,0.87,130.16309873148194,14.380058620262885,9.67271362472563,9.67271362472563,14.380058620262885,2422.0,11.55062444964809,0.208,regular,普通,normal,正常骨料
647,1313.0,1385.0,141.12131657401991,0.4617737719168852,37.71995436180529,47.59783589547289,1351.3846153846157,1872.7730388423456,0.948014440433213,0.6099082369415005,26.384615384615383,17.773038842345773,1325,1855,1374,1898,0.83,0.85,63.54231177932578,9.90034986625836,7.8457505072555005,7.8457505072555005,9.90034986625836,1313.0,8.504538613356587,0.208,regular,普通,normal,正常骨料
648,564.0,602.0,94.23423624676504,-0.4173463206485275,19.73112605454531,37.91515168362047,1343.6879432624114,2312.06914893617,0.9368770764119602,0.8539213155984627,17.68794326241135,13.069148936170214,1326,2299,1362,2325,0.8,0.93,113.9121827684742,7.886351550193058,4.104074219345424,4.104074219345424,7.886351550193058,564.0,5.573884257335279,0.208,regular,普通,undersized,过小噪声(<5mm)
649,7242.0,7521.0,334.8180701691058,-0.9746066366730642,77.7824292326325,121.51835026847996,1374.6186136426402,875.9117647058823,0.9629038691663344,0.768301661049345,46.61861364264016,51.91176470588236,1328,824,1425,939,0.81,0.87,145.84084696680662,25.275816855843832,16.17874528038756,16.17874528038756,25.275816855843832,7242.0,19.97320017109183,0.208,regular,普通,normal,正常骨料
650,1371.0,1642.0,161.09794151291544,1.0030663013240702,42.66331544637196,45.09658523861948,1352.9263311451496,518.0758570386579,0.8349573690621194,0.3240406808226968,22.92633114514953,20.075857038657915,1330,498,1382,549,0.66,0.66,32.52853436233308,9.380089729632852,8.873969612845368,8.873969612845368,9.380089729632852,1371.0,8.690347075609331,0.208,angular,棱角状,normal,正常骨料
651,6774.0,7245.0,330.16149771763696,1.5466024790153052,85.72220050840107,106.08020951602457,1370.5742545025096,1127.1517567168585,0.9349896480331265,0.5890610567838831,39.5742545025096,54.15175671685858,1331,1073,1417,1180,0.78,0.79,1.3862053679525417,22.06468357933311,17.830217705747422,17.830217705747422,22.06468357933311,6774.0,19.31705829530007,0.208,regular,普通,normal,正常骨料
652,1030.0,1073.0,125.91289714442492,0.3951680959783008,28.495580062803683,47.593914576403634,1355.490291262136,1293.585436893204,0.9599254426840632,0.800956022031073,24.490291262135923,14.585436893203884,1331,1279,1377,1312,0.82,0.9,67.35853590222273,9.899534231891955,5.927080653063165,5.927080653063165,9.899534231891955,1030.0,7.532462992496195,0.208,regular,普通,normal,正常骨料
654,610.0,690.0,111.62462889934054,-0.2735813473549982,18.212440136317564,44.54944246337218,1350.650819672131,2032.308196721312,0.8840579710144928,0.9126176818855692,19.65081967213115,11.308196721311475,1331,2021,1376,2044,0.62,0.81,105.67505655694396,9.266284032381414,3.788187548354053,3.788187548354053,9.266284032381414,610.0,5.796733196783122,0.208,needle_flaky,针片状候选,undersized,过小噪声(<5mm)
655,187.0,204.0,52.80547481719364,-1.1437103155142705,14.211409759166438,17.36000781615832,1341.625668449198,1216.1283422459894,0.9166666666666666,0.5743223751483458,6.625668449197861,8.128342245989305,1335,1208,1351,1226,0.84,0.86,155.52977406454346,3.61088162576093,2.955973229906619,2.955973229906619,3.61088162576093,187.0,3.2095134318241962,0.208,regular,普通,undersized,过小噪声(<5mm)
656,218.0,232.0,56.36767481694008,-0.1361091324569418,14.005660542321932,20.51883325483684,1346.8211009174313,989.2339449541284,0.9396551724137931,0.730814734551127,9.821100917431192,7.23394495412844,1337,982,1358,996,0.86,0.91,97.79847884296986,4.267917317006062,2.913177392802962,2.913177392802962,4.267917317006062,218.0,3.4653462993799065,0.208,regular,普通,undersized,过小噪声(<5mm)
657,467.0,505.0,93.86944542952423,1.3598147773359974,16.00378573459105,38.515770418406674,1345.237687366167,1261.7323340471091,0.9247524752475248,0.909587448311385,8.237687366167023,20.73233404710921,1337,1241,1356,1279,0.67,0.87,12.088352339125564,8.011280247028587,3.3287874327949387,3.3287874327949387,8.011280247028587,467.0,5.071971850751748,0.208,needle_flaky,针片状候选,undersized,过小噪声(<5mm)
658,1344.0,1486.0,187.5088530629208,-1.339875981760125,19.87470461043648,89.92183616570283,1353.444196428571,604.15625,0.9044414535666218,0.9752688208253716,14.444196428571429,38.15625,1339,566,1372,647,0.48,0.99,166.7692388258028,18.703741922466183,4.133938558970788,4.133938558970788,18.703741922466183,1344.0,8.604349221855147,0.208,needle_flaky,针片状候选,undersized,过小噪声(<5mm)
659,1881.0,2030.0,173.03001526780744,-0.3979913633477437,46.5700555151988,55.05526155830934,1365.213716108453,1437.5199362041467,0.9266009852216748,0.5333758191679651,26.21371610845295,23.51993620414673,1339,1414,1396,1462,0.79,0.8,112.80322540248336,11.451494404128342,9.68657154716135,9.68657154716135,11.451494404128342,1881.0,10.179179951395737,0.208,regular,普通,normal,正常骨料
660,2218.0,2331.0,187.45303653400492,0.7171739050047704,39.17411684621455,73.52131546291146,1370.958070333634,325.5184851217313,0.9515229515229516,0.8462244099514677,30.958070333633906,28.51848512173129,1340,297,1405,352,0.79,0.92,48.90896206631043,15.292433616285583,8.148216304012626,8.148216304012626,15.292433616285583,2218.0,11.053483446473793,0.208,regular,普通,normal,正常骨料
661,2563.0,2935.0,215.56949743191845,1.289624420386383,47.849608692414215,72.84205670106896,1367.9356223175969,1243.390167772142,0.8732538330494037,0.7539817588221225,27.935622317596568,36.39016777214202,1340,1207,1404,1281,0.69,0.74,16.109963554855213,15.15114779382234,9.952718608022156,9.952718608022156,15.15114779382234,2563.0,11.882086163858212,0.208,angular,棱角状,normal,正常骨料
662,391.0,458.0,80.8266509400926,0.8374388838202328,18.88644922129321,27.85331648484616,1352.6598465473146,708.9795396419437,0.8537117903930131,0.7349989558526892,11.659846547314578,10.979539641943736,1341,698,1368,723,0.75,0.8,42.01828635695418,5.793489828848,3.928381438028987,3.928381438028987,5.793489828848,391.0,4.640948754769657,0.208,angular,棱角状,undersized,过小噪声(<5mm)
663,472.0,513.0,84.75364175707985,1.4272429652387164,21.7114446535654,28.59781617613421,1351.841101694915,761.9343220338983,0.9200779727095516,0.6508581129406337,10.841101694915254,14.934322033898304,1341,747,1366,778,0.83,0.85,8.22500175208468,5.948345764635915,4.515980487941603,4.515980487941603,5.948345764635915,472.0,5.099051444448783,0.208,regular,普通,undersized,过小噪声(<5mm)
664,288.0,305.0,64.87230159319884,-0.7707836801902797,16.314833419882326,23.11928555994926,1352.1597222222222,1800.0416666666667,0.9442622950819672,0.7085300005702635,10.15972222222222,10.041666666666666,1342,1790,1364,1811,0.86,0.9,134.16265179246443,4.808811396469446,3.393485351335524,3.393485351335524,4.808811396469446,288.0,3.9830397275279035,0.208,regular,普通,undersized,过小噪声(<5mm)
665,240.0,276.0,63.76158085865925,-0.8603425741246388,15.490671390619454,21.981436356896435,1354.3916666666669,2323.741666666667,0.8695652173913043,0.7094894389651335,11.391666666666667,11.741666666666667,1343,2312,1363,2335,0.74,0.78,139.29399843276298,4.5721387622344585,3.2220596492488465,3.2220596492488465,4.5721387622344585,240.0,3.636001177010439,0.208,angular,棱角状,undersized,过小噪声(<5mm)
666,2448.0,2696.0,198.7902816755285,0.2800720684859135,53.15617687749288,60.39991878554199,1372.6303104575163,1480.7618464052289,0.9080118694362018,0.4748433447110653,28.63031045751634,28.76184640522876,1344,1452,1407,1507,0.78,0.78,73.95305251625821,12.563183107392732,11.05648479051852,11.05648479051852,12.563183107392732,2448.0,11.61245652323647,0.208,regular,普通,normal,正常骨料
667,2684.0,2821.0,200.7816853484801,1.0977504015825772,53.1464926876326,67.48242161013977,1374.3669895678092,1625.0871833084948,0.9514356611130804,0.6162372832032029,30.36698956780924,30.087183308494783,1344,1595,1401,1658,0.84,0.85,27.103535030527084,14.036343694909071,11.05447047902758,11.05447047902758,14.036343694909071,2684.0,12.159330134535573,0.208,regular,普通,normal,正常骨料
668,5164.0,5387.0,270.50112894317675,0.844135274189325,75.49597820361922,88.46139138606416,1385.8353989155694,404.348954298993,0.9586040467792836,0.5212005746012043,40.83539891556933,46.34895429899303,1345,358,1430,447,0.89,0.9,41.63461145083314,18.399969408301345,15.703163466352796,15.703163466352796,18.399969408301345,5164.0,16.865977284637605,0.208,round,圆形,normal,正常骨料
669,2323.0,2592.0,204.28806881931072,-0.4858065408113449,37.31947109071026,83.68352907654376,1380.5454154111064,1679.1829530779164,0.8962191358024691,0.8950531029800575,35.545415411106326,25.182953077916487,1345,1654,1418,1711,0.7,0.88,117.83466444834004,17.406174047921102,7.762449986867733,7.762449986867733,17.406174047921102,2323.0,11.312093840051428,0.208,needle_flaky,针片状候选,normal,正常骨料
670,1761.0,2069.0,184.86680424768497,-1.3996792614629137,33.547608764674465,74.81395081426099,1363.4639409426463,2561.3162975582054,0.8511358144030933,0.8938260762223171,18.463940942646225,36.31629755820556,1345,2525,1384,2595,0.65,0.81,170.195714353813,15.561301769366285,6.977902623052288,6.977902623052288,15.561301769366285,1761.0,9.849134591591602,0.208,needle_flaky,针片状候选,normal,正常骨料
671,4743.0,4874.0,269.67626253368064,0.9904161002819232,59.93013145411864,102.30536101547408,1387.3398692810458,481.8595825426945,0.9731226918342224,0.810458115550809,41.33986928104575,42.8595825426945,1346,439,1422,531,0.82,0.91,33.253337492040096,21.27951509121861,12.465467342456677,12.465467342456677,21.27951509121861,4743.0,16.16385539874726,0.208,regular,普通,normal,正常骨料
673,981.0,1068.0,130.03045751144114,-1.4920050631352229,29.07406869250462,46.774804754780426,1359.4383282364934,1972.676860346585,0.9185393258426966,0.7833543279100563,12.438328236493374,22.67686034658512,1347,1950,1377,1997,0.73,0.79,175.4855931297982,9.729159388994328,6.047406288040961,6.047406288040961,9.729159388994328,981.0,7.35110960235372,0.208,regular,普通,normal,正常骨料
675,358.0,405.0,87.53044359342883,-1.1680935790678977,13.5033089947769,35.87979541823248,1359.8743016759777,1744.2737430167597,0.8839506172839506,0.926478153332188,11.874301675977652,15.273743016759775,1348,1729,1370,1763,0.59,0.82,156.92683215692145,7.462997446992356,2.808688270913595,2.808688270913595,7.462997446992356,358.0,4.4407866383677,0.208,needle_flaky,针片状候选,undersized,过小噪声(<5mm)
676,2505.0,2647.0,193.37143102394376,-0.3080318130614264,48.66894832715965,66.57450402170313,1384.0155688622754,735.0830339321358,0.9463543634302984,0.6823294122576788,34.01556886227545,27.083033932135727,1350,708,1420,762,0.84,0.87,107.64892284418248,13.847496836514251,10.123141252049209,10.123141252049209,13.847496836514251,2505.0,11.746872619419703,0.208,regular,普通,normal,正常骨料
677,761.0,791.0,101.12859845013026,-1.1960700285042782,29.73938351754136,33.34523712514573,1368.9053876478315,978.5939553219448,0.9620733249051832,0.4523056192613857,16.9053876478318,16.593955321944808,1352,962,1383,994,0.94,0.94,158.5297646353872,6.935809322030312,6.185791771648603,6.185791771648603,6.935809322030312,761.0,6.474566899790611,0.208,round,圆形,normal,正常骨料
678,2260.0,2362.0,179.8685609422568,0.7477641366232853,52.859996218303976,56.9360667900056,1377.4774336283183,1772.5544247787611,0.9568162574089756,0.3715581303829383,25.477433628318582,32.55442477876106,1352,1740,1410,1799,0.88,0.88,47.15627090024188,11.842701892321164,10.994879213407229,10.994879213407229,11.842701892321164,2260.0,11.157646911393723,0.208,round,圆形,normal,正常骨料
679,1201.0,1271.0,134.60809347071267,-0.3552217820869777,37.64254089566042,42.55170988628783,1374.820149875104,2506.6935886761034,0.94492525570417,0.4662926737054413,22.82014987510408,21.693588676103246,1352,2485,1395,2525,0.83,0.84,110.35270890469964,8.850755656347868,7.829648506297366,7.829648506297366,8.850755656347868,1201.0,8.133732736681843,0.208,regular,普通,normal,正常骨料
680,1195.0,1259.0,139.64580502223953,-1.5634347349647653,29.75094136214902,52.81344977587931,1369.774058577406,630.2485355648536,0.949166004765687,0.8262379252928608,15.774058577405858,30.24853556485356,1354,600,1386,656,0.77,0.87,179.5782118576355,10.985197553382896,6.188195803326996,6.188195803326996,10.985197553382896,1195.0,8.113389896818061,0.208,regular,普通,normal,正常骨料
681,327.0,372.0,79.48589240942536,-0.6651291495025851,14.892882867117205,30.32573150561653,1368.336391437309,768.5351681957187,0.8790322580645161,0.8711047621116023,13.336391437308867,9.535168195718654,1355,759,1384,781,0.65,0.78,128.10909309762408,6.307752153168239,3.0977196363603783,3.0977196363603783,6.307752153168239,327.0,4.244165107761362,0.208,needle_flaky,针片状候选,undersized,过小噪声(<5mm)
682,6502.0,6942.0,328.07480926967094,0.4555922676355626,71.32644693256125,121.68931735898305,1409.6544140264534,1548.3229775453706,0.9366176894266782,0.8102129360139478,54.6544140264534,44.322977545370655,1355,1504,1472,1593,0.76,0.84,63.89648588568761,25.311378010668477,14.83590096197274,14.83590096197274,25.311378010668477,6502.0,18.925260967383526,0.208,regular,普通,normal,正常骨料
683,515.0,588.0,100.01787771559066,-0.0730610990266828,16.840789372827903,40.24072712383808,1373.7417475728157,1722.5417475728154,0.8758503401360545,0.9082162806950173,18.74174757281553,9.541747572815536,1355,1713,1395,1733,0.65,0.85,94.1860926208163,8.37007124175832,3.502884189548204,3.502884189548204,8.37007124175832,515.0,5.326255661030774,0.208,needle_flaky,针片状候选,undersized,过小噪声(<5mm)
684,1050.0,1100.0,123.23138008309044,-0.9798142808322166,32.141666848382826,42.46683258608585,1372.4571428571428,2006.0314285714285,0.9545454545454546,0.6535710372729039,17.457142857142856,18.03142857142857,1355,1988,1391,2029,0.87,0.89,146.139222998332,8.833101177905856,6.685466704463628,6.685466704463628,8.833101177905856,1050.0,7.60524210308871,0.208,regular,普通,normal,正常骨料
685,188.0,204.0,56.36767481694007,0.1321117795058794,12.877876587420596,20.474709092812265,1365.4308510638298,1592.904255319149,0.9215686274509804,0.7774335702181696,8.430851063829786,6.904255319148936,1357,1586,1378,1600,0.74,0.8,82.43055261035019,4.258739491304951,2.678598330183484,2.678598330183484,4.258739491304951,188.0,3.2180835764043403,0.208,regular,普通,undersized,过小噪声(<5mm)
686,306.0,322.0,68.43450159294527,-1.311430390322173,15.795743611681972,25.83834755998522,1366.549019607843,2331.3823529411766,0.9503105590062112,0.7913761844310329,9.549019607843135,13.382352941176473,1357,2318,1374,2345,0.82,0.9,165.1394264906547,5.374376292476925,3.28551467122985,3.28551467122985,5.374376292476925,306.0,4.105623376907234,0.208,regular,普通,undersized,过小噪声(<5mm)
687,512.0,609.0,102.14403440965536,0.6590204107586605,20.35058570505305,38.728012749428345,1370.115234375,2267.9921875,0.8407224958949097,0.8508093089057257,12.115234375,17.9921875,1358,2250,1390,2281,0.62,0.72,52.240911850550845,8.055426651881096,4.232921826651034,4.232921826651034,8.055426651881096,512.0,5.310719636703872,0.208,angular,棱角状,undersized,过小噪声(<5mm)
688,2265.0,2369.0,180.7097756345701,-1.2750307615957552,45.6344549440827,65.02791924694277,1383.3986754966888,684.5708609271524,0.9560996200928662,0.7124064315048013,23.398675496688742,31.57086092715232,1360,653,1410,715,0.87,0.91,163.05388138878783,13.525807203364096,9.4919666283692,9.4919666283692,13.525807203364096,2265.0,11.169982622083662,0.208,regular,普通,normal,正常骨料
689,695.0,731.0,100.3432002867328,-0.0149213243836205,25.98903194163821,35.03924224770735,1375.3755395683454,2291.145323741008,0.950752393980848,0.6707183286548506,15.375539568345324,14.145323741007196,1360,2277,1395,2304,0.87,0.9,90.8549289119271,7.288162387523128,5.405718643860747,5.405718643860747,7.288162387523128,695.0,6.1874370935047365,0.208,regular,普通,normal,正常骨料
691,4040.0,4365.0,269.1209021664108,-1.546342129328793,59.12476723614356,94.1780931977084,1390.9690594059407,562.2628712871287,0.9255441008018328,0.7783767438483389,28.969059405940595,41.26287128712871,1362,521,1425,618,0.7,0.76,178.59887769381277,19.589043385123347,12.29795158511786,12.29795158511786,19.589043385123347,4040.0,14.917947582701354,0.208,regular,普通,normal,正常骨料
692,217.0,231.0,56.923035184209866,0.1091818654704036,16.773807269802997,17.732624416783334,1370.8248847926268,2309.147465437788,0.9393939393939394,0.3243731557596066,8.824884792626728,6.147465437788019,1362,2303,1381,2319,0.84,0.84,83.74433990918074,3.6883858786909336,3.488951912119023,3.488951912119023,3.6883858786909336,217.0,3.4573891217163553,0.208,regular,普通,undersized,过小噪声(<5mm)
693,1191.0,1236.0,127.71373126734748,-1.1062627027564689,33.439145427037296,45.650412605837246,1383.39798488665,939.840470193115,0.9635922330097088,0.6807618877267878,18.39798488664988,21.840470193115028,1365,918,1402,963,0.92,0.95,153.38418390068117,9.495285822014148,6.955342248823757,6.955342248823757,9.495285822014148,1191.0,8.099799619443415,0.208,regular,普通,normal,正常骨料
694,956.0,989.0,116.24173310471076,1.02507367517463,32.33543614611506,38.86730652592709,1385.425732217573,2253.654811715481,0.9666329625884732,0.5548590766908288,20.425732217573223,19.65481171548117,1365,2234,1402,2275,0.89,0.9,31.267604722529427,8.084399757392834,6.725770718391932,6.725770718391932,8.084399757392834,956.0,7.256836534898076,0.208,round,圆形,normal,正常骨料
695,2066.0,2156.0,173.9106982062194,-0.2231465588955961,41.75508606578314,63.56206520418236,1397.8596321393998,1055.6752178121974,0.9582560296846012,0.7539617368751663,31.859632139399807,21.675217812197484,1366,1034,1429,1077,0.86,0.92,102.78535603758512,13.22090956246993,8.685057901682892,8.685057901682892,13.22090956246993,2066.0,10.668013408345061,0.208,regular,普通,normal,正常骨料
696,1644.0,1721.0,154.25939583846602,-0.4598060308571922,40.8601416293769,52.23394051322611,1390.0261557177616,1885.790754257908,0.9552585705984892,0.6229612302825004,23.02615571776156,19.790754257907544,1367,1866,1416,1911,0.87,0.89,116.3449449627792,10.86465962675103,8.498909458910394,8.498909458910394,10.86465962675103,1644.0,9.516325773672625,0.208,regular,普通,normal,正常骨料
697,164.0,177.0,50.58403334811446,1.2704860703711491,13.21780473659956,16.780822482938692,1374.2743902439024,2348.853658536585,0.9265536723163842,0.61609323510981,7.274390243902439,6.853658536585366,1367,2342,1382,2360,0.81,0.82,17.206510237572246,3.490411076451248,2.749303385212708,2.749303385212708,3.490411076451248,164.0,3.0056632294389236,0.208,regular,普通,undersized,过小噪声(<5mm)
698,1295.0,1753.0,193.23667800283064,-0.3805610325776529,23.623485949941266,86.51967932740507,1405.2532818532818,1694.8888030888031,0.7387335995436395,0.9620021801280044,37.253281853281855,17.88880308880309,1368,1677,1444,1718,0.44,0.76,111.80454101384016,17.996093300100256,4.913685077587783,4.913685077587783,17.996093300100256,1295.0,8.446042812118087,0.208,needle_flaky,针片状候选,undersized,过小噪声(<5mm)
699,911.0,995.0,120.2245404506138,-0.3714440079641316,28.38632547723554,42.42190033382582,1389.529088913282,1852.680570801317,0.9155778894472362,0.7431334999748774,21.52908891328211,16.680570801317234,1368,1836,1412,1867,0.79,0.84,111.28217398176848,8.82375526943577,5.904355699264992,5.904355699264992,8.82375526943577,911.0,7.0839841818977485,0.208,regular,普通,normal,正常骨料
700,2794.0,2942.0,203.4073858808988,1.1011391741945664,51.171770404716725,70.98197431516026,1400.2372942018612,1294.0153901216893,0.9496940856560164,0.6930264189358628,30.237294201861133,34.015390121689336,1370,1260,1429,1332,0.85,0.88,26.90937266213057,14.764250657553331,10.643728244181078,10.643728244181078,14.764250657553331,2794.0,12.405994810719585,0.208,regular,普通,normal,正常骨料
701,1137.0,1243.0,137.65440134928798,0.5300751499074483,32.95120833971868,47.77809477975315,1397.4388742304309,1743.065963060686,0.914722445695897,0.7241220208698712,26.43887423043096,16.065963060686016,1371,1727,1419,1767,0.75,0.79,59.62893108553878,9.937843714188654,6.853851334661486,6.853851334661486,9.937843714188654,1137.0,7.914047027236501,0.208,regular,普通,normal,正常骨料
702,808.0,879.0,117.54302338927933,0.0875667273007599,30.531987861614088,35.38422327635899,1391.6905940594058,2476.612623762376,0.919226393629124,0.5054257717803945,20.690594059405942,14.612623762376238,1371,2462,1409,2493,0.73,0.74,84.98279609989345,7.359918441482669,6.35065347521573,6.35065347521573,7.359918441482669,808.0,6.671508975939779,0.208,regular,普通,normal,正常骨料
703,2661.0,2775.0,202.8125572675303,1.409420127944769,45.79069334240927,76.70115254927966,1397.5077038707252,2579.9079293498685,0.9589189189189188,0.802240214188867,26.50770387072529,35.90792934986847,1371,2544,1420,2620,0.81,0.9,9.246175107976242,15.953839730250168,9.524464215221128,9.524464215221128,15.953839730250168,2661.0,12.107119570747047,0.208,regular,普通,normal,正常骨料
704,1027.0,1267.0,147.46031841011532,0.2356477962942638,25.55680674072645,57.76931244839787,1400.8266796494645,1982.4157740993185,0.8105761641673244,0.8968207194374714,28.82667964946446,16.4157740993184,1372,1966,1428,2001,0.59,0.75,76.49837582078013,12.016016989266756,5.315815802071103,5.315815802071103,12.016016989266756,1027.0,7.521485386965428,0.208,needle_flaky,针片状候选,normal,正常骨料
705,1090.0,1399.0,153.05339032891197,0.017127919806325,32.909861418776465,51.18948459058938,1399.6247706422018,2160.7467889908257,0.7791279485346676,0.7659477977076958,27.624770642201835,16.74678899082569,1372,2144,1424,2183,0.58,0.63,89.01864248325904,10.647412794842593,6.8452511751055045,6.8452511751055045,10.647412794842593,1090.0,7.748749890990808,0.208,angular,棱角状,normal,正常骨料
706,1073.0,1218.0,134.4175239206837,-0.9375098015850692,30.02701181221227,49.25417318095032,1389.7092264678472,2319.181733457596,0.8809523809523809,0.7926831361866719,15.709226467847158,20.181733457595527,1374,2299,1413,2346,0.75,0.82,143.71535488297167,10.244868021637666,6.245618456940152,6.245618456940152,10.244868021637666,1073.0,7.688086398243186,0.208,angular,棱角状,normal,正常骨料
707,1869.0,1947.0,172.14933232939552,0.940667307123436,36.1040358120642,67.45009798439985,1402.100053504548,1229.9497057249866,0.9599383667180276,0.8446808155062306,27.100053504547887,27.949705724986625,1375,1202,1426,1261,0.79,0.91,36.10373337589072,14.029620380755167,7.509639448909352,7.509639448909352,14.029620380755167,1869.0,10.146658526575923,0.208,regular,普通,normal,正常骨料
709,6425.0,7031.0,331.90651531164366,1.552433705366468,70.78736886805933,118.95086760255414,1414.2258365758755,2378.4393774319065,0.9138102688095576,0.8036534801242329,39.22583657587548,57.43937743190661,1375,2321,1454,2439,0.73,0.81,1.0521007086454546,24.74178046133126,14.72377272455634,14.72377272455634,24.74178046133126,6425.0,18.812865920361173,0.208,regular,普通,normal,正常骨料
710,473.0,497.0,85.72960947050628,-0.3484435021557037,23.99105280872529,27.428382685430915,1391.061310782241,2022.6828752642707,0.9517102615694164,0.4847011593274516,15.061310782241014,13.682875264270614,1376,2009,1405,2033,0.81,0.81,109.96434207227942,5.70510359856963,4.99013898421486,4.99013898421486,5.70510359856963,473.0,5.104450124038694,0.208,regular,普通,undersized,过小噪声(<5mm)
711,3380.0,3625.0,228.97708273859087,0.4309674564338863,63.32076417517747,72.49189864585209,1420.989349112426,775.0023668639053,0.9324137931034484,0.4868466525430814,43.989349112426034,34.00236686390532,1377,741,1453,811,0.81,0.82,65.30738363885014,15.078314918337234,13.170718948436914,13.170718948436914,15.078314918337234,3380.0,13.645100679085026,0.208,regular,普通,normal,正常骨料
712,614.0,648.0,95.53552653133364,1.5392660285585524,24.88201509632329,32.191657036513426,1389.3061889250814,1809.4071661237783,0.9475308641975309,0.6344868531065566,12.306188925081432,16.407166123778502,1377,1793,1402,1826,0.85,0.87,1.8065530157312963,6.695864663594793,5.175459140035244,5.175459140035244,6.695864663594793,614.0,5.815707824275662,0.208,regular,普通,normal,正常骨料
715,1484.0,1561.0,148.11096355239962,-1.264581743393094,36.080143673858,53.35782249017395,1402.6738544474397,628.2446091644205,0.9506726457399104,0.7367252548481522,18.67385444743936,24.244609164420485,1384,604,1422,656,0.85,0.9,162.45519674571997,11.09842707795618,7.504669884162463,7.504669884162463,11.09842707795618,1484.0,9.041392952665998,0.208,regular,普通,normal,正常骨料
716,1153.0,1427.0,154.71947143072134,0.5963256565295334,34.913720534037935,50.26246687148863,1405.5576756287944,2535.2792714657417,0.8079887876664331,0.7193690565055145,21.55767562879445,23.279271465741544,1384,2512,1428,2561,0.61,0.64,55.83305666548979,10.454593109269634,7.26205387107989,7.26205387107989,10.454593109269634,1153.0,7.969536204819303,0.208,angular,棱角状,normal,正常骨料
717,970.0,1086.0,131.7360068593492,-0.38276678439996,28.498373430893498,46.485890370469335,1406.30206185567,2448.624742268041,0.8931860036832413,0.7900408002980317,21.302061855670104,15.624742268041237,1385,2433,1432,2466,0.7,0.77,111.93092128391164,9.669065197057622,5.927661673625847,5.927661673625847,9.669065197057622,970.0,7.3097792438294205,0.208,angular,棱角状,normal,正常骨料
718,787.0,821.0,104.73026669597536,-1.0033269689295865,27.986964390107943,36.723513419347945,1400.133418043202,968.1626429479036,0.958587088915956,0.6474601419162809,14.133418043202033,17.162642947903432,1386,951,1418,988,0.9,0.93,147.48640079131877,7.638490791224372,5.821288593142452,5.821288593142452,7.638490791224372,787.0,6.584241631889976,0.208,regular,普通,normal,正常骨料
720,271.0,288.0,68.98986196021505,0.4721687770980828,13.574365005150142,26.79902063994431,1402.4760147601476,368.929889298893,0.9409722222222222,0.8622254703594406,13.4760147601476,6.929889298892989,1389,362,1414,380,0.72,0.85,62.94672185442653,5.574196293108416,2.823467921071229,2.823467921071229,5.574196293108416,271.0,3.8636968132589526,0.208,regular,普通,undersized,过小噪声(<5mm)
721,968.0,1015.0,120.58933126785462,0.558290359869571,28.90021351507174,43.66383155350718,1411.870867768595,1924.353305785124,0.9536945812807882,0.749609875907179,22.87086776859504,16.35330578512397,1389,1908,1434,1943,0.84,0.89,58.01231863663368,9.082076963129492,6.011244411134922,6.011244411134922,9.082076963129492,968.0,7.302239500467824,0.208,regular,普通,normal,正常骨料
722,1252.0,1305.0,133.26733494004543,1.2399419271798249,32.99236222824049,49.003845376861534,1406.8258785942492,1428.9400958466454,0.9593869731800766,0.7394052053287266,16.8258785942492,21.940095846645367,1390,1407,1424,1454,0.89,0.94,18.956560731278373,10.1927998383872,6.8624113434740215,6.8624113434740215,10.1927998383872,1252.0,8.304635178658028,0.208,regular,普通,normal,正常骨料
724,381.0,541.0,97.56639845038382,0.2957346796778636,13.71196544665002,42.80245944327971,1408.1496062992126,1403.96062992126,0.7042513863216266,0.9472976935417275,17.1496062992126,10.960629921259844,1391,1393,1426,1416,0.5,0.78,73.05565099880509,8.90291156420218,2.852088812903204,2.852088812903204,8.90291156420218,381.0,4.581217195000016,0.208,needle_flaky,针片状候选,undersized,过小噪声(<5mm)
726,140.0,155.0,49.56859738858936,0.3112545986960858,13.808576822470991,14.47088357509794,1402.3785714285714,658.1928571428572,0.9032258064516128,0.2990681066263991,8.378571428571428,6.192857142857143,1394,652,1410,667,0.72,0.72,72.16642514067614,3.0099437836203715,2.872183979073966,2.872183979073966,3.0099437836203715,140.0,2.7770417700998107,0.208,regular,普通,undersized,过小噪声(<5mm)
727,672.0,726.0,100.93802890010129,-0.8609420421975669,29.19369997252073,30.74695898442197,1411.9002976190477,1830.986607142857,0.9256198347107438,0.3138199356599963,17.90029761904762,14.986607142857142,1394,1816,1427,1847,0.83,0.83,139.3283454232946,6.395367468759769,6.072289594284311,6.072289594284311,6.395367468759769,672.0,6.084193682470968,0.208,regular,普通,normal,正常骨料
728,1208.0,1372.0,164.9459958377053,-0.0971817273205747,25.766622793221828,65.83912827254592,1429.3079470198677,1091.3890728476822,0.880466472303207,0.9202388123976526,34.30794701986755,13.38907284768212,1395,1078,1463,1107,0.56,0.76,95.56810282126014,13.69453868068955,5.35945754099014,5.35945754099014,13.69453868068955,1208.0,8.157401932074565,0.208,needle_flaky,针片状候选,normal,正常骨料
729,1855.0,2164.0,196.24351763530723,-1.2286191684333736,31.90767631838503,78.4993840386817,1417.4053908355795,1176.2172506738546,0.8572088724584104,0.9136639485811348,22.40539083557952,38.21725067385445,1395,1138,1439,1214,0.61,0.8,160.3946929801051,16.32787188004579,6.636796674224086,6.636796674224086,16.32787188004579,1855.0,10.108584626724355,0.208,needle_flaky,针片状候选,normal,正常骨料
730,1140.0,1186.0,129.51456539027004,-1.107662895746468,31.03774825385153,48.07342746600243,1415.4640350877194,1379.9228070175438,0.9612141652613828,0.7636485989812024,20.4640350877193,24.92280701754386,1395,1355,1433,1402,0.85,0.92,153.46440904951191,9.999272912928504,6.455851636801118,6.455851636801118,9.999272912928504,1140.0,7.9244808445917245,0.208,regular,普通,normal,正常骨料
731,256.0,302.0,70.33062049088231,0.5667977426085006,13.11272501842465,28.56153063886686,1406.26953125,1456.43359375,0.847682119205298,0.8883823104961958,11.26953125,12.43359375,1395,1444,1419,1465,0.65,0.81,57.52488151099057,5.940798372884307,2.727446803832327,2.727446803832327,5.940798372884307,256.0,3.7552458680938656,0.208,needle_flaky,针片状候选,undersized,过小噪声(<5mm)
732,339.0,367.0,76.80437534809087,0.7161872598308269,16.412009225250895,28.61564867708146,1406.0678466076697,1477.669616519174,0.9237057220708448,0.8191826920953476,11.067846607669615,12.669616519174042,1395,1465,1420,1489,0.72,0.81,48.96549267065434,5.952054924832943,3.413697918852186,3.413697918852186,5.952054924832943,339.0,4.3213380670690515,0.208,regular,普通,undersized,过小噪声(<5mm)
733,1048.0,1107.0,121.56529898128106,0.9156539583380026,31.660698456891865,43.4647186591282,1413.148854961832,1715.8578244274809,0.9467028003613368,0.6851277328067483,18.14885496183206,18.85782442748092,1395,1697,1433,1736,0.89,0.92,37.53689269278474,9.040661481098663,6.585425279033507,6.585425279033507,9.040661481098663,1048.0,7.59799556299333,0.208,regular,普通,normal,正常骨料
734,2282.0,2511.0,198.7902816755285,1.1671134171170705,40.848338461755645,74.30562840116978,1417.3549517966696,1631.3356704645048,0.9088012743926722,0.8353396966657328,21.35495179666959,36.33567046450482,1396,1595,1447,1666,0.73,0.83,23.129326986100253,15.455570707443314,8.496454400045174,8.496454400045174,15.455570707443314,2282.0,11.211822518392323,0.208,regular,普通,normal,正常骨料
736,13269.0,13911.0,484.92043739445694,1.1620903909155402,98.72759665658091,183.8042039701656,1447.988544728314,2263.530635315397,0.9538494716411472,0.8434965482248445,51.98854472831412,99.5306353153968,1396,2164,1522,2337,0.71,0.82,23.41712518783156,38.23127442579444,20.535340104568828,20.535340104568828,38.23127442579444,13269.0,27.035692072109928,0.208,regular,普通,normal,正常骨料
737,1019.0,1211.0,146.02427510443357,-1.2475905339237503,30.7783147744191,47.98037766735131,1413.3945044160942,905.3002944062806,0.8414533443435177,0.76714216199644,16.39450441609421,28.300294406280667,1397,877,1430,930,0.6,0.65,161.48167215430385,9.979918554809071,6.401889473079173,6.401889473079173,9.979918554809071,1019.0,7.4921331368994695,0.208,angular,棱角状,normal,正常骨料
738,2733.0,2903.0,221.85268273909804,0.4906412990794933,38.858823824403046,91.89075558103688,1439.189535309184,1511.331869740212,0.9414398897692042,0.906185380149838,42.189535309184045,28.33186974021222,1397,1483,1482,1544,0.7,0.91,61.88832430792907,19.11327716085567,8.082635355475833,8.082635355475833,19.11327716085567,2733.0,12.269820523061147,0.208,needle_flaky,针片状候选,normal,正常骨料
739,2092.0,2352.0,187.54832130901949,-1.569654850582793,46.5069001230012,60.16004982817444,1423.0176864244745,1788.604206500956,0.8894557823129252,0.6343415766953882,26.01768642447419,31.604206500956025,1397,1757,1445,1820,0.75,0.77,179.93459823063188,12.513290364260282,9.67343522558425,9.67343522558425,12.513290364260282,2092.0,10.73493043330412,0.208,angular,棱角状,normal,正常骨料
741,1379.0,1424.0,137.5196483281748,-1.4037354999690812,35.406744310245855,49.9636393388669,1415.155910079768,2646.332124728064,0.9683988764044944,0.7055599600051592,17.15591007976795,24.33212472806381,1398,2622,1433,2672,0.92,0.96,170.42811970091486,10.392436982484314,7.3646028165311375,7.3646028165311375,10.392436982484314,1379.0,8.71566496486981,0.208,regular,普通,normal,正常骨料
742,441.0,475.0,84.61888873596669,1.5018477070252465,20.603091831438054,29.38874219031022,1410.3582766439908,2016.936507936508,0.9284210526315788,0.7131083038462278,11.35827664399093,11.936507936507937,1399,2005,1422,2036,0.77,0.81,3.950464916053221,6.112858375584525,4.285443100939115,4.285443100939115,6.112858375584525,441.0,4.9287602018731995,0.208,regular,普通,undersized,过小噪声(<5mm)
743,1550.0,1994.0,181.4951737979676,0.8164025156792574,40.959054073939335,56.64374694467264,1429.8709677419354,606.98,0.7773319959879639,0.6907440875270793,29.870967741935484,21.98,1400,585,1456,637,0.59,0.61,43.22358146771553,11.78189936449191,8.519483247379382,8.519483247379382,11.78189936449191,1550.0,9.240261104444192,0.208,angular,棱角状,normal,正常骨料
744,943.0,1100.0,128.40384465573044,-1.311571548757633,32.73044343198942,41.08776469758161,1417.8769883351008,937.6139978791092,0.8572727272727273,0.6045090168220002,16.87698833510074,18.613997879109228,1401,919,1441,963,0.72,0.73,165.14751427324924,8.546255057096975,6.8079322338538,6.8079322338538,8.546255057096975,943.0,7.207327232102551,0.208,angular,棱角状,normal,正常骨料
745,1177.0,1223.0,133.8621635534139,0.9931504884154506,28.20707841029827,53.50824669908816,1420.892948173322,712.7740016992353,0.9623875715453802,0.8497698602292046,18.892948173322004,22.774001699235345,1402,690,1441,738,0.83,0.96,33.09666859243832,11.129715313410337,5.867072309342039,5.867072309342039,11.129715313410337,1177.0,8.052053016209454,0.208,regular,普通,normal,正常骨料
747,286.0,313.0,65.75298453161078,-0.4141199015868118,18.355063378366783,21.041391107645648,1412.8636363636365,1859.8496503496503,0.9137380191693292,0.4889152886278364,10.863636363636363,10.84965034965035,1402,1849,1424,1869,0.83,0.84,113.72732257329731,4.376609350390295,3.817853182700291,3.817853182700291,4.376609350390295,286.0,3.969185634325852,0.208,regular,普通,undersized,过小噪声(<5mm)
748,748.0,833.0,122.90605751194828,-1.1864805055262406,19.71248925571683,50.76121146378642,1417.3663101604277,2476.6136363636365,0.8979591836734694,0.9215171590461496,14.366310160427808,21.613636363636363,1403,2455,1434,2500,0.62,0.85,157.98032544120196,10.558331984467577,4.1001977651891,4.1001977651891,10.558331984467577,748.0,6.4190268636483925,0.208,needle_flaky,针片状候选,undersized,过小噪声(<5mm)
749,261.0,279.0,67.18902783729251,1.5253330837575398,14.527331571526307,25.089427142545592,1411.455938697318,1110.295019157088,0.935483870967742,0.8153118814531968,7.455938697318007,9.295019157088122,1404,1101,1420,1126,0.73,0.81,2.604851949018069,5.218600845649483,3.021684966877472,3.021684966877472,5.218600845649483,261.0,3.7917408545618145,0.208,regular,普通,undersized,过小噪声(<5mm)
750,3123.0,3241.0,211.87254441105887,-1.0703018904209116,52.72355738943548,76.20697144458741,1436.4265129682997,660.5344220300992,0.9635914841098426,0.722044222346372,30.42651296829971,36.53442203009927,1406,624,1464,698,0.87,0.92,151.32378112599176,15.85105006047418,10.96649993700258,10.96649993700258,15.85105006047418,3123.0,13.11608995001434,0.208,regular,普通,normal,正常骨料
751,370.0,514.0,98.90715698105107,0.5724894666448818,12.782280988540167,45.261791523446014,1424.505405405405,1910.95945945946,0.7198443579766537,0.9592944590703084,16.505405405405405,13.95945945945946,1408,1897,1441,1925,0.48,0.81,57.19876974555276,9.41445263687677,2.6587144456163547,2.6587144456163547,9.41445263687677,370.0,4.51459978242437,0.208,needle_flaky,针片状候选,undersized,过小噪声(<5mm)
752,6272.0,7194.0,334.262709801836,-0.5699741657195347,82.74592711122449,102.159224718307,1460.7417091836735,2499.941485969388,0.8718376424798443,0.5864710428336537,50.74170918367347,50.94148596938776,1410,2449,1512,2547,0.71,0.72,122.6571141272195,21.24911874140785,17.211152839134694,17.211152839134694,21.24911874140785,6272.0,18.58751872846355,0.208,angular,棱角状,normal,正常骨料
754,1496.0,1586.0,154.71947143072134,0.6206885485105885,35.349857323278705,56.08522536927346,1433.3302139037432,1000.068181818182,0.9432534678436316,0.7763612235667737,21.33021390374332,25.068181818181817,1412,975,1461,1022,0.79,0.85,54.43716577824222,11.66572687680888,7.35277032324197,7.35277032324197,11.66572687680888,1496.0,9.077874847808788,0.208,regular,普通,normal,正常骨料
757,1924.0,2050.0,170.80857379872828,-0.5914178197052703,43.183209566049726,58.90175056663172,1437.9277546777546,1882.1283783783783,0.9385365853658536,0.6800781090425212,23.92775467775468,23.12837837837838,1414,1859,1470,1910,0.83,0.86,123.88574499794105,12.251564117859395,8.982107589738343,8.982107589738343,12.251564117859395,1924.0,10.294871452156364,0.208,regular,普通,normal,正常骨料
758,16623.0,17050.0,492.04483739394976,-0.5934594997160582,131.0491474309272,165.8371092913726,1490.7860795283643,1985.1284966612525,0.9749560117302052,0.6128127897019614,76.78607952836431,70.12849666125248,1414,1915,1576,2056,0.86,0.88,124.0027246456754,34.4941187326055,27.258222665632857,27.258222665632857,34.4941187326055,16623.0,30.260290762533415,0.208,regular,普通,normal,正常骨料
760,1178.0,1375.0,149.35643730805236,-1.401811905079917,28.61799950342065,56.28098247111916,1431.9940577249577,1257.934634974533,0.8567272727272728,0.8610712240571419,15.994057724957557,29.934634974533108,1416,1228,1449,1284,0.66,0.78,170.3179058322728,11.706444353992785,5.952543896711495,5.952543896711495,11.706444353992785,1178.0,8.055472873240355,0.208,angular,棱角状,normal,正常骨料
761,209.0,221.0,54.70159371513069,-0.2578778318425135,14.461076436690403,19.125870037768752,1426.1674641148325,1451.0765550239234,0.9457013574660632,0.6544557338809154,10.167464114832535,8.076555023923445,1416,1443,1436,1458,0.88,0.9,104.77531139456038,3.978180967855901,3.007903898831604,3.007903898831604,3.978180967855901,209.0,3.393059983798579,0.208,regular,普通,undersized,过小噪声(<5mm)
762,287.0,323.0,67.64910342954782,-1.5500602169701094,15.884428365991578,24.612247103078666,1424.3031358885016,1468.142857142857,0.8885448916408669,0.7638556199308321,8.303135888501743,10.142857142857142,1416,1458,1433,1482,0.79,0.85,178.81190842351992,5.119347397440362,3.303961100126248,3.303961100126248,5.119347397440362,287.0,3.9761187149533317,0.208,angular,棱角状,undersized,过小噪声(<5mm)
763,319.0,348.0,71.3460564504074,-0.8285943126403132,16.542399515982506,26.17748391593529,1428.3793103448277,1846.222570532916,0.9166666666666666,0.7750235329584464,12.379310344827584,13.22257053291536,1416,1833,1438,1857,0.79,0.85,137.47495704283338,5.44491665451454,3.440819099324361,3.440819099324361,5.44491665451454,319.0,4.191927238947694,0.208,regular,普通,undersized,过小噪声(<5mm)
765,483.0,511.0,85.72960947050626,1.3857577260836182,19.072547725390766,32.53210821860139,1427.4368530020704,840.896480331263,0.9452054794520548,0.810116867026041,10.436853002070391,15.89648033126294,1417,825,1438,858,0.83,0.92,10.601930867762675,6.766678509469088,3.96708992688128,3.96708992688128,6.766678509469088,483.0,5.158126154470523,0.208,regular,普通,undersized,过小噪声(<5mm)
766,624.0,676.0,99.00244175606556,-0.601086778733606,26.995506419246976,31.875033176547475,1434.1939102564102,1125.1346153846157,0.9230769230769232,0.5317251650013185,17.193910256410255,13.134615384615383,1417,1112,1449,1141,0.8,0.81,124.43973554254958,6.630006900721875,5.61506533520337,5.61506533520337,6.630006900721875,624.0,5.862875732435011,0.208,regular,普通,normal,正常骨料
767,569.0,635.0,113.75078559340524,-0.3234643816890788,19.56549306206838,43.18644229556135,1440.854130052724,1589.8910369068542,0.8960629921259843,0.8914865743003119,23.85413005272408,14.89103690685413,1417,1575,1462,1602,0.55,0.69,108.53314389359296,8.98277999747676,4.069622556910223,4.069622556910223,8.98277999747676,569.0,5.598536674211142,0.208,needle_flaky,针片状候选,undersized,过小噪声(<5mm)
768,2728.0,3030.0,228.4775389002369,0.1787774488105697,36.43693920494486,98.69651629180008,1460.633431085044,1752.3914956011731,0.9003300330033003,0.9293572702161448,43.63343108504399,24.39149560117302,1417,1728,1509,1774,0.66,0.93,79.75680671103824,20.528875388694416,7.578883354628531,7.578883354628531,20.528875388694416,2728.0,12.25859161934255,0.208,needle_flaky,针片状候选,normal,正常骨料
769,491.0,526.0,88.54587955295392,1.2830544730036275,23.601048945391337,28.04090405285854,1431.4236252545825,880.511201629328,0.9334600760456274,0.5399999459126158,12.423625254582484,14.511201629327902,1419,866,1446,898,0.79,0.8,16.486393811510126,5.832508042994576,4.9090181806413975,4.9090181806413975,5.832508042994576,491.0,5.200668121572481,0.208,regular,普通,undersized,过小噪声(<5mm)
770,730.0,762.0,99.787839919463,0.7274906270798345,28.21532401548589,33.2530868031492,1433.664383561644,1212.521917808219,0.958005249343832,0.5291915289916553,14.664383561643836,15.52191780821918,1419,1197,1450,1228,0.92,0.93,48.31785743299981,6.916642055055034,5.868787395221065,5.868787395221065,6.916642055055034,730.0,6.341322262296572,0.208,round,圆形,normal,正常骨料
771,2782.0,2894.0,206.1841877172477,0.4405507587967259,50.96733181550825,73.0500896245076,1456.4816678648451,572.5402588066139,0.9612992398064962,0.716386264241215,36.48166786484544,24.540258806613945,1420,548,1491,606,0.82,0.86,64.75830085966169,15.19441864189758,10.601205017625716,10.601205017625716,15.19441864189758,2782.0,12.379324780279424,0.208,regular,普通,normal,正常骨料
773,1531.0,1611.0,152.03795436938685,-0.9896308129206116,34.10112619087014,58.613125955284,1442.2057478772044,1313.3625081645982,0.9503414028553694,0.813331771913384,22.20574787720444,26.362508164598303,1420,1287,1465,1338,0.83,0.93,146.7016688564518,12.191530198699072,7.093034247700989,7.093034247700989,12.191530198699072,1531.0,9.183452618743084,0.208,regular,普通,normal,正常骨料
774,1001.0,1071.0,130.29996355366748,0.5713433845695958,25.878385860704302,51.13691893244887,1443.6303696303696,1615.0879120879122,0.934640522875817,0.8624978554744347,23.630369630369632,18.087912087912088,1420,1597,1468,1635,0.74,0.88,57.26443541144224,10.636479137949364,5.382704259026495,5.382704259026495,10.636479137949364,1001.0,7.425666374076168,0.208,regular,普通,normal,正常骨料
775,746.0,812.0,111.62462889934056,-1.5546030300496252,24.4800829795552,41.086275317042485,1433.4101876675604,2146.06836461126,0.91871921182266,0.8031169486552016,13.410187667560322,23.06836461126005,1420,2123,1447,2164,0.75,0.83,179.07219244009303,8.545945265944837,5.091857259747481,5.091857259747481,8.545945265944837,746.0,6.410439532895765,0.208,regular,普通,normal,正常骨料
776,3045.0,3178.0,211.73779138994567,1.0117244636428986,56.31024336707404,71.76646402209694,1453.5638752052546,965.0210180623974,0.9581497797356828,0.6199621602026408,31.563875205254515,33.021018062397374,1422,932,1483,1000,0.85,0.87,32.03245820312501,14.927424516596163,11.7125306203514,11.7125306203514,14.927424516596163,3045.0,12.95126061799083,0.208,regular,普通,normal,正常骨料
778,1729.0,1812.0,160.08250555339032,1.3639690879003294,40.56122455191382,56.05792468979709,1446.3614806246385,1047.5066512434933,0.9541942604856511,0.6902623783483114,23.36148062463852,25.506651243493348,1423,1022,1467,1079,0.85,0.88,11.850327877002726,11.660048335477796,8.436734706798074,8.436734706798074,11.660048335477796,1729.0,9.759237586105627,0.208,regular,普通,normal,正常骨料
779,511.0,605.0,99.46251734832084,-1.389842580917168,18.30440814690148,38.94895799633845,1434.5283757338552,1391.876712328767,0.8446280991735537,0.8826883163974418,11.528375733855183,20.876712328767123,1423,1371,1446,1411,0.65,0.8,169.63211407412334,8.101383263238397,3.807316894555508,3.807316894555508,8.101383263238397,511.0,5.305530852234174,0.208,needle_flaky,针片状候选,undersized,过小噪声(<5mm)
780,900.0,1025.0,133.03729714391778,-1.348827560924841,24.901166823609856,52.05527678766136,1435.9044444444444,1424.236666666667,0.8780487804878049,0.8781637805667056,12.904444444444444,29.236666666666668,1423,1395,1450,1448,0.64,0.78,167.28212653191832,10.827497571833565,5.17944269931085,5.17944269931085,10.827497571833565,900.0,7.041086002675998,0.208,needle_flaky,针片状候选,normal,正常骨料
781,212.0,237.0,56.04235224579793,0.6748673366170646,15.839388197117351,17.568729019345376,1432.0990566037735,1821.6933962264152,0.8945147679324894,0.4326392855761438,9.099056603773583,7.693396226415095,1423,1814,1442,1831,0.85,0.85,51.33294988060756,3.654295636023838,3.294592745000409,3.294592745000409,3.654295636023838,212.0,3.4173253226237446,0.208,angular,棱角状,undersized,过小噪声(<5mm)
784,5360.0,5570.0,311.5256313094087,0.1673649326469495,54.08990674712143,128.41101555604197,1484.6873134328357,1713.9343283582089,0.96229802513465,0.906956256998227,59.68731343283582,31.934328358208955,1425,1682,1555,1743,0.69,0.9,80.4106957208385,26.709491235656728,11.250700603401258,11.250700603401258,26.709491235656728,5360.0,17.183071179388808,0.208,needle_flaky,针片状候选,normal,正常骨料
786,2611.0,2892.0,213.44334073785376,-0.8433420328409974,43.46383318552532,78.97096156464866,1455.8169283799311,490.8265032554577,0.90283540802213,0.834915988608505,28.81692837993106,31.82650325545768,1427,459,1494,528,0.72,0.82,138.31993916777242,16.42596000544692,9.040477302589265,9.040477302589265,16.42596000544692,2611.0,11.992834215363565,0.208,regular,普通,normal,正常骨料
788,229.0,246.0,61.730708939609045,-1.3276596416163315,12.370131902900717,24.491417956693724,1435.7336244541484,1935.3886462882097,0.9308943089430894,0.863072375078974,7.733624454148471,10.388646288209609,1428,1925,1443,1949,0.76,0.89,166.06929409446724,5.094214934992294,2.572987435803349,2.572987435803349,5.094214934992294,229.0,3.5516988564521705,0.208,regular,普通,undersized,过小噪声(<5mm)
789,2710.0,3102.0,212.1025822071865,-1.5333717172244308,47.7400262077795,78.03979823437507,1454.3955719557196,2714.947970479705,0.8736299161831077,0.791059289145162,26.39557195571956,37.9479704797048,1428,2677,1481,2750,0.76,0.83,177.8557278216874,16.232278032750013,9.929925451218136,9.929925451218136,16.232278032750013,2710.0,12.218082118232543,0.208,angular,棱角状,normal,正常骨料
790,891.0,928.0,109.49847220527585,1.0515000089910786,30.085682477542903,38.00666192650071,1444.175084175084,917.534231200898,0.9601293103448276,0.6110529695891944,15.175084175084177,17.534231200897867,1429,900,1461,936,0.93,0.95,29.75348732684308,7.905385680712148,6.257821955328923,6.257821955328923,7.905385680712148,891.0,7.0057921162498875,0.208,regular,普通,normal,正常骨料
792,1794.0,1882.0,162.1133774724405,-1.1362689960130072,46.411076861930766,51.26478475091445,1452.8578595317726,1178.2759197324417,0.953241232731137,0.4247284033526844,22.857859531772576,28.27591973244148,1430,1150,1482,1204,0.86,0.86,155.10341786311267,10.663075228190204,9.6535039872816,9.6535039872816,10.663075228190204,1794.0,9.940989466857873,0.208,round,圆形,normal,正常骨料
793,549.0,639.0,105.150874042132,0.4337914085524068,18.03144861289326,42.54982918536718,1446.969034608379,1473.8652094717668,0.8591549295774648,0.9057686491848884,16.96903460837887,11.86520947176685,1430,1462,1472,1486,0.62,0.81,65.14558310091189,8.850364470556373,3.7505413114817983,3.7505413114817983,8.850364470556373,549.0,5.49926396704311,0.208,needle_flaky,针片状候选,undersized,过小噪声(<5mm)
794,137.0,148.0,45.22099922544548,-1.2223418564991422,13.188493757501552,14.233682044663416,1438.5474452554745,737.1167883211679,0.9256756756756755,0.3761239273820868,7.547445255474453,8.116788321167883,1431,729,1445,745,0.84,0.84,160.03502949958656,2.9606058652899905,2.743206701560323,2.743206701560323,2.9606058652899905,137.0,2.747126623563032,0.208,regular,普通,undersized,过小噪声(<5mm)
795,938.0,1264.0,149.58647510418,-1.1175568626091257,31.367002804688187,47.71840516739657,1453.638592750533,805.4466950959488,0.7420886075949367,0.7535980430929614,22.63859275053305,27.446695095948822,1431,778,1474,829,0.53,0.56,154.03129159338448,9.925428274818486,6.524336583375143,6.524336583375143,9.925428274818486,938.0,7.188194394442175,0.208,angular,棱角状,normal,正常骨料
796,491.0,509.0,80.59661314396496,0.8985404382274299,23.724929925371057,26.93336984747233,1442.816700610998,1361.6700610997964,0.9646365422396856,0.4733491109451325,11.816700610997964,13.670061099796332,1431,1348,1456,1374,0.95,0.96,38.51742516773281,5.6021409282742445,4.934785424477179,4.934785424477179,5.6021409282742445,491.0,5.200668121572481,0.208,round,圆形,undersized,过小噪声(<5mm)
797,470.0,544.0,102.69939477692516,1.2417776625589567,15.641148909088198,42.71936280322911,1442.9936170212766,865.9382978723404,0.8639705882352942,0.9305608702174668,10.993617021276595,20.938297872340424,1432,845,1455,887,0.56,0.79,18.85138084175128,8.885627463071655,3.253358973090345,3.253358973090345,8.885627463071655,470.0,5.088236901109104,0.208,needle_flaky,针片状候选,undersized,过小噪声(<5mm)
799,364.0,391.0,79.71593020555301,-1.5318668635927606,16.168604400185263,30.61000752525372,1439.0604395604396,2077.576923076923,0.9309462915601024,0.8491118945926791,7.06043956043956,14.576923076923077,1432,2063,1450,2095,0.72,0.83,177.76950605980778,6.366881565252773,3.3630697152385345,3.3630697152385345,6.366881565252773,364.0,4.477845305667184,0.208,regular,普通,undersized,过小噪声(<5mm)
802,214.0,232.0,58.26379371487711,-0.8536409452404298,15.036311819529066,19.749359440136523,1441.7196261682243,1455.0467289719627,0.9224137931034484,0.6483329498248281,8.719626168224298,10.046728971962615,1433,1445,1450,1463,0.79,0.81,138.91002338183483,4.1078667635483965,3.1275528584620456,3.1275528584620456,4.1078667635483965,214.0,3.433406942378419,0.208,regular,普通,undersized,过小噪声(<5mm)
803,437.0,466.0,83.5081680014271,-1.0776382670114473,21.5675639069507,27.46705931097645,1446.3844393592678,701.0160183066362,0.9377682403433476,0.6192224445194299,11.384439359267734,15.016018306636155,1435,686,1460,715,0.79,0.8,151.74412454154802,5.713148336683101,4.486053292645745,4.486053292645745,5.713148336683101,437.0,4.906356630425009,0.208,regular,普通,undersized,过小噪声(<5mm)
804,499.0,577.0,96.68571551197188,0.5080936108950086,18.859497054025944,37.57871543091288,1450.9859719438878,2635.5791583166333,0.8648180242634316,0.8649451149080324,15.985971943887776,14.579158316633269,1435,2621,1472,2647,0.67,0.8,60.888380498153744,7.816372809629879,3.922775387237396,3.922775387237396,7.816372809629879,499.0,5.242864903470966,0.208,angular,棱角状,undersized,过小噪声(<5mm)
805,1813.0,1943.0,173.12530004282195,0.2871413645819625,36.84450609927712,65.72231538355838,1469.515719801434,535.1185879757309,0.9330931549150798,0.8280808003673972,33.51571980143409,20.11858797573084,1436,515,1500,559,0.76,0.86,73.54801168582628,13.670241599780145,7.66365726864964,7.66365726864964,13.670241599780145,1813.0,9.993492625593127,0.208,regular,普通,normal,正常骨料
806,1312.0,1459.0,150.2371202464643,-0.943156874495462,29.892507454949133,58.15753197689492,1456.2454268292684,2092.845274390244,0.8992460589444825,0.8577949646198398,20.245426829268293,21.8452743902439,1436,2071,1480,2117,0.73,0.86,144.03890832733984,12.096766651194145,6.217641550629419,6.217641550629419,12.096766651194145,1312.0,8.501299405997283,0.208,angular,棱角状,normal,正常骨料
807,1426.0,1479.0,143.11272024697146,-0.3321607157465114,36.11950312448419,51.68428746118841,1461.187237026648,1648.015427769986,0.9641649763353616,0.7152694119425759,24.187237026647967,20.015427769985976,1437,1628,1488,1667,0.87,0.92,109.03140713231971,10.75033179192719,7.512856649892711,7.512856649892711,10.75033179192719,1426.0,8.862947097666773,0.208,regular,普通,normal,正常骨料
808,1236.0,1349.0,147.69035620624297,-1.2051811808266395,27.806420272050897,58.622285428908334,1454.4401294498382,1833.593851132686,0.916234247590808,0.8803460937169644,16.44012944983819,30.593851132686083,1438,1803,1472,1861,0.71,0.87,159.05179520995932,12.193435369212931,5.783735416586587,5.783735416586587,12.193435369212931,1236.0,8.251399789126065,0.208,needle_flaky,针片状候选,normal,正常骨料
809,738.0,796.0,114.76622155293032,-0.855584314224176,21.94960782861521,45.2962881237864,1455.138211382114,1903.7574525745256,0.9271356783919598,0.874747773472776,17.13821138211382,19.757452574525747,1438,1884,1473,1922,0.7,0.85,139.02137022264014,9.42162792974757,4.565518428351964,4.565518428351964,9.42162792974757,738.0,6.3759745544979625,0.208,needle_flaky,针片状候选,undersized,过小噪声(<5mm)
810,6330.0,6555.0,320.6809032279517,1.3256394626248804,69.31751345337302,122.83891263077643,1482.0488151658767,757.3758293838863,0.965675057208238,0.8255725077048427,43.048815165876775,52.375829383886256,1439,705,1519,824,0.77,0.87,14.04645363560391,25.550493827201496,14.418042798301588,14.418042798301588,25.550493827201496,6330.0,18.673264517739305,0.208,regular,普通,normal,正常骨料
811,201.0,217.0,54.146233347860885,-1.2787869343897558,13.997184334523704,18.87235436416816,1445.7014925373137,1815.6169154228853,0.9262672811059908,0.670757605069057,6.701492537313433,9.616915422885572,1439,1806,1454,1826,0.86,0.89,163.2690942370059,3.925449707746977,2.9114143415809304,2.9114143415809304,3.925449707746977,201.0,3.327487425723475,0.208,regular,普通,undersized,过小噪声(<5mm)
813,4527.0,4770.0,256.633468044249,-1.425470467628204,62.54733919685572,93.39954856613208,1469.703777335984,2423.979677490612,0.9490566037735848,0.7426543236322647,30.703777335984096,46.97967749061189,1439,2377,1505,2470,0.86,0.92,171.6734416156359,19.427106101755477,13.009846552945987,13.009846552945987,19.427106101755477,4527.0,15.791509340411755,0.208,regular,普通,normal,正常骨料
814,422.0,441.0,76.34429975583556,0.3969224846415881,19.89469963067151,27.317235204530324,1452.090047393365,2062.203791469194,0.9569160997732428,0.6852756517626643,12.090047393364928,9.203791469194313,1440,2053,1466,2074,0.91,0.94,67.25801683619076,5.681984922542307,4.138097523179674,4.138097523179674,5.681984922542307,422.0,4.8214161664353465,0.208,regular,普通,undersized,过小噪声(<5mm)
815,1607.0,1667.0,155.37011657300562,0.1168544609136772,37.48175732924447,56.65720563671571,1467.948973242066,2177.914747977598,0.964007198560288,0.7498982099832592,27.94897324206596,16.914747977598008,1440,2161,1496,2198,0.84,0.89,83.30473257236986,11.784698772436869,7.79620552448285,7.79620552448285,11.784698772436869,1607.0,9.408628758279246,0.208,regular,普通,normal,正常骨料
816,587.0,636.0,93.5441228583821,1.2469254613117269,23.574140294258587,32.98682745819615,1453.2742759795572,1272.1260647359454,0.9229559748427671,0.6994789982620493,12.27427597955707,16.126064735945487,1441,1256,1468,1287,0.84,0.88,18.55643369943484,6.8612601113048,4.903421181205786,4.903421181205786,6.8612601113048,587.0,5.686400507740267,0.208,regular,普通,undersized,过小噪声(<5mm)
817,423.0,472.0,90.7673210220331,-0.9598511539702732,16.904406090657428,35.21255237983589,1455.0283687943263,2368.075650118203,0.8961864406779662,0.8772314880469412,14.02836879432624,16.07565011820331,1441,2352,1468,2384,0.65,0.78,144.9954200832584,7.324210895005865,3.516116466856745,3.516116466856745,7.324210895005865,423.0,4.827125364606511,0.208,needle_flaky,针片状候选,undersized,过小噪声(<5mm)
818,915.0,944.0,111.06926853207074,0.4679932573176616,30.25008994241929,38.73189509179427,1460.9398907103823,2146.103825136612,0.9692796610169492,0.6245155299659694,18.93989071038252,16.103825136612024,1442,2130,1480,2162,0.93,0.95,63.18596151511806,8.056234179093208,6.292018708023212,6.292018708023212,8.056234179093208,915.0,7.099519253585499,0.208,regular,普通,normal,正常骨料
819,9198.0,9757.0,383.5223329021004,1.2727939113556372,92.9235724722509,133.18246885996712,1494.881061100239,1114.8360513155037,0.9427077995285436,0.7163742299091119,51.88106110023918,68.83605131550337,1443,1046,1545,1177,0.79,0.82,17.074280689373765,27.70195352287316,19.328103074228185,19.328103074228185,27.70195352287316,9198.0,22.50946106045536,0.208,regular,普通,normal,正常骨料
820,1034.0,1131.0,126.92833310395002,-0.6671585959007487,33.7683712335274,41.87997067427493,1461.2862669245649,1226.348162475822,0.9142351900972592,0.5914888824671263,17.286266924564796,20.34816247582205,1444,1206,1483,1248,0.81,0.82,128.22537181098687,8.711033900249184,7.023821216573698,7.023821216573698,8.711033900249184,1034.0,7.547074961597932,0.208,regular,普通,normal,正常骨料
821,1066.0,1110.0,120.45457824674146,-0.0682238945777848,33.10477128165926,41.27383963543332,1465.0206378986866,1343.1932457786115,0.9603603603603604,0.5972214865833775,21.02063789868668,16.193245778611633,1444,1327,1487,1361,0.92,0.94,93.90894122125252,8.584958644170129,6.885792426585126,6.885792426585126,8.584958644170129,1066.0,7.66296772909869,0.208,round,圆形,normal,正常骨料
822,488.0,503.0,81.4772960823769,1.538679717402877,21.081342083246543,30.229850805378504,1452.905737704918,1792.532786885246,0.9701789264413518,0.7167128731934291,8.905737704918034,14.5327868852459,1444,1778,1464,1808,0.92,0.97,1.840146170432945,6.287808967518728,4.3849191533152805,4.3849191533152805,6.287808967518728,488.0,5.18475579017469,0.208,regular,普通,undersized,过小噪声(<5mm)
823,508.0,649.0,104.5002288998477,0.6967912577518408,20.152806273577685,40.171543697954846,1461.8484251968505,2675.5413385826773,0.7827426810477658,0.8650598309964111,17.848425196850393,13.541338582677165,1444,2662,1480,2694,0.58,0.69,50.07680172920721,8.355681089174608,4.191783704904158,4.191783704904158,8.355681089174608,508.0,5.289933961498803,0.208,angular,棱角状,undersized,过小噪声(<5mm)
824,606.0,640.0,92.29864910272931,1.0538212670773863,26.162324994627014,30.43100269404872,1457.4405940594058,451.0924092409241,0.946875,0.5107554809066142,12.44059405940594,15.092409240924091,1445,436,1472,465,0.89,0.9,29.62048903533703,6.329648560362133,5.441763598882418,5.441763598882418,6.329648560362133,606.0,5.777696254739754,0.208,regular,普通,normal,正常骨料
825,3373.0,3651.0,231.38909375769904,1.353416840617368,58.895798356808,76.13052238735077,1472.6454195078566,852.6374147643048,0.9238564776773488,0.6336545738147904,27.64541950785651,37.63741476430477,1445,815,1506,897,0.79,0.81,12.454927110694811,15.83514865656896,12.250326058216064,12.250326058216064,15.83514865656896,3373.0,13.63096381378524,0.208,regular,普通,normal,正常骨料
826,4652.0,4795.0,262.7424320842168,-1.4450661793093469,64.33111131547841,95.25257984082346,1474.884995700774,1430.5401977644024,0.9701772679874868,0.7374754399516258,29.88499570077386,42.54019776440241,1445,1388,1511,1481,0.85,0.9,172.79619319152062,19.81253660689128,13.380871153619507,13.380871153619507,19.81253660689128,4652.0,16.00804318791774,0.208,regular,普通,normal,正常骨料
827,434.0,464.0,80.69189791897945,0.271039330799631,18.54763408435961,30.241306334657526,1459.86866359447,1673.8248847926268,0.9353448275862069,0.7898335989318979,13.868663594470046,9.824884792626728,1446,1664,1475,1684,0.84,0.91,74.47059026313096,6.290191717608765,3.857907889546799,3.857907889546799,6.290191717608765,434.0,4.889486586332473,0.208,regular,普通,undersized,过小噪声(<5mm)
831,286.0,300.0,64.41222600094353,0.3783284355347222,15.070708585210408,24.4579948866954,1460.3356643356644,1774.451048951049,0.9533333333333334,0.7875995636262029,11.335664335664337,7.451048951048951,1449,1767,1473,1784,0.87,0.94,68.32337737407317,5.0872629364326425,3.1347073857237646,3.1347073857237646,5.0872629364326425,286.0,3.969185634325852,0.208,regular,普通,undersized,过小噪声(<5mm)
832,297.0,326.0,69.77526012361251,-0.2530611217190967,14.864047155910503,26.147337503350755,1461.771043771044,2344.454545454545,0.911042944785276,0.822702137117972,12.771043771043772,8.454545454545455,1449,2336,1475,2354,0.77,0.86,104.49933423335064,5.438646200696957,3.0917218084293845,3.0917218084293845,5.438646200696957,297.0,4.04479596420343,0.208,regular,普通,undersized,过小噪声(<5mm)
833,1658.0,1734.0,153.51346592116727,-1.3928101653246472,41.47677643478547,51.80187484171957,1474.2623642943306,1593.4957780458385,0.956170703575548,0.5990909381474142,23.26236429433052,27.49577804583836,1451,1566,1495,1620,0.88,0.9,169.80214413602073,10.77478996707767,8.627169498435377,8.627169498435377,10.77478996707767,1658.0,9.556759509894231,0.208,round,圆形,normal,正常骨料
834,337.0,425.0,86.28496983777607,1.3672490942684523,13.579109148314096,35.90915561728022,1461.7744807121662,691.2225519287833,0.7929411764705883,0.9257436322782574,8.774480712166172,15.222551928783382,1453,676,1473,707,0.57,0.79,11.66239735533324,7.469104368394285,2.824454702849332,2.824454702849332,7.469104368394285,337.0,4.308571900128074,0.208,needle_flaky,针片状候选,undersized,过小噪声(<5mm)
838,1379.0,1421.0,137.74968612430246,-0.869918739766811,35.72761213297243,49.69316238252917,1479.142857142857,1850.608411892676,0.9704433497536946,0.6950469517459287,22.142857142857142,20.608411892675853,1457,1830,1500,1873,0.91,0.95,139.84267230797764,10.336177775566066,7.4313433236582656,7.4313433236582656,10.336177775566066,1379.0,8.71566496486981,0.208,regular,普通,normal,正常骨料
839,3565.0,3737.0,223.01922000255345,-0.477409441360314,63.01273452304732,73.62495776335251,1494.548387096774,908.8687237026649,0.953973775755954,0.5172058033034185,34.54838709677419,30.868723702664795,1460,878,1530,941,0.9,0.91,117.35354608964435,15.31399121477732,13.106648780793842,13.106648780793842,15.31399121477732,3565.0,14.013549805102906,0.208,round,圆形,normal,正常骨料
840,272.0,296.0,71.11601865427974,-1.091433402344155,14.832805901853156,25.33146996934947,1468.0588235294117,1007.970588235294,0.918918918918919,0.8106373279546901,8.058823529411764,8.970588235294118,1460,999,1481,1023,0.68,0.75,152.53452757392398,5.268945753624689,3.0852236275854565,3.0852236275854565,5.268945753624689,272.0,3.8708188410788233,0.208,regular,普通,undersized,过小噪声(<5mm)
841,1589.0,1649.0,147.78564098125747,0.7527743713048005,44.09470443041027,47.14821840555785,1480.5229704216488,1258.52422907489,0.9636143117040632,0.3540252708798875,20.52297042164884,22.524229074889867,1460,1236,1506,1282,0.91,0.92,46.86920559862099,9.806829428356032,9.171698521525336,9.171698521525336,9.806829428356032,1589.0,9.355787367676633,0.208,round,圆形,normal,正常骨料
842,932.0,959.0,111.7593819204537,0.6181777343217583,30.73226024496711,38.9134207260334,1479.5396995708154,1297.2038626609442,0.9718456725755996,0.613416058171211,18.53969957081545,16.203862660944207,1461,1281,1499,1316,0.94,0.96,54.58102483440376,8.093991511014947,6.392310130953159,6.392310130953159,8.093991511014947,932.0,7.165167551307462,0.208,regular,普通,normal,正常骨料
843,2342.0,2499.0,203.2726328597856,0.3791885158678708,38.93720669019012,78.92146957478363,1498.66780529462,2129.0435525192142,0.9371748699479792,0.8698215496838091,37.66780529461998,23.043552519214348,1461,2106,1537,2155,0.71,0.85,68.27409840094155,16.415665671554994,8.098938991559546,8.098938991559546,16.415665671554994,2342.0,11.358260884648429,0.208,needle_flaky,针片状候选,normal,正常骨料
844,2561.0,2665.0,195.03751212575315,-0.4936198286748459,47.47115361101237,70.2330246759076,1496.32799687622,1018.767668879344,0.9609756097560976,0.7369848276332592,34.327996876220226,26.767668879344008,1462,992,1533,1047,0.85,0.9,118.28233286703944,14.60846913258878,9.873999951090571,9.873999951090571,14.60846913258878,2561.0,11.877449252007938,0.208,regular,普通,normal,正常骨料
845,376.0,482.0,93.4488380833676,0.8217263030274777,13.336360920657008,41.26844635258758,1476.375,1210.9494680851064,0.7800829875518672,0.9463439303468044,14.375,13.949468085106384,1462,1197,1490,1230,0.54,0.83,42.91855092163736,8.583836841338217,2.773963071496657,2.773963071496657,8.583836841338217,376.0,4.551057438601132,0.208,needle_flaky,针片状候选,undersized,过小噪声(<5mm)
846,2848.0,3031.0,214.7446310224223,-0.2508021090178201,45.31803687162003,81.70261200768552,1505.4094101123596,1361.5505617977528,0.9396238865061036,0.8320700240047718,43.40941011235955,24.55056179775281,1462,1337,1544,1385,0.78,0.88,104.36990233970106,16.994143297598587,9.426151669296964,9.426151669296964,16.994143297598587,2848.0,12.525307212576706,0.208,regular,普通,normal,正常骨料
847,267.0,284.0,61.08006379732476,0.3792501211603088,16.59768317972331,21.11802667035864,1473.0823970037454,1489.797752808989,0.9401408450704224,0.6182918580447175,11.08239700374532,8.797752808988765,1462,1481,1484,1500,0.9,0.92,68.2705686776892,4.392549547434596,3.4523181013824487,3.4523181013824487,4.392549547434596,267.0,3.8350764428018507,0.208,regular,普通,undersized,过小噪声(<5mm)
848,4277.0,4463.0,245.67736200278344,-1.5652965196214872,70.10564329207521,78.81833104256617,1496.60252513444,668.3467383680149,0.9583239973112256,0.4570157309969553,33.60252513444003,41.34673836801496,1463,627,1532,705,0.89,0.9,179.68488426082786,16.394212856853763,14.581973804751645,14.581973804751645,16.394212856853763,4277.0,15.349280384840725,0.208,round,圆形,normal,正常骨料
849,201.0,217.0,55.026916286272815,-0.9060836744261148,15.39961494209673,17.72266538986362,1471.0149253731342,2060.766169154229,0.9262672811059908,0.4949489381796434,8.014925373134329,6.766169154228856,1463,2054,1480,2071,0.83,0.84,141.91477043032214,3.686314401091633,3.20311990795612,3.20311990795612,3.686314401091633,201.0,3.327487425723475,0.208,regular,普通,undersized,过小噪声(<5mm)
850,941.0,1032.0,128.1343386135041,0.4952976190349438,29.60780764932698,44.69272042356536,1484.500531349628,1904.279489904357,0.9118217054263564,0.7490840693498926,20.50053134962805,19.279489904357067,1464,1885,1508,1920,0.72,0.77,61.62153682641921,9.296085848101594,6.158423991060011,6.158423991060011,9.296085848101594,941.0,7.1996801984032714,0.208,regular,普通,normal,正常骨料
851,409.0,435.0,85.95964726663394,0.4095618865428873,15.931643666380594,34.024474586926104,1482.880195599022,1167.643031784841,0.9402298850574712,0.883600956585218,17.880195599022006,9.643031784841076,1465,1158,1500,1178,0.7,0.85,66.53383245167669,7.077090714080629,3.3137818826071634,3.3137818826071634,7.077090714080629,409.0,4.746571729821391,0.208,needle_flaky,针片状候选,undersized,过小噪声(<5mm)
853,654.0,686.0,100.8032758789881,-0.0876587512116168,23.38233035872388,37.65977495603983,1482.2614678899083,2098.799694189602,0.9533527696793004,0.7839029038673965,17.261467889908257,13.799694189602446,1465,2085,1503,2111,0.81,0.88,95.02247648181294,7.8332331908562844,4.863524714614567,4.863524714614567,7.8332331908562844,654.0,6.002155856346787,0.208,regular,普通,undersized,过小噪声(<5mm)
855,1588.0,1662.0,151.38730922710258,0.031393469610197,40.12242380553291,51.54646811930456,1493.5384130982368,435.6095717884131,0.9554753309265944,0.6278010199058307,27.538413098236777,22.6095717884131,1466,413,1518,457,0.87,0.89,88.2012866870635,10.72166536881535,8.345464151550845,8.345464151550845,10.72166536881535,1588.0,9.35284298133537,0.208,regular,普通,normal,正常骨料
856,1012.0,1088.0,125.62704281938149,-0.993717862602232,34.02523361875254,40.064176027266704,1487.2154150197628,1508.9782608695652,0.9301470588235294,0.5279615506792799,21.215415019762847,19.97826086956522,1466,1489,1507,1533,0.81,0.81,146.9358395538689,8.333348613671474,7.077248592700528,7.077248592700528,8.333348613671474,1012.0,7.46635526153043,0.208,regular,普通,normal,正常骨料
857,2058.0,2148.0,170.5785360026006,-1.3379906420968175,44.862668830318135,58.7436399194362,1490.290573372206,1800.9795918367347,0.9581005586592178,0.6455682637842327,24.290573372206023,28.97959183673469,1466,1772,1516,1831,0.89,0.91,166.6612168201467,12.21867710324273,9.33143511670617,9.33143511670617,12.21867710324273,2058.0,10.647338944324193,0.208,regular,普通,normal,正常骨料
859,692.0,795.0,109.40318743026135,1.1453758181321292,28.81938704122477,34.755775014448524,1487.2875722543354,1628.8540462427743,0.8704402515723271,0.558956356036808,20.28757225433526,16.854046242774565,1467,1612,1500,1649,0.73,0.74,24.37479966468524,7.229201203005292,5.994432504574752,5.994432504574752,7.229201203005292,692.0,6.174068470553925,0.208,angular,棱角状,normal,正常骨料
860,1471.0,1559.0,155.14007877687797,-0.2565333048381933,33.919376026975264,59.4906221972081,1499.1237253569,2642.775662814412,0.9435535599743424,0.8215313053482992,31.123725356900067,20.77566281441197,1468,2622,1524,2659,0.77,0.86,104.69827567177146,12.374049417019284,7.055230213610855,7.055230213610855,12.374049417019284,1471.0,9.001704053172038,0.208,regular,普通,normal,正常骨料
861,1402.0,1490.0,144.45347877763868,-0.0898084287263738,37.07360827286696,49.43592328969256,1496.9108416547788,1193.4329529243937,0.9409395973154362,0.661514295086638,27.91084165477889,18.432952924393724,1469,1175,1520,1213,0.84,0.87,95.14564393072268,10.282672044256053,7.711310520756328,7.711310520756328,10.282672044256053,1402.0,8.78804761025552,0.208,regular,普通,normal,正常骨料
862,952.0,1033.0,121.23997641013892,-1.2746788065954284,34.1028188585304,38.28999188493338,1485.860294117647,2672.0682773109243,0.9215876089060988,0.4546978482262724,16.860294117647058,16.06827731092437,1469,2656,1506,2697,0.81,0.82,163.0337158526906,7.964318312066142,7.0933863225743226,7.0933863225743226,7.964318312066142,952.0,7.241638954793163,0.208,regular,普通,normal,正常骨料
866,742.0,808.0,119.11381971607422,-0.7106030302245261,20.819360539736067,49.23234171374643,1487.5929919137466,2346.332884097035,0.9183168316831684,0.9061858053845896,16.59299191374663,14.33288409703504,1471,2332,1510,2369,0.66,0.85,130.71455454107263,10.240327076459256,4.330426992265101,4.330426992265101,10.240327076459256,742.0,6.393230268202388,0.208,needle_flaky,针片状候选,undersized,过小噪声(<5mm)
867,497.0,532.0,94.0041984506374,-0.9985723253216484,16.529939065181836,39.0294597777071,1484.2857142857142,619.2957746478874,0.9342105263157896,0.9058845699442472,12.285714285714286,16.295774647887324,1472,603,1498,638,0.71,0.92,147.21397977949508,8.118127633763077,3.438227325557821,3.438227325557821,8.118127633763077,497.0,5.232347611227753,0.208,needle_flaky,针片状候选,undersized,过小噪声(<5mm)
868,1730.0,1797.0,153.14867510392645,-1.305750392091943,46.54518146679927,48.06559576977761,1496.2531791907516,501.0959537572255,0.9627156371730662,0.2495266572356797,23.25317919075145,24.09595375722544,1473,477,1520,525,0.93,0.93,164.81398656442076,9.997643920113742,9.681397745094248,9.681397745094248,9.997643920113742,1730.0,9.762059398391314,0.208,round,圆形,normal,正常骨料
870,361.0,389.0,73.4722131444721,0.977112423494177,21.125023049447904,23.049788518905498,1483.6897506925209,2227.0138504155125,0.9280205655526992,0.4000454333021796,10.689750692520777,11.013850415512463,1473,2216,1497,2241,0.84,0.84,34.01558202398411,4.794356011932344,4.394004794285164,4.394004794285164,4.794356011932344,361.0,4.459354468361465,0.208,regular,普通,undersized,过小噪声(<5mm)
871,1009.0,1067.0,124.4768538387432,-0.9787539855288846,27.444864997954483,47.5825193207809,1491.5867195242815,1667.209117938553,0.9456419868791004,0.8168962664023639,17.586719524281467,20.20911793855302,1474,1647,1511,1690,0.82,0.91,146.07847255241353,9.897164018722426,5.708531919574532,5.708531919574532,9.897164018722426,1009.0,7.455280315614757,0.208,regular,普通,normal,正常骨料
872,262.0,278.0,67.09374306227801,-0.6047959168630779,12.6818843941915,27.662615051221728,1485.3664122137404,2197.053435114504,0.9424460431654677,0.8887209754782746,11.36641221374046,10.053435114503817,1474,2187,1498,2206,0.73,0.91,124.65225350299936,5.753823930654119,2.637831953991832,2.637831953991832,5.753823930654119,262.0,3.798997781496665,0.208,needle_flaky,针片状候选,undersized,过小噪声(<5mm)
873,493.0,517.0,84.61888873596669,0.3857575686191867,23.30713607716037,28.155108988979297,1490.4807302231238,1879.3042596348885,0.95357833655706,0.5610056610827571,14.480730223123732,10.30425963488844,1476,1869,1505,1894,0.87,0.88,67.89771940289235,5.856262669707694,4.847884304049357,4.847884304049357,5.856262669707694,493.0,5.211249349442712,0.208,round,圆形,undersized,过小噪声(<5mm)
875,949.0,1004.0,122.77130449083512,-1.3966999937911275,26.168881644404056,47.5484685129134,1489.6796628029504,957.0706006322443,0.945219123505976,0.8349259875371412,12.679662802950476,21.070600632244467,1477,936,1505,983,0.79,0.9,170.02501489017988,9.890081450685988,5.443127382036043,5.443127382036043,9.890081450685988,949.0,7.230219806104622,0.208,regular,普通,normal,正常骨料
878,618.0,688.0,101.3586362462579,1.33576764117672,22.153240744705784,37.21601861309114,1489.6585760517798,2073.0922330097087,0.8982558139534884,0.8035324888205637,10.658576051779937,19.09223300970874,1479,2054,1504,2091,0.76,0.83,13.466151750428594,7.740931871522956,4.6078740748988025,4.6078740748988025,7.740931871522956,618.0,5.834620745172289,0.208,angular,棱角状,undersized,过小噪声(<5mm)
880,1044.0,1111.0,122.21594412356534,-0.9835713467612036,33.603687332166864,40.80346720112833,1498.6570881226053,1323.6206896551723,0.9396939693969396,0.5672439719521178,17.657088122605366,21.620689655172413,1481,1302,1516,1342,0.88,0.89,146.35448701941536,8.487121177834691,6.989566965090708,6.989566965090708,8.487121177834691,1044.0,7.583481709123629,0.208,regular,普通,normal,正常骨料
881,207.0,234.0,61.730708939609045,-1.0857509086298989,13.755644994259384,22.5778805478392,1491.3961352657004,1474.6038647342996,0.8846153846153846,0.792975782171712,9.396135265700485,12.603864734299515,1482,1462,1499,1484,0.68,0.75,152.20894466698746,4.696199153950554,2.861174158805952,2.861174158805952,4.696199153950554,207.0,3.3767862209989503,0.208,angular,棱角状,undersized,过小噪声(<5mm)
882,964.0,1102.0,128.1738068596028,0.9789097759148492,28.10457620213367,47.38930631933304,1499.856846473029,2373.075726141079,0.8747731397459165,0.8051602232886048,17.856846473029044,25.07572614107884,1482,2348,1520,2394,0.74,0.82,33.91260131598198,9.85697571442127,5.845751850043803,5.845751850043803,9.85697571442127,964.0,7.287136610462225,0.208,angular,棱角状,normal,正常骨料
884,1706.0,1772.0,165.3502549010448,0.8528222067674494,33.75791096587507,65.86522126192916,1511.6524032825323,593.3118405627198,0.9627539503386005,0.8586692362500401,25.65240328253224,25.31184056271981,1486,568,1540,622,0.78,0.92,41.13688687719192,13.699966022481266,7.021645480902015,7.021645480902015,13.699966022481266,1706.0,9.694109203108765,0.208,regular,普通,normal,正常骨料
886,2545.0,2711.0,198.2349213082588,-0.1058935858945934,52.0890751379518,65.85636017088184,1525.8019646365422,976.15952848723,0.9387679822943564,0.6118810409758236,37.80196463654224,28.159528487229863,1488,948,1556,1003,0.81,0.83,96.06725554926626,13.698122915543422,10.834527628693976,10.834527628693976,13.698122915543422,2545.0,11.840288584464872,0.208,regular,普通,normal,正常骨料
887,820.0,872.0,107.50706853232433,0.7919149570656145,30.520877406266155,35.472341842736405,1503.168292682927,2209.930487804878,0.9403669724770642,0.5095967249440845,15.168292682926827,18.930487804878048,1488,2191,1522,2226,0.89,0.9,44.626615226856494,7.378247103289172,6.34834250050336,6.34834250050336,7.378247103289172,820.0,6.720867298496981,0.208,regular,普通,normal,正常骨料
888,465.0,495.0,84.0635283686969,-1.1280838200615009,19.97777640591653,30.586617165179906,1498.5655913978494,2239.6150537634408,0.9393939393939394,0.7572249575020726,10.565591397849465,12.61505376344086,1488,2227,1512,2256,0.83,0.88,154.63444182651938,6.36201637035742,4.155377492430638,4.155377492430638,6.36201637035742,465.0,5.061099444141684,0.208,regular,普通,undersized,过小噪声(<5mm)
889,4001.0,4557.0,267.4548210646015,-0.1156600258719918,60.93679118968311,87.28143921945669,1533.879280179955,1223.4206448387904,0.8779899056396753,0.7159375041394506,44.87928017995501,37.4206448387903,1489,1186,1578,1255,0.7,0.74,96.62683134083905,18.15453935764699,12.674852567454089,12.674852567454089,18.15453935764699,4001.0,14.84576801951828,0.208,angular,棱角状,normal,正常骨料
890,545.0,598.0,96.36039294082974,0.6894805857845862,18.23136701535421,39.36576962906583,1505.9449541284405,1292.5504587155965,0.911371237458194,0.8862917127679137,16.94495412844037,14.55045871559633,1489,1278,1524,1307,0.74,0.91,50.49567237833551,8.188080082845692,3.792124339193675,3.792124339193675,8.188080082845692,545.0,5.479193593638121,0.208,needle_flaky,针片状候选,undersized,过小噪声(<5mm)
891,10833.0,12512.0,467.03050090352747,-1.547478654974367,78.34872276461881,187.33248031645925,1541.4059817225143,794.9843072094526,0.8658088235294118,0.9083395412786938,51.40598172251454,96.9843072094526,1490,698,1580,880,0.62,0.82,178.66399581661253,38.96515590582352,16.29653433504071,16.29653433504071,38.96515590582352,10833.0,24.42827305688741,0.208,needle_flaky,针片状候选,normal,正常骨料
892,692.0,737.0,101.12859845013024,0.0847557399147835,25.037545972648417,36.03183636627655,1509.592485549133,1585.735549132948,0.9389416553595658,0.7191325873082339,18.59248554913295,11.735549132947977,1491,1574,1528,1599,0.85,0.89,85.1438538133744,7.494621964185522,5.20780956231087,5.20780956231087,7.494621964185522,692.0,6.174068470553925,0.208,regular,普通,normal,正常骨料
893,677.0,760.0,104.0401533075924,0.2113823082112723,25.74012139055012,35.183852942097175,1508.2333825701626,468.00590841949776,0.8907894736842106,0.6817458973252664,16.233382570162483,13.005908419497784,1492,455,1526,485,0.79,0.82,77.88868587576053,7.318241411956212,5.353945249234425,5.353945249234425,7.318241411956212,677.0,6.106786384354438,0.208,angular,棱角状,normal,正常骨料
895,550.0,624.0,106.49163257279923,0.3368591879022846,16.36258095831374,45.72076108256953,1514.4036363636365,1690.3436363636365,0.8814102564102564,0.933767293255529,21.40363636363636,11.343636363636364,1493,1679,1534,1705,0.61,0.88,70.69939024299472,9.509918305174462,3.4034168393292576,3.4034168393292576,9.509918305174462,550.0,5.504270125537276,0.208,needle_flaky,针片状候选,undersized,过小噪声(<5mm)
896,895.0,946.0,114.53618375680269,0.038675766563617,28.65003716878623,40.90946795598733,1514.7385474860334,1561.8335195530726,0.9460887949260042,0.7138213995726567,19.73854748603352,15.833519553072623,1495,1546,1537,1576,0.86,0.9,87.78404180647155,8.509169334845364,5.959207731107536,5.959207731107536,8.509169334845364,895.0,7.021500190042208,0.208,regular,普通,normal,正常骨料
897,723.0,840.0,114.21086118566056,-1.010206142764424,23.420678369593823,43.20672111250983,1507.5159059474413,2166.7344398340247,0.8607142857142858,0.8403391424722455,12.515905947441215,17.734439834024897,1495,2149,1526,2191,0.7,0.8,147.8805484185918,8.986997991402045,4.871501100875515,4.871501100875515,8.986997991402045,723.0,6.310845425507914,0.208,angular,棱角状,undersized,过小噪声(<5mm)
899,631.0,698.0,104.0401533075924,-1.251855897207854,19.641734307323752,42.39963108591123,1509.045958795563,1886.6022187004755,0.9040114613180515,0.886226347248219,13.0459587955626,19.60221870047544,1496,1867,1521,1906,0.73,0.9,161.72605946857306,8.819123265869536,4.0854807359233405,4.0854807359233405,8.819123265869536,631.0,5.895668741001256,0.208,needle_flaky,针片状候选,undersized,过小噪声(<5mm)
901,414.0,477.0,95.53552653133364,-1.4683542413878157,17.043506397725807,35.31629978084787,1503.357487922705,2404.5700483091787,0.8679245283018868,0.8758430583336604,7.357487922705314,14.570048309178745,1496,2390,1515,2429,0.57,0.69,174.13050086165555,7.345790354416357,3.545049330726968,3.545049330726968,7.345790354416357,414.0,4.775496870971307,0.208,needle_flaky,针片状候选,undersized,过小噪声(<5mm)
902,927.0,982.0,120.6846160428691,-0.7002595170946467,28.006753978830368,43.24618371268772,1515.4293419633225,2445.2837108953613,0.9439918533604889,0.7619701465344922,19.429341963322543,18.28371089536138,1496,2427,1535,2465,0.8,0.86,130.1219148933924,8.995206212239045,5.825404827596716,5.825404827596716,8.995206212239045,927.0,7.145921834164733,0.208,regular,普通,normal,正常骨料
903,335.0,366.0,76.01897718469343,-1.2244381098306916,15.498869007279447,29.83892636162247,1506.4328358208954,1831.659701492537,0.9153005464480874,0.8545204302291031,9.432835820895525,12.659701492537314,1497,1819,1517,1847,0.73,0.85,160.15513596827458,6.206496683217473,3.223764753514125,3.223764753514125,6.206496683217473,335.0,4.295767794847202,0.208,regular,普通,undersized,过小噪声(<5mm)
907,2290.0,2593.0,196.66412498146389,1.0318092680888526,40.24764790955293,77.28868270092485,1522.7558951965066,1633.8248908296944,0.8831469340532202,0.853712645167323,24.75589519650655,35.824890829694326,1498,1598,1552,1665,0.74,0.87,30.88168367602625,16.076046001792367,8.37151076518701,8.37151076518701,16.076046001792367,2290.0,11.231457949404279,0.208,angular,棱角状,normal,正常骨料
908,4610.0,5208.0,289.4065013936313,-0.7806862614460734,58.21370306035828,108.26584064972238,1545.468546637744,2048.526898047722,0.8851766513056836,0.8431411792995328,47.46854663774403,56.52689804772234,1498,1992,1585,2094,0.69,0.8,134.73002790470676,22.51929485514225,12.10845023655452,12.10845023655452,22.51929485514225,4610.0,15.935616034793753,0.208,angular,棱角状,normal,正常骨料
909,6181.0,6436.0,299.17295020836,-0.108540339483422,74.9028874927646,107.24641336197344,1545.7662190584049,2532.482607992234,0.9603791174642636,0.7156895208156897,47.76621905840479,40.48260799223426,1498,2492,1605,2571,0.87,0.91,96.21890335931724,22.30725397929048,15.579800598495035,15.579800598495035,22.30725397929048,6181.0,18.452183551970535,0.208,regular,普通,normal,正常骨料
911,274.0,300.0,66.86370526615036,0.1177274715796061,14.754218750226546,25.28890370447099,1510.529197080292,2085.733576642336,0.9133333333333332,0.8121658813502294,11.52919708029197,7.733576642335766,1499,2078,1525,2093,0.77,0.86,83.25471274574222,5.260091970529966,3.0688775000471216,3.0688775000471216,5.260091970529966,274.0,3.885023728599048,0.208,regular,普通,undersized,过小噪声(<5mm)
912,481.0,502.0,81.9373716746322,-1.2645333779135275,20.659829562718794,29.931337269928733,1511.037422037422,2255.977130977131,0.9581673306772908,0.7235797582781391,11.037422037422038,14.977130977130978,1500,2241,1522,2271,0.9,0.95,162.4524256078667,6.225718152145176,4.297244549045509,4.297244549045509,6.225718152145176,481.0,5.147435726078182,0.208,regular,普通,undersized,过小噪声(<5mm)
913,314.0,339.0,68.20446379681762,1.148510294725663,19.34913466466641,21.54142127158064,1511.2770700636945,1440.095541401274,0.9262536873156342,0.4395272632214043,10.277070063694268,11.095541401273886,1501,1429,1522,1451,0.85,0.85,24.195207384893223,4.480615624488773,4.0246200102506124,4.0246200102506124,4.480615624488773,314.0,4.158945394966677,0.208,regular,普通,undersized,过小噪声(<5mm)
914,604.0,638.0,95.11491918517696,0.1744764660429954,23.32409985606021,34.23251779703503,1518.6241721854306,1672.841059602649,0.9467084639498432,0.7319639196361308,17.624172185430464,12.841059602649006,1501,1660,1537,1685,0.84,0.89,80.00323487137874,7.120363701783286,4.851412770060524,4.851412770060524,7.120363701783286,604.0,5.76815422303417,0.208,regular,普通,undersized,过小噪声(<5mm)
915,600.0,636.0,101.3586362462579,0.5513379584586442,19.491317562802447,40.52657791429924,1518.0783333333334,626.9133333333333,0.9433962264150944,0.8767472129494961,16.078333333333333,14.913333333333334,1502,612,1538,640,0.73,0.89,58.41066189496058,8.429528206174242,4.054194053062909,4.054194053062909,8.429528206174242,600.0,5.749022647203022,0.208,needle_flaky,针片状候选,undersized,过小噪声(<5mm)
916,942.0,1005.0,117.21770081813716,-1.5043106426993138,29.888299802668463,40.96026520524359,1516.5,1267.4851380042462,0.9373134328358208,0.6837780089171894,14.5,19.485138004246284,1502,1248,1534,1289,0.86,0.89,176.19065090328303,8.519735162690665,6.21676635895504,6.21676635895504,8.519735162690665,942.0,7.203504729986896,0.208,regular,普通,normal,正常骨料
917,3864.0,4355.0,260.61627539015205,-0.8842667707913157,67.80125027158307,79.56231328023053,1543.250258799172,1464.0486542443064,0.887256027554535,0.5232520567593267,41.250258799171846,38.04865424430642,1502,1426,1579,1499,0.71,0.72,140.6647539300045,16.54896116228795,14.102660056489276,14.102660056489276,16.54896116228795,3864.0,14.589383928167184,0.208,angular,棱角状,normal,正常骨料
918,610.0,665.0,99.46251734832086,-0.3689229475991113,22.654605302268244,36.123854113644406,1518.5409836065571,2280.127868852459,0.9172932330827068,0.7789089741437719,16.540983606557376,11.127868852459017,1502,2269,1536,2297,0.77,0.84,111.1377278629551,7.513761655638036,4.712157902871795,4.712157902871795,7.513761655638036,610.0,5.796733196783122,0.208,regular,普通,undersized,过小噪声(<5mm)
919,3217.0,3376.0,215.01413706464865,-0.3568425425247375,53.882652135675336,76.90174210572809,1538.4382965495804,2346.9950264221325,0.9529028436018956,0.7134866631942087,36.43829654958036,29.995026422132423,1502,2317,1577,2378,0.87,0.92,110.44557163738506,15.995562357991442,11.20759164422047,11.20759164422047,15.995562357991442,3217.0,13.312018875032773,0.208,regular,普通,normal,正常骨料
921,1761.0,1890.0,169.73732131028734,0.5806770002465287,37.88606042292085,61.37840593014514,1533.436115843271,421.74219193639976,0.9317460317460318,0.786764020021998,30.43611584327087,23.742191936399774,1503,398,1563,448,0.77,0.84,56.72965862555685,12.766708433470187,7.880300567967536,7.880300567967536,12.766708433470187,1761.0,9.849134591591602,0.208,regular,普通,normal,正常骨料
922,262.0,276.0,63.16675224529078,1.3467644018378198,15.811731476585749,22.413903367124245,1512.0648854961833,2100.6374045801526,0.9492753623188406,0.7087666459554406,8.064885496183207,8.63740458015267,1504,2092,1520,2114,0.83,0.86,12.836083776232073,4.662091900361843,3.2888401471298354,3.2888401471298354,4.662091900361843,262.0,3.798997781496665,0.208,regular,普通,undersized,过小噪声(<5mm)
924,4204.0,4356.0,257.3399297154491,0.1137088737918554,54.14754733693523,100.38859202377864,1552.9971455756422,1764.8261179828737,0.965105601469238,0.842062805404719,47.99714557564224,25.826117982873456,1505,1739,1599,1792,0.8,0.92,83.48496143854095,20.88082714094596,11.262689846082528,11.262689846082528,20.88082714094596,4204.0,15.217725570170677,0.208,regular,普通,normal,正常骨料
925,919.0,1042.0,122.35069714467848,1.0818653275715546,29.529637179418724,44.16361106636873,1521.4080522306856,2189.998911860718,0.8819577735124761,0.7435846418725386,16.408052230685527,21.99891186071817,1505,2168,1542,2208,0.77,0.82,28.013682728611627,9.186031101804696,6.142164533319095,6.142164533319095,9.186031101804696,919.0,7.115020405781341,0.208,angular,棱角状,normal,正常骨料
926,1036.0,1256.0,141.86724649131867,1.4852295800381954,30.629117111322746,49.37763310537489,1520.2828185328185,1517.5453667953668,0.8248407643312102,0.7843619102300284,14.282818532818531,26.5453667953668,1506,1491,1543,1539,0.65,0.7,4.902613455823698,10.270547685917975,6.37085635915513,6.37085635915513,10.270547685917975,1036.0,7.554370347507811,0.208,angular,棱角状,normal,正常骨料
927,176.0,188.0,50.67931812312895,1.404483922094958,12.731746747722712,18.03155924716672,1513.1647727272727,2607.903409090909,0.9361702127659576,0.7081307798955225,6.164772727272728,8.903409090909092,1507,2599,1520,2618,0.86,0.9,9.528998869978196,3.750564323410677,2.648203323526324,2.648203323526324,3.750564323410677,176.0,3.11368538499995,0.208,regular,普通,undersized,过小噪声(<5mm)
928,1102.0,1157.0,126.18240318665124,-0.9383785754886506,34.35330413482989,42.31008485712084,1532.051724137931,1059.6152450090744,0.9524632670700086,0.5837391285077016,22.05172413793104,19.61524500907441,1510,1040,1551,1084,0.87,0.88,143.765131960998,8.800497650281134,7.145487260044617,7.145487260044617,8.800497650281134,1102.0,7.791286806496801,0.208,round,圆形,normal,正常骨料
929,1659.0,1727.0,156.29026775751623,-1.2382551345724402,45.48928942951673,49.54722739992215,1529.893911995178,1408.854731766124,0.9606253618992472,0.3963497608292982,19.893911995177817,22.85473176612417,1510,1386,1559,1437,0.85,0.86,160.9467931714046,10.305823299183809,9.46177220133948,9.46177220133948,10.305823299183809,1659.0,9.559641089790832,0.208,round,圆形,normal,正常骨料
930,1679.0,1792.0,167.76226592015297,0.0158727465361891,40.89258841802706,56.75520519334471,1535.989874925551,1831.3275759380583,0.9369419642857144,0.6934464597557324,25.98987492555092,22.327575938058366,1510,1809,1571,1852,0.75,0.78,89.09055861419546,11.8050826802157,8.505658390949629,8.505658390949629,11.8050826802157,1679.0,9.617091373117221,0.208,regular,普通,normal,正常骨料
932,400.0,432.0,79.25585461329771,0.5268953284288678,17.55846280443091,30.35375897554397,1523.29,1791.0725,0.925925925925926,0.8157101106025338,12.29,11.0725,1511,1780,1539,1802,0.8,0.89,59.8111214358665,6.313581866913145,3.652160263321629,3.652160263321629,6.313581866913145,400.0,4.694057335117332,0.208,regular,普通,undersized,过小噪声(<5mm)
933,1294.0,1340.0,139.0904446549697,-0.6524329571159607,30.185681756930848,54.83450936827582,1533.4567233384853,2409.456723338485,0.9656716417910448,0.834843769266763,22.45672333848532,20.45672333848532,1511,2389,1557,2431,0.84,0.96,127.3816548579844,11.405577948601367,6.278621805441616,6.278621805441616,11.405577948601367,1294.0,8.442781161943508,0.208,regular,普通,normal,正常骨料
934,755.0,950.0,122.9060575119483,-0.8582623817398981,26.880831405937723,41.19359828003972,1527.9086092715231,2299.5867549668874,0.7947368421052632,0.7577467374342001,15.90860927152318,15.586754966887415,1512,2284,1552,2318,0.63,0.67,139.1748121885421,8.568268442248263,5.591212932435046,5.591212932435046,8.568268442248263,755.0,6.448992473703444,0.208,angular,棱角状,normal,正常骨料
936,399.0,429.0,78.60520947101342,-0.7503255421127777,22.83557005835396,23.687617153294443,1524.7393483709272,449.5187969924812,0.93006993006993,0.2657939887706744,10.73934837092732,13.518796992481205,1514,436,1540,462,0.81,0.81,132.99048682392768,4.927024367885244,4.749798572137623,4.749798572137623,4.927024367885244,399.0,4.688186091624927,0.208,regular,普通,undersized,过小噪声(<5mm)
937,554.0,613.0,97.98700579654049,-1.459515238751602,22.037128275548465,35.77314998289002,1524.5234657039712,1315.42238267148,0.9037520391517128,0.7877271799782594,10.52346570397112,16.422382671480143,1514,1299,1536,1335,0.73,0.79,173.6240633154955,7.4408151964411235,4.583722681314081,4.583722681314081,7.4408151964411235,554.0,5.524249393133498,0.208,regular,普通,undersized,过小噪声(<5mm)
940,951.0,1014.0,120.87518559289808,0.0432536418224508,32.919684482529924,39.4107748686017,1536.1041009463722,2586.913774973712,0.9378698224852072,0.5497996589642045,20.10410094637224,17.91377497371188,1516,2569,1555,2603,0.82,0.83,87.52174887500301,8.197441172669153,6.847294372366224,6.847294372366224,8.197441172669153,951.0,7.237834573677019,0.208,regular,普通,normal,正常骨料
941,329.0,351.0,73.10742232723129,-0.3780090374543118,15.908567897854065,27.956618281429243,1528.434650455927,1855.9270516717324,0.9373219373219374,0.8223065306076108,11.434650455927052,7.927051671732523,1517,1848,1543,1867,0.77,0.87,111.65832246393472,5.814976602537282,3.3089821227536453,3.3089821227536453,5.814976602537282,329.0,4.257124420693605,0.208,regular,普通,undersized,过小噪声(<5mm)
942,923.0,988.0,118.97906669496106,0.262723963908177,31.44183075593524,39.26792236241822,1535.3542795232936,1884.3445287107256,0.9342105263157896,0.5990653495478592,18.35427952329361,18.344528710725893,1517,1866,1556,1899,0.82,0.83,74.94702569111409,8.167727851382988,6.539900797234529,6.539900797234529,8.167727851382988,923.0,7.130487859700666,0.208,regular,普通,normal,正常骨料
943,525.0,612.0,100.57323808286046,1.4328723618499448,18.63836947395985,38.27767427597989,1526.4,2110.7771428571427,0.8578431372549019,0.8734435960532669,9.4,19.777142857142856,1517,2091,1540,2129,0.65,0.79,7.902461085056046,7.961756249403817,3.876780850583649,3.876780850583649,7.961756249403817,525.0,5.3777182636594665,0.208,needle_flaky,针片状候选,undersized,过小噪声(<5mm)
945,940.0,1381.0,158.93231657275206,-0.1384340513026873,30.031940173335084,54.426628654381126,1542.2170212765957,2383.6053191489364,0.6806661839246922,0.8339846621288496,24.217021276595744,16.60531914893617,1518,2367,1564,2407,0.47,0.53,97.9316868805415,11.320738760111274,6.246643556053697,6.246643556053697,11.320738760111274,940.0,7.1958536341157435,0.208,angular,棱角状,normal,正常骨料
946,3159.0,3326.0,222.3127583313533,-1.2263629772989657,51.7661419638568,80.22347254160012,1545.1978474200696,483.9126305792972,0.949789536981359,0.7639509984383432,26.197847420069643,40.91263057929724,1519,443,1582,527,0.8,0.86,160.2654227503287,16.686482288652822,10.767357528482217,10.767357528482217,16.686482288652822,3159.0,13.191470397978776,0.208,regular,普通,normal,正常骨料
947,605.0,659.0,97.47111367536934,-1.129903824464078,23.54440841034569,34.18639954651185,1531.596694214876,2252.7636363636366,0.9180576631259484,0.7250398884736191,12.596694214876033,16.763636363636362,1519,2236,1548,2270,0.8,0.84,154.73872039748227,7.1107711056744645,4.897236949351903,4.897236949351903,7.1107711056744645,605.0,5.772927210382126,0.208,regular,普通,undersized,过小噪声(<5mm)
948,417.0,450.0,84.38885093983903,-0.2455806181550602,17.206567453491473,32.357179134566096,1535.6378896882493,2489.335731414868,0.9266666666666666,0.8468890043913889,16.637889688249402,9.335731414868103,1519,2480,1553,2499,0.74,0.85,104.0707329504988,6.730293259989748,3.5789660303262263,3.5789660303262263,6.730293259989748,417.0,4.792768163769973,0.208,regular,普通,undersized,过小噪声(<5mm)
949,5637.0,7913.0,405.6645827811592,-0.1824378940875907,79.24755875099652,112.8120614175331,1590.4142274259357,1926.8995919815504,0.7123720460002527,0.7117092427407116,70.41422742593578,34.89959198155047,1520,1892,1653,1988,0.43,0.45,100.45292135447366,23.464908774846883,16.483492220207275,16.483492220207275,23.464908774846883,5637.0,17.62148123270885,0.208,angular,棱角状,normal,正常骨料
950,1346.0,1606.0,167.43694334901082,0.3871129661292724,40.98022186806549,50.70960102335622,1545.944279346211,659.6255572065379,0.838107098381071,0.5889968029408678,24.944279346211,21.62555720653789,1521,638,1576,684,0.6,0.61,67.82006084600191,10.547597012858091,8.523886148557622,8.523886148557622,10.547597012858091,1346.0,8.61074888746421,0.208,angular,棱角状,normal,正常骨料
951,224.0,238.0,58.62858453211793,0.4823774095115437,14.851145329242764,20.56858984038419,1532.3482142857142,1285.665178571429,0.9411764705882352,0.6918614234787702,11.348214285714286,9.665178571428571,1521,1276,1542,1295,0.82,0.85,62.36181030253477,4.278266686799911,3.0890382284824947,3.0890382284824947,4.278266686799911,224.0,3.512710860376434,0.208,regular,普通,undersized,过小噪声(<5mm)
952,1644.0,1798.0,163.18462996088144,0.232937501542938,42.893962933918765,52.28747196148682,1548.7852798053527,2222.523114355231,0.914349276974416,0.5718635391077086,27.7852798053528,22.523114355231144,1521,2200,1574,2245,0.78,0.79,76.65366427126754,10.87579416798926,8.921944290255103,8.921944290255103,10.87579416798926,1644.0,9.516325773672625,0.208,regular,普通,normal,正常骨料
953,314.0,330.0,66.21306012386609,0.4624490337989619,18.38874321939028,22.19708054516736,1532.968152866242,2461.1146496815286,0.9515151515151516,0.560091561246907,11.968152866242038,10.114649681528665,1521,2451,1544,2472,0.9,0.91,63.50362212341672,4.61699275339481,3.8248585896331777,3.8248585896331777,4.61699275339481,314.0,4.158945394966677,0.208,round,圆形,undersized,过小噪声(<5mm)
954,747.0,790.0,103.81011551146472,0.4263513225793721,28.369889902241933,34.842487091319946,1539.2771084337348,2614.8380187416333,0.9455696202531646,0.5805387361266058,18.27710843373494,12.8380187416332,1521,2602,1557,2631,0.87,0.88,65.57186862638126,7.247237314994548,5.900937099666322,5.900937099666322,7.247237314994548,747.0,6.414734635242232,0.208,regular,普通,normal,正常骨料
955,422.0,460.0,87.85576616457098,-0.6869797495542906,15.44696833844392,35.73500076512129,1535.931279620853,692.5781990521327,0.917391304347826,0.9017469137105594,13.93127962085308,11.5781990521327,1522,681,1552,707,0.69,0.88,129.36104026041517,7.4328801591452285,3.212969414396335,3.212969414396335,7.4328801591452285,422.0,4.8214161664353465,0.208,needle_flaky,针片状候选,undersized,过小噪声(<5mm)
956,302.0,337.0,70.56065828700996,0.8848359844972588,17.534692204329684,23.867792880286945,1532.58940397351,1028.7483443708609,0.8961424332344213,0.6784363987890552,10.589403973509931,11.748344370860927,1522,1017,1543,1040,0.76,0.79,39.30263252700394,4.9645009190996845,3.647215978500574,3.647215978500574,4.9645009190996845,302.0,4.078700966037283,0.208,angular,棱角状,undersized,过小噪声(<5mm)
958,8599.0,8842.0,340.9828507379894,0.4079737805527668,96.89993718729065,113.9102200005299,1578.4391208280033,917.431096639144,0.9725175299705948,0.5257010476836229,54.43912082800325,49.43109663914409,1524,868,1632,968,0.93,0.94,66.62482422233003,23.69332576011022,20.15518693495645,20.15518693495645,23.69332576011022,8599.0,21.764182991092646,0.208,round,圆形,normal,正常骨料
959,17419.0,18949.0,578.9246358450944,-0.4161966088833455,117.62215491834829,197.5532217906286,1621.7455077788622,1581.9494230438029,0.9192569528735024,0.8034333006883437,97.74550777886216,77.94942304380274,1524,1504,1722,1647,0.65,0.72,113.84630913667272,41.09107013245075,24.465408223016443,24.465408223016443,41.09107013245075,17419.0,30.976332962782234,0.208,regular,普通,normal,正常骨料
960,1859.0,1975.0,165.12021710491717,0.3153372873477738,45.87304931930522,53.37079695738277,1549.813878429263,2173.037654653039,0.94126582278481,0.5111089843195927,24.813878429263045,22.03765465303927,1525,2151,1581,2198,0.86,0.86,71.93250431186847,11.101125767135615,9.541594258415484,9.541594258415484,11.101125767135615,1859.0,10.119477501249836,0.208,regular,普通,normal,正常骨料
961,1143.0,1208.0,133.72741053230072,0.477169161713201,27.648213265465145,53.38188145819371,1549.8827646544182,1512.665791776028,0.9461920529801324,0.8554214678509535,22.8827646544182,18.665791776028,1527,1494,1574,1531,0.8,0.94,62.660220920038114,11.10343134330429,5.75082835921675,5.75082835921675,11.10343134330429,1143.0,7.934900942248204,0.208,regular,普通,normal,正常骨料
962,1007.0,1100.0,124.01677824648787,-0.4407334592066195,29.336688612516767,44.563404231936055,1549.0168818272095,1178.837140019861,0.9154545454545454,0.7527439104953467,21.01688182720953,16.837140019860975,1528,1162,1570,1196,0.82,0.88,115.25216710274051,9.2691880802427,6.102031231403487,6.102031231403487,9.2691880802427,1007.0,7.447887869259716,0.208,regular,普通,normal,正常骨料
963,364.0,424.0,80.59661314396496,1.1198813838419677,16.95354325657175,29.431657483398965,1539.357142857143,1696.14010989011,0.8584905660377359,0.8174279400439679,11.357142857142858,13.14010989010989,1528,1683,1550,1710,0.7,0.79,25.835523150585104,6.121784756546984,3.5263369973669234,3.5263369973669234,6.121784756546984,364.0,4.477845305667184,0.208,angular,棱角状,undersized,过小噪声(<5mm)
964,986.0,1042.0,119.99450265448615,1.250801665915427,32.806778918033594,39.65578712784126,1547.3032454361055,595.8853955375254,0.946257197696737,0.5617772183960242,18.30324543610548,19.885395537525355,1529,576,1563,616,0.86,0.87,18.334343535113632,8.24840372259098,6.823810014950987,6.823810014950987,8.24840372259098,986.0,7.369819506889851,0.208,regular,普通,normal,正常骨料
965,271.0,298.0,67.87914122567547,1.141158901646396,13.02289196662712,27.815932135248342,1537.7564575645756,1095.7859778597783,0.9093959731543624,0.8836325684966695,8.756457564575646,12.785977859778598,1529,1083,1547,1109,0.74,0.91,24.6164111818769,5.785713884131655,2.7087615290584406,2.7087615290584406,5.785713884131655,271.0,3.8636968132589526,0.208,needle_flaky,针片状候选,undersized,过小噪声(<5mm)
966,899.0,998.0,122.58073494080617,0.5990352751760283,31.36688585361804,40.01077527785486,1551.2558398220244,629.9688542825362,0.9008016032064128,0.620810124743367,21.25583982202448,13.968854282536151,1530,616,1571,650,0.75,0.77,55.67780695295568,8.322241257793811,6.524312257552551,6.524312257552551,8.322241257793811,899.0,7.037173201038642,0.208,regular,普通,normal,正常骨料
967,372.0,412.0,82.26269424577433,-1.510184085587695,17.98626711853247,29.73073225615341,1539.0672043010752,1266.752688172043,0.9029126213592232,0.7962465774368932,9.067204301075268,11.75268817204301,1530,1255,1550,1286,0.69,0.76,176.5271743919984,6.183992309279909,3.741143560654754,3.741143560654754,6.183992309279909,372.0,4.526784959194882,0.208,regular,普通,undersized,过小噪声(<5mm)
969,4887.0,5134.0,294.500029474074,-1.0799730344396168,52.97303676482789,119.91786070431245,1567.8086760793942,1284.3990178023328,0.9518893650175302,0.8971409778542601,35.80867607939431,51.39901780233272,1532,1233,1610,1341,0.71,0.9,151.87789686132675,24.942915026496987,11.0183916470842,11.0183916470842,24.942915026496987,4887.0,16.407392360979962,0.208,needle_flaky,针片状候选,normal,正常骨料
970,2721.0,3623.0,260.8299649034626,-1.310301746751099,46.21932177166202,99.06132686657752,1561.6762219772145,534.3987504593899,0.7510350538227988,0.8844827933397169,28.67622197721425,49.39875045938993,1533,485,1596,583,0.5,0.62,165.07475997745755,20.60475598824812,9.6136189285057,9.6136189285057,20.60475598824812,2721.0,12.242853851948551,0.208,needle_flaky,针片状候选,normal,正常骨料
971,653.0,918.0,129.705134940299,-0.9239767265263756,20.07689260632755,51.70875436965654,1553.8238897396632,1655.7442572741195,0.7113289760348583,0.9215461952828478,20.82388973966309,19.744257274119448,1533,1636,1572,1677,0.49,0.67,142.93996679827478,10.75542090888856,4.17599366211613,4.17599366211613,10.75542090888856,653.0,5.997565296702873,0.208,needle_flaky,针片状候选,undersized,过小噪声(<5mm)
972,1423.0,1485.0,153.3787129000541,-0.3626310345410804,30.67258169888795,60.92594913286723,1564.6191145467324,1856.569219957836,0.9582491582491582,0.8640299792323335,31.619114546732256,20.56921995783556,1533,1836,1591,1874,0.76,0.9,110.77722779966668,12.672597419636384,6.3798969933686935,6.3798969933686935,12.672597419636384,1423.0,8.853619313537804,0.208,regular,普通,normal,正常骨料
973,890.0,916.0,107.1817459611822,-0.7097455314167247,33.124778880070885,34.39885609107023,1549.0674157303372,2103.273033707865,0.9716157205240176,0.2696384238886025,16.06741573033708,17.273033707865167,1533,2086,1567,2122,0.97,0.97,130.6654234784481,7.154962066942607,6.889954007054744,6.889954007054744,7.154962066942607,890.0,7.001859591597481,0.208,round,圆形,normal,正常骨料
976,817.0,922.0,120.31982522562828,-0.6587658111292455,26.424612913378777,42.1877966785859,1553.8188494492044,2136.652386780905,0.886117136659436,0.7795365106044234,19.818849449204407,15.652386780905752,1534,2121,1574,2153,0.71,0.77,127.74450066521808,8.775061709145866,5.496319485982785,5.496319485982785,8.775061709145866,817.0,6.708561763673033,0.208,angular,棱角状,normal,正常骨料
977,1240.0,1327.0,137.1943257570327,0.4814455646614965,37.26528123886939,44.61620588660071,1553.5919354838709,2678.2258064516127,0.9344385832705352,0.5498841614913175,19.59193548387097,21.225806451612904,1534,2657,1579,2697,0.83,0.84,62.41520107960348,9.280170824412949,7.751178497684833,7.751178497684833,9.280170824412949,1240.0,8.2647407837538,0.208,regular,普通,normal,正常骨料
978,2815.0,3088.0,215.7600669819474,-1.1947807164505555,54.80026902244733,70.84970921335469,1568.2873889875666,1004.1882770870336,0.9115932642487048,0.6338304232513352,33.28738898756661,40.18827708703375,1535,964,1596,1035,0.76,0.78,158.45589249623356,14.736739516377774,11.398455956669045,11.398455956669045,14.736739516377774,2815.0,12.452529919359083,0.208,regular,普通,normal,正常骨料
979,2094.0,2348.0,187.3182835128918,0.1863665482978192,44.81365899190898,62.37322643375639,1567.012416427889,2304.9035339063994,0.8918228279386712,0.6955518703124145,32.01241642788921,23.90353390639924,1535,2281,1605,2328,0.75,0.78,79.32198334011395,12.973631098221327,9.321241070317068,9.321241070317068,12.973631098221327,2094.0,10.740060627352428,0.208,angular,棱角状,normal,正常骨料
980,1820.0,1893.0,169.23777747193336,-0.6159820063445366,33.7119275569972,69.22874810618947,1563.8703296703295,2260.4692307692308,0.9614368726888536,0.8734218848164357,27.87032967032967,24.46923076923077,1536,2236,1594,2286,0.8,0.96,125.29316921954263,14.399579606087409,7.012080931855418,7.012080931855418,14.399579606087409,1820.0,10.012766496200147,0.208,needle_flaky,针片状候选,normal,正常骨料
982,1279.0,1344.0,141.17713310293573,0.1267606262963778,31.80732135293153,53.20085328161601,1564.3760750586396,1804.562939796716,0.9516369047619048,0.8015912949378504,25.37607505863956,14.562939796716185,1539,1790,1591,1821,0.81,0.89,82.73715110478251,11.06577748257613,6.615922841409759,6.615922841409759,11.06577748257613,1279.0,8.393704320114978,0.208,regular,普通,normal,正常骨料
983,1262.0,1301.0,136.17888979750757,-1.0926873591187332,32.80150100267873,50.04877093848189,1555.920760697306,1127.959587955626,0.970023059185242,0.7552899962360097,15.920760697305864,22.95958795562599,1540,1105,1576,1154,0.86,0.91,152.60637400479914,10.410144355204231,6.822712208557175,6.822712208557175,10.410144355204231,1262.0,8.337734692783087,0.208,regular,普通,normal,正常骨料
984,600.0,703.0,111.9499514704827,0.4120315017071599,17.682278473416282,47.6526660696347,1557.8116666666667,1354.215,0.8534850640113798,0.9286065435040004,17.811666666666667,15.215,1540,1339,1582,1366,0.6,0.85,66.39233392574236,9.911754542484015,3.6779139224705855,3.6779139224705855,9.911754542484015,600.0,5.749022647203022,0.208,needle_flaky,针片状候选,undersized,过小噪声(<5mm)
985,480.0,503.0,83.60345277644157,-0.1771050921413094,18.702859790485515,33.2325891272691,1556.2833333333333,1679.2208333333333,0.9542743538767396,0.8266021468634053,14.283333333333331,9.220833333333331,1542,1670,1574,1690,0.86,0.97,100.1473743099726,6.912378538471972,3.890194836420987,3.890194836420987,6.912378538471972,480.0,5.1420821773327,0.208,regular,普通,undersized,过小噪声(<5mm)
986,778.0,819.0,110.05383257254566,0.3792441540649059,27.07656867737869,38.86078345375987,1563.1388174807198,1043.2879177377893,0.94993894993895,0.717306100142074,20.1388174807198,11.287917737789202,1543,1032,1581,1060,0.81,0.85,68.27091056707172,8.083042958382054,5.631926284894767,5.631926284894767,8.083042958382054,778.0,6.546485236074575,0.208,regular,普通,normal,正常骨料
987,414.0,435.0,76.01897718469343,-1.166622700221307,19.45431018432825,27.28480820526109,1552.840579710145,1376.756038647343,0.9517241379310344,0.7011550153861729,9.840579710144928,12.756038647342995,1543,1364,1565,1390,0.9,0.94,156.84255700683673,5.675240106694306,4.046496518340276,4.046496518340276,5.675240106694306,414.0,4.775496870971307,0.208,regular,普通,undersized,过小噪声(<5mm)
989,508.0,631.0,99.55780212333536,-0.0320107236872159,19.18315895995994,37.969851431409616,1560.5846456692914,2464.5236220472443,0.8050713153724247,0.8629901139391556,17.584645669291337,12.523622047244094,1543,2452,1577,2475,0.64,0.76,91.83407936643692,7.897729097733199,3.990097063671667,3.990097063671667,7.897729097733199,508.0,5.289933961498803,0.208,angular,棱角状,undersized,过小噪声(<5mm)
990,652.0,695.0,101.03331367511576,0.4712542224071975,22.24050879819409,38.92233547107348,1562.122699386503,2483.814417177914,0.9381294964028776,0.8206665788172992,19.12269938650307,11.81441717791411,1543,2472,1580,2500,0.8,0.9,62.99912197834815,8.095845777983284,4.62602583002437,4.62602583002437,8.095845777983284,652.0,5.992971220734436,0.208,regular,普通,undersized,过小噪声(<5mm)
991,554.0,584.0,91.55271918543056,-1.4239972052275922,20.698785826872207,34.67943537737674,1553.563176895307,2639.557761732852,0.9486301369863014,0.8023450129863857,10.563176895306858,18.557761732851983,1543,2621,1566,2658,0.83,0.92,171.58902989796556,7.213322558494362,4.305347451989419,4.305347451989419,7.213322558494362,554.0,5.524249393133498,0.208,regular,普通,undersized,过小噪声(<5mm)
992,764.0,798.0,104.82555147098984,-1.0425836154634702,25.81238485879908,38.34664776330328,1557.2879581151833,1547.5523560209424,0.9573934837092732,0.739521660908931,13.287958115183246,17.55235602094241,1544,1530,1573,1568,0.87,0.93,149.73564095554718,7.976102734767082,5.368976050630208,5.368976050630208,7.976102734767082,764.0,6.4873163054420635,0.208,regular,普通,normal,正常骨料
993,1762.0,1811.0,157.26623547094266,-1.3080624311286408,38.49902354451478,58.71130285695316,1563.065834279228,2431.418842224745,0.9729431253451132,0.7549916150189026,19.06583427922815,29.41884222474461,1544,2402,1583,2459,0.9,0.96,164.94645664329303,12.211950994246257,8.007796897259073,8.007796897259073,12.211950994246257,1762.0,9.851930655407076,0.208,regular,普通,normal,正常骨料
994,10351.0,11145.0,407.9649607424358,0.061567766988875,102.9562849292182,131.7653442543746,1619.3941648149937,692.805622645155,0.9287572902646928,0.6240794661568742,74.39416481499372,60.805622645155054,1545,632,1689,750,0.78,0.8,86.47242679749259,27.40719160490992,21.414907265277385,21.414907265277385,27.40719160490992,10351.0,23.878637828655176,0.208,regular,普通,normal,正常骨料
995,331.0,358.0,79.48589240942536,0.4340140264618632,12.548971472649876,34.58697370446082,1562.4380664652567,1697.8761329305137,0.9245810055865922,0.931857827645338,16.438066465256796,8.876132930513595,1546,1689,1578,1708,0.66,0.94,65.13282803425601,7.194090530527849,2.610186066311174,2.610186066311174,7.194090530527849,331.0,4.270044403117222,0.208,needle_flaky,针片状候选,undersized,过小噪声(<5mm)
996,263.0,293.0,65.98302232773842,0.9892723659545074,18.944840034748072,20.03166406242473,1558.9277566539924,963.5057034220532,0.8976109215017065,0.32491071142399,9.927756653992397,8.505703422053232,1549,955,1571,976,0.76,0.76,33.31886864188526,4.166586124984344,3.940526727227599,3.940526727227599,4.166586124984344,263.0,3.8062408724987447,0.208,angular,棱角状,undersized,过小噪声(<5mm)
997,542.0,678.0,111.52934412432604,0.5613980069801953,20.43095881779385,41.29997675355837,1562.5553505535056,1715.0276752767527,0.799410029498525,0.8690657376028561,13.555350553505535,16.027675276752767,1549,1699,1586,1729,0.55,0.65,57.83426357297888,8.59039516474014,4.2496394341011205,4.2496394341011205,8.59039516474014,542.0,5.464092434208518,0.208,needle_flaky,针片状候选,undersized,过小噪声(<5mm)
999,396.0,442.0,79.71593020555301,-0.3478115770543223,22.469514370666985,24.06988934465273,1565.0025252525252,1153.6818181818182,0.8959276018099548,0.3585479050372102,13.002525252525253,14.681818181818182,1552,1139,1578,1165,0.78,0.78,109.92813543100188,5.006536983687767,4.673658989098732,4.673658989098732,5.006536983687767,396.0,4.670528077499925,0.208,angular,棱角状,undersized,过小噪声(<5mm)
1000,463.0,498.0,89.8471698375225,0.2534693381841857,18.695377600158007,34.246930210235725,1568.2894168466523,1733.5550755939526,0.929718875502008,0.837850749634969,16.28941684665227,10.555075593952484,1552,1723,1586,1744,0.72,0.82,75.477276686072,7.12336148372903,3.8886385408328654,3.8886385408328654,7.12336148372903,463.0,5.050203630762271,0.208,regular,普通,undersized,过小噪声(<5mm)
1001,381.0,405.0,80.17600579780832,-0.7576418358178717,14.831187012336528,33.64037377871568,1566.49343832021,1385.6666666666667,0.9407407407407408,0.8975686989211035,12.493438320209972,11.666666666666666,1554,1374,1582,1400,0.74,0.94,133.4096795749077,6.99719774597286,3.0848868985659976,3.0848868985659976,6.99719774597286,381.0,4.581217195000016,0.208,needle_flaky,针片状候选,undersized,过小噪声(<5mm)
1002,405.0,453.0,86.74504543003138,-0.2773425993670373,15.603051385889072,35.00456431678459,1572.2345679012346,2116.103703703704,0.8940397350993378,0.8951608098865174,18.234567901234566,10.103703703703705,1554,2106,1588,2125,0.68,0.85,105.8905604229189,7.280949377891194,3.2454346882649268,3.2454346882649268,7.280949377891194,405.0,4.723304081221739,0.208,needle_flaky,针片状候选,undersized,过小噪声(<5mm)
1003,255.0,274.0,65.29290893935547,1.3737115647807612,12.263601871739915,27.111571376503377,1561.862745098039,1888.2627450980392,0.9306569343065694,0.891846438685469,6.862745098039215,13.262745098039217,1555,1875,1569,1901,0.75,0.94,11.2921250697502,5.639206846312702,2.5508291893219024,2.5508291893219024,5.639206846312702,255.0,3.747904226921044,0.208,needle_flaky,针片状候选,undersized,过小噪声(<5mm)
1005,1172.0,1346.0,144.12815620649656,-0.719526296076557,34.688612134473026,47.01438320763367,1579.5964163822523,2570.886518771331,0.8707280832095097,0.67498682366278,22.59641638225256,20.88651877133106,1557,2550,1603,2595,0.71,0.73,131.2258200138672,9.778991707187805,7.215231323970389,7.215231323970389,9.778991707187805,1172.0,8.034931897504213,0.208,angular,棱角状,normal,正常骨料
1006,9316.0,9751.0,378.65884261778535,-1.1357919594809929,84.3462556251513,142.1222566465919,1611.6381494203522,2628.577823100043,0.9553891908522204,0.8048511302089942,54.638149420352086,64.57782310004293,1557,2564,1659,2699,0.82,0.9,155.0760856831547,29.561429382491117,17.54402117003147,17.54402117003147,29.561429382491117,9316.0,22.653386471793574,0.208,regular,普通,normal,正常骨料
1007,1531.0,1595.0,151.94266959437238,-0.5700418478059205,37.91500042334609,53.568643565170994,1585.6316133246244,1068.685826257348,0.9598746081504702,0.7064294442180905,27.63161332462443,21.68582625734814,1558,1047,1611,1092,0.83,0.87,122.66099202511803,11.142277861555566,7.886320088055987,7.886320088055987,11.142277861555566,1531.0,9.183452618743084,0.208,regular,普通,normal,正常骨料
1008,1574.0,1649.0,150.1418354714498,-0.8321779963015672,39.40245836903632,52.9238337031174,1583.35959339263,1333.9047013977129,0.9545178896300788,0.667608465623478,25.35959339263024,26.904701397712834,1558,1307,1604,1356,0.88,0.91,137.68028699173323,11.00815741024842,8.195711340759553,8.195711340759553,11.00815741024842,1574.0,9.311523813760363,0.208,regular,普通,normal,正常骨料
1010,1515.0,1626.0,152.49802996164215,-0.9714713905807278,33.5286400105762,58.35522648103673,1582.10099009901,1184.249504950495,0.9317343173431736,0.8184617300470853,22.100990099009906,27.249504950495048,1560,1157,1604,1211,0.82,0.92,145.66121059798087,12.13788710805564,6.973957122199849,6.973957122199849,12.13788710805564,1515.0,9.135339896801018,0.208,regular,普通,normal,正常骨料
1011,1209.0,1259.0,132.06132943049136,1.478699441648603,32.425060845067925,47.91112849828697,1577.763440860215,2377.8246484698097,0.960285941223193,0.7361897891810794,16.763440860215052,23.82464846980976,1561,2354,1595,2403,0.87,0.92,5.276762825183695,9.96551472764369,6.744412655774128,6.744412655774128,9.96551472764369,1209.0,8.160777641688155,0.208,regular,普通,normal,正常骨料
1012,1155.0,1219.0,133.03729714391778,0.1197185357312628,32.7811748469942,47.35800875719505,1581.2164502164503,597.3264069264069,0.9474979491386384,0.7217065155981685,19.216450216450216,16.326406926406925,1562,581,1609,615,0.82,0.86,83.1406331731125,9.85046582149657,6.818484368174793,6.818484368174793,9.85046582149657,1155.0,7.97644521019561,0.208,regular,普通,normal,正常骨料
1014,952.0,1022.0,139.7805580433527,-0.5208044618110058,20.08732220795381,61.36477390330579,1589.0115546218487,622.186974789916,0.9315068493150684,0.944905622152249,25.01155462184873,16.186974789915965,1564,606,1619,642,0.61,0.93,119.83989761335287,12.763872971887604,4.178163019254392,4.178163019254392,12.763872971887604,952.0,7.241638954793163,0.208,needle_flaky,针片状候选,undersized,过小噪声(<5mm)
1015,700.0,802.0,121.3352611851534,1.3907388685220443,25.56303314140989,41.02556980015642,1578.23,1101.8028571428572,0.8728179551122195,0.782142168538893,13.23,17.802857142857142,1565,1084,1594,1130,0.6,0.65,10.316532428887356,8.533318518432534,5.317110893413257,5.317110893413257,8.533318518432534,700.0,6.20965417429952,0.208,angular,棱角状,normal,正常骨料
1017,605.0,647.0,97.01103808311402,1.204872525272138,21.62143512681007,36.23811052736112,1577.5190082644629,2152.672727272727,0.9350850077279752,0.8025022624713298,12.51900826446281,17.672727272727272,1565,2135,1591,2171,0.81,0.89,20.96588945063688,7.537526989691113,4.497258506376494,4.497258506376494,7.537526989691113,605.0,5.772927210382126,0.208,regular,普通,undersized,过小噪声(<5mm)
1018,320.0,358.0,75.46361681742363,0.9220280044567338,16.80375009376433,26.7218528602774,1575.865625,1891.621875,0.8938547486033519,0.7775353297890141,9.865625,13.621875,1566,1878,1590,1902,0.71,0.76,37.171686751759694,5.558145394937699,3.49518001950298,3.49518001950298,5.558145394937699,320.0,4.198492516641546,0.208,angular,棱角状,undersized,过小噪声(<5mm)
1019,837.0,902.0,121.47001420626655,-0.5840221967501706,24.17420795255379,45.91771368969069,1584.0382317801673,2092.20788530466,0.9279379157427938,0.8501949309591476,18.038231780167266,17.2078853046595,1566,2075,1607,2111,0.71,0.83,123.46200701574377,9.550884447455664,5.028235254131188,5.028235254131188,9.550884447455664,837.0,6.790177438792323,0.208,regular,普通,normal,正常骨料
1023,4227.0,4334.0,239.4731131878012,0.5640651857255068,65.6366671835417,82.82851000040367,1607.1339011118996,548.4445233025787,0.975311490539917,0.6099492019812253,39.13390111189969,35.44452330257866,1568,513,1649,587,0.93,0.95,57.681445487665535,17.22833008008396,13.652426774176671,13.652426774176671,17.22833008008396,4227.0,15.259296725251957,0.208,regular,普通,normal,正常骨料
1024,790.0,840.0,115.09154412407248,-1.1561160888515425,27.95834578677552,39.87081484836058,1581.3101265822784,1457.6632911392403,0.9404761904761904,0.7129416760218728,13.310126582278482,15.663291139240506,1568,1442,1600,1483,0.75,0.79,156.24057251836507,8.293129488459,5.815335923649308,5.815335923649308,8.293129488459,790.0,6.596779075738662,0.208,regular,普通,normal,正常骨料
1025,845.0,1034.0,131.8312916343637,-0.5912991560558891,26.2237859469586,46.35200075244915,1587.473372781065,1680.6863905325445,0.8172147001934236,0.8245747284577607,19.473372781065088,18.68639053254438,1568,1662,1616,1697,0.61,0.69,123.87894607164988,9.641216156509422,5.454547476967388,5.454547476967388,9.641216156509422,845.0,6.822550339542513,0.208,angular,棱角状,normal,正常骨料
1027,7754.0,8416.0,387.2982224151573,-0.9888923169943948,64.66947961106678,160.961533476057,1628.482589631158,1085.259736909982,0.9213403041825096,0.9157407085452114,59.48258963115811,66.25973690998194,1569,1019,1681,1156,0.65,0.87,146.65935615669196,33.47999896301986,13.451251759101888,13.451251759101888,33.47999896301986,7754.0,20.667183362378502,0.208,needle_flaky,针片状候选,normal,正常骨料
1030,1918.0,2136.0,191.01523653375145,-0.4469530626311277,34.57314190944759,74.4218539121813,1606.4358706986443,458.4238790406674,0.8979400749063671,0.8855435810462673,33.43587069864442,25.42387904066736,1573,433,1639,484,0.66,0.81,115.60852412920995,15.47974561373371,7.191213517165099,7.191213517165099,15.47974561373371,1918.0,10.278806623457976,0.208,needle_flaky,针片状候选,normal,正常骨料
1031,549.0,607.0,94.32952102177951,-0.9219731423883756,24.469362896894204,31.108475350839832,1588.8816029143898,1708.7577413479053,0.9044481054365732,0.6174859938120852,15.8816029143898,15.757741347905284,1573,1693,1602,1722,0.78,0.79,142.82516988326802,6.470562872974685,5.089627482553994,5.089627482553994,6.470562872974685,549.0,5.49926396704311,0.208,regular,普通,normal,正常骨料
1032,1062.0,1095.0,121.2399764101389,0.2287529110223893,31.843277322364823,43.33435204574589,1595.3540489642185,1879.9500941619583,0.96986301369863,0.678253948202746,22.354048964218457,14.95009416195857,1573,1865,1617,1898,0.91,0.94,76.89342364708544,9.013545225515143,6.623401683051883,6.623401683051883,9.013545225515143,1062.0,7.648577166673174,0.208,regular,普通,normal,正常骨料
1033,1140.0,1263.0,147.13499583897317,-1.089862253375789,25.909725824799764,60.44898350859197,1591.471052631579,2053.2473684210527,0.9026128266033254,0.9034842142830526,18.471052631578942,24.24736842105263,1573,2029,1612,2084,0.66,0.85,152.44450736905026,12.573388569787127,5.38922297155835,5.38922297155835,12.573388569787127,1140.0,7.9244808445917245,0.208,needle_flaky,针片状候选,normal,正常骨料
1034,223.0,253.0,62.28606930687884,-0.9807040328643593,13.07837543030134,22.99706070971196,1580.7085201793725,2128.757847533632,0.8814229249011858,0.8225466133071291,7.708520179372197,12.757847533632289,1573,2116,1589,2139,0.72,0.81,146.19020203458695,4.783388627620087,2.720302089502679,2.720302089502679,4.783388627620087,223.0,3.504861217358417,0.208,angular,棱角状,undersized,过小噪声(<5mm)
1036,1769.0,1984.0,172.7999774716798,1.1951744335507295,43.44209590949804,55.81553590451845,1598.1266252119842,1419.2097230073489,0.891633064516129,0.6278733992535649,24.126625211984173,28.209723007348785,1574,1391,1624,1445,0.74,0.76,21.52154917560435,11.609631468139836,9.035955949175593,9.035955949175593,11.609631468139836,1769.0,9.871480926821146,0.208,angular,棱角状,normal,正常骨料
1037,890.0,1108.0,134.18748612455605,1.4246129125562166,24.89980731844852,53.16583293518016,1587.8831460674155,2466.0516853932586,0.8032490974729242,0.8835471184180169,13.88314606741573,25.051685393258428,1574,2441,1605,2491,0.62,0.76,8.375692670688991,11.058493250517474,5.179159922237292,5.179159922237292,11.058493250517474,890.0,7.001859591597481,0.208,needle_flaky,针片状候选,normal,正常骨料
1038,1416.0,1753.0,177.79822077710796,1.4043120487744565,28.57499101059696,75.3162900741089,1589.3516949152545,810.5360169491526,0.8077581289218483,0.925232800511304,14.351694915254235,37.53601694915254,1575,773,1609,841,0.56,0.78,9.538846485853838,15.665788335414652,5.943598130204167,5.943598130204167,15.665788335414652,1416.0,8.831816172192765,0.208,needle_flaky,针片状候选,normal,正常骨料
1041,794.0,846.0,111.16455330708524,-0.1320582018647649,27.24158417879144,39.25046959529387,1592.5403022670023,2340.1007556675063,0.9385342789598108,0.7199318166277036,17.54030226700252,11.100755667506297,1575,2329,1614,2357,0.81,0.85,97.56637761693769,8.164097675821125,5.66624950918862,5.66624950918862,8.164097675821125,794.0,6.613458695475245,0.208,regular,普通,normal,正常骨料
1042,853.0,1006.0,125.68285934829728,0.8458339666517148,28.481623754498788,42.65941226242533,1594.1512309495895,858.9695193434935,0.8479125248508946,0.7444738916664497,17.151230949589685,18.969519343493552,1577,840,1613,881,0.68,0.72,41.53728354204752,8.873157750584468,5.924177740935748,5.924177740935748,8.873157750584468,853.0,6.8547703550811265,0.208,angular,棱角状,normal,正常骨料
1043,620.0,809.0,119.11381971607422,-0.2655187298251775,29.52010483352282,36.08372674344858,1598.958064516129,976.4209677419354,0.7663782447466008,0.5750756714877258,21.95806451612903,11.420967741935485,1577,965,1618,997,0.55,0.56,105.21310260065704,7.505415162637304,6.140181805372746,6.140181805372746,7.505415162637304,620.0,5.8440542529413335,0.208,angular,棱角状,normal,正常骨料
1044,526.0,553.0,88.41112653184075,0.6141848544500238,23.66149880023657,29.2434516317144,1590.296577946768,744.1577946768061,0.9511754068716094,0.5876416988128887,12.29657794676806,12.157794676806084,1578,732,1606,758,0.85,0.86,54.80979999915688,6.082637939396594,4.921591750449206,4.921591750449206,6.082637939396594,526.0,5.382837463546527,0.208,regular,普通,undersized,过小噪声(<5mm)
1045,2417.0,2496.0,185.51744938996927,1.12801880863361,48.19568590577295,65.41791676953106,1600.4658667769963,2002.4749689697967,0.9683493589743588,0.6761813048214231,22.465866776996275,34.47496896979727,1578,1968,1628,2033,0.88,0.91,25.36928305391888,13.60692668806246,10.024702668400773,10.024702668400773,13.60692668806246,2417.0,11.538695680123086,0.208,regular,普通,normal,正常骨料
1047,927.0,975.0,116.6623404508674,-0.3316899903419117,29.33382457051864,40.58517217470511,1600.099244875944,1517.6763754045307,0.9507692307692308,0.6910866003450702,21.099244875943903,15.676375404530743,1579,1502,1621,1535,0.86,0.89,109.00443655332656,8.441715812338662,6.101435510667877,6.101435510667877,8.441715812338662,927.0,7.145921834164733,0.208,regular,普通,normal,正常骨料
1048,2012.0,2147.0,184.08140608428752,0.4686202001780313,39.44177633869248,67.2351849363202,1613.438369781312,1827.1595427435389,0.9371215649743828,0.8098593869303259,34.438369781312126,24.15954274353877,1579,1803,1643,1856,0.75,0.83,63.15004033522302,13.9849184667546,8.203889478448035,8.203889478448035,13.9849184667546,2012.0,10.527672893607837,0.208,regular,普通,normal,正常骨料
1050,269.0,283.0,63.07146747027629,-0.643635081859407,13.907504898859049,24.85514146245274,1589.4721189591078,2270.486988847584,0.950530035335689,0.8288017434520408,10.472118959107808,8.486988847583643,1579,2262,1600,2281,0.85,0.96,126.87757373710129,5.1698694241901695,2.8927610189626822,2.8927610189626822,5.1698694241901695,269.0,3.8494132271633994,0.208,regular,普通,undersized,过小噪声(<5mm)
1051,767.0,837.0,112.8701026549933,-0.0435840313968369,25.95789213285957,40.6485917547803,1603.2855280312908,1035.45110821382,0.91636798088411,0.7695449440494553,23.285528031290745,12.451108213820078,1580,1023,1624,1052,0.76,0.81,92.49718105320444,8.454907084994302,5.39924156363479,5.39924156363479,8.454907084994302,767.0,6.500040704014455,0.208,regular,普通,normal,正常骨料
1053,1484.0,1964.0,194.0220761662281,-0.8277597272054299,31.787504241329405,77.66811970959117,1613.126010781671,1337.0795148247978,0.7556008146639511,0.9124117443010282,32.12601078167116,24.079514824797844,1581,1313,1644,1370,0.5,0.66,137.42713881977147,16.154968899594962,6.611800882196516,6.611800882196516,16.154968899594962,1484.0,9.041392952665998,0.208,needle_flaky,针片状候选,normal,正常骨料
1054,716.0,743.0,99.13719477717872,0.3081218934112162,25.386479316942147,36.28262255766885,1598.2192737430169,1733.3449720670392,0.9636608344549124,0.7144495101234483,17.21927374301676,13.344972067039109,1581,1720,1618,1747,0.92,0.96,72.3459159319575,7.546785491995121,5.280387697923966,5.280387697923966,7.546785491995121,716.0,6.280220691584827,0.208,regular,普通,normal,正常骨料
1055,736.0,863.0,116.3370178797252,-0.182799101183864,25.667979553345425,40.741631973760406,1602.7635869565215,1206.5448369565215,0.8528389339513326,0.7765801704331811,20.76358695652174,12.544836956521738,1582,1194,1627,1222,0.68,0.74,100.47361699662032,8.474259450542164,5.338939747095848,5.338939747095848,8.474259450542164,736.0,6.367329161295075,0.208,angular,棱角状,normal,正常骨料
1056,757.0,828.0,115.78165751245544,0.5916648925135697,20.281560235094407,49.12884662283823,1601.1413474240424,2437.031704095112,0.9142512077294686,0.910810879572426,19.14134742404228,17.031704095112286,1582,2420,1623,2455,0.71,0.93,56.10009877291096,10.218800097550352,4.218564528899637,4.218564528899637,10.218800097550352,757.0,6.4575285363063255,0.208,needle_flaky,针片状候选,undersized,过小噪声(<5mm)
1057,2154.0,2299.0,183.98612130927305,-0.2997323495514754,46.5440256534085,62.3704450472954,1616.7878365831011,491.3342618384401,0.9369290996085254,0.6656643285608043,32.78783658310121,25.33426183844011,1584,466,1648,521,0.8,0.83,107.17339861283946,12.973052569837442,9.681157335908969,9.681157335908969,12.973052569837442,2154.0,10.892842990652676,0.208,regular,普通,normal,正常骨料
1058,3308.0,3413.0,222.27329008525467,0.2737092481715421,49.70886152113059,85.42713228470485,1628.3742442563482,1481.4597944377267,0.969235276882508,0.813270285537746,44.37424425634825,26.459794437726725,1584,1455,1671,1511,0.84,0.94,74.3176152660718,17.76884351521861,10.339443196395164,10.339443196395164,17.76884351521861,3308.0,13.498985931343148,0.208,regular,普通,normal,正常骨料
1060,2627.0,3622.0,252.4206229022183,1.279742499862836,56.496918983119066,82.25386075742931,1615.1130567186906,2283.863342215455,0.725289895085588,0.7267893800185247,31.11305671869052,41.86334221545489,1584,2242,1655,2322,0.52,0.55,16.676155894338166,17.108803037545297,11.751359148488763,11.751359148488763,17.108803037545297,2627.0,12.02952366005445,0.208,angular,棱角状,normal,正常骨料
1062,1618.0,1817.0,167.57169637012396,-0.7160766391471355,39.21746246395253,55.26522117242486,1612.7719406674908,1288.422744128554,0.8904788112272978,0.7045817510365245,27.77194066749073,23.42274412855377,1585,1265,1641,1315,0.72,0.76,131.02816923104328,11.49516600386437,8.157232192502125,8.157232192502125,11.49516600386437,1618.0,9.440775121959897,0.208,angular,棱角状,normal,正常骨料
1064,2022.0,2163.0,185.70801893999823,-1.4335872168923105,35.9751020003129,74.656870516476,1603.8941641938677,2136.1177052423345,0.9348127600554784,0.8762412769704849,17.894164193867457,33.117705242334324,1586,2103,1624,2174,0.74,0.89,172.13849709183515,15.528629067427008,7.4828212160650835,7.4828212160650835,15.528629067427008,2022.0,10.553802675407544,0.208,needle_flaky,针片状候选,normal,正常骨料
1065,292.0,310.0,66.76842049113587,-0.7666480400997859,15.328578884916832,25.01182963904895,1596.7397260273972,637.513698630137,0.9419354838709676,0.7901968119834372,9.73972602739726,9.513698630136986,1587,628,1609,650,0.82,0.9,133.92569706969402,5.202460564922181,3.188344408062701,3.188344408062701,5.202460564922181,292.0,4.0106043451977715,0.208,regular,普通,undersized,过小噪声(<5mm)
1066,1011.0,1143.0,131.7360068593492,-0.0450994207543557,31.220597713548248,45.19271085138109,1609.5697329376856,2414.0197823936696,0.884514435695538,0.7230147478819994,22.56973293768546,16.019782393669633,1587,2398,1634,2433,0.73,0.77,92.5840064677093,9.400083857087266,6.493884324418035,6.493884324418035,9.400083857087266,1011.0,7.462665439085402,0.208,angular,棱角状,normal,正常骨料
1067,547.0,591.0,93.40936983726894,1.0847807845913886,22.885814515025416,31.552390795154363,1600.2760511882998,1853.8098720292503,0.9255499153976312,0.6884040381819361,11.276051188299816,14.809872029250457,1589,1839,1613,1869,0.79,0.82,27.846639346023352,6.562897285392107,4.760249419125286,4.760249419125286,6.562897285392107,547.0,5.489237953294781,0.208,regular,普通,undersized,过小噪声(<5mm)
1069,844.0,858.0,107.46760028622566,0.0266970379793325,26.97550712311248,40.66700137713973,1607.60663507109,1656.6042654028436,0.9836829836829836,0.7483299485382808,17.606635071090047,11.604265402843602,1590,1645,1629,1670,0.92,0.98,88.47037239828379,8.458736286445063,5.610905481607396,5.610905481607396,8.458736286445063,844.0,6.818512132417763,0.208,regular,普通,normal,正常骨料
1071,4657.0,4855.0,270.23162290095047,1.3671901244733309,61.16495259390638,99.25264091281696,1625.0461670603393,786.8771741464462,0.9592173017507724,0.7875465520948376,33.04616706033927,45.87717414644621,1592,741,1654,840,0.8,0.87,11.665776075712458,20.644549309865926,12.722310139532526,12.722310139532526,20.644549309865926,4657.0,16.01664365229359,0.208,regular,普通,normal,正常骨料
1072,1062.0,1215.0,178.29776461546192,-1.1358904296689245,18.790091290150272,80.62184975212618,1614.0037664783426,2053.0941619585687,0.8740740740740741,0.9724612782776242,22.00376647834275,41.09416195856874,1592,2012,1635,2084,0.42,0.83,155.08172760933104,16.769344748442244,3.908338988351257,3.908338988351257,16.769344748442244,1062.0,7.648577166673174,0.208,needle_flaky,针片状候选,undersized,过小噪声(<5mm)
1073,177.0,190.0,50.909355919256605,-0.3993673915176384,12.860210501886767,18.055886312618178,1602.6158192090395,1235.4915254237287,0.9315789473684212,0.701931189551409,9.615819209039548,6.491525423728813,1593,1229,1612,1243,0.86,0.9,112.88206600910944,3.7556243530245808,2.674923784392448,2.674923784392448,3.7556243530245808,177.0,3.1225185527752606,0.208,regular,普通,undersized,过小噪声(<5mm)
1074,289.0,306.0,67.32378085840567,-0.5104387213701083,14.343002223664936,26.33958328562192,1605.6332179930796,2316.7370242214533,0.9444444444444444,0.838733751181233,12.633217993079583,8.737024221453288,1593,2308,1619,2326,0.8,0.92,119.2459844345614,5.478633323409358,2.9833444625223065,2.9833444625223065,5.478633323409358,289.0,3.9899487348497322,0.208,regular,普通,undersized,过小噪声(<5mm)
1075,828.0,859.0,105.38091183825964,1.1824801701989949,29.01514505660077,36.7445126679252,1606.8007246376812,2507.9625603864733,0.9639115250291036,0.613563140486863,13.80072463768116,16.96256038647343,1593,2491,1623,2527,0.94,0.96,22.248876889686343,7.642858634928441,6.03515017177296,6.03515017177296,7.642858634928441,828.0,6.753572441997901,0.208,regular,普通,normal,正常骨料
1076,1288.0,1460.0,146.0242751044336,1.0000411257173818,33.743534313974735,50.26599980363627,1618.1902173913045,1170.7492236024846,0.8821917808219178,0.7411863109012692,24.190217391304348,22.74922360248448,1594,1148,1639,1193,0.76,0.81,32.70186415688225,10.455327959156344,7.0186551373067445,7.0186551373067445,10.455327959156344,1288.0,8.423184738238122,0.208,angular,棱角状,normal,正常骨料
1077,405.0,426.0,75.5983698385368,-0.9377583458161398,20.251664611969016,25.93271726980143,1604.8493827160494,1372.5456790123458,0.9507042253521126,0.6246172155240002,10.849382716049382,13.54567901234568,1594,1359,1618,1385,0.89,0.91,143.72959541843434,5.394005192118697,4.212346239289555,4.212346239289555,5.394005192118697,405.0,4.723304081221739,0.208,regular,普通,undersized,过小噪声(<5mm)
1078,191.0,205.0,53.45611995947793,-0.0534979906072217,12.20763239710202,20.47204505468641,1603.7277486910996,1750.6701570680627,0.9317073170731708,0.8027561642226232,9.727748691099476,5.670157068062827,1594,1745,1614,1757,0.84,0.93,93.06520907422431,4.258185371374774,2.53918753859722,2.53918753859722,4.258185371374774,191.0,3.2436581527210318,0.208,regular,普通,undersized,过小噪声(<5mm)
1079,2853.0,3086.0,217.9815084510266,-0.9777023201894248,49.08047762306015,78.17503076992172,1622.1766561514196,2368.2874167542936,0.92449773169151,0.7783520615151868,28.17665615141956,33.28741675429372,1594,2335,1656,2405,0.75,0.82,146.0182165670023,16.260406400143715,10.208739345596513,10.208739345596513,16.260406400143715,2853.0,12.53629721838722,0.208,regular,普通,normal,正常骨料
1080,918.0,998.0,118.97906669496106,-0.7604951021652367,31.42554439086644,39.68834928460617,1612.069716775599,1772.1230936819172,0.9198396793587176,0.6107703443337152,17.06971677559913,16.12309368191721,1595,1756,1632,1791,0.81,0.83,133.5731596944384,8.255176651198083,6.5365132333002185,6.5365132333002185,8.255176651198083,918.0,7.111148285545835,0.208,regular,普通,normal,正常骨料
1081,1245.0,1318.0,138.30504649157226,1.031826045309365,33.41819801927489,48.835769816704406,1614.0859437751003,2474.783935742972,0.9446130500758724,0.729202888349432,19.0859437751004,20.783935742971888,1595,2454,1632,2501,0.82,0.86,30.88072241209893,10.157840121874516,6.950985188009176,6.950985188009176,10.157840121874516,1245.0,8.281386804211024,0.208,regular,普通,normal,正常骨料
1083,3768.0,4010.0,237.8070320859918,1.3262703821611594,63.50295460916772,77.64239580488346,1629.9323248407643,1706.1701167728238,0.9396508728179552,0.5753743314166229,32.93232484076433,38.17011677282378,1597,1668,1666,1751,0.84,0.85,14.010304608962784,16.14961832741576,13.208614558706886,13.208614558706886,16.14961832741576,3768.0,14.407009459973793,0.208,regular,普通,normal,正常骨料
1084,192.0,203.0,53.91619555173323,0.9178215236988292,13.502908775552996,19.423617668938345,1608.265625,593.53125,0.9458128078817734,0.718835790193484,9.265625,6.53125,1599,587,1616,604,0.83,0.87,37.41270034579063,4.040112475139176,2.808605025315023,2.808605025315023,4.040112475139176,192.0,3.252138319225835,0.208,regular,普通,undersized,过小噪声(<5mm)
1085,1641.0,1726.0,155.7743756363451,0.777219565470107,38.20585287910472,56.44579171309173,1622.7020109689213,1003.7672151127362,0.9507531865585168,0.7361125161294079,23.70201096892139,26.76721511273613,1599,977,1651,1030,0.85,0.9,45.4685991435711,11.74072467632308,7.946817398853781,7.946817398853781,11.74072467632308,1641.0,9.507639029941958,0.208,regular,普通,normal,正常骨料
1087,1189.0,1273.0,134.2269543706547,0.8725835051423797,33.17425742694403,48.04372114974067,1622.2531539108495,1972.611438183348,0.9340141398271798,0.7233310418725641,23.25315391084945,23.61143818334735,1599,1949,1643,1996,0.83,0.87,40.00464788260968,9.993093999146058,6.900245544804358,6.900245544804358,9.993093999146058,1189.0,8.092995922636366,0.208,regular,普通,normal,正常骨料
1088,829.0,859.0,108.48303624575075,-1.3992290236151037,24.98764526985664,42.6804760358708,1611.0108564535583,2550.67189384801,0.9650756693830036,0.8107024148176917,12.010856453558503,20.67189384800965,1599,2530,1624,2571,0.89,0.98,170.16991762535645,8.877539015461124,5.197430216130181,5.197430216130181,8.877539015461124,829.0,6.757649455615237,0.208,regular,普通,normal,正常骨料
1089,484.0,563.0,93.4488380833676,0.6202903151454927,19.72055327336003,35.07566134624838,1613.51652892562,845.5454545454545,0.8596802841918295,0.826981604965387,12.516528925619834,16.545454545454547,1601,829,1632,857,0.7,0.79,54.459982869323504,7.295737560019663,4.1018750808588855,4.1018750808588855,7.295737560019663,484.0,5.163463068629065,0.208,angular,棱角状,undersized,过小噪声(<5mm)
1091,9407.0,10349.0,395.8355457570504,-1.564009715296437,84.48519280823679,147.30249277101848,1644.2226001913468,327.7508238545764,0.9089767127258672,0.819171276694763,39.22260019134687,68.75082385457638,1605,259,1690,395,0.75,0.84,179.6111558039433,30.638918496371844,17.57292010411325,17.57292010411325,30.638918496371844,9407.0,22.763758329542412,0.208,regular,普通,normal,正常骨料
1093,1076.0,1196.0,167.99230371628062,-1.2490075390999285,20.14701392898894,75.38539391748328,1623.131970260223,2075.376394052045,0.8996655518394648,0.963626245764892,18.13197026022305,39.37639405204461,1605,2036,1638,2106,0.48,0.85,161.56286057044704,15.680161934836525,4.1905788972297,4.1905788972297,15.680161934836525,1076.0,7.698826454326799,0.208,needle_flaky,针片状候选,undersized,过小噪声(<5mm)
1094,1059.0,1185.0,149.12639951192472,0.1577539440775781,21.948244920472387,65.05332098556633,1634.6137865911237,1223.960339943343,0.8936708860759494,0.941365483641914,28.613786591123706,13.960339943342776,1606,1210,1668,1237,0.6,0.89,80.96136480281197,13.531090764997796,4.565234943458257,4.565234943458257,13.531090764997796,1059.0,7.6377664514937855,0.208,needle_flaky,针片状候选,undersized,过小噪声(<5mm)
1096,365.0,452.0,93.9089136756229,0.6185414577540185,13.163345102105977,40.22099370775192,1622.813698630137,835.9835616438356,0.8075221238938053,0.9449289702848463,14.813698630136988,14.983561643835616,1608,821,1643,848,0.52,0.79,54.56018501682523,8.3659666912124,2.737975781238043,2.737975781238043,8.3659666912124,365.0,4.4839919733591245,0.208,needle_flaky,针片状候选,undersized,过小噪声(<5mm)
1097,974.0,1023.0,118.00309898153462,0.8958700300731793,29.11941263544939,43.001470202511705,1624.7351129363449,1251.1776180698153,0.9521016617790812,0.7358243127726793,16.73511293634497,19.1776180698152,1608,1232,1644,1271,0.88,0.93,38.67042828454869,8.944305802122434,6.056837828173473,6.056837828173473,8.944305802122434,974.0,7.324835447719839,0.208,regular,普通,normal,正常骨料
1099,322.0,339.0,69.35465277745587,-1.2049417171019778,18.29728571051155,23.41109323873805,1619.3695652173913,1358.083850931677,0.9498525073746312,0.6238241016227718,11.369565217391305,13.083850931677018,1608,1345,1629,1372,0.84,0.86,159.0380749491897,4.869507393657514,3.805835427786402,3.805835427786402,4.869507393657514,322.0,4.211592369119061,0.208,regular,普通,undersized,过小噪声(<5mm)
1100,585.0,692.0,105.01612102101882,-0.1475896617405833,27.449564799301186,30.69154483029128,1626.111111111111,1885.4837606837607,0.8453757225433526,0.4473300536208462,18.11111111111111,13.483760683760684,1608,1872,1643,1897,0.67,0.67,98.45626471749888,6.383841324700586,5.709509478254646,5.709509478254646,6.383841324700586,585.0,5.676705018151103,0.208,angular,棱角状,normal,正常骨料
1101,3056.0,3290.0,229.16765228861988,0.7055012802669186,46.22038170301615,86.61384205960469,1647.6501963350786,886.5873691099476,0.9288753799392098,0.8457134100099545,38.65019633507853,32.587369109947645,1609,854,1683,920,0.73,0.84,49.57775419962933,18.015679148397776,9.61383939422736,9.61383939422736,18.015679148397776,3056.0,12.974632610884127,0.208,regular,普通,normal,正常骨料
1102,292.0,308.0,63.62682783754609,-0.9293368684133148,16.707493112826022,22.656855939443613,1618.9623287671234,2192.6301369863013,0.948051948051948,0.6754405370339074,9.962328767123289,10.63013698630137,1609,2182,1628,2203,0.91,0.94,143.24708030598768,4.712626035404271,3.4751585674678123,3.4751585674678123,4.712626035404271,292.0,4.0106043451977715,0.208,regular,普通,undersized,过小噪声(<5mm)
1103,166.0,182.0,49.56859738858936,1.349328488862054,13.445694133504968,15.893536819598015,1616.0481927710844,1406.9156626506024,0.912087912087912,0.533206656520211,6.048192771084337,7.9156626506024095,1610,1399,1624,1416,0.85,0.86,12.689172411439202,3.305855658476387,2.796704379769033,2.796704379769033,3.305855658476387,166.0,3.0239349067279977,0.208,regular,普通,undersized,过小噪声(<5mm)
1105,360.0,384.0,77.58977351148832,0.6005454723805987,14.680525810744689,31.713767138540792,1624.022222222222,1858.5527777777777,0.9375,0.8864068366075821,13.022222222222222,11.552777777777775,1611,1847,1638,1870,0.75,0.93,55.59127902690135,6.596463564816484,3.053549368634895,3.053549368634895,6.596463564816484,360.0,4.453173793917316,0.208,needle_flaky,针片状候选,undersized,过小噪声(<5mm)
1106,1702.0,1945.0,176.49693049253938,0.4047929822018413,47.460003614657374,51.22738855780685,1637.2837837837835,2147.987661574618,0.8750642673521851,0.3763991361825838,26.283783783783782,26.98766157461809,1611,2121,1668,2172,0.69,0.69,66.80707054332024,10.655296820023825,9.871680751848734,9.871680751848734,10.655296820023825,1702.0,9.68273781010022,0.208,angular,棱角状,normal,正常骨料
1109,746.0,804.0,108.7130740418784,0.1301191609722506,25.52805903444325,38.12415461184235,1630.9088471849866,2327.0361930294907,0.927860696517413,0.7427189544748912,17.908847184986595,13.036193029490615,1613,2314,1651,2341,0.79,0.84,82.54472124250665,7.929824159263209,5.309836279164196,5.309836279164196,7.929824159263209,746.0,6.410439532895765,0.208,regular,普通,normal,正常骨料
1111,1829.0,2024.0,175.25145673688664,-0.1403802206289623,38.091105352298655,64.26578221979828,1645.3280481137233,604.6806998359759,0.9036561264822134,0.8054144225596535,30.328048113723344,19.680699835975943,1615,585,1676,625,0.75,0.83,98.04319416915487,13.36728270171804,7.92294991327812,7.92294991327812,13.36728270171804,1829.0,10.037492805895253,0.208,regular,普通,normal,正常骨料
1114,304.0,323.0,71.4413412254219,-1.485466475491751,14.293890909662272,28.163626836195856,1622.9243421052631,1796.6480263157894,0.9411764705882352,0.8616339739953087,7.924342105263157,14.648026315789474,1615,1782,1630,1812,0.75,0.88,175.11095965385087,5.8580343819287375,2.9731293092097526,2.9731293092097526,5.8580343819287375,304.0,4.092184311792458,0.208,regular,普通,undersized,过小噪声(<5mm)
1115,371.0,397.0,74.81297167513935,-1.053615328309804,17.7935442822978,27.34255786206808,1627.3935309973049,2429.301886792453,0.9345088161209067,0.759280316564115,11.393530997304582,14.30188679245283,1616,2415,1638,2443,0.83,0.89,150.36771154244238,5.68725203531016,3.701057210717942,3.701057210717942,5.68725203531016,371.0,4.520696476332999,0.208,regular,普通,undersized,过小噪声(<5mm)
1116,1175.0,1370.0,153.8387884923094,0.6132137792041557,36.41269435005128,49.05841689054675,1648.4263829787235,635.6144680851064,0.8576642335766423,0.670143747765649,31.426382978723403,19.614468085106385,1617,616,1667,665,0.62,0.64,54.86543851233476,10.204150713233725,7.573840424810666,7.573840424810666,10.204150713233725,1175.0,8.04520894101085,0.208,angular,棱角状,normal,正常骨料
1118,972.0,1156.0,132.06132943049136,-1.2304599671594418,29.472562794225272,45.93582399424511,1637.8364197530864,1354.8600823045267,0.8408304498269896,0.767036884167953,19.83641975308642,20.86008230452675,1618,1334,1655,1376,0.7,0.75,160.50016297804189,9.554651390802984,6.130293061198857,6.130293061198857,9.554651390802984,972.0,7.317311218258129,0.208,angular,棱角状,normal,正常骨料
1121,1219.0,1272.0,146.80967326783104,0.5254309397925553,28.336812580267736,56.36284529802807,1642.6882690730106,1445.3027071369977,0.9583333333333334,0.8644278121161479,23.688269073010662,21.30270713699754,1619,1424,1672,1463,0.71,0.84,59.89502472429412,11.723471821989838,5.8940570166956885,5.8940570166956885,11.723471821989838,1219.0,8.194458253826882,0.208,regular,普通,normal,正常骨料
1123,166.0,176.0,49.013237021319554,0.6603795509710758,12.94096619513001,16.739674110775383,1629.620481927711,980.0903614457832,0.9431818181818182,0.6343188024405659,8.620481927710843,6.090361445783133,1621,974,1638,989,0.87,0.89,52.16303885261293,3.4818522150412794,2.691720968587042,2.691720968587042,3.4818522150412794,166.0,3.0239349067279977,0.208,regular,普通,undersized,过小噪声(<5mm)
1124,1556.0,2244.0,221.9479675141125,-1.1581328246354765,26.63106042904522,100.85358920800996,1644.1966580976864,2468.9029562982005,0.6934046345811051,0.9645071736862368,22.19665809768637,36.90295629820052,1622,2432,1673,2522,0.4,0.71,156.3561229671775,20.977546555266077,5.539260569241406,5.539260569241406,20.977546555266077,1556.0,9.258128206731897,0.208,needle_flaky,针片状候选,normal,正常骨料
1125,458.0,480.0,84.94421130710883,0.4637445193756655,17.251332961838617,34.228378246072545,1637.316593886463,1419.4934497816594,0.9541666666666668,0.8636997261968884,14.316593886462885,10.493449781659388,1623,1409,1653,1432,0.8,0.94,63.42939626745154,7.119502675183089,3.5882772560624323,3.5882772560624323,7.119502675183089,458.0,5.022860692259672,0.208,regular,普通,undersized,过小噪声(<5mm)
1126,1699.0,1906.0,172.10986408329683,-1.0472141379085869,43.55037518151651,55.27351135962352,1646.3578575632723,1940.3349028840487,0.891395592864638,0.6157945131752188,23.35785756327252,26.33490288404944,1623,1914,1670,1969,0.72,0.74,150.000950348593,11.496890362801691,9.058478037755432,9.058478037755432,11.496890362801691,1699.0,9.674200493692185,0.208,angular,棱角状,normal,正常骨料
1127,307.0,327.0,67.55381865453332,-1.195044064633068,18.16587876399266,22.736867071233657,1632.9902280130293,2446.456026058632,0.9388379204892966,0.6013823311476792,9.990228013029316,11.456026058631922,1623,2435,1643,2460,0.85,0.86,158.470981235634,4.729268350816601,3.778502782910473,3.778502782910473,4.729268350816601,307.0,4.112326439944983,0.208,regular,普通,undersized,过小噪声(<5mm)
1128,232.0,247.0,60.3899504089418,1.2876659696615826,13.986233048958823,22.45639915444336,1630.5991379310344,2107.9310344827586,0.9392712550607288,0.7823673417405128,6.599137931034483,11.93103448275862,1624,2096,1639,2119,0.8,0.87,16.222174515770604,4.670931024124218,2.909136474183435,2.909136474183435,4.670931024124218,232.0,3.5748875610169786,0.208,regular,普通,undersized,过小噪声(<5mm)
1129,15057.0,15750.0,491.2036227016365,0.2145778343377798,107.26072291025744,184.3316277591704,1713.3777644949191,2291.416550441655,0.956,0.813267531748784,89.3777644949193,62.41655044165505,1624,2229,1809,2354,0.78,0.87,77.70559571538786,38.34097857390744,22.310230365333545,22.310230365333545,38.34097857390744,15057.0,28.799677164582004,0.208,regular,普通,normal,正常骨料
1131,647.0,720.0,113.3301782472486,0.7839698968189545,17.25571141000439,50.19821967412319,1643.0370942812983,1396.7527047913447,0.8986111111111111,0.9390606648528508,18.03709428129829,18.75270479134467,1625,1378,1661,1416,0.63,0.93,45.08183364696729,10.441229692217622,3.589187973280913,3.589187973280913,10.441229692217622,647.0,5.9699478116842934,0.208,needle_flaky,针片状候选,undersized,过小噪声(<5mm)
1133,417.0,437.0,77.26445094034617,0.6175775510059789,21.90877832579558,25.09132324519906,1637.6906474820144,1151.7553956834531,0.954233409610984,0.4874309524335103,11.690647482014388,11.755395683453235,1626,1140,1651,1166,0.88,0.88,54.615412805332085,5.218995235001405,4.5570258917654805,4.5570258917654805,5.218995235001405,417.0,4.792768163769973,0.208,round,圆形,undersized,过小噪声(<5mm)
1135,201.0,237.0,58.39854673599027,-0.2120213162025093,12.821187433596398,21.79947620226997,1637.995024875622,1311.676616915423,0.8481012658227848,0.808757685079876,11.99502487562189,8.676616915422885,1626,1303,1649,1319,0.74,0.82,102.14792658521247,4.534291050072154,2.6668069861880506,2.6668069861880506,4.534291050072154,201.0,3.327487425723475,0.208,angular,棱角状,undersized,过小噪声(<5mm)
1136,3640.0,3842.0,227.27153339068283,0.3625617349008529,64.19820286229351,73.71489169198773,1660.1656593406594,1791.237087912088,0.9474232170744404,0.4914625781772837,34.16565934065934,33.237087912087915,1626,1758,1700,1824,0.89,0.89,69.22674277724013,15.332697471933448,13.35322619535705,13.35322619535705,15.332697471933448,3640.0,14.160190175801183,0.208,regular,普通,normal,正常骨料
1137,789.0,885.0,112.17998926661032,-1.0095809132524618,26.558063624306627,39.93376587432923,1642.8162230671735,1999.3713561470213,0.8915254237288136,0.746796321673448,16.816223067173638,19.371356147021547,1626,1980,1658,2018,0.79,0.84,147.84472540632936,8.30622330186048,5.524077233855778,5.524077233855778,8.30622330186048,789.0,6.592602577013119,0.208,angular,棱角状,normal,正常骨料
1138,190.0,216.0,56.04235224579792,1.3954961566048094,14.295086023004917,18.725738588317206,1633.2947368421053,2172.4578947368423,0.8796296296296297,0.6459350465527077,7.294736842105263,7.457894736842105,1626,2165,1642,2185,0.76,0.78,10.04395989981704,3.894953626369978,2.9733778927850225,2.9733778927850225,3.894953626369978,190.0,3.235155757618201,0.208,angular,棱角状,undersized,过小噪声(<5mm)
1140,1513.0,1571.0,148.61050739075358,-0.3703743064104977,34.35757455092203,56.7762971675582,1655.5743555849306,1126.1553205551884,0.9630808402291534,0.7961195283356284,28.5743555849306,21.155320555188368,1627,1105,1683,1147,0.86,0.94,111.22088459740668,11.809469810852104,7.146375506591782,7.146375506591782,11.809469810852104,1513.0,9.129307978086707,0.208,regular,普通,normal,正常骨料
1141,538.0,620.0,97.33636065425615,-0.4262529230054093,20.0383285940054,37.51133729114248,1643.6877323420074,1750.981412639405,0.867741935483871,0.8453619625952913,16.687732342007436,14.981412639405203,1627,1736,1660,1764,0.71,0.82,114.4224934933248,7.802358156557636,4.167972347553123,4.167972347553123,7.802358156557636,538.0,5.443892393032863,0.208,angular,棱角状,undersized,过小噪声(<5mm)
1142,1684.0,1751.0,154.6636549018055,-1.4387199662714885,41.55932387995066,52.68917411934776,1650.7992874109264,517.4946555819478,0.961736150770988,0.6146961427944139,22.799287410926365,26.494655581947743,1628,491,1675,548,0.88,0.9,172.43258196856044,10.959348216824331,8.644339367029737,8.644339367029737,10.959348216824331,1684.0,9.63140039958898,0.208,regular,普通,normal,正常骨料
1144,314.0,368.0,74.90825645015383,-0.0791627861465993,17.588206979870318,24.732501697351765,1640.4012738853503,1657.4108280254777,0.8532608695652174,0.7030530540081367,11.40127388535032,12.410828025477707,1629,1645,1655,1667,0.7,0.73,94.53569354069684,5.144360353049167,3.658347051813026,3.658347051813026,5.144360353049167,314.0,4.158945394966677,0.208,angular,棱角状,undersized,过小噪声(<5mm)
1145,171.0,203.0,54.47155591900303,1.103907038510132,13.968933482570002,17.470532360636945,1636.4269005847952,580.672514619883,0.8423645320197044,0.6005713874951499,6.426900584795321,8.67251461988304,1630,572,1647,589,0.72,0.74,26.750785718583806,3.633870731012484,2.90553816437456,2.90553816437456,3.633870731012484,171.0,3.069138233844343,0.208,angular,棱角状,undersized,过小噪声(<5mm)
1146,347.0,382.0,79.90649975558199,1.3798800870338916,15.043094738406957,31.210380700282315,1637.0806916426511,927.2305475504322,0.9083769633507852,0.8761766583255532,7.0806916426512965,15.230547550432275,1630,912,1647,942,0.68,0.83,10.9386947788133,6.491759185658721,3.128963705588647,3.128963705588647,6.491759185658721,347.0,4.372029983338113,0.208,needle_flaky,针片状候选,undersized,过小噪声(<5mm)
1147,576.0,617.0,101.8187118385132,-0.5593199883313648,17.80446211474071,42.25095103056098,1648.1840277777778,2022.640625,0.93354943273906,0.9068758505608562,18.18402777777778,14.640625,1630,2008,1668,2036,0.7,0.91,122.04667472869366,8.788197814356682,3.7033281198660672,3.7033281198660672,8.788197814356682,576.0,5.632868802140798,0.208,needle_flaky,针片状候选,undersized,过小噪声(<5mm)
1149,15936.0,16418.0,474.0990843741045,0.8819309090090183,121.86660769232785,168.20314302409733,1702.1312751004016,2106.9007279116468,0.970641978316482,0.6892533617189929,71.13127510040161,79.90072791164658,1631,2027,1773,2183,0.89,0.93,39.46908109164702,34.98625374901224,25.34825440000419,25.34825440000419,34.98625374901224,15936.0,29.62839014749695,0.208,regular,普通,normal,正常骨料
1150,3079.0,3390.0,240.63965045125656,1.5043596132892738,47.411784861621726,88.26639752159313,1661.9496589801884,955.0029230269568,0.908259587020649,0.8434904217800627,29.94965898018837,38.00292302695681,1632,917,1685,1006,0.67,0.77,3.806543288591982,18.35941068449137,9.86165125121732,9.86165125121732,18.35941068449137,3079.0,13.023365786450007,0.208,regular,普通,normal,正常骨料
1151,1777.0,1954.0,186.20756277835224,0.7205090984621431,41.61121188459918,62.086510273000776,1655.1913337084975,2215.8801350590884,0.9094165813715456,0.742168432685958,23.191333708497467,28.88013505908835,1632,2187,1692,2244,0.64,0.68,48.71786955734333,12.913994136784162,8.65513207199663,8.65513207199663,12.913994136784162,1777.0,9.893776790179826,0.208,regular,普通,normal,正常骨料
1153,281.0,313.0,73.79753571561425,0.8901430190595613,14.53949232517662,27.318440922203184,1644.3914590747331,994.7508896797152,0.8977635782747604,0.8466044400770167,11.391459074733095,10.750889679715302,1633,984,1653,1012,0.65,0.75,38.99856184485394,5.682235711818262,3.024214403636737,3.024214403636737,5.682235711818262,281.0,3.934336973547335,0.208,angular,棱角状,undersized,过小噪声(<5mm)
1154,1065.0,1110.0,120.64514779677044,-1.395518323637673,34.943095389747725,39.37061015336349,1651.2704225352113,1200.2103286384977,0.9594594594594594,0.4607255766287285,17.270422535211267,18.210328638497653,1634,1182,1668,1220,0.92,0.92,169.95731017761037,8.189086911899604,7.268163841067526,7.268163841067526,8.189086911899604,1065.0,7.659372623233871,0.208,round,圆形,normal,正常骨料
1155,236.0,282.0,65.29290893935547,0.3939268686494578,14.566129086004178,23.1238118776063,1643.6101694915253,2407.360169491525,0.8368794326241135,0.7766608133625944,9.610169491525424,9.360169491525424,1634,2398,1653,2417,0.7,0.75,67.42965298958173,4.80975287054211,3.029754849888869,3.029754849888869,4.80975287054211,236.0,3.6055738539887945,0.208,angular,棱角状,undersized,过小噪声(<5mm)
1156,1331.0,1392.0,139.32048245109738,-0.6310527935694163,32.13064105027819,53.827409254655976,1660.0653643876783,1164.0360631104434,0.9561781609195402,0.8023009848450884,25.06536438767844,21.03606311044328,1635,1143,1683,1184,0.86,0.95,126.15666172146794,11.196101124968443,6.683173338457864,6.683173338457864,11.196101124968443,1331.0,8.562634808749861,0.208,regular,普通,normal,正常骨料
1157,14297.0,14781.0,454.6778198024788,-1.3360036398691526,122.16349676361412,152.7457866248764,1700.9495698398266,2506.043225851577,0.9672552601312496,0.6002891083790451,65.94956983982654,82.04322585157725,1635,2424,1761,2582,0.87,0.89,166.5473699786184,31.77112361797429,25.41000732683173,25.41000732683173,31.77112361797429,14297.0,28.063436597821468,0.208,regular,普通,normal,正常骨料
1158,1134.0,1171.0,129.47509714417134,1.418075629638353,27.956357665704186,52.19544349435184,1650.7654320987654,1878.4497354497355,0.968403074295474,0.8444660012791286,14.765432098765432,23.44973544973545,1636,1855,1665,1905,0.85,0.98,8.750251391365538,10.856652246825185,5.81492239446647,5.81492239446647,10.856652246825185,1134.0,7.903599435846976,0.208,regular,普通,normal,正常骨料
1159,182.0,193.0,53.36083518446344,1.0172023632108966,12.694759863080408,19.2487184033724,1643.478021978022,979.631868131868,0.9430051813471504,0.7516940761477672,6.478021978021978,10.631868131868131,1637,969,1652,988,0.8,0.86,31.718597677282183,4.003733427901459,2.640510051520725,2.640510051520725,4.003733427901459,182.0,3.1663147807416143,0.208,regular,普通,undersized,过小噪声(<5mm)
1160,686.0,709.0,95.44024175631912,0.2664719892615545,27.595992452155585,32.21350094263696,1652.466472303207,1281.9344023323615,0.9675599435825106,0.5158827271512537,15.466472303206997,11.934402332361516,1637,1270,1670,1297,0.95,0.95,74.73227965685753,6.700408196068488,5.739966430048361,5.739966430048361,6.700408196068488,686.0,6.147244005658759,0.208,round,圆形,normal,正常骨料
1161,658.0,684.0,95.90031734857445,0.5103650225829817,23.770813229156456,35.49988206702641,1654.545592705167,1382.676291793313,0.9619883040935672,0.7427195715372096,17.545592705167174,12.67629179331307,1637,1370,1671,1398,0.9,0.95,60.7582381948962,7.383975469941493,4.944329151664543,4.944329151664543,7.383975469941493,658.0,6.020483092454602,0.208,regular,普通,undersized,过小噪声(<5mm)
1162,943.0,986.0,117.54302338927933,0.2092641789327058,26.957753798277583,44.871589661045874,1658.6670201484624,2181.801696712619,0.9563894523326572,0.7994177523666093,21.66702014846236,13.8016967126193,1637,2168,1681,2196,0.86,0.94,78.01004574388548,9.333290649497542,5.6072127900417374,5.6072127900417374,9.333290649497542,943.0,7.207327232102551,0.208,regular,普通,normal,正常骨料
1163,1753.0,1881.0,170.80857379872828,-0.6780060109758759,36.375407143694,64.59537346182579,1666.466628636623,2377.895607529949,0.9319510898458266,0.8263702787733123,29.46662863662293,27.89560752994866,1637,2350,1693,2403,0.76,0.85,128.84688291341826,13.435837680059764,7.566084685888351,7.566084685888351,13.435837680059764,1753.0,9.82673744016695,0.208,regular,普通,normal,正常骨料
1164,312.0,329.0,65.52294673548312,0.907074247417014,19.071887146951088,21.28265301149143,1645.4038461538462,2424.323717948718,0.9483282674772036,0.4438046130402327,8.403846153846153,10.323717948717947,1637,2414,1657,2435,0.91,0.92,38.02847391799968,4.426791826390217,3.966952526565826,3.966952526565826,4.426791826390217,312.0,4.1456791876588435,0.208,regular,普通,undersized,过小噪声(<5mm)
1166,532.0,558.0,86.61029240891821,1.1528094225501977,22.833160619056525,30.719957716323368,1651.0056390977445,1246.7312030075188,0.953405017921147,0.6689938148804,12.00563909774436,12.731203007518795,1639,1234,1663,1262,0.89,0.92,23.94888550496012,6.38975120499526,4.7492974087637565,4.7492974087637565,6.38975120499526,532.0,5.4134510040214225,0.208,regular,普通,undersized,过小噪声(<5mm)
1169,354.0,410.0,78.7004942460279,-0.3980295343660708,17.538378395126777,28.776604816412625,1654.69209039548,1644.8559322033898,0.8634146341463415,0.7928117747348504,14.692090395480228,12.85593220338983,1640,1632,1667,1655,0.72,0.79,112.80541244073322,5.985533801813826,3.6479827061863697,3.6479827061863697,5.985533801813826,354.0,4.415908086096382,0.208,angular,棱角状,undersized,过小噪声(<5mm)
1170,651.0,730.0,101.9139966135277,-0.2007316948553853,26.301199593993942,33.787019229321984,1660.5391705069123,1304.287250384025,0.8917808219178082,0.6277178314821654,18.53917050691244,15.287250384024578,1642,1289,1677,1318,0.79,0.81,101.50107892972149,7.027699999698973,5.47064951555074,5.47064951555074,7.027699999698973,651.0,5.988373620348664,0.208,angular,棱角状,normal,正常骨料
1171,562.0,599.0,92.8934777160978,0.6421441733711696,21.46209234210698,34.52259461891643,1657.6085409252669,1673.3274021352313,0.9382303839732888,0.7832693600145232,15.608540925266905,13.327402135231315,1642,1660,1674,1689,0.82,0.89,53.20784902691496,7.180699680734617,4.464115207158252,4.464115207158252,7.180699680734617,562.0,5.563992706936558,0.208,regular,普通,undersized,过小噪声(<5mm)
1172,1638.0,1759.0,158.41642445158092,1.089354200018096,37.32430315602478,58.740506122304176,1666.0115995115996,479.467032967033,0.93121091529278,0.7721749618376726,23.01159951159952,27.467032967032967,1643,452,1686,511,0.82,0.88,27.58460194411299,12.218025273439268,7.763455056453155,7.763455056453155,12.218025273439268,1638.0,9.498944342224844,0.208,regular,普通,normal,正常骨料
1174,313.0,333.0,65.75298453161079,-0.5626768100225036,18.44351854987973,21.942489725860803,1652.517571884984,1325.3290734824282,0.93993993993994,0.541751027527412,9.517571884984026,9.329073482428116,1643,1316,1665,1336,0.91,0.92,122.23900644417388,4.564037862979046,3.836251858374984,3.836251858374984,4.564037862979046,313.0,4.152317589329014,0.208,regular,普通,undersized,过小噪声(<5mm)
1177,2136.0,2399.0,194.57743653349783,1.131803728174564,40.2589674324825,73.29898123666813,1670.9573970037454,853.2233146067416,0.8903709879116298,0.8356625520745643,24.95739700374532,34.223314606741575,1646,819,1694,894,0.71,0.81,25.152423138425632,15.24618809722697,8.37386522595636,8.37386522595636,15.24618809722697,2136.0,10.847234236295884,0.208,angular,棱角状,normal,正常骨料
1180,1621.0,2033.0,187.49250478010367,-0.2720408672754126,42.38177971199534,56.4920802112045,1683.7557063541024,444.72115977791486,0.7973438268568618,0.6611824367750041,35.75570635410241,24.721159777914867,1648,420,1713,473,0.58,0.6,105.58679354995974,11.750352683930537,8.81541018009503,8.81541018009503,11.750352683930537,1621.0,9.449523332444192,0.208,angular,棱角状,normal,正常骨料
1181,222.0,251.0,63.5315430625316,-1.4831497841236596,13.4325523300189,22.107725044740363,1655.6801801801803,814.6756756756756,0.8844621513944223,0.7942466959629563,7.68018018018018,11.675675675675675,1648,803,1664,827,0.69,0.76,174.97822301602486,4.598406809305995,2.7939708846439317,2.7939708846439317,4.598406809305995,222.0,3.4969939544242425,0.208,angular,棱角状,undersized,过小噪声(<5mm)
1182,243.0,259.0,59.96934306278516,-0.8036381637885629,14.444703323133604,21.983328935631587,1658.744855967078,1729.20987654321,0.9382239382239382,0.753824912201787,9.74485596707819,10.209876543209877,1649,1719,1669,1739,0.85,0.91,136.04507504072785,4.572532418611369,3.0044982912117897,3.0044982912117897,4.572532418611369,243.0,3.6586556091290645,0.208,regular,普通,undersized,过小噪声(<5mm)
1183,9440.0,9894.0,366.8778701668237,-1.2686094798636125,105.28888242103838,115.53633324694438,1700.7976694915253,766.0478813559322,0.9541136042045684,0.4117311002331426,50.79766949152543,57.047881355932205,1650,709,1757,826,0.88,0.88,162.6859690464716,24.03155731536443,21.90008754357598,21.90008754357598,24.03155731536443,9440.0,22.80365130111194,0.208,round,圆形,normal,正常骨料
1184,1587.0,1959.0,197.16366881981784,0.9680490182544488,27.93998311391404,80.62381797763996,1678.34404536862,1876.0592312539384,0.8101071975497703,0.9380324224072184,27.34404536862004,36.05923125393825,1651,1840,1711,1908,0.51,0.75,34.53487689223729,16.76975413934911,5.81151648769412,5.81151648769412,16.76975413934911,1587.0,9.349897667774275,0.208,needle_flaky,针片状候选,normal,正常骨料
1185,129.0,138.0,41.9841217968412,-0.012201203795932,12.652753535929712,13.186504886705084,1658.7829457364342,1003.2015503875969,0.9347826086956522,0.2816305843002776,6.782945736434108,7.2015503875969,1652,996,1666,1010,0.92,0.92,90.6990774824859,2.742793016434657,2.63177273547338,2.63177273547338,2.742793016434657,129.0,2.665712137606281,0.208,regular,普通,undersized,过小噪声(<5mm)
1186,538.0,613.0,98.1217588176536,-0.7837982823156757,22.609456753612204,32.65309829587025,1667.8513011152415,1963.8810408921927,0.8776508972267537,0.7215005836551867,15.851301115241636,12.881040892193308,1652,1951,1683,1980,0.7,0.74,134.90833356629162,6.791844445541012,4.702767004751338,4.702767004751338,6.791844445541012,538.0,5.443892393032863,0.208,angular,棱角状,undersized,过小噪声(<5mm)
1188,285.0,317.0,70.42590526589679,1.3165839095397958,13.548826015217225,28.52640447924784,1658.5719298245615,2413.477192982456,0.8990536277602523,0.8800088054909972,6.571929824561403,13.47719298245614,1652,2400,1669,2426,0.72,0.88,14.56529860853594,5.933492131683551,2.8181558111651825,2.8181558111651825,5.933492131683551,285.0,3.9622404222958623,0.208,needle_flaky,针片状候选,undersized,过小噪声(<5mm)
1189,750.0,782.0,104.0401533075924,-0.9821763544239288,25.45615914487169,38.47215411800922,1668.788,1353.6213333333333,0.959079283887468,0.7497885519477197,15.788,18.62133333333333,1653,1335,1683,1371,0.87,0.93,146.27455984603642,8.002208056545918,5.294881102133312,5.294881102133312,8.002208056545918,750.0,6.427602721665875,0.208,regular,普通,normal,正常骨料
1190,1345.0,1434.0,160.35201159561666,0.7836886122901522,24.785323672517617,70.38828221357836,1679.2193308550186,2001.3122676579928,0.9379358437935844,0.9359537847422574,26.219330855018587,27.312267657992564,1653,1974,1706,2028,0.66,0.96,45.09795006330998,14.6407627004243,5.155347323883664,5.155347323883664,14.6407627004243,1345.0,8.6075496494242,0.208,needle_flaky,针片状候选,normal,正常骨料
1194,339.0,361.0,70.56065828700996,0.4925725414691471,16.382645118532153,26.620223292503464,1667.4631268436578,2433.690265486726,0.9390581717451524,0.788198554511858,12.463126843657816,9.690265486725664,1655,2424,1680,2445,0.86,0.93,61.77767226978514,5.537006444840721,3.407590184654688,3.407590184654688,5.537006444840721,339.0,4.3213380670690515,0.208,regular,普通,undersized,过小噪声(<5mm)
1195,243.0,263.0,61.86546196072221,-0.7744241546623108,14.550075633372352,22.231600335725627,1665.440329218107,1333.2057613168724,0.9239543726235742,0.7560817344296228,9.440329218106996,9.205761316872428,1656,1324,1677,1344,0.8,0.85,134.37123561513692,4.624172869830931,3.026415731741449,3.026415731741449,4.624172869830931,243.0,3.6586556091290645,0.208,regular,普通,undersized,过小噪声(<5mm)
1197,2131.0,2374.0,197.3937066159455,-0.930880900497086,35.71070474144515,79.25946632278055,1684.6367902393242,1418.295166588456,0.8976411120471778,0.8927489531997489,26.63679023932426,33.29516658845613,1658,1385,1715,1455,0.69,0.86,143.33554682782056,16.485968995138354,7.427826586220591,7.427826586220591,16.485968995138354,2131.0,10.834531065013955,0.208,needle_flaky,针片状候选,normal,正常骨料
1199,2581.0,2655.0,188.33371947241696,0.1681641279083409,47.62712686160642,69.41203788538517,1692.6156528477334,1749.5218907400233,0.9721280602636536,0.7274593110778791,34.61565284773344,23.521890740023245,1658,1726,1728,1776,0.91,0.96,80.36490520535392,14.437703880160116,9.906442387214137,9.906442387214137,14.437703880160116,2581.0,11.923737226528116,0.208,regular,普通,normal,正常骨料
1200,535.0,590.0,94.0041984506374,0.3290795201329618,22.5242260145952,32.60307900306262,1672.6579439252337,1906.190654205608,0.9067796610169492,0.7229867195308574,14.657943925233646,15.190654205607476,1658,1891,1691,1918,0.76,0.8,71.14513237219089,6.781440432637024,4.685039011035801,4.685039011035801,6.781440432637024,535.0,5.428693036075148,0.208,regular,普通,undersized,过小噪声(<5mm)
1205,7887.0,8997.0,374.9618895969258,0.244528464769055,78.23981256629271,142.30765219340563,1727.5307467985292,1263.147711423862,0.8766255418472825,0.8353006534247568,66.53074679852922,46.14771142386205,1661,1217,1793,1311,0.7,0.8,75.98955099791971,29.59999165622837,16.273881013788884,16.273881013788884,29.59999165622837,7887.0,20.84367604520397,0.208,angular,棱角状,normal,正常骨料
1206,819.0,882.0,111.8546666954682,-0.3625784822087458,27.88921277066165,38.35204620239807,1678.92673992674,2404.6837606837607,0.9285714285714286,0.686436557782805,17.926739926739927,14.683760683760685,1661,2390,1701,2421,0.82,0.85,110.77421677282034,7.977225610098799,5.800956256297623,5.800956256297623,7.977225610098799,819.0,6.716767958500776,0.208,regular,普通,normal,正常骨料
1210,740.0,798.0,106.72167036892688,1.509110168824226,25.10729145154322,38.909361260347474,1675.1027027027028,1659.35,0.9273182957393484,0.7639492158390002,13.102702702702702,17.35,1662,1642,1689,1683,0.82,0.88,3.5343565060966995,8.093147142152274,5.2223166219209896,5.2223166219209896,8.093147142152274,740.0,6.384608240991168,0.208,regular,普通,normal,正常骨料
1211,363.0,397.0,78.01038085764496,1.2751602458879192,17.00254401474764,29.29812259561259,1671.66391184573,658.7603305785124,0.9143576826196472,0.814382278973893,8.663911845730027,12.760330578512397,1663,646,1682,674,0.75,0.84,16.938699707757948,6.094009499887418,3.5365291550675093,3.5365291550675093,6.094009499887418,363.0,4.471690188935523,0.208,regular,普通,undersized,过小噪声(<5mm)
1213,491.0,549.0,92.01279477768584,1.038191608663012,20.053994971832257,34.09729634768505,1677.8940936863544,1029.010183299389,0.8943533697632058,0.8087588995165069,13.89409368635438,15.010183299389002,1664,1014,1692,1048,0.73,0.81,30.51600249771181,7.092237640318491,4.171230954141109,4.171230954141109,7.092237640318491,491.0,5.200668121572481,0.208,angular,棱角状,undersized,过小噪声(<5mm)
1214,372.0,421.0,83.27813020529943,0.3891635355040546,14.806802880927302,34.2463564483543,1679.6693548387098,1104.8198924731182,0.8836104513064132,0.9017004010058288,15.669354838709678,8.81989247311828,1664,1096,1697,1116,0.67,0.86,67.7025718752281,7.123242141257694,3.0798149992328785,3.0798149992328785,7.123242141257694,372.0,4.526784959194882,0.208,needle_flaky,针片状候选,undersized,过小噪声(<5mm)
1215,374.0,430.0,78.47045644990025,0.3754355303463454,18.73219321144063,27.67531864841352,1676.5802139037432,1713.5508021390374,0.8697674418604651,0.7361158572699558,12.580213903743315,10.550802139037431,1664,1703,1689,1726,0.76,0.81,68.48912863189867,5.756466278870012,3.896296187979651,3.896296187979651,5.756466278870012,374.0,4.538937423904394,0.208,angular,棱角状,undersized,过小噪声(<5mm)
1218,218.0,238.0,56.923035184209866,0.4247290646740994,15.725867567954612,18.25426682962052,1673.426605504587,1634.532110091743,0.9159663865546218,0.5077746074065427,8.426605504587156,7.532110091743119,1665,1627,1684,1643,0.85,0.85,65.66481715763513,3.796887500561068,3.270980454134559,3.270980454134559,3.796887500561068,218.0,3.4653462993799065,0.208,regular,普通,undersized,过小噪声(<5mm)
1219,200.0,218.0,53.91619555173324,1.0570752512389452,14.359988351528116,18.03498640265573,1671.995,2018.91,0.9174311926605504,0.6049946863158769,6.995,8.91,1665,2010,1681,2028,0.86,0.88,29.43404947627729,3.751277171752392,2.986877577117848,2.986877577117848,3.751277171752392,200.0,3.31919977293992,0.208,regular,普通,undersized,过小噪声(<5mm)
1220,558.0,607.0,96.1303551447021,0.6272701218797387,19.83248459157061,36.93097824031875,1684.521505376344,1697.1272401433691,0.9192751235584844,0.8435727746414656,18.521505376344088,12.127240143369177,1666,1685,1701,1713,0.76,0.87,54.060069401634216,7.6816434739863,4.125156795046687,4.125156795046687,7.6816434739863,558.0,5.544156662666516,0.208,regular,普通,undersized,过小噪声(<5mm)
1221,863.0,1005.0,123.92149347147338,-1.1932465611803371,25.596893454580083,46.37971164924564,1685.2665121668597,998.090382387022,0.8587064676616916,0.8339112913089648,18.26651216685979,23.09038238702201,1667,975,1701,1021,0.71,0.8,158.36799187413231,9.646980023043094,5.3241538385526574,5.3241538385526574,9.646980023043094,863.0,6.894833643934656,0.208,angular,棱角状,normal,正常骨料
1222,656.0,691.0,99.13719477717872,-0.7236045416062499,26.61240728786104,33.241694023223,1680.278963414634,1191.126524390244,0.9493487698986977,0.5992350549943831,13.278963414634148,13.126524390243905,1667,1178,1700,1208,0.84,0.85,131.4594862705367,6.914272356830383,5.535380715875096,5.535380715875096,6.914272356830383,656.0,6.011326458877847,0.208,regular,普通,normal,正常骨料
1224,1021.0,1090.0,122.12065934855084,-1.1201837780390775,33.09766717533149,40.162313237398834,1683.6219392752205,1932.20763956905,0.936697247706422,0.5664477869703104,16.621939275220374,18.207639569049952,1667,1914,1702,1954,0.86,0.87,154.18180276065854,8.353761153378958,6.884314772468949,6.884314772468949,8.353761153378958,1021.0,7.499481969599897,0.208,regular,普通,normal,正常骨料
1225,642.0,710.0,105.61094963438728,-1.4873172529995855,22.554366817783656,38.16560662906722,1679.8956386292834,1491.9641744548287,0.904225352112676,0.8067004781088326,11.89563862928349,15.96417445482866,1668,1476,1692,1515,0.72,0.8,175.21700139386752,7.938446178845981,4.691308298099,4.691308298099,7.938446178845981,642.0,5.9468352672591305,0.208,regular,普通,undersized,过小噪声(<5mm)
1226,649.0,707.0,111.62462889934054,-1.345829479593757,19.75007376584423,44.62055159413745,1678.7627118644068,1835.228043143297,0.917963224893918,0.8967078963248536,10.76271186440678,21.22804314329738,1668,1814,1691,1858,0.65,0.83,167.11034912501026,9.28107473158059,4.1080153432956,4.1080153432956,9.28107473158059,649.0,5.979167813798249,0.208,needle_flaky,针片状候选,undersized,过小噪声(<5mm)
1227,9579.0,10091.0,420.83353396465554,0.5594867292331612,81.06234761628693,161.4457726509495,1730.0734941016808,617.7569683683057,0.9492617183628976,0.864808039640804,61.07349410168076,67.75696836830566,1669,550,1815,666,0.68,0.81,57.9437717213612,33.58072071139749,16.86096830418768,16.86096830418768,33.58072071139749,9579.0,22.970924844679633,0.208,regular,普通,normal,正常骨料
1228,218.0,233.0,58.39854673599027,0.6292571775689791,13.815186020879237,21.518281418954828,1678.52752293578,1088.9954128440368,0.9356223175965666,0.7666871505171938,9.527522935779816,9.995412844036696,1669,1079,1689,1098,0.8,0.86,53.94621949698328,4.475802535142604,2.8735586923428813,2.8735586923428813,4.475802535142604,218.0,3.4653462993799065,0.208,regular,普通,undersized,过小噪声(<5mm)
1229,790.0,982.0,131.2759312670939,-1.4505577505755438,25.775569863079483,44.1818298140705,1680.8645569620253,1381.0088607594937,0.8044806517311609,0.8121867616242329,11.864556962025317,26.008860759493672,1669,1355,1700,1404,0.58,0.64,173.11083704796903,9.189820601326662,5.361318531520532,5.361318531520532,9.189820601326662,790.0,6.596779075738662,0.208,angular,棱角状,normal,正常骨料
1231,189.0,200.0,51.13939371538426,0.4905842946250354,13.38093252271502,18.440107604916506,1678.2857142857142,1284.809523809524,0.945,0.6880715309738843,8.285714285714286,7.809523809523809,1670,1277,1688,1293,0.91,0.94,61.89159042258295,3.835542381822633,2.783233964724724,2.783233964724724,3.835542381822633,189.0,3.2266309581956802,0.208,regular,普通,undersized,过小噪声(<5mm)
1232,1184.0,1316.0,145.33416171605063,0.1137520548059549,28.637894544182963,55.87682491470085,1698.5219594594594,1463.712837837838,0.8996960486322189,0.8586763105498793,28.52195945945946,14.71283783783784,1670,1449,1724,1481,0.7,0.83,83.48248734867795,11.622379582257777,5.956682065190056,5.956682065190056,11.622379582257777,1184.0,8.075961603765322,0.208,angular,棱角状,normal,正常骨料
1234,125.0,136.0,43.97552546979273,1.346949072024252,12.435604566614252,14.034187794910071,1677.696,1326.304,0.9191176470588236,0.4635062661442382,6.696,5.304,1671,1321,1684,1335,0.81,0.82,12.825502953947606,2.9191110613412947,2.586605749855764,2.586605749855764,2.9191110613412947,125.0,2.6240578229009666,0.208,regular,普通,undersized,过小噪声(<5mm)
1238,13613.0,14453.0,473.123116660678,-1.16157628552211,120.8580369587466,154.99769741772363,1756.1582311026225,1174.3181517666935,0.9418805784266242,0.6261023882247997,81.1582311026225,87.3181517666936,1675,1087,1825,1240,0.76,0.78,156.55341874289996,32.23952106288651,25.13847168741929,25.13847168741929,32.23952106288651,13613.0,27.38390103119285,0.208,regular,普通,normal,正常骨料
1239,199.0,208.0,51.13939371538426,1.0535944223661278,14.130663362592664,18.06804076626628,1682.4371859296482,1301.854271356784,0.9567307692307692,0.6231773458830755,7.437185929648241,8.85427135678392,1675,1293,1691,1311,0.96,0.98,29.633486279897014,3.758152479383386,2.939177979419274,2.939177979419274,3.758152479383386,199.0,3.3108913749957116,0.208,regular,普通,undersized,过小噪声(<5mm)
1240,504.0,534.0,88.41112653184076,1.5470927981588405,19.89819358811463,32.91428069682405,1687.2738095238096,1969.202380952381,0.9438202247191012,0.7965703042411911,11.273809523809524,17.202380952380953,1676,1952,1698,1986,0.81,0.89,1.358112150413504,6.846170384939402,4.138824266327843,4.138824266327843,6.846170384939402,504.0,5.26906629056465,0.208,regular,普通,undersized,过小噪声(<5mm)
1244,1920.0,2261.0,196.3388024103217,0.4021168576347126,38.72552567444646,69.16574721870009,1706.05,668.959375,0.8491817779743477,0.8285638663227136,28.05,27.959375,1678,641,1740,692,0.63,0.71,66.96040118646799,14.386475421489616,8.054909340284864,8.054909340284864,14.386475421489616,1920.0,10.2841643546654,0.208,angular,棱角状,normal,正常骨料
1245,26542.0,27252.0,609.7226138043422,-1.3819906433887523,165.6890622110287,205.69963214555528,1757.4238188531383,319.41315650666866,0.9739468662850432,0.5926089324439698,78.42381885313843,107.41315650666868,1679,212,1847,425,0.9,0.91,169.18223119274475,42.78552348627549,34.463324939893965,34.463324939893965,42.78552348627549,26542.0,38.237123759228396,0.208,round,圆形,normal,正常骨料
1246,536.0,561.0,86.28496983777606,-0.7160645814790763,22.319356952596284,31.13896737861021,1692.136194029851,1165.3768656716418,0.9554367201426024,0.6973136478800219,13.136194029850746,11.376865671641792,1679,1154,1707,1180,0.9,0.94,131.0274783775527,6.476905214750924,4.642426246140027,4.642426246140027,6.476905214750924,536.0,5.433764212366436,0.208,regular,普通,undersized,过小噪声(<5mm)
1247,631.0,660.0,95.34495698130463,0.8276933147643232,21.976307920137263,36.95574353059626,1693.4136291600637,2214.6212361331222,0.956060606060606,0.8039731785355986,14.413629160063392,16.62123613312203,1679,2198,1709,2230,0.87,0.96,42.57666633281109,7.686794654364021,4.57107204738855,4.57107204738855,7.686794654364021,631.0,5.895668741001256,0.208,regular,普通,undersized,过小噪声(<5mm)
1248,2979.0,3112.0,208.67513522855324,-0.0211216376413368,53.19232009019537,72.7025777588312,1719.052702249077,1514.6592816381335,0.9572622107969152,0.6816881708350976,39.05270224907687,28.659281638133603,1680,1486,1757,1545,0.86,0.89,91.21018069325324,15.122136173836887,11.064002578760638,11.064002578760638,15.122136173836887,2979.0,12.810133209351664,0.208,regular,普通,normal,正常骨料
1249,325.0,352.0,82.62748506301516,0.7010928243101207,13.934550430959776,32.48702851057329,1696.64,1994.793846153846,0.9232954545454546,0.90333934845749,16.64,9.793846153846154,1680,1985,1708,2011,0.6,0.77,49.83034012012317,6.757301930199244,2.898386489639633,2.898386489639633,6.757301930199244,325.0,4.231166102933348,0.208,needle_flaky,针片状候选,undersized,过小噪声(<5mm)
1250,931.0,982.0,117.40827036816614,1.3259531138768146,26.372716155176462,45.77624771226333,1693.8238453276049,945.6777658431794,0.9480651731160896,0.817363517452319,12.823845327604726,21.677765843179376,1681,924,1708,968,0.85,0.95,14.028482742629096,9.521459524150773,5.485524960276704,5.485524960276704,9.521459524150773,931.0,7.161322545636801,0.208,regular,普通,normal,正常骨料
1251,690.0,752.0,109.17314963413372,-1.4139390380342924,23.13390645463508,40.33575102972052,1691.6521739130435,1335.3463768115942,0.9175531914893617,0.8191820724023996,10.652173913043478,21.346376811594205,1681,1314,1706,1357,0.73,0.81,171.01273936815255,8.389836214181868,4.811852542564097,4.811852542564097,8.389836214181868,690.0,6.165139950379166,0.208,regular,普通,undersized,过小噪声(<5mm)
1252,157.0,171.0,47.67247849065232,-1.271917885296914,13.826791954298018,14.88118364508084,1687.312101910828,1638.7261146496814,0.9181286549707602,0.3697130627192783,6.312101910828026,6.726114649681529,1681,1632,1696,1648,0.87,0.87,162.87552671471792,3.0952861981768147,2.875972726493988,2.875972726493988,3.0952861981768147,157.0,2.9408184913655018,0.208,regular,普通,undersized,过小噪声(<5mm)
1254,1073.0,1118.0,121.75586853131004,-0.5568503693627587,34.54364209671229,40.19311799866853,1699.2656104380242,904.3867660764212,0.9597495527728086,0.5112337485640677,17.265610438024233,17.38676607642125,1682,887,1720,922,0.91,0.92,121.90517598478706,8.360168543723054,7.185077556116156,7.185077556116156,8.360168543723054,1073.0,7.688086398243186,0.208,round,圆形,normal,正常骨料
1255,215.0,236.0,61.730708939609045,0.8772451229856003,12.308868965116996,23.54708889484086,1689.6186046511627,971.5953488372091,0.9110169491525424,0.8524957145369026,7.618604651162791,9.595348837209302,1682,962,1699,984,0.71,0.83,39.73755685449026,4.897794490126899,2.560244744744335,2.560244744744335,4.897794490126899,215.0,3.441419571577367,0.208,regular,普通,undersized,过小噪声(<5mm)
1256,224.0,243.0,59.183944899387726,-1.0380650956401312,14.135686971465448,20.91777254959473,1690.633928571429,474.3883928571428,0.9218106995884774,0.7371088736307569,7.633928571428571,9.388392857142858,1683,465,1701,486,0.8,0.85,149.47674884002367,4.350896690315704,2.9402228900648133,2.9402228900648133,4.350896690315704,224.0,3.512710860376434,0.208,regular,普通,undersized,过小噪声(<5mm)
1258,1253.0,1346.0,137.84497089931696,1.5133077327538706,35.4943206121264,46.66244139264187,1700.9712689545092,1842.047885075818,0.9309063893016344,0.6491487882562144,17.971268954509178,25.04788507581804,1683,1817,1720,1864,0.83,0.85,3.293853808691722,9.705787809669507,7.382818687322291,7.382818687322291,9.705787809669507,1253.0,8.307951064267764,0.208,regular,普通,normal,正常骨料
1259,1297.0,1550.0,159.94775253227715,0.1896503799896307,28.61873542819724,65.15658229712858,1712.5666923670008,701.5250578257518,0.8367741935483871,0.8983745739748971,28.566692367000773,15.525057825751734,1684,686,1742,720,0.64,0.81,79.13383364354183,13.552569117802744,5.952696969065025,5.952696969065025,13.552569117802744,1297.0,8.452562336679833,0.208,needle_flaky,针片状候选,normal,正常骨料
1260,1657.0,1754.0,158.5117092265954,0.8087506033243885,36.121649436311465,59.76602409684314,1708.1363910681955,2662.8998189499093,0.9446978335233752,0.7966928902083888,24.13639106819553,24.89981894990948,1684,2638,1731,2689,0.83,0.91,43.66200375085353,12.431333012143371,7.513303082752785,7.513303082752785,12.431333012143371,1657.0,9.55387706087379,0.208,regular,普通,normal,正常骨料
1261,1072.0,1132.0,125.12749898102749,1.32121982543517,31.803439591859814,44.007920372107804,1702.0205223880596,1673.8190298507463,0.9469964664310954,0.6911876210748349,17.020522388059703,19.81902985074627,1685,1654,1719,1697,0.86,0.89,14.299680193553373,9.153647437398424,6.615115435106841,6.615115435106841,9.153647437398424,1072.0,7.684503043866172,0.208,regular,普通,normal,正常骨料
1263,2122.0,2223.0,174.69609636961684,0.3568478839576228,46.276682177889874,60.49004693408979,1716.7111215834118,493.7483506126296,0.954565901934323,0.6439950040394176,30.71112158341188,24.7483506126296,1686,469,1745,519,0.87,0.9,69.55412232105405,12.581929762290676,9.625549893001091,9.625549893001091,12.581929762290676,2122.0,10.81162774413648,0.208,regular,普通,normal,正常骨料
1264,778.0,828.0,108.61778926686392,-0.1469096593746001,24.86917342511296,40.73163318998412,1706.987146529563,1307.7056555269924,0.9396135265700484,0.7919687265487517,20.98714652956298,14.705655526992288,1686,1293,1728,1320,0.83,0.91,98.41730345186912,8.472179703516698,5.172788072423495,5.172788072423495,8.472179703516698,778.0,6.546485236074575,0.208,regular,普通,normal,正常骨料
1265,575.0,597.0,90.3072454297778,-0.8396909595932877,21.97272438831824,33.839513507856296,1699.848695652174,1438.8295652173913,0.9631490787269682,0.7605140117568773,13.848695652173912,14.829565217391304,1686,1424,1713,1454,0.89,0.95,138.1107480799855,7.03861880963411,4.570326672770194,4.570326672770194,7.03861880963411,575.0,5.62797703499825,0.208,regular,普通,undersized,过小噪声(<5mm)
1267,415.0,467.0,84.94421130710882,1.1653838184018928,16.92363174399568,33.16763094415385,1696.6,2191.662650602409,0.8886509635974305,0.8600288440064618,10.6,13.662650602409638,1686,2178,1709,2208,0.72,0.85,23.22842569273118,6.8988672363840005,3.520115402751101,3.520115402751101,6.8988672363840005,415.0,4.781260900674649,0.208,angular,棱角状,undersized,过小噪声(<5mm)
1268,415.0,461.0,81.8420868996177,-0.7168656269287877,21.34276376484573,26.95110999166655,1700.6024096385545,2386.8265060240965,0.9002169197396963,0.6106421424166779,14.602409638554215,10.826506024096386,1686,2376,1714,2402,0.78,0.79,131.07337490101935,5.605830878266642,4.439294863087912,4.439294863087912,5.605830878266642,415.0,4.781260900674649,0.208,regular,普通,undersized,过小噪声(<5mm)
1270,6406.0,6799.0,319.47489771839764,-0.3470837550361472,71.80627396518102,116.36356192469812,1744.5950671245707,1347.0093662191696,0.9421973819679365,0.7868960602333047,57.59506712457072,43.00936621916953,1687,1304,1799,1386,0.79,0.86,109.88643430112376,24.20362088033721,14.93570498475765,14.93570498475765,24.20362088033721,6406.0,18.785028636120888,0.208,regular,普通,normal,正常骨料
1271,455.0,518.0,88.31584175682626,1.171228742165885,21.254296524070178,30.473966224677227,1700.1934065934065,1873.6087912087912,0.8783783783783784,0.7166261405728808,13.193406593406593,11.608791208791208,1687,1862,1714,1892,0.73,0.77,22.89353622947872,6.338584974732863,4.420893677006597,4.420893677006597,6.338584974732863,455.0,5.006383248100073,0.208,angular,棱角状,undersized,过小噪声(<5mm)
1272,996.0,1040.0,121.56529898128106,-0.5237360012054794,29.60349009369708,44.83773134172535,1705.073293172691,2418.114457831325,0.9576923076923076,0.751058091184689,18.073293172690764,16.1144578313253,1687,2402,1728,2438,0.85,0.9,120.00786244813256,9.326248119078873,6.157525939488992,6.157525939488992,9.326248119078873,996.0,7.407097536874238,0.208,regular,普通,normal,正常骨料
1273,411.0,437.0,84.84892653209434,-1.1983294982236865,16.733230952125076,33.10992925204985,1697.3065693430658,847.367396593674,0.9405034324942791,0.8628945110684675,8.306569343065693,14.367396593673966,1689,833,1710,867,0.72,0.85,158.6592227142469,6.886865284426369,3.480512038042016,3.480512038042016,6.886865284426369,411.0,4.758162886836312,0.208,regular,普通,undersized,过小噪声(<5mm)
1274,503.0,541.0,84.94421130710883,-0.6843780484731804,23.241017943217543,28.13012742579167,1702.252485089463,1717.0834990059643,0.9297597042513864,0.5633817912077496,13.25248508946322,13.083499005964216,1689,1704,1716,1730,0.88,0.89,129.2119737689129,5.851066504564667,4.834131732189249,4.834131732189249,5.851066504564667,503.0,5.263836446803919,0.208,regular,普通,undersized,过小噪声(<5mm)
1276,298.0,331.0,68.20446379681762,-0.6927826732201874,16.682605756535082,23.96822218806124,1700.0704697986578,1484.7080536912752,0.9003021148036254,0.7180125367236115,9.07046979865772,8.708053691275168,1691,1476,1712,1498,0.81,0.85,129.6935232953076,4.9853902151167375,3.469981997359297,3.469981997359297,4.9853902151167375,298.0,4.051599662812181,0.208,regular,普通,undersized,过小噪声(<5mm)
1277,444.0,485.0,84.29356616482454,1.2013217472509663,21.57765977329612,27.39662756149644,1704.8896396396397,1911.6148648648648,0.9154639175257732,0.6161833133891305,13.88963963963964,13.614864864864863,1691,1898,1717,1927,0.79,0.8,21.16933404523781,5.69849853279126,4.488153232845592,4.488153232845592,5.69849853279126,444.0,4.945496277883485,0.208,regular,普通,undersized,过小噪声(<5mm)
1278,3116.0,3263.0,220.5119242084308,-0.9877628549895356,47.82843274712106,84.56899817104038,1725.0946726572529,855.6566110397946,0.9549494330370824,0.824710475427962,33.094672657252886,42.65661103979461,1692,813,1757,892,0.81,0.91,146.59464275069314,17.5903516195764,9.94831401140118,9.94831401140118,17.5903516195764,3116.0,13.101382275440374,0.208,regular,普通,normal,正常骨料
1279,314.0,337.0,66.30834489888058,-0.1109504099173624,17.198582317254214,23.694902635101915,1703.5796178343949,2032.608280254777,0.9317507418397626,0.6878691752581516,11.579617834394904,9.60828025477707,1692,2023,1715,2042,0.9,0.93,96.3569902235113,4.928539748101198,3.5773051219888763,3.5773051219888763,4.928539748101198,314.0,4.158945394966677,0.208,regular,普通,undersized,过小噪声(<5mm)
1280,825.0,905.0,116.89237824699502,0.4706415353342905,28.764208215103107,40.47468348561221,1712.7769696969697,425.61939393939394,0.9116022099447514,0.7035238957815232,19.776969696969697,15.61939393939394,1693,410,1734,445,0.76,0.79,63.03422636178794,8.41873416500734,5.982955308741446,5.982955308741446,8.41873416500734,825.0,6.741326607005717,0.208,regular,普通,normal,正常骨料
1281,778.0,908.0,119.01853494105973,-1.2401121946188252,25.09573043763247,42.9492617505516,1711.0989717223651,1940.556555269923,0.8568281938325991,0.8115297510164241,17.09897172236504,19.55655526992288,1694,1921,1728,1965,0.69,0.77,161.05319487436483,8.933446444114733,5.2199119310275535,5.2199119310275535,8.933446444114733,778.0,6.546485236074575,0.208,angular,棱角状,normal,正常骨料
1283,643.0,720.0,103.81011551146474,1.3990108008805309,24.32992549996327,35.153546434360855,1709.353032659409,977.199066874028,0.8930555555555556,0.7217973724317617,14.35303265940902,20.199066874027995,1695,957,1722,995,0.75,0.79,9.842585616328392,7.311937658347057,5.06062450399236,5.06062450399236,7.311937658347057,643.0,5.9514649567632,0.208,angular,棱角状,normal,正常骨料
1284,546.0,681.0,106.58691734781372,1.2869385265811268,19.45937250330424,41.342714069493134,1706.3333333333333,1981.981684981685,0.801762114537445,0.8823016216058641,11.333333333333334,16.98168498168498,1695,1965,1719,2004,0.6,0.74,16.263853934116725,8.599284526454571,4.047549480687281,4.047549480687281,8.599284526454571,546.0,5.484218073000786,0.208,needle_flaky,针片状候选,undersized,过小噪声(<5mm)
1285,2478.0,2630.0,193.46671579895823,-0.0828310612542412,54.88561604871772,60.31648752863621,1724.3805488297014,1796.086359967716,0.9422053231939164,0.414695119761539,28.38054882970137,29.0863599677159,1696,1767,1760,1826,0.83,0.83,94.74587022245764,12.545829405956331,11.416208138133284,11.416208138133284,12.545829405956331,2478.0,11.68339460833023,0.208,regular,普通,normal,正常骨料
1288,446.0,502.0,98.02647404263912,0.8486565732104653,16.786053788607386,38.10635051397549,1715.0874439461884,527.4103139013453,0.8884462151394422,0.8977499531609715,15.08744394618834,12.410313901345292,1700,515,1731,548,0.58,0.74,41.37556009900518,7.926120906906902,3.4914991880303363,3.4914991880303363,7.926120906906902,446.0,4.956622267823749,0.208,needle_flaky,针片状候选,undersized,过小噪声(<5mm)
1289,210.0,220.0,56.50242783805322,-0.6453917413696225,12.552372376214368,21.854888095570143,1710.661904761905,828.9904761904762,0.9545454545454546,0.8186092859400784,10.66190476190476,7.9904761904761905,1700,821,1721,838,0.83,0.92,126.97822291307814,4.545816723878589,2.6108934542525883,2.6108934542525883,4.545816723878589,210.0,3.4011676655699636,0.208,regular,普通,undersized,过小噪声(<5mm)
1290,719.0,761.0,104.92083624600431,-0.0326038019432597,27.923226813524217,34.58840193510241,1720.6411682892906,2233.162726008345,0.9448094612352168,0.5901408699643146,19.64116828929068,14.162726008344924,1701,2219,1736,2248,0.82,0.83,91.8680602474292,7.194387602501301,5.808031177213037,5.808031177213037,7.194387602501301,719.0,6.2933638256500375,0.208,regular,普通,normal,正常骨料
1292,411.0,438.0,78.79577902104239,-1.4981072808351796,20.293639050413315,27.002240039552685,1713.8783454987831,931.5328467153284,0.9383561643835616,0.6596716774560271,10.878345498783457,12.532846715328468,1703,919,1724,946,0.83,0.86,175.83522444967576,5.616465928226958,4.221076922485969,4.221076922485969,5.616465928226958,411.0,4.758162886836312,0.208,regular,普通,undersized,过小噪声(<5mm)
1293,757.0,811.0,111.16455330708524,1.3619876741542414,29.90084986772048,34.95408506470909,1717.7688243064729,2195.076618229855,0.933415536374846,0.5179148116172649,14.76882430647292,15.07661822985469,1703,2180,1735,2216,0.77,0.78,11.963854522122771,7.270449693459491,6.219376772485859,6.219376772485859,7.270449693459491,757.0,6.4575285363063255,0.208,regular,普通,normal,正常骨料
1295,268.0,294.0,68.2044637968176,0.0969840813281756,14.078865798589831,25.62671476280013,1715.7350746268658,2010.1716417910447,0.91156462585034,0.8355710561047138,11.735074626865671,7.1716417910447765,1704,2003,1732,2018,0.72,0.82,84.44322145994201,5.330356670662427,2.928404086106685,2.928404086106685,5.330356670662427,268.0,3.842251521933086,0.208,regular,普通,undersized,过小噪声(<5mm)
1298,510.0,548.0,87.53044359342881,-0.5855608307389335,22.49874329312084,29.65835943168016,1721.3980392156864,1695.790196078431,0.9306569343065694,0.6515600897049096,15.398039215686277,11.790196078431372,1706,1684,1736,1710,0.84,0.86,123.55016424951526,6.168938761789473,4.679738604969134,4.679738604969134,6.168938761789473,510.0,5.3003369881871905,0.208,regular,普通,undersized,过小噪声(<5mm)
1299,2904.0,3141.0,210.3412163303626,0.5888783996709105,58.76577877764889,64.99744152807054,1738.5223829201102,1891.4903581267213,0.9245463228271252,0.4272691232318374,31.5223829201102,34.490358126721766,1707,1857,1777,1924,0.82,0.83,56.25975305243874,13.519467837838672,12.223281985750967,12.223281985750967,13.519467837838672,2904.0,12.647849823846649,0.208,regular,普通,normal,正常骨料
1301,186.0,208.0,54.93163151125833,-0.3341934515487843,12.594084879016402,20.1721854042538,1718.1075268817203,2021.521505376344,0.8942307692307693,0.781161327045456,9.10752688172043,6.521505376344086,1709,2015,1728,2031,0.77,0.84,109.1478743146551,4.19581456408479,2.6195696548354115,2.6195696548354115,4.19581456408479,186.0,3.20092034161997,0.208,angular,棱角状,undersized,过小噪声(<5mm)
1302,247.0,302.0,67.87914122567547,0.2599839555157652,12.489110930474816,28.090265284825293,1723.4008097165993,1423.344129554656,0.8178807947019867,0.8957260597846546,13.40080971659919,6.34412955465587,1710,1417,1736,1434,0.67,0.85,75.10401660782972,5.84277517924366,2.597735073538761,2.597735073538761,5.84277517924366,247.0,3.688645091204256,0.208,needle_flaky,针片状候选,undersized,过小噪声(<5mm)
1303,570.0,630.0,98.44708138879577,1.3608534935966357,20.24635046846123,38.19177248286479,1721.8315789473684,1443.3122807017544,0.9047619047619048,0.8479205334703517,11.83157894736842,16.312280701754386,1710,1427,1732,1464,0.74,0.86,12.028838281279375,7.943888676435876,4.211240897439936,4.211240897439936,7.943888676435876,570.0,5.603454142593708,0.208,regular,普通,undersized,过小噪声(<5mm)
1304,767.0,870.0,114.6314685318172,1.3671627197159095,25.4722079703423,42.050721080656224,1725.7835723598434,1564.915254237288,0.8816091954022989,0.7956553322948319,15.783572359843546,16.915254237288135,1710,1548,1739,1588,0.73,0.8,11.66734625265127,8.746549984776495,5.298219257831198,5.298219257831198,8.746549984776495,767.0,6.500040704014455,0.208,angular,棱角状,normal,正常骨料
1306,330.0,403.0,77.91509608263047,-1.209820697297629,19.017187488621165,23.96692367292945,1721.960606060606,2360.6181818181817,0.8188585607940446,0.6086010658599079,8.960606060606061,12.61818181818182,1713,2348,1737,2373,0.68,0.7,159.31761992272845,4.985120123969326,3.955574997633202,3.955574997633202,4.985120123969326,330.0,4.263589305846575,0.208,angular,棱角状,undersized,过小噪声(<5mm)
1307,298.0,316.0,69.3151845313572,-1.2596414560642186,14.038125466647056,27.73376215984724,1722.8724832214766,906.1174496644296,0.9430379746835444,0.8624310364350982,8.87248322147651,12.11744966442953,1714,894,1732,919,0.78,0.92,162.17213913219345,5.768622529248226,2.919930097062588,2.919930097062588,5.768622529248226,298.0,4.051599662812181,0.208,regular,普通,undersized,过小噪声(<5mm)
1308,977.0,1022.0,115.51215147022911,1.4268411784832034,31.76271965832324,39.56564624502988,1728.8485158648923,1399.1965199590584,0.9559686888454012,0.5962681805363215,14.848515864892528,18.196519959058342,1714,1381,1745,1419,0.92,0.94,8.248022437439843,8.229654418966215,6.606645688931233,6.606645688931233,8.229654418966215,977.0,7.336107322222281,0.208,round,圆形,normal,正常骨料
1309,278.0,297.0,63.85686563367374,-0.8468224701463376,15.44894731261168,23.19796354581695,1723.6870503597122,1859.3093525179856,0.936026936026936,0.7459862393235465,9.68705035971223,10.309352517985612,1714,1849,1734,1869,0.86,0.91,138.5193535362283,4.825176417529925,3.2133810410232293,3.2133810410232293,4.825176417529925,278.0,3.9132788188974392,0.208,regular,普通,undersized,过小噪声(<5mm)
1310,5871.0,6003.0,282.75852526921096,0.990625964384346,77.60436985039651,97.62929936119367,1753.068472151252,1976.656787600068,0.9780109945027486,0.6067560323567788,39.06847215125192,47.65678760006813,1714,1929,1800,2021,0.92,0.94,33.24131316469996,20.30689426712828,16.141708928882473,16.141708928882473,20.30689426712828,5871.0,17.983508911776674,0.208,regular,普通,normal,正常骨料
1311,193.0,208.0,53.91619555173324,1.2896389593405255,14.910850800082894,17.497307691504187,1723.6528497409329,1015.5751295336788,0.9278846153846154,0.5232491966761558,8.652849740932643,9.575129533678757,1715,1006,1731,1024,0.83,0.84,16.109130534144313,3.639439999832871,3.101456966417242,3.101456966417242,3.639439999832871,193.0,3.2605964305691777,0.208,regular,普通,undersized,过小噪声(<5mm)
1314,987.0,1144.0,129.70513494029902,-0.3955495617472069,27.030984508309785,50.44448920657677,1738.1702127659576,2577.234042553192,0.8627622377622378,0.8443093617857107,23.170212765957448,21.23404255319149,1715,2556,1759,2593,0.74,0.85,112.6633204763643,10.492453754967968,5.622444777728435,5.622444777728435,10.492453754967968,987.0,7.373555790783548,0.208,angular,棱角状,normal,正常骨料
1315,27901.0,30033.0,718.8562951923773,1.4475806567148186,135.16135977288295,269.5161522108797,1788.2645424895163,984.6048170316476,0.9290114207704858,0.8651597750373947,71.2645424895165,138.6048170316476,1717,846,1865,1136,0.68,0.81,7.05973786546484,56.05935965986297,28.11356283275965,28.11356283275965,56.05935965986297,27901.0,39.20381027967995,0.208,regular,普通,normal,正常骨料
1316,581.0,606.0,88.41112653184076,-0.7593724466001488,23.858656996502987,31.27206701977011,1731.1944922547332,1094.0843373493976,0.9587458745874587,0.6464713313501195,14.194492254733218,14.08433734939759,1717,1080,1745,1108,0.93,0.96,133.508836268712,6.504589940112182,4.962600655272621,4.962600655272621,6.504589940112182,581.0,5.657264190441191,0.208,regular,普通,undersized,过小噪声(<5mm)
1317,196.0,208.0,55.94706747078343,1.14032218398702,12.932930812134837,20.204638837514253,1724.5102040816328,1732.5357142857142,0.9423076923076924,0.7682940173799746,7.510204081632653,9.535714285714286,1717,1723,1734,1744,0.79,0.85,24.66435157240322,4.202564878202964,2.690049608924046,2.690049608924046,4.202564878202964,196.0,3.2858401345821324,0.208,regular,普通,undersized,过小噪声(<5mm)
1318,166.0,187.0,53.13079738833578,0.2934369891583432,12.837691067820678,18.213987935215,1728.0060240963855,1483.433734939759,0.8877005347593583,0.7093802943586673,10.00602409638554,6.433734939759036,1718,1477,1736,1492,0.74,0.77,73.18729896820084,3.78850949052472,2.670239742106701,2.670239742106701,3.78850949052472,166.0,3.0239349067279977,0.208,angular,棱角状,undersized,过小噪声(<5mm)
1319,376.0,394.0,71.67137902154954,-0.1659270879524795,20.01154966453613,24.35688121929635,1728.9893617021276,2033.239361702128,0.9543147208121828,0.570068201149176,10.98936170212766,10.23936170212766,1718,2023,1743,2044,0.92,0.93,99.50692184657308,5.066231293613641,4.1624023302235145,4.1624023302235145,5.066231293613641,376.0,4.551057438601132,0.208,round,圆形,undersized,过小噪声(<5mm)
1320,292.0,318.0,67.41906563342016,0.2498610873468792,15.673630142193138,24.41401656858816,1730.2123287671234,1843.5958904109589,0.9182389937106918,0.76671041570956,11.212328767123289,8.595890410958905,1719,1835,1742,1853,0.81,0.87,75.6840142304742,5.078115446266336,3.2601150695761727,3.2601150695761727,5.078115446266336,292.0,4.0106043451977715,0.208,regular,普通,undersized,过小噪声(<5mm)
1321,789.0,878.0,114.11557641064606,-0.5667408372396155,25.83977866807346,41.38586519720871,1743.936628643853,1824.3168567807352,0.8986332574031891,0.7811348007531347,22.936628643852977,17.316856780735108,1721,1807,1763,1841,0.76,0.83,122.47185805154068,8.60825996101941,5.37467396295928,5.37467396295928,8.60825996101941,789.0,6.592602577013119,0.208,angular,棱角状,normal,正常骨料
1323,165.0,171.0,45.87164436772977,1.5169475665512049,14.050812472292384,15.044147289717584,1728.551515151515,1470.5272727272727,0.9649122807017544,0.3573461708978176,6.551515151515152,6.527272727272727,1722,1464,1736,1478,0.99,0.99,3.0853066939754115,3.129182636261257,2.922568994236816,2.922568994236816,3.129182636261257,165.0,3.0148129103585584,0.208,round,圆形,undersized,过小噪声(<5mm)
1324,2994.0,3095.0,211.0871462476614,0.4766131814897031,49.83411405382791,77.84067211369934,1760.1386105544425,542.3490313961256,0.9673667205169628,0.7682027571668366,37.13861055444222,27.349031396125586,1723,515,1798,573,0.84,0.91,62.69207624033728,16.190859799649463,10.365495723196204,10.365495723196204,16.190859799649463,2994.0,12.842343803850047,0.208,regular,普通,normal,正常骨料
1326,875.0,1056.0,141.08184832792125,1.3753861574920911,21.410684626238574,58.21060560917376,1736.9897142857144,2391.0,0.8285984848484849,0.9298993216972142,12.989714285714284,28.0,1724,2363,1753,2421,0.55,0.78,11.19617797498762,12.107805966708142,4.453422402257623,4.453422402257623,12.107805966708142,875.0,6.9426044252495265,0.208,needle_flaky,针片状候选,undersized,过小噪声(<5mm)
1327,1732.0,1850.0,159.52714518612052,0.6209070468629595,41.12058252168754,55.23387588398151,1748.8377598152424,1759.1252886836028,0.9362162162162162,0.6676434184062663,23.837759815242496,26.12528868360277,1725,1733,1776,1783,0.86,0.88,54.4246467448208,11.488646183868154,8.553081164511008,8.553081164511008,11.488646183868154,1732.0,9.767700577364513,0.208,regular,普通,normal,正常骨料
1328,1992.0,2256.0,187.68307433013263,0.9052582110332894,46.810427700138135,62.49759647806359,1760.1034136546184,2051.7048192771085,0.8829787234042553,0.6625749172827168,35.10341365461847,29.704819277108435,1725,2022,1782,2086,0.71,0.73,38.132525138229305,12.999500067437229,9.736568961628732,9.736568961628732,12.999500067437229,1992.0,10.475217794467893,0.208,angular,棱角状,normal,正常骨料
1331,2510.0,2613.0,189.76976277809868,0.4801781353316907,47.44509950582926,68.59562990079314,1760.4099601593623,1719.2928286852589,0.9605817068503636,0.7222198286416552,34.40996015936255,24.292828685258964,1726,1695,1791,1749,0.88,0.92,62.48781943103244,14.267891019364972,9.868580697212488,9.868580697212488,14.267891019364972,2510.0,11.758590201005791,0.208,regular,普通,normal,正常骨料
1333,193.0,210.0,56.04235224579793,-1.5057807230907183,13.32251092281425,19.27246991091262,1734.414507772021,2351.59585492228,0.919047619047619,0.722595037730345,7.414507772020725,9.595854922279791,1727,2342,1741,2363,0.77,0.81,176.27488030525546,4.008673741469825,2.771082271945364,2.771082271945364,4.008673741469825,193.0,3.2605964305691777,0.208,regular,普通,undersized,过小噪声(<5mm)
1334,175.0,185.0,51.4647162865264,0.64575088995144,12.371254634728722,19.05513615445306,1737.6171428571429,2426.6,0.945945945945946,0.7605881739891248,9.617142857142856,6.6,1728,2420,1745,2436,0.83,0.89,53.0011993889656,3.963468320126236,2.573220964023574,2.573220964023574,3.963468320126236,175.0,3.10482708714976,0.208,regular,普通,undersized,过小噪声(<5mm)
1335,261.0,290.0,69.3151845313572,-1.335491801583837,12.711594849908549,27.920180498698446,1735.8582375478927,2201.260536398468,0.9,0.8903465735280354,6.85823754789272,11.260536398467432,1729,2190,1744,2218,0.68,0.85,166.51804380507662,5.807397543729277,2.644011728780978,2.644011728780978,5.807397543729277,261.0,3.7917408545618145,0.208,needle_flaky,针片状候选,undersized,过小噪声(<5mm)
1339,478.0,504.0,83.83349057256923,0.596790227046566,23.260550282631392,27.7131275764536,1743.7071129707113,1676.435146443515,0.9484126984126984,0.5436171853301336,10.707112970711297,13.435146443514643,1733,1663,1759,1688,0.85,0.86,55.806438735577615,5.7643305359023485,4.83819445878733,4.83819445878733,5.7643305359023485,478.0,5.131358323788717,0.208,regular,普通,undersized,过小噪声(<5mm)
1341,1543.0,1610.0,150.64137930980377,0.9605431514031876,36.21751734892857,55.75364500861694,1756.9118600129618,482.0097213220998,0.9583850931677018,0.7602769334787899,22.911860012961764,27.009721322099807,1734,455,1783,507,0.85,0.92,34.96493138440172,11.596758161792325,7.533243608577141,7.533243608577141,11.596758161792325,1543.0,9.219372388002355,0.208,regular,普通,normal,正常骨料
1343,150.0,161.0,47.117118123382525,0.1152147341654748,12.731739752467602,15.710963001388292,1740.6133333333332,669.84,0.9316770186335404,0.5859143701388111,6.613333333333333,5.84,1734,664,1751,678,0.85,0.86,83.39868199459656,3.2678803042887647,2.648201868513261,2.648201868513261,3.2678803042887647,150.0,2.874511323601511,0.208,regular,普通,undersized,过小噪声(<5mm)
1344,4265.0,4478.0,256.99825886148983,-0.0503040540991387,58.08256457166696,96.2890024449021,1786.262837045721,815.6126611957797,0.9524341223760608,0.7975818146841122,52.262837045720985,28.6126611957796,1734,787,1837,849,0.81,0.89,92.88220999227842,20.028112508539635,12.081173430906729,12.081173430906729,20.028112508539635,4265.0,15.327732484111769,0.208,regular,普通,normal,正常骨料
1345,11408.0,12144.0,428.187971760276,-0.588673878120596,114.4991197740038,129.38085464739115,1798.0278751753156,1474.0839761570828,0.9393939393939394,0.4656341628448532,64.02787517531557,59.08397615708275,1734,1415,1860,1537,0.78,0.79,123.72852872590876,26.91121776665736,23.81581691299279,23.81581691299279,26.91121776665736,11408.0,25.06819997623122,0.208,regular,普通,normal,正常骨料
1346,2132.0,2215.0,172.7999774716798,1.294159682795215,50.28799546181669,55.75791303332753,1756.9821763602251,2228.83818011257,0.9625282167042888,0.4319473751931058,21.98217636022514,28.83818011257036,1735,2200,1786,2257,0.9,0.9,15.850112159844784,11.597645910932126,10.459903056057872,10.459903056057872,11.597645910932126,2132.0,10.837072890518725,0.208,round,圆形,normal,正常骨料
1348,2305.0,2555.0,195.0933286546689,1.1662941044108646,47.64293900334309,64.95691048567329,1760.965726681128,1562.8754880694144,0.9021526418786692,0.6797385384008059,23.965726681127983,30.87548806941432,1737,1532,1790,1596,0.76,0.79,23.176270146267285,13.511037381020044,9.909731312695362,9.909731312695362,13.511037381020044,2305.0,11.268182160587745,0.208,regular,普通,normal,正常骨料
1349,1076.0,1115.0,126.5077257577934,0.8947772617239722,27.59458001279152,49.897661705992725,1756.5055762081784,2702.8977695167287,0.9650224215246636,0.8331656482899031,19.50557620817844,19.897769516728623,1737,2683,1778,2726,0.84,0.96,38.73303929894374,10.378713634846486,5.739672642660636,5.739672642660636,10.378713634846486,1076.0,7.698826454326799,0.208,regular,普通,normal,正常骨料
1350,172.0,194.0,53.36083518446343,0.6508323054405237,13.188953802246264,18.405668746464865,1746.6802325581396,1855.563953488372,0.8865979381443299,0.697514977057404,8.680232558139535,7.563953488372093,1738,1848,1755,1865,0.76,0.79,52.7100557274887,3.828379099264692,2.743302390867223,2.743302390867223,3.828379099264692,172.0,3.078099240458078,0.208,angular,棱角状,undersized,过小噪声(<5mm)
1351,1888.0,1965.0,163.4146677570091,-1.3007875813054135,42.79508343701141,56.91932751429231,1758.801906779661,2360.667372881356,0.9608142493638676,0.6593284418885498,20.801906779661017,26.66737288135593,1738,2334,1781,2391,0.89,0.92,164.52963845183064,11.8392201229728,8.901377354898372,8.901377354898372,11.8392201229728,1888.0,10.198102888897566,0.208,regular,普通,normal,正常骨料
1352,579.0,607.0,91.2273966142884,1.012502026784686,22.81695044660509,32.59235657428905,1753.566493955095,686.0708117443869,0.9538714991762768,0.714073639456489,14.566493955094993,15.070811744386877,1739,671,1768,703,0.87,0.92,31.98790711679565,6.7792101674521215,4.7459256928938585,4.7459256928938585,6.7792101674521215,579.0,5.647518680723542,0.208,regular,普通,undersized,过小噪声(<5mm)
1353,270.0,293.0,64.96758636821333,1.0047798822180902,15.839105979350284,23.15086988958718,1751.1037037037038,1397.8370370370371,0.9215017064846416,0.7293235697585719,8.103703703703705,10.837037037037035,1743,1387,1762,1409,0.8,0.85,32.430353409251474,4.815380937034133,3.294534043704859,3.294534043704859,4.815380937034133,270.0,3.856561632999525,0.208,regular,普通,undersized,过小噪声(<5mm)
1354,6497.0,6895.0,348.37675677970856,1.290416098339378,58.36854572645526,145.74523426794727,1778.5148530090812,2476.3704786824687,0.9422770123277736,0.9163040178169294,35.514853009081115,72.37047868246883,1743,2404,1816,2545,0.67,0.9,16.064603749415042,30.31500872773303,12.140657511102694,12.140657511102694,30.31500872773303,6497.0,18.917982860370003,0.208,needle_flaky,针片状候选,normal,正常骨料
1355,1225.0,1430.0,146.0242751044336,0.6238072652696317,31.336033987269737,53.80574292024802,1767.648163265306,2193.918367346939,0.8566433566433567,0.81290809050478,23.648163265306124,22.918367346938776,1744,2171,1790,2219,0.72,0.8,54.25847647045232,11.191594527411588,6.517895069352105,6.517895069352105,11.191594527411588,1225.0,8.214600336455332,0.208,angular,棱角状,normal,正常骨料
1357,168.0,175.0,48.78319922519191,0.5039672311575504,12.792429755181832,17.5226934014905,1755.220238095238,1635.440476190476,0.96,0.6833945012155298,9.220238095238097,5.440476190476191,1746,1630,1763,1644,0.89,0.92,61.1248046417784,3.644720227510024,2.660825389077821,2.660825389077821,3.644720227510024,168.0,3.042096841235484,0.208,regular,普通,undersized,过小噪声(<5mm)
1358,300.0,320.0,67.18902783729251,-1.007645713998687,18.64526062137848,21.66117958019179,1754.6533333333334,735.4433333333334,0.9375,0.5089966835919987,7.653333333333333,9.443333333333332,1747,726,1766,748,0.84,0.84,147.7338466565712,4.505525352679892,3.878214209246724,3.878214209246724,4.505525352679892,300.0,4.0651728990322935,0.208,regular,普通,undersized,过小噪声(<5mm)
1359,276.0,297.0,62.746144899134144,0.2692497576883159,17.725023192578938,20.55948145942158,1756.159420289855,2622.0,0.9292929292929292,0.5066807360339939,9.159420289855072,9.0,1747,2613,1768,2633,0.88,0.89,74.57312524953942,4.276372143559688,3.686804824056419,3.686804824056419,4.276372143559688,276.0,3.899176867379126,0.208,regular,普通,undersized,过小噪声(<5mm)
1360,144.0,153.0,43.97552546979273,-0.0903252944504181,12.078974691294166,15.26447623092931,1755.173611111111,1383.2569444444443,0.9411764705882352,0.6114115870808731,7.173611111111111,5.256944444444445,1748,1378,1763,1390,0.94,0.95,95.1752581552854,3.1750110560332963,2.5124267357891865,2.5124267357891865,3.1750110560332963,144.0,2.816434401070399,0.208,regular,普通,undersized,过小噪声(<5mm)
1361,444.0,490.0,84.0635283686969,-1.5307794788918467,19.828295597527006,30.73793412896888,1758.1914414414414,1422.5405405405406,0.9061224489795918,0.76411863604312,9.19144144144144,16.54054054054054,1749,1406,1772,1437,0.79,0.85,177.7072035057383,6.393490298825527,4.124285484285617,4.124285484285617,6.393490298825527,444.0,4.945496277883485,0.208,regular,普通,undersized,过小噪声(<5mm)
1362,333.0,346.0,67.97442600068996,-0.2085307971285838,17.62499181297744,24.686183169868727,1759.06006006006,1594.96996996997,0.96242774566474,0.7001846511584041,10.06006006006006,7.96996996996997,1749,1587,1773,1605,0.91,0.94,101.94793457396663,5.134726099332695,3.665998297099308,3.665998297099308,5.134726099332695,333.0,4.282925410968484,0.208,regular,普通,undersized,过小噪声(<5mm)
1363,3586.0,4393.0,267.9543649029555,-0.8101255052744881,60.557171533634325,86.7588887329738,1784.0719464584497,1835.484383714445,0.8162986569542454,0.7161037446138888,35.071946458449524,39.484383714445066,1749,1796,1826,1885,0.63,0.66,136.4167723281315,18.04584885645855,12.59589167899594,12.59589167899594,18.04584885645855,3586.0,14.054763330950527,0.208,angular,棱角状,normal,正常骨料
1364,479.0,529.0,88.50641130685526,-1.4493825245612355,20.359970874574767,31.391471456345656,1760.419624217119,770.2526096033403,0.9054820415879016,0.7611440412239463,10.419624217118995,16.252609603340293,1750,754,1771,787,0.77,0.82,173.04350155737518,6.529426062919896,4.234873941911552,4.234873941911552,6.529426062919896,479.0,5.136723049063399,0.208,regular,普通,undersized,过小噪声(<5mm)
1365,1775.0,1830.0,157.63102628818348,-1.3871232613331768,40.00660164726132,57.17797231583627,1771.32,2649.320563380282,0.9699453551912568,0.7144509188659319,21.32,27.32056338028169,1750,2622,1793,2680,0.9,0.94,169.47630853881338,11.893018241693945,8.321373142630355,8.321373142630355,11.893018241693945,1775.0,9.888207537393933,0.208,regular,普通,normal,正常骨料
1367,1761.0,1847.0,166.4609756355844,-0.2904364459789472,41.52037074313676,57.29886988811986,1785.7143668370245,1913.804656445201,0.9534380075798592,0.6891401372223241,33.71436683702442,22.80465644520159,1752,1891,1813,1938,0.8,0.83,106.640782571373,11.91816493672893,8.636237114572445,8.636237114572445,11.91816493672893,1761.0,9.849134591591602,0.208,regular,普通,normal,正常骨料
1368,323.0,355.0,80.50132836895045,0.7861461580059882,13.641903658569207,33.05355561867237,1767.4767801857586,595.7770897832818,0.9098591549295776,0.910857397236552,14.476780185758514,9.777089783281731,1753,586,1780,612,0.63,0.82,44.95714306583212,6.875139568683853,2.837515960982395,2.837515960982395,6.875139568683853,323.0,4.218127039253955,0.208,needle_flaky,针片状候选,undersized,过小噪声(<5mm)
1369,227.0,240.0,61.5006711434814,0.6544762411098152,13.840546246451536,23.15140038778188,1764.2775330396476,669.920704845815,0.9458333333333332,0.8016246969051027,11.277533039647578,6.920704845814978,1753,663,1773,681,0.75,0.83,52.50127359282113,4.815491280658631,2.8788336192619197,2.8788336192619197,4.815491280658631,227.0,3.536155242010284,0.208,regular,普通,undersized,过小噪声(<5mm)
1370,1517.0,1580.0,147.0397110639587,-0.2385369147758181,42.4253046099603,47.45091773383801,1776.9947264337509,710.2155570204351,0.960126582278481,0.4478909787795568,23.994726433750824,24.21555702043507,1753,686,1804,731,0.88,0.89,103.6671584747262,9.869790888638306,8.824463358871743,8.824463358871743,9.869790888638306,1517.0,9.141367835363113,0.208,round,圆形,normal,正常骨料
1371,151.0,162.0,46.561757756112726,1.4072664159405412,12.2971736054876,16.019666142777766,1759.9006622516556,1805.0529801324503,0.9320987654320988,0.640893472708993,6.900662251655629,8.052980132450331,1753,1797,1767,1814,0.88,0.9,9.369573716105153,3.332090557697775,2.5578121099414206,2.5578121099414206,3.332090557697775,151.0,2.884077111517085,0.208,regular,普通,undersized,过小噪声(<5mm)
1372,2947.0,3371.0,229.8577656770028,0.8296491814141671,48.23416574370069,82.96645973565667,1784.8204954190703,2570.535799117747,0.8742212993177099,0.8136396948862092,31.82049541907024,42.53579911774686,1753,2528,1822,2605,0.7,0.78,42.46460342848464,17.257023625016586,10.032706474689745,10.032706474689745,17.257023625016586,2947.0,12.741145117300285,0.208,angular,棱角状,normal,正常骨料
1373,1396.0,1488.0,143.47751106421228,-0.3973935479429643,36.90652601728679,50.12973770796904,1780.1167621776503,1609.3997134670487,0.9381720430107529,0.6767420502257795,26.11676217765043,23.39971346704871,1754,1586,1805,1630,0.85,0.88,112.7689731028616,10.42698544325756,7.676557411595652,7.676557411595652,10.42698544325756,1396.0,8.769222781189745,0.208,regular,普通,normal,正常骨料
1375,653.0,690.0,104.13543808260688,-0.0411142605251623,19.598859380061995,42.96851368860875,1781.271056661562,1401.326186830015,0.946376811594203,0.8899175536623396,22.27105666156202,10.326186830015311,1759,1391,1803,1411,0.76,0.94,92.35567360589312,8.93745084723062,4.076562751052895,4.076562751052895,8.93745084723062,653.0,5.997565296702873,0.208,needle_flaky,针片状候选,undersized,过小噪声(<5mm)
1376,1766.0,1882.0,163.73999032815124,-1.444457480890445,36.70084563193926,62.85086558113006,1779.957531143828,2154.25651189128,0.9383634431455898,0.8118001250804755,20.95753114382786,30.25651189127973,1759,2124,1799,2184,0.83,0.92,172.76131734112124,13.072980040875052,7.633775891443365,7.633775891443365,13.072980040875052,1766.0,9.86310698419131,0.208,regular,普通,normal,正常骨料
1382,1385.0,1514.0,161.2885110629444,-0.1857019178080086,26.72435342629949,68.20908303609315,1797.2158844765345,1376.9927797833934,0.9147952443857332,0.9200501950666532,35.2158844765343,15.992779783393502,1762,1361,1830,1392,0.67,0.91,100.6399361378842,14.187489271507374,5.558665512670294,5.558665512670294,14.187489271507374,1385.0,8.734605222552394,0.208,needle_flaky,针片状候选,normal,正常骨料
1384,191.0,203.0,53.59087298059109,0.7468588374733224,13.153466772462313,19.33654626382813,1771.282722513089,1416.3612565445026,0.9408866995073892,0.732990677685866,8.282722513089006,7.361256544502618,1763,1409,1781,1426,0.84,0.88,47.208140720731535,4.0220016228762505,2.735921088672161,2.735921088672161,4.0220016228762505,191.0,3.2436581527210318,0.208,regular,普通,undersized,过小噪声(<5mm)
1386,1432.0,1586.0,149.91179767532216,0.0703056861296093,37.616236381584976,50.80264406267923,1789.4497206703911,1688.83030726257,0.9029003783102144,0.6721240552448985,25.449720670391063,18.830307262569832,1764,1670,1814,1710,0.8,0.83,85.97178090900194,10.56694996503728,7.824177167369674,7.824177167369674,10.56694996503728,1432.0,8.8815732767354,0.208,regular,普通,normal,正常骨料
1387,447.0,473.0,79.48589240942536,-0.200603599592272,21.48472867774031,27.5729873789415,1778.7718120805368,1778.829977628635,0.945031712473573,0.626781817837682,14.771812080536913,11.829977628635346,1764,1767,1793,1789,0.89,0.91,101.49373961176948,5.735181374819832,4.468823564969984,4.468823564969984,5.735181374819832,447.0,4.96217590796111,0.208,regular,普通,undersized,过小噪声(<5mm)
1388,302.0,320.0,64.96758636821333,-0.2408398522695264,16.410901434266307,23.893892383772265,1774.9039735099338,1795.771523178808,0.94375,0.7268236638146621,10.903973509933774,7.771523178807947,1764,1788,1787,1806,0.9,0.95,103.79910707359812,4.969929615824631,3.413467498327392,3.413467498327392,4.969929615824631,302.0,4.078700966037283,0.208,regular,普通,undersized,过小噪声(<5mm)
1389,1859.0,2159.0,190.32512314536848,0.4495474178341675,43.05165305153502,64.76186246351392,1800.0742334588488,742.0204410973641,0.8610467809170912,0.747049329075637,35.074233458848845,27.020441097364174,1765,715,1829,769,0.64,0.69,64.24283026709804,13.470467392410894,8.954743834719284,8.954743834719284,13.470467392410894,1859.0,10.119477501249836,0.208,angular,棱角状,normal,正常骨料
1391,1817.0,2028.0,186.5328853494944,-1.3972069161981888,40.454614826649454,67.0122954243019,1790.1205283434233,463.0390753990093,0.895956607495069,0.7972195838776698,23.120528343423224,37.03907539900936,1767,426,1810,497,0.66,0.72,170.0540594046451,13.938557448254794,8.414559883943086,8.414559883943086,13.938557448254794,1817.0,10.004510812650357,0.208,angular,棱角状,normal,正常骨料
1392,3327.0,3618.0,229.0165509846896,1.4952781728300952,62.04422880232643,71.22469729007587,1805.799819657349,2409.458370904719,0.9195688225538972,0.4910958442080509,38.79981965734896,33.45837090471897,1767,2376,1837,2453,0.8,0.8,4.326871498802262,14.81473703633578,12.905199590883896,12.905199590883896,14.81473703633578,3327.0,13.537697162080605,0.208,regular,普通,normal,正常骨料
1393,816.0,902.0,119.53442706223086,1.1969650765536144,23.93208246604496,45.764947652589605,1780.9178921568628,767.3161764705883,0.9046563192904656,0.8523727026595297,12.917892156862743,21.31617647058824,1768,746,1798,788,0.72,0.84,21.41895288892441,9.519109111738638,4.977873152937351,4.977873152937351,9.519109111738638,816.0,6.704454899643402,0.208,regular,普通,undersized,过小噪声(<5mm)
1395,297.0,321.0,68.43450159294528,1.0258764741998443,18.367424136230056,21.78294000295605,1778.5050505050506,426.4107744107744,0.9252336448598132,0.5375964627485321,9.505050505050503,11.41077441077441,1769,415,1790,436,0.8,0.81,31.221607726587425,4.530851520614858,3.8204242203358514,3.8204242203358514,4.530851520614858,297.0,4.04479596420343,0.208,regular,普通,undersized,过小噪声(<5mm)
1398,1393.0,1539.0,149.777044654209,0.5100814580745813,39.08390910595378,49.93222745621558,1796.0193826274228,681.1593682699211,0.9051332033788174,0.622349924407522,25.01938262742283,16.159368269921035,1771,665,1818,708,0.78,0.8,60.77448524444725,10.38590331089284,8.129453094038386,8.129453094038386,10.38590331089284,1393.0,8.759795196187348,0.208,regular,普通,normal,正常骨料
1400,699.0,922.0,126.27768796166576,-0.7729906369967184,21.98666257792607,50.10917209527194,1791.095851216023,579.6852646638055,0.7581344902386117,0.8985968583758118,19.09585121602289,16.685264663805437,1772,563,1815,601,0.55,0.7,134.28910110304105,10.422707795816562,4.573225816208622,4.573225816208622,10.422707795816562,699.0,6.2052171218042025,0.208,needle_flaky,针片状候选,undersized,过小噪声(<5mm)
1401,233.0,266.0,65.52294673548312,-1.4127106204933817,14.27191881211247,23.00794933973865,1779.8497854077252,1645.5622317596567,0.8759398496240601,0.7843616345721065,7.849785407725322,11.562231759656653,1772,1634,1788,1658,0.68,0.74,170.9423562275785,4.785653462665639,2.9685591129193933,2.9685591129193933,4.785653462665639,233.0,3.582583775653731,0.208,angular,棱角状,undersized,过小噪声(<5mm)
1402,955.0,1123.0,131.41068428820705,-0.2781250999276583,30.59996248926575,43.38225385773374,1792.6952879581152,1752.1497382198952,0.8504007123775601,0.7088525629633089,20.695287958115184,16.149738219895287,1772,1736,1820,1774,0.69,0.73,105.9353944025091,9.023508802408616,6.364792197767276,6.364792197767276,9.023508802408616,955.0,7.253040125255621,0.208,angular,棱角状,normal,正常骨料
1403,2161.0,2270.0,192.2607102894042,-0.6289570235417085,34.36676011703223,81.23930129339783,1803.2410920869968,2681.4317445627025,0.9519823788546256,0.9061151104431066,31.24109208699676,27.43174456270245,1772,2654,1839,2712,0.73,0.95,126.03658294405024,16.89777466902675,7.148286104342703,7.148286104342703,16.89777466902675,2161.0,10.91052823967085,0.208,needle_flaky,针片状候选,normal,正常骨料
1405,821.0,871.0,107.73710632845196,0.4402429087511222,30.20118812545028,35.492585126218835,1792.4640682095005,2024.967113276492,0.9425947187141216,0.5253027136909263,18.46406820950061,17.967113276492082,1774,2007,1809,2042,0.89,0.9,64.77593936799768,7.382457706253517,6.281847130093658,6.281847130093658,7.382457706253517,821.0,6.7249641396567705,0.208,regular,普通,normal,正常骨料
1406,1481.0,1687.0,157.4962732670703,1.3603093264186283,36.56207914259221,55.97842309276061,1793.6090479405807,2354.185685347738,0.8778897451096621,0.757232061997761,18.609047940580687,28.185685347738016,1775,2326,1815,2379,0.75,0.8,12.060016763928743,11.643512003294203,7.60491246165918,7.60491246165918,11.643512003294203,1481.0,9.03224945500998,0.208,angular,棱角状,normal,正常骨料
1407,286.0,312.0,67.87914122567547,-1.2919090107282891,14.554910955273137,25.877350717860875,1785.2447552447552,1944.909090909091,0.9166666666666666,0.8268261720536021,9.244755244755243,10.909090909090908,1776,1934,1795,1959,0.78,0.88,164.02093382965236,5.382488949315062,3.0274214786968123,3.0274214786968123,5.382488949315062,286.0,3.969185634325852,0.208,regular,普通,undersized,过小噪声(<5mm)
1408,222.0,235.0,54.93163151125833,1.2007166961631843,15.02774031265063,19.251499449711925,1784.7252252252251,2085.711711711712,0.9446808510638298,0.6250296240144471,8.725225225225225,8.711711711711711,1776,2077,1793,2096,0.92,0.95,21.20400091895752,4.00431188554008,3.125769985031331,3.125769985031331,4.00431188554008,222.0,3.4969939544242425,0.208,regular,普通,undersized,过小噪声(<5mm)
1409,1538.0,1910.0,184.54148167654284,0.9295013092640872,29.59952148108164,76.80902457387094,1799.901820546164,521.0695708712614,0.8052356020942408,0.9227641622377062,22.90182054616385,30.06957087126138,1777,491,1836,551,0.57,0.78,36.74349792728352,15.976277111365157,6.156700468064981,6.156700468064981,15.976277111365157,1538.0,9.204422852647696,0.208,needle_flaky,针片状候选,normal,正常骨料
1411,4005.0,4153.0,253.57081188285656,-1.0817751714897457,49.54476358815433,104.20109506431623,1812.8843945068663,2225.3353308364544,0.9643631110040934,0.8797305411012426,35.884394506866414,49.33533083645443,1777,2176,1848,2273,0.78,0.95,151.98115170840327,21.673827773377777,10.3053108263361,10.3053108263361,21.673827773377777,4005.0,14.853187194403947,0.208,needle_flaky,针片状候选,normal,正常骨料
1412,1030.0,1094.0,121.8906215524232,0.06802185380842,33.47116208517864,40.47622139494072,1796.8718446601945,1547.9796116504854,0.9414990859232176,0.5622990522082646,18.87184466019417,14.979611650485436,1778,1533,1819,1568,0.87,0.88,86.10263486212165,8.41905405014767,6.962001713717157,6.962001713717157,8.41905405014767,1030.0,7.532462992496195,0.208,regular,普通,normal,正常骨料
1413,534.0,552.0,82.81805461304413,0.4361237077714693,24.79247169662913,27.49021853832261,1791.750936329588,2720.191011235955,0.967391304347826,0.4320175276510246,12.750936329588017,12.191011235955056,1779,2708,1805,2733,0.98,0.98,65.01195219909795,5.717965455971102,5.156834112898858,5.156834112898858,5.717965455971102,534.0,5.423617118147942,0.208,round,圆形,normal,正常骨料
1414,366.0,405.0,78.24041865377261,1.5468783460531714,16.62911331244215,30.369564003920967,1787.7185792349726,2055.5163934426228,0.9037037037037036,0.8367673957707625,7.718579234972678,14.51639344262295,1780,2041,1797,2071,0.75,0.86,1.3703993509760295,6.316869312815561,3.458855568987967,3.458855568987967,6.316869312815561,366.0,4.490130226709742,0.208,regular,普通,undersized,过小噪声(<5mm)
1416,1153.0,1211.0,136.4483958397339,-0.7669980517003775,29.25425580203303,52.204434914504624,1802.4171725932351,410.7328707718994,0.9521056977704376,0.828236476139988,21.41717259323504,18.7328707718994,1781,392,1828,436,0.78,0.88,133.94575125718853,10.85852246221696,6.08488520682287,6.08488520682287,10.85852246221696,1153.0,7.969536204819303,0.208,regular,普通,normal,正常骨料
1417,7225.0,7535.0,322.6164903719874,0.0837031075617979,87.03316689095097,107.1479161757093,1838.328719723184,1288.3071280276818,0.9588586595885866,0.5832799421873435,56.32871972318339,41.307128027681664,1782,1247,1895,1335,0.87,0.89,85.20416520457941,22.28676656454753,18.1028987133178,18.1028987133178,22.28676656454753,7225.0,19.949743674248662,0.208,round,圆形,normal,正常骨料
1419,1930.0,2015.0,169.33306224694786,0.1577687646317281,39.29212056264384,63.36797335786878,1817.1559585492228,1579.6725388601035,0.957816377171216,0.7845522108642095,32.155958549222795,19.67253886010363,1785,1560,1848,1601,0.85,0.92,80.96051564760913,13.180538458436706,8.172761077029918,8.172761077029918,13.180538458436706,1930.0,10.310911251213668,0.208,regular,普通,normal,正常骨料
1420,1604.0,1677.0,161.0979415129154,-0.968611993540808,33.25913878676306,63.33769793131204,1808.006234413965,1628.9438902743143,0.9564698867024448,0.8510355303403021,23.00623441396509,28.943890274314214,1785,1600,1831,1657,0.78,0.9,145.49737921564127,13.174241169712904,6.917900867646716,6.917900867646716,13.174241169712904,1604.0,9.399842488261653,0.208,regular,普通,normal,正常骨料
1422,1168.0,1426.0,158.74174702272308,-0.6168247651995848,27.773698864570303,62.59577194775682,1813.1207191780825,1656.849315068493,0.8190743338008415,0.8961757361462483,27.12071917808219,29.84931506849315,1786,1627,1837,1676,0.58,0.74,125.3414557450842,13.019920565133418,5.776929363830623,5.776929363830623,13.019920565133418,1168.0,8.021208690395543,0.208,needle_flaky,针片状候选,normal,正常骨料
1423,258.0,278.0,65.75298453161078,1.4029982598527173,15.189663094802698,24.222590759643666,1793.2364341085272,2197.2248062015506,0.9280575539568344,0.7789495129304163,7.236434108527132,11.224806201550388,1786,2186,1803,2211,0.75,0.81,9.614121046240529,5.038298878005882,3.1594499237189613,3.1594499237189613,5.038298878005882,258.0,3.7698862583853767,0.208,regular,普通,undersized,过小噪声(<5mm)
1424,746.0,783.0,106.95170816505453,-1.143560943321652,24.020494229002864,40.32428165212898,1800.4048257372654,2621.753351206434,0.9527458492975734,0.8032195285305853,14.404825737265416,19.75335120643432,1786,2602,1814,2643,0.82,0.9,155.5212156683298,8.387450583642828,4.996262799632596,4.996262799632596,8.387450583642828,746.0,6.410439532895765,0.208,regular,普通,undersized,过小噪声(<5mm)
1425,429.0,508.0,95.11491918517696,-1.1257839433788297,14.240964748109455,41.66253245871562,1799.0442890442891,2064.74358974359,0.844488188976378,0.9397665088086848,12.044289044289044,16.743589743589745,1787,2048,1812,2084,0.6,0.88,154.5026685992018,8.665806751412848,2.9621206676067664,2.9621206676067664,8.665806751412848,429.0,4.861239749241758,0.208,needle_flaky,针片状候选,undersized,过小噪声(<5mm)
1426,1595.0,1945.0,181.8599646152084,-0.3404047035776582,33.33036467372079,66.23306274620128,1820.6451410658308,2544.7611285266457,0.8200514138817481,0.8641533885557972,32.64514106583072,21.761128526645766,1788,2523,1853,2564,0.61,0.72,109.50375284140164,13.776477051209866,6.932715852133923,6.932715852133923,13.776477051209866,1595.0,9.37343426302005,0.208,angular,棱角状,normal,正常骨料
1428,467.0,484.0,85.63432469549178,0.829076040224083,18.751408492152493,32.95553429015883,1799.9550321199144,617.8351177730193,0.9648760330578512,0.8223436215729948,10.955032119914346,14.835117773019272,1789,603,1817,631,0.8,0.9,42.49744199974157,6.854751132353036,3.900292966367718,3.900292966367718,6.854751132353036,467.0,5.071971850751748,0.208,regular,普通,undersized,过小噪声(<5mm)
1431,348.0,411.0,87.16565277618801,-1.5564325543355493,17.21139640265464,32.301921837385905,1799.7183908045977,1972.0775862068965,0.8467153284671532,0.8462230195896931,9.718390804597702,11.077586206896552,1790,1961,1810,1994,0.58,0.66,179.17701646019316,6.718799742176268,3.579970451752165,3.579970451752165,6.718799742176268,348.0,4.378325206157131,0.208,angular,棱角状,undersized,过小噪声(<5mm)
1432,468.0,523.0,93.6394076333966,-1.4658016748902414,17.087735343282947,37.75973707685928,1797.4935897435898,2102.33547008547,0.8948374760994264,0.8917448583804967,7.493589743589744,18.335470085470085,1790,2084,1808,2122,0.67,0.84,173.98424957441804,7.85402531198673,3.554248951402853,3.554248951402853,7.85402531198673,468.0,5.077399323520018,0.208,needle_flaky,针片状候选,undersized,过小噪声(<5mm)
1433,16027.0,16918.0,524.8178707433322,0.4645075087982831,103.71551233808204,203.69618280438004,1894.0390590877887,615.4100580270793,0.947334200260078,0.8606673434431394,103.03905908778935,61.4100580270793,1791,554,1990,689,0.73,0.86,63.38568019372242,42.368806023311045,21.572826566321066,21.572826566321066,42.368806023311045,16027.0,29.712863836689753,0.208,regular,普通,normal,正常骨料
1435,842.0,1021.0,137.84497089931696,-0.1760013186069887,23.25426087250814,54.18570266526082,1811.0463182897863,1720.2149643705463,0.8246816846229187,0.903229144188474,20.046318289786225,12.21496437054632,1791,1708,1844,1736,0.56,0.72,100.08413274491778,11.27062615437425,4.836886261481693,4.836886261481693,11.27062615437425,842.0,6.810428534872191,0.208,needle_flaky,针片状候选,undersized,过小噪声(<5mm)
1436,1824.0,1964.0,166.92105122783968,-0.1201172717210753,47.23324191480972,51.65721774236578,1816.12774122807,1779.048245614035,0.9287169042769856,0.4049044586529894,25.12774122807017,23.04824561403509,1791,1756,1847,1810,0.82,0.83,96.88221271624371,10.74470129041208,9.82451431828042,9.82451431828042,10.74470129041208,1824.0,10.023763497313864,0.208,regular,普通,normal,正常骨料
1439,1568.0,2116.0,195.03751212575315,-1.3555286379579552,31.35305196530443,75.52560494568012,1816.345025510204,2299.2531887755104,0.7410207939508506,0.9097614524779596,23.34502551020408,35.2531887755102,1793,2264,1835,2338,0.52,0.68,167.6660699641078,15.709325828701465,6.521434808783321,6.521434808783321,15.709325828701465,1568.0,9.293759364231775,0.208,needle_flaky,针片状候选,normal,正常骨料
1441,420.0,444.0,80.9219357151071,1.5517640222276616,16.4354393387545,32.64802547325353,1803.3261904761905,2128.711904761905,0.945945945945946,0.8640459395341475,8.326190476190476,15.711904761904762,1795,2113,1812,2145,0.81,0.96,1.0904707261101263,6.790789298436734,3.4185713824609354,3.4185713824609354,6.790789298436734,420.0,4.809977440553882,0.208,regular,普通,undersized,过小噪声(<5mm)
1443,192.0,201.0,52.02007665379619,0.2522160186278808,13.176379141290743,19.333136980395498,1804.2083333333333,1412.7395833333333,0.9552238805970148,0.731777345982175,8.208333333333334,7.739583333333333,1796,1405,1815,1419,0.89,0.94,75.54908660702948,4.021292491922264,2.7406868613884745,2.7406868613884745,4.021292491922264,192.0,3.252138319225835,0.208,regular,普通,undersized,过小噪声(<5mm)
1445,1714.0,1996.0,185.4221646149548,-0.1634202853193365,33.93063842857708,71.29701773076462,1839.19544924154,1890.393232205368,0.8587174348697395,0.8794964550154561,42.19544924154026,19.39323220536756,1797,1871,1871,1908,0.63,0.76,99.3632926356217,14.82977968799904,7.057572793144033,7.057572793144033,14.82977968799904,1714.0,9.716812066058777,0.208,needle_flaky,针片状候选,normal,正常骨料
1446,506.0,538.0,86.05493204164841,1.0007692660066076,23.67913865362328,27.99096265076616,1809.1166007905133,2157.760869565217,0.9405204460966544,0.5332518052514986,12.116600790513834,12.76086956521739,1797,2145,1821,2173,0.86,0.87,32.66014479141617,5.822120231359361,4.9252608399536415,4.9252608399536415,5.822120231359361,506.0,5.279510436176026,0.208,regular,普通,undersized,过小噪声(<5mm)
1448,651.0,726.0,105.93627220552943,0.0701916001107779,22.329827440328224,38.774395937946174,1816.57910906298,638.5960061443932,0.8966942148760331,0.8175264539881837,18.57910906298003,11.59600614439324,1798,627,1838,654,0.73,0.81,85.97831755638242,8.065074355092804,4.64460410758827,4.64460410758827,8.065074355092804,651.0,5.988373620348664,0.208,angular,棱角状,undersized,过小噪声(<5mm)
1453,4125.0,4453.0,254.6815326173962,0.3114592794864766,63.65322354268599,87.59998294227108,1840.5941818181816,2080.4964848484847,0.9263417920503032,0.6870235890525149,41.594181818181816,40.49648484848485,1799,2040,1888,2119,0.8,0.83,72.15469779523934,18.220796451992385,13.239870496878686,13.239870496878686,18.220796451992385,4125.0,15.074064551792794,0.208,regular,普通,normal,正常骨料
1454,9849.0,10461.0,403.1178187409379,0.5034179973841757,88.74734518791935,143.548190949789,1863.903949639557,2013.9576606762107,0.9414969888156008,0.7859887664471034,63.90394963955732,53.95766067621079,1800,1960,1945,2066,0.76,0.83,61.15627341895882,29.858023717556108,18.459447799087226,18.459447799087226,29.858023717556108,9849.0,23.292411980064323,0.208,regular,普通,normal,正常骨料
1456,17419.0,17813.0,496.6782898821372,-1.427327703557211,124.30794616293171,180.47918537692232,1865.4569148630808,465.30679143464033,0.9778813226295402,0.7249836190504806,63.45691486308054,91.30679143464032,1802,374,1924,553,0.89,0.93,171.7798533959281,37.53967055839984,25.856052801889795,25.856052801889795,37.53967055839984,17419.0,30.976332962782234,0.208,regular,普通,normal,正常骨料
1457,1409.0,1553.0,160.1777903284048,1.570131294360691,29.56390332805193,62.19396722792035,1818.667139815472,1933.9815471965933,0.9072762395363811,0.8797967731915484,16.667139815471966,30.98154719659333,1802,1903,1835,1966,0.69,0.84,0.0381035517192884,12.936345183407433,6.1492918922348005,6.1492918922348005,12.936345183407433,1409.0,8.809959071968592,0.208,needle_flaky,针片状候选,normal,正常骨料
1458,1531.0,1697.0,160.63786592066012,1.344422523097966,34.89086713261363,58.40631663947675,1826.572175048988,715.0502939255389,0.9021803182086034,0.8019570158376994,23.57217504898759,28.050293925538863,1803,687,1845,746,0.75,0.82,12.970263544157106,12.148513861011164,7.257300363583634,7.257300363583634,12.148513861011164,1531.0,9.183452618743084,0.208,regular,普通,normal,正常骨料
1459,385.0,408.0,73.01213755221679,-0.8670853264551969,19.61529989302,25.277145740755977,1814.012987012987,1397.8623376623375,0.943627450980392,0.6307214785150567,11.012987012987011,11.862337662337662,1803,1386,1826,1410,0.91,0.93,139.68032968360598,5.257646314077243,4.079982377748159,4.079982377748159,5.257646314077243,385.0,4.605202789282737,0.208,regular,普通,undersized,过小噪声(<5mm)
1460,172.0,186.0,50.9093559192566,-0.2695937583565898,13.231185215266688,17.146935690221348,1813.0116279069769,1705.139534883721,0.9247311827956988,0.6360649120133063,10.011627906976743,7.1395348837209305,1803,1698,1822,1712,0.83,0.86,105.44658453690236,3.5665626235660404,2.752086524775471,2.752086524775471,3.5665626235660404,172.0,3.078099240458078,0.208,regular,普通,undersized,过小噪声(<5mm)
1463,1378.0,1455.0,145.60366775827697,-0.5911999702052314,40.49584966937016,44.82485061021321,1826.8715529753265,2704.843976777939,0.9470790378006873,0.428748086610518,23.87155297532656,24.84397677793904,1803,2680,1851,2727,0.82,0.82,123.87326314101978,9.323568926924349,8.423136731228993,8.423136731228993,9.323568926924349,1378.0,8.712504252176617,0.208,regular,普通,normal,正常骨料
1464,302.0,318.0,64.50751077595802,-0.2238536808395379,17.708479736537768,21.984912359293265,1813.41059602649,774.5927152317881,0.949685534591195,0.5926184733434571,9.410596026490069,8.592715231788079,1804,766,1825,784,0.91,0.93,102.82587114057408,4.572861770732999,3.683363785199856,3.683363785199856,4.572861770732999,302.0,4.078700966037283,0.208,regular,普通,undersized,过小噪声(<5mm)
1466,2044.0,2459.0,194.9980438796545,-0.0682377588267057,41.22848623263155,68.56330051888443,1836.2876712328768,1348.0474559686888,0.8312322082147214,0.7990082703722567,31.28767123287671,25.047455968688844,1805,1323,1870,1370,0.68,0.74,93.90973558420184,14.26116650792796,8.575525136387363,8.575525136387363,14.26116650792796,2044.0,10.611061704468348,0.208,angular,棱角状,normal,正常骨料
1467,4829.0,5340.0,305.4166672694409,-0.3683194447156597,61.76839353530324,105.79972408260328,1866.5920480430727,1530.201905156347,0.9043071161048688,0.8118804150064426,61.5920480430731,36.20190515634707,1805,1494,1916,1565,0.65,0.72,111.10314969480936,22.00634260918148,12.847825855343071,12.847825855343071,22.00634260918148,4829.0,16.30973846567336,0.208,regular,普通,normal,正常骨料
1468,564.0,612.0,109.53794045137452,1.0633016761858851,16.911743321795136,45.60548926071755,1818.5283687943263,2115.4645390070923,0.9215686274509804,0.92870199315138,13.52836879432624,22.4645390070922,1805,2093,1833,2138,0.59,0.83,29.07730160536267,9.48594176622925,3.5176426109333883,3.5176426109333883,9.48594176622925,564.0,5.573884257335279,0.208,needle_flaky,针片状候选,undersized,过小噪声(<5mm)
1471,751.0,931.0,120.22454045061382,-1.4045205773061016,26.502157271782178,43.080905947195326,1819.974700399468,847.1411451398136,0.8066595059076263,0.7883931064754754,13.974700399467377,19.14114513981358,1806,828,1839,869,0.65,0.71,170.4731013189175,8.960828437016627,5.512448712530693,5.512448712530693,8.960828437016627,751.0,6.4318863627422695,0.208,angular,棱角状,normal,正常骨料
1472,3266.0,3465.0,229.992518698116,0.383009462367942,51.96572005971733,82.42175434467389,1850.594917330068,1748.588181261482,0.9425685425685426,0.7762010362386725,44.59491733006736,26.58818126148193,1806,1722,1893,1782,0.78,0.84,68.0551742927422,17.143724903692167,10.808869772421204,10.808869772421204,17.143724903692167,3266.0,13.413017292046428,0.208,regular,普通,normal,正常骨料
1474,13174.0,13642.0,438.1681100883153,-0.4010649202942289,108.98994227144458,157.82699288608967,1876.5834218916048,2463.952558068924,0.9656941797390411,0.7232694605144089,69.58342189160467,61.95255806892364,1807,2402,1957,2530,0.86,0.91,112.97932724361009,32.82801452030665,22.66990799246047,22.66990799246047,32.82801452030665,13174.0,26.93873659676568,0.208,regular,普通,normal,正常骨料
1476,821.0,862.0,107.41178375730983,0.8750375913507853,29.45873686360024,36.16838742041641,1823.349573690621,1228.6540803897683,0.9524361948955916,0.5801796508357052,15.349573690621192,17.654080389768573,1808,1211,1842,1247,0.89,0.91,39.864039100306776,7.523024583446612,6.12741726762885,6.12741726762885,7.523024583446612,821.0,6.7249641396567705,0.208,round,圆形,normal,正常骨料
1477,1074.0,1141.0,130.29996355366748,-0.8658571640159636,29.967881004298285,47.582210772939234,1827.1787709497207,1866.217877094972,0.9412795793163892,0.7767470329811201,19.178770949720672,21.217877094972067,1808,1845,1851,1888,0.79,0.86,139.6099611592814,9.89709984077136,6.233319248894043,6.233319248894043,9.89709984077136,1074.0,7.6916680832258555,0.208,regular,普通,normal,正常骨料
1478,219.0,244.0,59.2792296744022,-1.522029216171074,14.59555442480667,20.597546499148287,1815.844748858448,2138.24200913242,0.8975409836065574,0.7056039191146344,7.844748858447488,11.242009132420092,1808,2127,1825,2148,0.78,0.82,177.20585038220736,4.284289671822844,3.035875320359787,3.035875320359787,4.284289671822844,219.0,3.473285247469524,0.208,angular,棱角状,undersized,过小噪声(<5mm)
1481,2348.0,3933.0,287.93098984185093,-0.281824573639203,35.40043590791611,127.70766773898876,1858.6392674616693,1128.0668654173764,0.5969997457411645,0.9608125324784136,49.63926746166951,26.06686541737649,1809,1102,1923,1160,0.36,0.61,106.1473586326002,26.56319488970966,7.363290668846551,7.363290668846551,26.56319488970966,2348.0,11.372801015480533,0.208,needle_flaky,针片状候选,normal,正常骨料
1482,487.0,512.0,82.9528076341573,0.9952658629426274,21.72550686867889,29.071939479586728,1820.7145790554407,1161.5564681724843,0.951171875,0.664485003322832,11.714579055441478,13.5564681724846,1809,1148,1835,1176,0.89,0.92,32.97546655994161,6.046963411754039,4.518905428685209,4.518905428685209,6.046963411754039,487.0,5.1794408161583,0.208,regular,普通,undersized,过小噪声(<5mm)
1483,957.0,1021.0,119.76446485835852,-0.3874891480292547,30.6428206256312,41.040395003194526,1831.3187042842208,1682.115987460815,0.9373163565132224,0.6652168253150631,20.318704284221525,16.115987460815045,1811,1666,1851,1698,0.84,0.87,112.2014927891963,8.53640216066446,6.373706690131289,6.373706690131289,8.53640216066446,957.0,7.260630959489329,0.208,regular,普通,normal,正常骨料
1485,826.0,912.0,116.33701787972524,0.842597728610611,31.01347130754126,37.20698042739542,1830.5193704600483,1811.36803874092,0.9057017543859648,0.5524605358478859,18.519370460048425,20.36803874092009,1812,1791,1852,1827,0.77,0.78,41.72270632330245,7.739051928898247,6.450802031968582,6.450802031968582,7.739051928898247,826.0,6.745411022168081,0.208,regular,普通,normal,正常骨料
1486,774.0,821.0,121.3352611851534,-1.4840538603866948,19.66539972996652,51.91266420837016,1821.1524547803613,2346.0090439276487,0.9427527405602923,0.9254715988769848,9.152454780361758,24.00904392764858,1812,2322,1833,2375,0.66,0.92,175.03002277025473,10.797834155340992,4.090403143833036,4.090403143833036,10.797834155340992,774.0,6.529634538279205,0.208,needle_flaky,针片状候选,undersized,过小噪声(<5mm)
1487,1996.0,2113.0,176.63168351365255,0.6781569357461149,40.12966792424096,64.61650346956604,1840.817635270541,671.1427855711423,0.9446284902981544,0.7837759939196014,27.81763527054108,25.142785571142284,1813,646,1874,701,0.8,0.87,51.144469734223065,13.440232721669735,8.34697092824212,8.34697092824212,13.440232721669735,1996.0,10.485729806941931,0.208,regular,普通,normal,正常骨料
1488,3005.0,3196.0,224.76423759656012,0.6880356470065963,45.56150315381367,86.16756281948074,1851.1361064891848,907.830615640599,0.9402377972465582,0.848774690660746,38.13610648918469,31.830615640599003,1813,876,1891,946,0.75,0.87,50.57846127196912,17.922853066451992,9.476792655993242,9.476792655993242,17.922853066451992,3005.0,12.865913654637332,0.208,regular,普通,normal,正常骨料
1489,230.0,241.0,58.8191540821469,-0.0954922672970178,12.817393800106316,23.40465620856348,1825.6782608695653,1411.8347826086956,0.9543568464730292,0.8367121691800932,10.678260869565218,6.834782608695652,1815,1405,1838,1418,0.84,0.95,95.47130389225426,4.868168491381204,2.666017910422114,2.666017910422114,4.868168491381204,230.0,3.559445209943128,0.208,regular,普通,undersized,过小噪声(<5mm)
1490,1494.0,1687.0,168.77770187967806,0.4437965694513405,35.977659683679725,59.75046031632156,1849.0816599732264,1841.196117804552,0.8855957320687611,0.7983966088487726,34.08165997322624,17.19611780455154,1815,1824,1873,1871,0.66,0.72,64.57232960805366,12.428095745794884,7.4833532142053825,7.4833532142053825,12.428095745794884,1494.0,9.071804720183994,0.208,angular,棱角状,normal,正常骨料
1491,454.0,488.0,83.08756065527045,-0.9347888242121524,22.76990122988256,26.33265787901594,1829.094713656388,2260.372246696036,0.930327868852459,0.5022852749117515,14.094713656387665,14.372246696035242,1815,2246,1843,2275,0.83,0.83,143.55945436335296,5.477192838835316,4.7361394558155725,4.7361394558155725,5.477192838835316,454.0,5.000878701907658,0.208,regular,普通,undersized,过小噪声(<5mm)
1492,167.0,179.0,51.23467849039874,-1.346188378098571,13.379640328235404,17.47833615134141,1823.1556886227545,1554.562874251497,0.9329608938547486,0.6434376636953391,7.155688622754491,9.562874251497004,1816,1545,1830,1563,0.8,0.82,167.13091249460962,3.635493919479013,2.782965188272964,2.782965188272964,3.635493919479013,167.0,3.0330294683354935,0.208,regular,普通,undersized,过小噪声(<5mm)
1493,196.0,209.0,57.38311077646517,-0.4774356707231518,12.473926861176938,21.45890135322825,1828.091836734694,557.4591836734694,0.937799043062201,0.8136937312640495,10.091836734693878,7.459183673469388,1818,550,1839,566,0.75,0.83,117.35504892143427,4.463451481471476,2.594576787124803,2.594576787124803,4.463451481471476,196.0,3.2858401345821324,0.208,regular,普通,undersized,过小噪声(<5mm)
1494,1396.0,1476.0,142.8826824508438,-0.0162029333448922,37.721936214744254,48.72471229900469,1844.679083094556,2368.5816618911176,0.94579945799458,0.6329595170878951,26.679083094555875,19.58166189111748,1818,2349,1868,2387,0.86,0.88,90.92835969639412,10.134740158192976,7.846162732666804,7.846162732666804,10.134740158192976,1396.0,8.769222781189745,0.208,regular,普通,normal,正常骨料
1495,5344.0,5595.0,282.9885630653386,1.0884125499532924,66.8183106690141,103.19502755228326,1861.907372754491,795.8536676646706,0.9551385165326184,0.7620693169963408,41.90737275449102,49.85366766467066,1820,746,1901,843,0.84,0.9,27.63855451860445,21.46456573087492,13.898208619154932,13.898208619154932,21.46456573087492,5344.0,17.157405636789253,0.208,regular,普通,normal,正常骨料
1496,21282.0,22203.0,557.3608662965869,0.6069346211277081,147.04473388664405,188.3524092949026,1912.2444789023589,2172.856686401654,0.9585191190379678,0.6249192136133086,92.2444789023588,90.85668640165396,1820,2082,2006,2259,0.86,0.88,55.22520776901068,39.17730113333974,30.58530464842196,30.58530464842196,39.17730113333974,21282.0,34.239279224144724,0.208,regular,普通,normal,正常骨料
1501,429.0,452.0,83.37341498031392,0.2908040110475724,16.11128770819379,34.70364773424833,1839.1934731934728,1705.1421911421912,0.9491150442477876,0.8857024031840866,16.193473193473192,8.142191142191143,1823,1697,1855,1716,0.78,0.96,73.33815750149833,7.2183587287236515,3.351147843304308,3.351147843304308,7.2183587287236515,429.0,4.861239749241758,0.208,needle_flaky,针片状候选,undersized,过小噪声(<5mm)
1502,609.0,773.0,111.8546666954682,1.3995573460686264,21.985612176600533,39.14944246112247,1837.9868637110017,2330.2840722495894,0.7878395860284605,0.8274212619516905,14.98686371100164,18.28407224958949,1823,2312,1851,2352,0.61,0.69,9.811270883737336,8.143084031913473,4.573007332732911,4.573007332732911,8.143084031913473,609.0,5.791979827228687,0.208,angular,棱角状,undersized,过小噪声(<5mm)
1503,1726.0,1834.0,158.28167143046778,-0.5572556481200093,44.24659836016588,50.79373204394437,1847.7404403244493,1387.9026651216686,0.941112322791712,0.4910994520004748,23.7404403244496,23.9026651216686,1824,1364,1872,1413,0.87,0.87,121.92839674710385,10.565096265140427,9.203292458914504,9.203292458914504,10.565096265140427,1726.0,9.750767249558699,0.208,regular,普通,normal,正常骨料
1504,13506.0,13957.0,433.30461980400025,-0.1822562893339263,128.23716652625524,135.32601307655133,1893.2273063823488,1190.1235747075375,0.9676864655728308,0.3194102655361751,67.22730638234859,69.12357470753739,1826,1121,1967,1254,0.9,0.9,100.44251616854918,28.14781071992268,26.67333063746109,26.67333063746109,28.14781071992268,13506.0,27.276068156356015,0.208,round,圆形,normal,正常骨料
1505,1402.0,1453.0,138.30504649157226,1.5286204986233092,39.30079255035825,46.36931323919849,1845.275320970043,856.2945791726106,0.9649002064693736,0.5306989820311863,18.275320970042795,23.29457917261056,1827,833,1867,880,0.92,0.93,2.416496951700921,9.644817153753284,8.174564850474516,8.174564850474516,9.644817153753284,1402.0,8.78804761025552,0.208,round,圆形,normal,正常骨料
1506,776.0,862.0,113.94135514343422,1.2520776871415344,27.25709143754937,38.289040827910696,1842.1881443298969,1621.0077319587629,0.9002320185614849,0.7023040588694981,15.188144329896907,16.007731958762886,1827,1605,1856,1641,0.75,0.78,18.261232904288576,7.964120492205424,5.669475019010268,5.669475019010268,7.964120492205424,776.0,6.538065315887837,0.208,regular,普通,normal,正常骨料
1508,334.0,435.0,82.492732041902,-0.95829137795079,17.00897093694434,30.373282318776457,1841.3353293413168,744.2065868263473,0.767816091954023,0.8284941016961606,13.335329341317363,16.206586826347305,1828,728,1851,756,0.62,0.7,144.90605150035628,6.317642722305503,3.5378659548844227,3.5378659548844227,6.317642722305503,334.0,4.289351409197313,0.208,angular,棱角状,undersized,过小噪声(<5mm)
1510,429.0,478.0,92.43340212384248,-0.5153967237514067,16.265764341767493,37.7207617004692,1844.9463869463868,1950.58041958042,0.897489539748954,0.9022491256011708,15.946386946386946,12.58041958041958,1829,1938,1864,1962,0.63,0.81,119.5300570458256,7.845918433697593,3.383278983087638,3.383278983087638,7.845918433697593,429.0,4.861239749241758,0.208,needle_flaky,针片状候选,undersized,过小噪声(<5mm)
1511,864.0,906.0,114.5361837568027,-0.4169416924685477,27.86006301982012,40.82959081261213,1848.44675925926,1651.7222222222222,0.9536423841059604,0.7310258230444294,18.44675925925926,14.72222222222222,1830,1637,1871,1668,0.83,0.87,113.88899928148928,8.492554889023323,5.794893108122584,5.794893108122584,8.492554889023323,864.0,6.898827176643627,0.208,regular,普通,normal,正常骨料
1512,1782.0,1987.0,170.90385857374275,0.1136990137177535,47.64016537376013,52.18905715608528,1853.422558922559,2288.728956228956,0.8968293910417715,0.4083214509893267,23.422558922558924,24.72895622895623,1830,2264,1882,2313,0.77,0.77,83.48552637917267,10.85532388846574,9.909154397742103,9.909154397742103,10.85532388846574,1782.0,9.907686225967097,0.208,angular,棱角状,normal,正常骨料
1513,1192.0,1250.0,131.3712160421084,-0.0849705276231299,37.69851319890697,41.15995679219132,1850.1661073825503,1922.538590604027,0.9536,0.4014004846988458,19.166107382550337,19.538590604026847,1831,1903,1873,1942,0.87,0.87,94.86845261580513,8.561271012775794,7.84129074537265,7.84129074537265,8.561271012775794,1192.0,8.103199325624361,0.208,round,圆形,normal,正常骨料
1514,590.0,745.0,117.12241604312268,-1.1587142389261618,16.74925033182355,49.85804403797452,1845.7169491525424,2230.672881355932,0.7919463087248322,0.9418838241457006,13.716949152542371,23.672881355932205,1832,2207,1861,2253,0.54,0.81,156.38943555218236,10.3704731598987,3.483844069019298,3.483844069019298,10.3704731598987,590.0,5.700912825277985,0.208,needle_flaky,针片状候选,undersized,过小噪声(<5mm)
1515,325.0,398.0,79.2558546132977,1.0899005142920248,15.97491532333621,30.21597112755883,1843.1384615384616,2663.8276923076924,0.8165829145728644,0.848814296487014,10.138461538461538,14.827692307692308,1833,2649,1854,2676,0.65,0.75,27.55330044192912,6.284921994532237,3.322782387253932,3.322782387253932,6.284921994532237,325.0,4.231166102933348,0.208,angular,棱角状,undersized,过小噪声(<5mm)
1516,6175.0,6545.0,322.6164903719875,1.514550199368534,82.3979756970095,105.06819152051756,1874.50072874494,1068.1826720647773,0.9434682964094728,0.6204660459808959,39.50072874493927,64.18267206477732,1835,1004,1923,1118,0.75,0.76,3.222665715485604,21.85418383626765,17.138778944977975,17.138778944977975,21.85418383626765,6175.0,18.44322545602128,0.208,regular,普通,normal,正常骨料
1517,188.0,198.0,49.338559592461706,-0.0404805275524333,14.036941814396492,17.059625155543134,1843.0797872340424,2390.5106382978724,0.9494949494949496,0.5683070778454065,8.079787234042554,6.51063829787234,1835,2384,1852,2398,0.97,0.98,92.31936338121749,3.548402032352972,2.9196838973944703,2.9196838973944703,3.548402032352972,188.0,3.2180835764043403,0.208,regular,普通,undersized,过小噪声(<5mm)
1518,573.0,672.0,118.46317457378991,0.7125474561243295,15.209364102493948,53.54292846854673,1859.207678883072,655.8970331588133,0.8526785714285714,0.9588067284395488,23.20767888307155,16.897033158813265,1836,639,1877,676,0.51,0.87,49.17403806129272,11.13692912145772,3.163547733318741,3.163547733318741,11.13692912145772,573.0,5.6181807228978355,0.208,needle_flaky,针片状候选,undersized,过小噪声(<5mm)
1521,1744.0,1949.0,175.5767793080288,-0.2879884900722772,41.20386955673929,59.087802337243815,1861.2677752293573,366.2952981651376,0.8948178553104156,0.7167473774035422,23.2677752293578,20.295298165137616,1838,346,1897,393,0.71,0.75,106.5005250294867,12.290262886146714,8.570404867801772,8.570404867801772,12.290262886146714,1744.0,9.80147946980496,0.208,angular,棱角状,normal,正常骨料
1522,2232.0,2411.0,182.1852871863505,0.0007098578670514,50.3420271011196,58.00244343018684,1868.5152329749103,1802.3033154121863,0.9257569473247615,0.4966875490833214,30.5152329749104,25.30331541218638,1838,1777,1898,1831,0.84,0.85,89.95932814016379,12.06450823347886,10.471141637032876,10.471141637032876,12.06450823347886,2232.0,11.088313325333033,0.208,regular,普通,normal,正常骨料
1524,270.0,287.0,66.44309791999373,0.8458861192469685,13.052497257745989,26.74687212666422,1850.1407407407407,2257.603703703704,0.940766550522648,0.8728431340409118,11.14074074074074,11.603703703703705,1839,2246,1861,2269,0.77,0.92,41.53429541844883,5.563349402346157,2.7149194296111654,2.7149194296111654,5.563349402346157,270.0,3.856561632999525,0.208,needle_flaky,针片状候选,undersized,过小噪声(<5mm)
1525,930.0,1106.0,136.4089275936352,-1.1673481285424432,25.842283704299813,52.22129314904643,1855.7344086021503,1581.4903225806452,0.840867992766727,0.8689721204048175,15.734408602150538,19.490322580645163,1840,1562,1876,1608,0.63,0.75,156.8841209879771,10.862028975001657,5.375195010494361,5.375195010494361,10.862028975001657,930.0,7.1574754744241025,0.208,needle_flaky,针片状候选,normal,正常骨料
1526,1757.0,1856.0,174.14073600234704,0.1966474268320796,32.92600655103746,70.04483953795844,1875.4467842914053,1423.4820717131474,0.9466594827586208,0.8826289187149863,33.446784291405805,18.48207171314741,1842,1405,1915,1442,0.73,0.89,78.73293239041418,14.569326623895355,6.848609362615791,6.848609362615791,14.569326623895355,1757.0,9.837942389576826,0.208,needle_flaky,针片状候选,normal,正常骨料
1530,256.0,273.0,62.190784531864345,1.0004641844947622,14.928654782094368,22.406865899628308,1854.34765625,1690.7734375,0.9377289377289376,0.7457252561291635,8.34765625,11.7734375,1846,1679,1864,1702,0.83,0.88,32.6776246744524,4.660628107122688,3.105160194675628,3.105160194675628,4.660628107122688,256.0,3.7552458680938656,0.208,regular,普通,undersized,过小噪声(<5mm)
1532,1620.0,1772.0,164.10478114539205,0.3669677768471783,43.624043097123554,52.1656847877775,1877.785185185185,1954.632098765432,0.9142212189616252,0.5483340708312603,29.785185185185185,24.632098765432097,1848,1930,1902,1980,0.76,0.77,68.97429516935807,10.85046243585772,9.073800964201698,9.073800964201698,10.85046243585772,1620.0,9.446608162443479,0.208,regular,普通,normal,正常骨料
1533,153.0,158.0,44.53088583706253,-1.0010995210395557,13.078439845239563,15.182625026675414,1855.078431372549,340.8562091503268,0.9683544303797468,0.5079130526339704,6.078431372549019,6.856209150326797,1849,334,1862,348,0.97,0.98,147.3587774281347,3.157986005548486,2.720315487809829,2.720315487809829,3.157986005548486,153.0,2.9031141308091173,0.208,round,圆形,undersized,过小噪声(<5mm)
1534,778.0,842.0,111.16455330708524,0.106572908140472,24.966643322043243,41.32777506304453,1868.443444730077,711.5526992287918,0.9239904988123516,0.7968987179600258,19.44344473007712,10.552699228791774,1849,701,1888,726,0.79,0.87,83.89382215311554,8.596177213113261,5.193061810984994,5.193061810984994,8.596177213113261,778.0,6.546485236074575,0.208,regular,普通,normal,正常骨料
1535,242.0,260.0,60.29466563392731,-0.0888358818076695,16.65269499479882,19.27278280458306,1860.2148760330576,878.6694214876034,0.9307692307692308,0.503401809794003,11.214876033057852,8.669421487603305,1849,870,1870,889,0.84,0.84,95.08992109690249,4.008738823353276,3.4637605589181546,3.4637605589181546,4.008738823353276,242.0,3.651119750233912,0.208,regular,普通,undersized,过小噪声(<5mm)
1536,371.0,421.0,81.28672653234791,-0.5723262354369749,21.74448247557388,24.05012827930091,1863.5525606469,2249.9056603773583,0.8812351543942993,0.4272539479426331,13.55256064690027,10.90566037735849,1850,2239,1875,2264,0.71,0.71,122.79187779514936,5.0024266820945895,4.522852354919366,4.522852354919366,5.0024266820945895,371.0,4.520696476332999,0.208,angular,棱角状,undersized,过小噪声(<5mm)
1537,265.0,278.0,60.85002600119712,-1.26040569764655,14.932663831540912,22.74513802620635,1858.592452830189,2233.5471698113206,0.9532374100719424,0.7543076291308679,7.592452830188679,11.547169811320757,1851,2222,1868,2245,0.9,0.96,162.21592694938943,4.730988709450921,3.105994076960509,3.105994076960509,4.730988709450921,265.0,3.820685861309047,0.208,regular,普通,undersized,过小噪声(<5mm)
1538,541.0,605.0,101.3586362462579,-0.1727272025447225,19.650106314478908,38.63370548115599,1875.0942698706097,693.1608133086876,0.8942148760330578,0.8609875796941309,23.09426987060998,11.160813308687615,1852,682,1891,704,0.66,0.78,99.89653971291392,8.035810740080446,4.087222113411612,4.087222113411612,8.035810740080446,541.0,5.459049431348954,0.208,angular,棱角状,undersized,过小噪声(<5mm)
1540,263.0,310.0,71.11601865427974,-0.7646699756843349,13.225250343205827,28.738812891934963,1862.1596958174905,1666.1406844106464,0.8483870967741935,0.8878216106327902,9.159695817490494,9.140684410646388,1853,1657,1875,1681,0.65,0.81,133.8123623270837,5.977673081522472,2.750852071386812,2.750852071386812,5.977673081522472,263.0,3.8062408724987447,0.208,needle_flaky,针片状候选,undersized,过小噪声(<5mm)
1542,669.0,732.0,101.68395881740004,-1.534203974583879,27.322652396462534,33.4341475827491,1870.055306427504,737.6651718983558,0.9139344262295082,0.5763428738747122,15.055306427503735,15.665171898355757,1855,722,1883,757,0.81,0.83,177.9034126558525,6.954302697211812,5.683111698464207,5.683111698464207,6.954302697211812,669.0,6.070597701942484,0.208,regular,普通,normal,正常骨料
1543,4581.0,4726.0,257.05407539040567,-1.439098142910505,66.57776796577937,90.27986191200516,1888.418249290548,1606.4682383759005,0.9693186627168852,0.6753910414006378,33.41824929054791,48.468238375900455,1855,1558,1923,1648,0.87,0.9,172.45424989388653,18.77821127769707,13.848175736882109,13.848175736882109,18.77821127769707,4581.0,15.885414088846929,0.208,regular,普通,normal,正常骨料
1545,4203.0,4659.0,281.4177667385437,-0.2111824677437749,48.65056736163036,115.87755241373031,1913.410659053057,305.93195336664286,0.9021249195106246,0.9075959961041752,56.41065905305734,30.93195336664288,1857,275,1965,334,0.67,0.87,102.09986410887596,24.102530902055904,10.119318011219114,10.119318011219114,24.102530902055904,4203.0,15.215915552255243,0.208,needle_flaky,针片状候选,normal,正常骨料
1546,5423.0,5931.0,308.5746082058479,-0.3320364568724797,67.33452893029117,108.6916778974436,1902.5887884934536,1465.1764705882354,0.9143483392345304,0.7849964057476284,45.588788493453805,38.1764705882353,1857,1427,1955,1509,0.72,0.78,109.02428762327068,22.607869002668263,14.005582017500563,14.005582017500563,22.607869002668263,5423.0,17.283758781085147,0.208,regular,普通,normal,正常骨料
1547,1209.0,1318.0,137.97972392043013,-1.5321684012997443,32.57445131955467,48.6521621689841,1874.5913978494625,1687.8643507030604,0.917298937784522,0.7427781754880345,17.591397849462364,22.86435070306038,1857,1665,1892,1712,0.8,0.85,177.786782897782,10.119649731148693,6.775485874467371,6.775485874467371,10.119649731148693,1209.0,8.160777641688155,0.208,regular,普通,normal,正常骨料
1548,1661.0,1747.0,155.37011657300562,-1.2041034759795597,40.750747541356446,53.37882449624576,1882.78567128236,954.9379891631548,0.9507727532913566,0.6458960764871431,21.785671282360024,28.937989163154725,1861,926,1903,980,0.86,0.89,158.99004727066085,11.102795495219118,8.47615548860214,8.47615548860214,11.102795495219118,1661.0,9.56540164535416,0.208,regular,普通,normal,正常骨料
1549,269.0,327.0,71.4413412254219,1.1941774546303472,13.645556122417204,29.221080481030523,1871.5390334572487,1371.7100371747213,0.8226299694189603,0.8842697580029405,10.53903345724907,10.71003717472119,1861,1361,1880,1387,0.66,0.81,21.578671860005755,6.077984740054348,2.8382756734627783,2.8382756734627783,6.077984740054348,269.0,3.8494132271633994,0.208,needle_flaky,针片状候选,undersized,过小噪声(<5mm)
1550,2196.0,2308.0,187.7783591051472,0.5009841319191436,39.12351934497268,72.69965316877864,1893.834699453552,1001.8565573770492,0.951473136915078,0.8428473182336714,31.83469945355192,24.85655737704918,1862,977,1931,1029,0.78,0.9,61.2957236380078,15.121527859105957,8.137692023754317,8.137692023754317,15.121527859105957,2196.0,10.99852793408622,0.208,regular,普通,normal,正常骨料
1551,326.0,350.0,69.21989975634271,-0.909084770127109,18.884478444511203,23.07736175311307,1872.8312883435583,1905.493865030675,0.9314285714285714,0.5747745004943317,9.831288343558285,9.493865030674849,1863,1896,1885,1919,0.85,0.87,142.08672054790395,4.800091244647518,3.9279715164583298,3.9279715164583298,4.800091244647518,326.0,4.237670589637141,0.208,regular,普通,undersized,过小噪声(<5mm)
1554,255.0,269.0,58.72386930713242,-0.2031951506087493,15.284237291899082,21.28708282258105,1875.0470588235287,1350.9607843137255,0.9479553903345724,0.6960376831597488,10.047058823529412,7.96078431372549,1865,1343,1886,1360,0.93,0.97,101.64222454740646,4.4277132270968576,3.179121356715009,3.179121356715009,4.4277132270968576,255.0,3.747904226921044,0.208,regular,普通,undersized,过小噪声(<5mm)
1555,1354.0,1437.0,141.2166013490344,0.7940266434305584,37.0015540445924,48.55066912235603,1884.584194977844,1873.1469719350075,0.942240779401531,0.6474329294085012,19.584194977843428,24.146971935007382,1865,1849,1909,1895,0.85,0.88,44.50562451048989,10.098539177450052,7.69632324127522,7.69632324127522,10.098539177450052,1354.0,8.636300127269402,0.208,regular,普通,normal,正常骨料
1557,828.0,876.0,110.37915514368778,-0.6398809332823113,27.400989386992272,39.76788956943412,1882.24154589372,853.9287439613527,0.9452054794520548,0.7247395026015838,15.241545893719806,15.928743961352655,1867,838,1900,872,0.85,0.9,126.66247686796864,8.271721030442297,5.699405792494392,5.699405792494392,8.271721030442297,828.0,6.753572441997901,0.208,regular,普通,normal,正常骨料
1558,2954.0,3134.0,237.2122034726233,1.0153929717106378,44.430676087122784,92.17839579313689,1894.5781990521327,2377.349018280298,0.94256541161455,0.8761671022710311,27.578199052132703,43.3490182802979,1867,2334,1930,2421,0.66,0.8,31.82226817373386,19.173106324972476,9.24158062612154,9.24158062612154,19.173106324972476,2954.0,12.756268143534331,0.208,needle_flaky,针片状候选,normal,正常骨料
1559,744.0,849.0,125.03221420601298,1.241189457633211,18.938129441193205,52.96330855099014,1883.467741935484,893.7647849462365,0.8763250883392226,0.9338860560924808,14.46774193548387,22.76478494623656,1869,871,1899,921,0.6,0.86,18.885082501485314,11.01636817860595,3.9391309237681855,3.9391309237681855,11.01636817860595,744.0,6.40184068323994,0.208,needle_flaky,针片状候选,undersized,过小噪声(<5mm)
1561,1208.0,1354.0,147.59507143122846,0.9196700439982566,30.18547793751428,56.026305970652885,1894.296357615894,1926.453642384106,0.8921713441654358,0.8424507865089194,25.29635761589404,23.45364238410596,1869,1903,1913,1955,0.7,0.8,37.30678793428917,11.6534716418958,6.27857941100297,6.27857941100297,11.6534716418958,1208.0,8.157401932074565,0.208,angular,棱角状,normal,正常骨料
1562,412.0,453.0,95.30548873520596,0.0642537911304325,13.520299359547687,40.98971725252216,1892.1966019417475,549.5849514563107,0.9094922737306844,0.9440347104227812,21.196601941747574,7.584951456310679,1871,542,1912,557,0.57,0.87,86.3185289505111,8.52586118852461,2.812222266785919,2.812222266785919,8.52586118852461,412.0,4.7639478894431555,0.208,needle_flaky,针片状候选,undersized,过小噪声(<5mm)
1563,279.0,293.0,61.17534857233925,0.5535449799119613,17.742985223179467,20.29307765654054,1880.6236559139784,1401.0035842293908,0.9522184300341296,0.4853195903467753,9.623655913978494,9.00358422939068,1871,1392,1891,1411,0.94,0.94,58.28420888039068,4.220960152560432,3.690540926421329,3.690540926421329,4.220960152560432,279.0,3.920310772132072,0.208,round,圆形,undersized,过小噪声(<5mm)
1566,496.0,532.0,86.41972285888923,1.3353054162158895,22.164339985000097,29.58282665543081,1884.048387096774,1332.792338709677,0.9323308270676692,0.6623099496502234,11.048387096774194,16.79233870967742,1873,1316,1898,1347,0.83,0.86,13.49263528986978,6.1532279443296085,4.61018271688002,4.61018271688002,6.1532279443296085,496.0,5.227081029509429,0.208,regular,普通,undersized,过小噪声(<5mm)
1567,1670.0,1895.0,167.76226592015297,0.8466280027190956,40.801661885721394,56.20160540702697,1902.3580838323355,1666.237125748503,0.8812664907651715,0.6877079167580191,27.35808383233533,24.237125748503,1875,1642,1925,1693,0.75,0.77,41.49178862660544,11.68993392466161,8.48674567223005,8.48674567223005,11.68993392466161,1670.0,9.591281330349709,0.208,angular,棱角状,normal,正常骨料
1569,193.0,204.0,51.4647162865264,1.4032571771718003,13.522484280031923,18.394224588910458,1881.4559585492227,2653.5751295336786,0.946078431372549,0.6779062395373632,6.455958549222798,9.575129533678757,1875,2644,1889,2663,0.92,0.95,9.599286176614214,3.825998714493375,2.81267673024664,2.81267673024664,3.825998714493375,193.0,3.2605964305691777,0.208,regular,普通,undersized,过小噪声(<5mm)
1570,332.0,347.0,67.41906563342016,-1.3175019095595415,20.202414371956444,21.811609898962715,1884.512048192771,672.0843373493976,0.956772334293948,0.3769761091111756,8.512048192771084,10.08433734939759,1876,662,1896,684,0.92,0.92,165.4872989181884,4.536814858984244,4.20210218936694,4.20210218936694,4.536814858984244,332.0,4.276489756828155,0.208,round,圆形,undersized,过小噪声(<5mm)
1571,381.0,422.0,81.93737167463219,1.0475854572165193,17.261139612567195,30.926959488997664,1888.015748031496,1723.1443569553803,0.9028436018957346,0.8297562226514307,11.015748031496065,11.144356955380577,1877,1712,1899,1741,0.71,0.81,29.977774622210774,6.432807573711513,3.5903170394139763,3.5903170394139763,6.432807573711513,381.0,4.581217195000016,0.208,regular,普通,undersized,过小噪声(<5mm)
1575,387.0,413.0,75.13829424628149,-0.3646303034541025,18.585960894339784,27.02615402569957,1891.1705426356589,1359.3824289405684,0.937046004842615,0.7259923586340339,12.170542635658917,11.382428940568476,1879,1348,1905,1370,0.86,0.91,110.89177747049456,5.621440037345511,3.865879866022675,3.865879866022675,5.621440037345511,387.0,4.6171488606871165,0.208,regular,普通,undersized,过小噪声(<5mm)
1576,492.0,520.0,87.53044359342883,0.5451809735367931,18.70507474248464,34.231812489757864,1895.2865853658536,1851.7682926829268,0.946153846153846,0.8375088685078053,16.286585365853657,11.768292682926829,1879,1840,1910,1866,0.81,0.92,58.763431145508335,7.120216997869635,3.890655546436805,3.890655546436805,7.120216997869635,492.0,5.205961423829768,0.208,regular,普通,undersized,过小噪声(<5mm)
1577,850.0,872.0,107.92767587848095,-1.172132216361817,26.63789668132931,40.94987013233416,1894.676470588236,731.8870588235294,0.9747706422018348,0.7595061252455836,13.676470588235292,18.88705882352941,1881,713,1909,751,0.92,0.98,157.1582290288472,8.517572987525506,5.540682509716496,5.540682509716496,8.517572987525506,850.0,6.842705628178723,0.208,regular,普通,normal,正常骨料
1578,555.0,601.0,93.63940763339656,-1.252038202878194,23.370623488135504,32.13575883153495,1893.2774774774773,761.7945945945946,0.9234608985024958,0.6863761985628419,11.277477477477476,13.794594594594594,1882,748,1907,778,0.8,0.83,161.73650481406486,6.684237836959269,4.861089685532185,4.861089685532185,6.684237836959269,555.0,5.529232929909831,0.208,regular,普通,undersized,过小噪声(<5mm)
1579,8295.0,8685.0,370.3679053548371,-0.8583661842394285,74.57751672608687,146.84666037091338,1941.8150693188668,1281.9864978902954,0.9550949913644214,0.8614397341220185,59.81506931886679,70.98649789029535,1882,1211,1995,1343,0.76,0.9,139.1807596336681,30.54410535714998,15.512123479026068,15.512123479026068,30.54410535714998,8295.0,21.376007317272467,0.208,regular,普通,normal,正常骨料
1580,213.0,227.0,55.81231444967027,-0.9073875576196728,13.88135350322064,20.05253838046092,1889.56338028169,1763.9718309859154,0.9383259911894272,0.7216585448540052,7.563380281690141,9.971830985915492,1882,1754,1898,1773,0.86,0.9,141.98947743429105,4.170927983135871,2.887321528669893,2.887321528669893,4.170927983135871,213.0,3.425375570110364,0.208,regular,普通,undersized,过小噪声(<5mm)
1581,814.0,879.0,109.63322522638902,1.3490959019024396,31.596418000597204,34.021905723235726,1898.453316953317,1828.0626535626536,0.926052332195677,0.3708117347502871,16.453316953316953,18.06265356265356,1882,1810,1916,1846,0.85,0.85,12.702498662594891,7.076556390433031,6.572054944124218,6.572054944124218,7.076556390433031,814.0,6.696233615251605,0.208,regular,普通,normal,正常骨料
1584,423.0,629.0,106.30106302277024,1.34558325724642,23.91874208984317,31.77511862811928,1896.6359338061463,882.5650118203309,0.6724960254372019,0.6583057168353559,11.635933806146571,14.56501182033097,1885,868,1912,900,0.47,0.48,12.903758376313974,6.60922467464881,4.975098354687379,4.975098354687379,6.60922467464881,423.0,4.827125364606511,0.208,angular,棱角状,undersized,过小噪声(<5mm)
1585,1208.0,1251.0,127.94376906347514,-1.2005973022217613,37.6585839549275,41.640471912495805,1905.5546357615888,1381.4238410596026,0.9656274980015987,0.4267395387149745,20.5546357615894,21.423841059602648,1885,1360,1924,1404,0.93,0.93,158.78915831209952,8.661218157799127,7.83298546262492,7.83298546262492,8.661218157799127,1208.0,8.157401932074565,0.208,round,圆形,normal,正常骨料
1586,381.0,421.0,79.48589240942536,1.1792556483007506,20.57020410397225,25.76038395426529,1894.6404199475064,2076.443569553806,0.9049881235154394,0.6019671307827212,9.640419947506562,12.443569553805776,1885,2064,1909,2090,0.76,0.77,22.43362838540324,5.35815986248718,4.278602453626228,4.278602453626228,5.35815986248718,381.0,4.581217195000016,0.208,regular,普通,undersized,过小噪声(<5mm)
1587,700.0,1014.0,133.99691657452706,-0.1521009344555967,27.6623748083258,47.744879579763854,1907.53,1031.4057142857143,0.6903353057199211,0.8150583504160721,21.53,17.405714285714286,1886,1014,1931,1049,0.49,0.55,98.71474160430164,9.93093495259088,5.753773960131766,5.753773960131766,9.93093495259088,700.0,6.20965417429952,0.208,angular,棱角状,normal,正常骨料
1588,1602.0,1678.0,158.14691840935458,0.469126743001116,39.51619857303435,54.744964493535065,1911.2253433208489,345.3876404494382,0.9547079856972588,0.6920772514709987,24.22534332084894,21.3876404494382,1887,324,1940,367,0.8,0.84,63.12101756931762,11.386952614655293,8.219369303191145,8.219369303191145,11.386952614655293,1602.0,9.39398040943253,0.208,regular,普通,normal,正常骨料
1589,242.0,253.0,58.62858453211792,0.2974250993442318,16.837782179753805,19.09453077385892,1897.809917355372,866.6446280991736,0.9565217391304348,0.4716015094852531,10.8099173553719,9.644628099173554,1887,857,1908,876,0.88,0.89,72.9587970863163,3.9716624009626544,3.502258693388792,3.502258693388792,3.9716624009626544,242.0,3.651119750233912,0.208,round,圆形,undersized,过小噪声(<5mm)
1590,169.0,186.0,50.58403334811446,-1.1225680192999818,13.377318650933011,16.91846384850432,1894.585798816568,1406.7633136094676,0.9086021505376344,0.6122122659717311,7.585798816568047,8.763313609467456,1887,1398,1903,1416,0.83,0.85,154.3184097222493,3.5190404804888984,2.782482279394066,2.782482279394066,3.5190404804888984,169.0,3.051137267826266,0.208,regular,普通,undersized,过小噪声(<5mm)
1591,1185.0,1239.0,128.82445200188707,-0.3743373919189139,35.97971449356544,42.337536460912354,1910.6101265822783,918.1628691983124,0.9564164648910412,0.5270566714544959,21.61012658227848,17.162869198312237,1889,901,1933,939,0.9,0.91,111.44795267088838,8.806207583869769,7.483780614661611,7.483780614661611,8.806207583869769,1185.0,8.079371340714275,0.208,round,圆形,normal,正常骨料
1592,172.0,187.0,52.4801522460515,-0.1959808916740211,12.404629054743852,18.41110744390793,1899.7906976744189,1345.2209302325582,0.9197860962566844,0.7389521599045537,9.790697674418604,7.22093023255814,1890,1338,1911,1352,0.78,0.83,101.228877958132,3.829510348332849,2.580162843386721,2.580162843386721,3.829510348332849,172.0,3.078099240458078,0.208,regular,普通,undersized,过小噪声(<5mm)
1593,1080.0,1150.0,136.0836050224931,0.6129264130479227,30.906941267330968,48.66492958047421,1916.111111111111,377.19351851851854,0.9391304347826088,0.7724325529944492,25.11111111111111,17.19351851851852,1891,360,1938,399,0.73,0.79,54.8819033802618,10.122305352738636,6.428643783604841,6.428643783604841,10.122305352738636,1080.0,7.71312326599905,0.208,regular,普通,normal,正常骨料
1594,354.0,371.0,68.43450159294527,0.4706414701611657,19.623868346968788,23.174574385191207,1902.2542372881355,2516.2570621468926,0.954177897574124,0.5319362362024409,11.254237288135592,9.257062146892656,1891,2507,1914,2528,0.95,0.96,63.03423009593293,4.820311472119771,4.081764616169508,4.081764616169508,4.820311472119771,354.0,4.415908086096382,0.208,round,圆形,undersized,过小噪声(<5mm)
1595,2131.0,2378.0,210.34121633036264,0.3062208687711451,42.49067667458679,74.24470898987737,1932.725480994838,2606.397465978414,0.8961312026913373,0.8200402948366365,41.7254809948381,26.39746597841389,1891,2580,1970,2633,0.61,0.68,72.45483662058396,15.442899469894492,8.838060748314051,8.838060748314051,15.442899469894492,2131.0,10.834531065013955,0.208,angular,棱角状,normal,正常骨料
1596,450.0,467.0,78.01038085764496,0.0570296403135985,21.65542060749281,26.85385840803879,1904.135555555556,1257.2688888888888,0.9635974304068522,0.5913466504979599,12.135555555555555,10.268888888888888,1892,1247,1918,1268,0.93,0.95,86.73244230288167,5.585602548872068,4.5043274863585046,4.5043274863585046,5.585602548872068,450.0,4.97879965940988,0.208,round,圆形,undersized,过小噪声(<5mm)
1597,338.0,369.0,76.93912836920403,-0.9720769754261251,15.155757870286834,30.49724582174587,1904.278106508876,1547.491124260355,0.9159891598915988,0.8677763295849874,12.27810650887574,15.49112426035503,1892,1532,1915,1560,0.72,0.86,145.6959080537592,6.343427130923141,3.152397637019661,3.152397637019661,6.343427130923141,338.0,4.314959704821896,0.208,needle_flaky,针片状候选,undersized,过小噪声(<5mm)
1598,8926.0,9659.0,393.788325555183,-1.5522789257589575,91.33245516221024,134.6807538685232,1939.0119874523864,1757.9787138695945,0.9241122269386064,0.7349324116095229,47.011987452386286,75.97871386959444,1892,1682,1994,1817,0.72,0.76,178.9390310730895,28.013596804652824,18.99715067373973,18.99715067373973,28.013596804652824,8926.0,22.174142570383765,0.208,regular,普通,normal,正常骨料
1599,681.0,759.0,113.65550081839076,0.6367519498884358,20.026372339939822,44.87509079032737,1913.632892804699,1911.396475770925,0.8972332015810277,0.8948987494873487,21.63289280469897,14.396475770925113,1892,1897,1936,1927,0.66,0.83,53.51680067466694,9.334018884388092,4.165485446707483,4.165485446707483,9.334018884388092,681.0,6.124800542612832,0.208,needle_flaky,针片状候选,undersized,过小噪声(<5mm)
1600,590.0,622.0,92.20336432771484,0.3333424110184455,23.015169310369995,33.88475830163115,1908.033898305085,688.8220338983051,0.9485530546623794,0.7339357218377847,15.033898305084746,13.822033898305085,1893,675,1926,700,0.87,0.92,70.90088671592788,7.048029726739279,4.787155216556958,4.787155216556958,7.048029726739279,590.0,5.700912825277985,0.208,regular,普通,undersized,过小噪声(<5mm)
1601,13467.0,14228.0,478.1213599661062,1.2364646549280522,95.86217444327492,182.0014450553116,1946.1959604960275,2338.805673126903,0.946513916221535,0.8500443852986815,53.195960496027325,94.8056731269028,1893,2244,2007,2426,0.74,0.86,19.155793755522907,37.85630057150481,19.939332284201186,19.939332284201186,37.85630057150481,13467.0,27.236658423516367,0.208,regular,普通,normal,正常骨料
1603,9398.0,10146.0,384.7678066577532,-0.1875554169217943,93.1882321895598,130.82932360977367,1958.219621196,782.6363055969355,0.9262763650699783,0.7018867352437921,62.219621195999146,55.63630559693552,1896,727,2026,833,0.8,0.83,100.74613381443535,27.21249931083292,19.38315229542844,19.38315229542844,27.21249931083292,9398.0,22.752866288994024,0.208,regular,普通,normal,正常骨料
1604,179.0,209.0,57.84318636872048,0.9388127283779132,14.852397343300003,17.231373376117464,1905.3351955307264,1412.966480446927,0.8564593301435407,0.5070115377332556,9.335195530726256,9.966480446927374,1896,1403,1915,1422,0.67,0.68,36.20999291078384,3.584125662232432,3.0892986474064004,3.0892986474064004,3.584125662232432,179.0,3.1401103457924133,0.208,angular,棱角状,undersized,过小噪声(<5mm)
1605,367.0,400.0,82.39744726688751,-0.7879472399368372,13.946881475061708,34.20040242705768,1908.133514986376,1719.441416893733,0.9175,0.9130718354744232,12.133514986376024,14.44141689373297,1896,1705,1921,1734,0.68,0.9,135.14605132736278,7.113683704827998,2.9009513468128354,2.9009513468128354,7.113683704827998,367.0,4.496260100180582,0.208,needle_flaky,针片状候选,undersized,过小噪声(<5mm)
1607,6757.0,7160.0,317.2929244954172,-0.434355129806804,79.91526956842009,110.36190381191489,1955.107296137339,965.6729317744562,0.9437150837988828,0.6896739254923551,57.107296137339056,45.67293177445612,1898,920,2010,1014,0.84,0.88,114.8867157477869,22.955275992878292,16.62237607023138,16.62237607023138,22.955275992878292,6757.0,19.292804067261528,0.208,regular,普通,normal,正常骨料
1609,1124.0,1197.0,136.6389653897629,0.4813447327377317,30.00964250143296,51.17736675336711,1924.720640569395,714.25,0.9390142021720967,0.8100324555966928,25.72064056939502,15.25,1899,699,1947,738,0.76,0.84,62.420978323275385,10.644892284700358,6.242005640298054,6.242005640298054,10.644892284700358,1124.0,7.86867394709467,0.208,regular,普通,normal,正常骨料
1610,574.0,618.0,93.86944542952423,1.4727946568680652,20.960592738809616,36.44854396236581,1909.5313588850167,850.3275261324042,0.9288025889967636,0.818101728564401,10.531358885017422,15.32752613240418,1899,835,1921,870,0.82,0.92,5.615082072041602,7.581297144172089,4.3598032896724,4.3598032896724,7.581297144172089,574.0,5.623081012292484,0.208,regular,普通,undersized,过小噪声(<5mm)
1611,1024.0,1336.0,154.81475620573582,-0.652522189506182,31.81680369089971,50.70318828327353,1920.9306640625,1949.515625,0.7664670658682635,0.7786077709701312,21.9306640625,19.515625,1899,1930,1945,1971,0.54,0.58,127.38676749733992,10.546263162920894,6.61789516770714,6.61789516770714,10.546263162920894,1024.0,7.510491736187731,0.208,angular,棱角状,normal,正常骨料
1613,266.0,283.0,65.98302232773844,0.5038106836124133,14.167024471267151,25.465578956672484,1912.4661654135336,826.6015037593985,0.939929328621908,0.8309677875810408,11.466165413533837,8.601503759398497,1901,818,1924,838,0.77,0.87,61.13377415540789,5.296840422987876,2.946741090023567,2.946741090023567,5.296840422987876,266.0,3.8278879145646716,0.208,regular,普通,undersized,过小噪声(<5mm)
1614,681.0,748.0,101.8187118385132,-0.9815421024101864,26.94636572548045,34.32577814557767,1917.9295154185024,883.9911894273127,0.910427807486631,0.6194725094934772,15.929515418502202,15.991189427312776,1902,868,1934,899,0.83,0.84,146.2382198825013,7.139761854280155,5.604844070899934,5.604844070899934,7.139761854280155,681.0,6.124800542612832,0.208,regular,普通,normal,正常骨料
1616,1320.0,1379.0,138.2097617165578,-1.2120996833818198,37.76313683949998,45.95552202689899,1925.3068181818185,1565.8333333333333,0.9572153734590284,0.5698736931848719,21.306818181818183,20.83333333333333,1904,1545,1946,1592,0.87,0.88,159.44819620692164,9.558748581594989,7.854732462615995,7.854732462615995,9.558748581594989,1320.0,8.52717861169315,0.208,round,圆形,normal,正常骨料
1617,193.0,206.0,52.0200766537962,-0.1370453864430746,14.280437106603973,17.743089264963956,1912.80310880829,1869.3678756476684,0.9368932038834952,0.593485035383034,8.803108808290155,6.367875647668394,1904,1863,1922,1878,0.9,0.91,97.85212224492756,3.690562567112503,2.970330918173626,2.970330918173626,3.690562567112503,193.0,3.2605964305691777,0.208,regular,普通,undersized,过小噪声(<5mm)
1618,396.0,419.0,78.37517167488576,1.1978031289130953,18.05942304616066,28.919263895924868,1917.055555555556,1112.3207070707072,0.9451073985680192,0.7810429795367718,11.055555555555555,12.320707070707073,1906,1100,1928,1128,0.81,0.88,21.370936025715167,6.015206890352372,3.756359993601417,3.756359993601417,6.015206890352372,396.0,4.670528077499925,0.208,regular,普通,undersized,过小噪声(<5mm)
1619,583.0,611.0,87.85576616457097,-0.4367496482760094,26.14796728704984,28.62573666326812,1920.605488850772,1886.324185248713,0.9541734860883796,0.4069675894986942,14.60548885077187,13.324185248713553,1906,1873,1935,1900,0.95,0.95,115.02391155003848,5.954153225959768,5.438777195706367,5.438777195706367,5.954153225959768,583.0,5.666992940861588,0.208,round,圆形,normal,正常骨料
1622,593.0,660.0,98.44708138879577,-1.4595128540552789,26.5003680373525,30.00633796382445,1919.765598650928,1849.4721753794267,0.8984848484848484,0.4690737095117636,12.765598650927489,16.472175379426645,1907,1833,1934,1864,0.77,0.77,173.62392668246076,6.241318296475486,5.51207655176932,5.51207655176932,6.241318296475486,593.0,5.71538829375654,0.208,angular,棱角状,normal,正常骨料
1623,1670.0,1767.0,157.17095069592816,-0.715228931450544,42.33454158362088,51.60637827651018,1935.0808383233527,2515.056886227545,0.9451046972269384,0.5718826350640343,27.08083832335329,25.05688622754491,1908,2490,1959,2537,0.85,0.86,130.97959915776784,10.734126681514116,8.805584649393143,8.805584649393143,10.734126681514116,1670.0,9.591281330349709,0.208,regular,普通,normal,正常骨料
1625,291.0,304.0,68.33921681793078,-0.5096420048058327,15.750322357972813,25.268732568180543,1922.5051546391755,741.4020618556701,0.9572368421052632,0.7819726699458336,13.505154639175258,11.402061855670103,1909,730,1935,750,0.78,0.85,119.20033593796023,5.255896374181552,3.276067050458345,3.276067050458345,5.255896374181552,291.0,4.003730982228429,0.208,regular,普通,undersized,过小噪声(<5mm)
1626,416.0,486.0,88.08580396069863,-0.4579302436752409,16.927794315461643,34.55370013580258,1928.4278846153843,2080.266826923077,0.8559670781893004,0.8717796666713103,19.427884615384617,11.266826923076923,1909,2069,1943,2092,0.67,0.81,116.23747027398866,7.187169628246936,3.5209812176160216,3.5209812176160216,7.187169628246936,416.0,4.787017989937325,0.208,needle_flaky,针片状候选,undersized,过小噪声(<5mm)
1627,302.0,321.0,65.52294673548312,-0.9659894755983862,17.438774573237396,22.720421387655644,1919.122516556292,1347.5298013245033,0.940809968847352,0.6410040904984132,9.12251655629139,9.52980132450331,1910,1338,1929,1360,0.88,0.91,145.34712000584315,4.7258476486323735,3.627265111233378,3.627265111233378,4.7258476486323735,302.0,4.078700966037283,0.208,regular,普通,undersized,过小噪声(<5mm)
1628,2439.0,2601.0,205.3035047788358,1.525360978340108,45.00825235577166,74.65630303177953,1937.9922099220992,542.609676096761,0.9377162629757786,0.7978373398039132,26.99220992209922,43.60967609676097,1911,499,1960,581,0.73,0.8,2.603253707165635,15.528511030610142,9.361716490000504,9.361716490000504,15.528511030610142,2439.0,11.591090439776858,0.208,regular,普通,normal,正常骨料
1629,793.0,823.0,105.70623440940176,0.0834868569639047,26.24240348961669,39.11350636278448,1928.965952080706,1823.984867591425,0.9635479951397328,0.7415211844674126,17.965952080706177,11.984867591424967,1911,1812,1950,1839,0.89,0.95,85.21655545115587,8.135609323459171,5.458419925840271,5.458419925840271,8.135609323459171,793.0,6.609292736828481,0.208,regular,普通,normal,正常骨料
1630,1942.0,2096.0,177.70293600209345,-1.5408320361840606,38.39991323568663,67.57132419003737,1932.3964984552008,1989.5911431513905,0.926526717557252,0.8228303281684128,21.396498455200824,34.59114315139032,1911,1955,1952,2022,0.77,0.87,178.28317261189562,14.054835431527772,7.987181953022819,7.987181953022819,14.054835431527772,1942.0,10.342916226015063,0.208,regular,普通,normal,正常骨料
1631,474.0,506.0,84.29356616482454,-0.7486829146056526,20.099150484599047,30.98413696679204,1924.181434599156,2546.618143459916,0.9367588932806324,0.7610513530558709,12.181434599156118,12.618143459915611,1912,2534,1939,2562,0.84,0.9,132.8963712004573,6.444700489092744,4.180623300796602,4.180623300796602,6.444700489092744,474.0,5.109843099789079,0.208,regular,普通,undersized,过小噪声(<5mm)
1632,218.0,227.0,53.36083518446344,-1.3456525506334702,16.272531846398575,17.224352546326816,1920.7247706422013,1421.8577981651376,0.960352422907489,0.3278210778840598,7.724770642201835,8.857798165137615,1913,1413,1929,1431,0.96,0.96,167.10021184231215,3.5826653296359776,3.3846866240509037,3.3846866240509037,3.5826653296359776,218.0,3.4653462993799065,0.208,round,圆形,undersized,过小噪声(<5mm)
1633,1014.0,1137.0,133.30680318614412,1.4434322363201344,32.82252146760073,44.60524682398509,1931.0118343195263,1649.5404339250492,0.8918205804749341,0.6771506526614343,16.011834319526628,23.54043392504931,1915,1626,1952,1676,0.72,0.74,7.29742484572624,9.277891339388898,6.827084465260952,6.827084465260952,9.277891339388898,1014.0,7.473729441363929,0.208,angular,棱角状,normal,正常骨料
1634,151.0,159.0,45.31628400045997,-1.066449508642015,12.061038032498365,16.217505389148858,1922.0264900662253,1539.3245033112582,0.949685534591195,0.6685080696977809,6.026490066225166,7.324503311258278,1916,1532,1929,1547,0.92,0.95,151.10305590898787,3.3732411209429625,2.50869591075966,2.50869591075966,3.3732411209429625,151.0,2.884077111517085,0.208,regular,普通,undersized,过小噪声(<5mm)
1635,807.0,909.0,122.8107727369338,-0.7715968414498011,23.796253583719714,47.05479852463801,1937.728624535316,1027.9591078066917,0.8877887788778878,0.8627014033012835,20.728624535315983,17.95910780669145,1917,1010,1958,1048,0.67,0.79,134.20924250069854,9.787398093124706,4.9496207454137,4.9496207454137,9.787398093124706,807.0,6.667379288774684,0.208,angular,棱角状,undersized,过小噪声(<5mm)
1638,845.0,916.0,113.75078559340524,-1.1954508089544855,29.124365068851954,38.46864409283453,1932.21775147929,842.9514792899408,0.9224890829694324,0.653306396988787,14.21775147928994,17.951479289940828,1918,825,1949,863,0.82,0.84,158.49428596859212,8.001477971309582,6.057867934321206,6.057867934321206,8.001477971309582,845.0,6.822550339542513,0.208,regular,普通,normal,正常骨料
1640,1050.0,1130.0,128.2296233885186,1.4728473109524984,30.88115146552128,44.88715876541991,1931.239047619048,1066.18,0.9292035398230089,0.725736320442168,13.23904761904762,23.18,1918,1043,1947,1090,0.8,0.85,5.61206521522945,9.33652902320734,6.423279504828426,6.423279504828426,9.33652902320734,1050.0,7.60524210308871,0.208,regular,普通,normal,正常骨料
1641,2267.0,2405.0,183.52604571701767,0.6422499742156536,46.98608021390442,63.02808506276886,1945.3815615350684,1512.4909572121746,0.9426195426195426,0.6665297109903031,27.38156153506837,28.49095721217468,1918,1484,1980,1539,0.85,0.87,53.20178708505711,13.10984169305592,9.77310468449212,9.77310468449212,13.10984169305592,2267.0,11.174913093576068,0.208,regular,普通,normal,正常骨料
1644,1361.0,1528.0,183.7166152670468,-1.4496831937344865,25.218220221938708,76.93560291866504,1931.13005143277,480.921381337252,0.8907068062827225,0.944752870043667,11.130051432770022,36.92138133725202,1920,444,1950,526,0.51,0.77,173.06072863203212,16.002605407082328,5.245389806163251,5.245389806163251,16.002605407082328,1361.0,8.658595610023456,0.208,needle_flaky,针片状候选,normal,正常骨料
1645,590.0,640.0,95.0196344101625,-1.494510214782395,26.163270227406525,30.198427829569404,1935.054237288136,1128.415254237288,0.921875,0.4993878269092573,15.054237288135592,14.415254237288137,1920,1114,1950,1147,0.82,0.83,175.6291277462214,6.281272988550436,5.441960207300557,5.441960207300557,6.281272988550436,590.0,5.700912825277985,0.208,regular,普通,normal,正常骨料
1646,5035.0,5224.0,276.4195234331156,-0.6051025250310682,61.4180196597176,106.3289491300497,1968.151539225422,404.0861966236346,0.9638208269525268,0.8163038419556777,47.15153922542205,42.08619662363456,1921,362,2015,445,0.83,0.92,124.66982085698946,22.116421419050337,12.77494808922126,12.77494808922126,22.116421419050337,5035.0,16.65398356446079,0.208,regular,普通,normal,正常骨料
1647,3787.0,4054.0,239.5683979628157,0.2391534656188954,65.62335130925607,76.60107742841193,1959.428571428572,1610.763137047795,0.934139121854958,0.5158321616909617,38.42857142857143,36.76313704779509,1921,1574,2002,1645,0.83,0.84,76.29751576411026,15.93302410510968,13.649657072325262,13.649657072325262,15.93302410510968,3787.0,14.443287190157905,0.208,regular,普通,normal,正常骨料
1649,576.0,624.0,99.1371947771787,0.4735280302254389,18.85175866858558,40.10330791626443,1942.9409722222224,1095.5121527777778,0.9230769230769232,0.882623869379337,19.94097222222222,11.51215277777778,1923,1084,1962,1109,0.74,0.9,62.86884238693907,8.341488046583,3.9211658030658,3.9211658030658,8.341488046583,576.0,5.632868802140798,0.208,needle_flaky,针片状候选,undersized,过小噪声(<5mm)
1650,561.0,595.0,91.4179661643174,-0.2619692213858711,21.246562311625,34.51606357435987,1939.5258467023173,1369.8877005347597,0.9428571428571428,0.7880933232469147,16.525846702317292,12.88770053475936,1923,1357,1956,1381,0.84,0.92,105.00973074773871,7.179341223466852,4.419284960818,4.419284960818,7.179341223466852,561.0,5.559040331494257,0.208,regular,普通,undersized,过小噪声(<5mm)
1651,218.0,236.0,58.95390710326007,0.4371520510431307,13.08423873796407,22.13389566938245,1934.844036697248,1866.3394495412845,0.923728813559322,0.8065687147855766,11.844036697247706,7.339449541284404,1923,1859,1945,1876,0.79,0.87,64.95303246974107,4.603850299231549,2.721521657496526,2.721521657496526,4.603850299231549,218.0,3.4653462993799065,0.208,regular,普通,undersized,过小噪声(<5mm)
1654,695.0,755.0,103.58007771533708,-0.348614394602978,26.275561087717257,35.642283499977125,1941.192805755396,1412.611510791367,0.9205298013245032,0.6756724628801496,17.192805755395682,11.611510791366907,1924,1401,1961,1428,0.81,0.84,109.9741334882589,7.413594967995242,5.465316706245189,5.465316706245189,7.413594967995242,695.0,6.1874370935047365,0.208,regular,普通,normal,正常骨料
1655,2772.0,2988.0,211.22189926877456,-0.6674449575071542,46.230077798495,77.9907164083329,1961.1453823953825,2707.700937950938,0.927710843373494,0.8053763163248902,36.1453823953824,31.700937950937952,1925,2676,1996,2740,0.78,0.86,128.24177912244852,16.222069012933243,9.61585618208696,9.61585618208696,16.222069012933243,2772.0,12.357055784409406,0.208,regular,普通,normal,正常骨料
1656,364.0,389.0,74.90825645015383,-0.5091335537506905,15.761810958834436,29.86781322550855,1938.1565934065927,1352.4752747252746,0.93573264781491,0.8494190440958614,12.156593406593409,10.475274725274724,1926,1342,1952,1364,0.82,0.95,119.1712038384116,6.212505150905778,3.2784566794375625,3.2784566794375625,6.212505150905778,364.0,4.477845305667184,0.208,regular,普通,undersized,过小噪声(<5mm)
1657,913.0,964.0,123.88202522537472,-0.1229827533338534,22.664150706336983,52.20485842963157,1951.214676889376,1389.3515881708652,0.9470954356846472,0.9008460284503962,24.214676889375685,11.35158817086528,1927,1378,1977,1402,0.75,0.96,97.04639271892826,10.858610553363366,4.7141433469180924,4.7141433469180924,10.858610553363366,913.0,7.091755971598596,0.208,needle_flaky,针片状候选,undersized,过小噪声(<5mm)
1659,715.0,748.0,98.90715698105106,0.8490442482528195,29.65463873881896,31.50808797720852,1941.413986013986,1908.316083916084,0.9558823529411764,0.3379183049005903,14.413986013986014,13.316083916083915,1927,1895,1958,1927,0.92,0.92,41.35334795525572,6.553682299259371,6.168164857674343,6.168164857674343,6.553682299259371,715.0,6.27583353024495,0.208,round,圆形,normal,正常骨料
1660,6489.0,6878.0,333.5331281673544,-0.416499235761581,64.46950401274609,129.9745486582633,1986.562798582216,882.0157189089227,0.9434428612968886,0.8683131688535842,58.56279858221606,41.01571890892279,1928,841,2046,922,0.73,0.87,113.86364837956285,27.034706120918766,13.409656834651186,13.409656834651186,27.034706120918766,6489.0,18.90633206150643,0.208,needle_flaky,针片状候选,normal,正常骨料
1662,560.0,728.0,127.6742630212488,-0.0204199995487259,13.82895290828128,61.60825390494068,1953.5982142857144,1540.8964285714285,0.7692307692307693,0.9744819414878968,25.598214285714285,7.896428571428571,1928,1533,1982,1550,0.43,0.88,91.16997979180104,12.81451681222766,2.8764222049225063,2.8764222049225063,12.81451681222766,560.0,5.554083540199621,0.208,needle_flaky,针片状候选,undersized,过小噪声(<5mm)
1663,2689.0,2968.0,217.04500898369884,0.8820275448940664,45.57160433112317,80.44092019316219,1964.130159910748,2049.63406470807,0.9059973045822104,0.8240461590098547,36.13015991074749,33.634064708069914,1928,2016,1996,2086,0.72,0.81,39.46354426328425,16.731711400177733,9.478893700873618,9.478893700873618,16.731711400177733,2689.0,12.170650619377009,0.208,regular,普通,normal,正常骨料
1665,717.0,758.0,112.08470449159584,-0.8261352490597564,25.284372529868264,39.75211659617852,1946.5718270571824,342.82147838214786,0.945910290237467,0.771647041634822,16.571827057182706,14.821478382147838,1930,328,1966,364,0.72,0.77,137.33406307811316,8.268440252005131,5.259149486212599,5.259149486212599,8.268440252005131,717.0,6.284604790332772,0.208,regular,普通,normal,正常骨料
1666,3020.0,3470.0,264.20159535318004,0.753963995060804,35.85378807872558,115.06524447609786,1979.3605960264904,2125.6238410596025,0.8703170028818443,0.9502149104401652,48.36059602649007,36.62384105960265,1931,2089,2022,2175,0.54,0.86,46.80104517819348,23.933570851028357,7.45758792037492,7.45758792037492,23.933570851028357,3020.0,12.897984947406888,0.208,needle_flaky,针片状候选,normal,正常骨料
1668,333.0,350.0,69.3151845313572,1.2337439822699494,16.289119076881956,26.283705306910548,1939.747747747748,1850.129129129129,0.9514285714285714,0.7848055254548408,7.747747747747748,12.12912912912913,1932,1838,1949,1864,0.87,0.95,19.31167681626883,5.467010703837394,3.3881367679914467,3.3881367679914467,5.467010703837394,333.0,4.282925410968484,0.208,regular,普通,undersized,过小噪声(<5mm)
1671,234.0,245.0,58.26379371487711,0.3763628089628673,14.16989504417161,21.67805372643559,1942.8162393162395,1888.7094017094016,0.9551020408163264,0.7567955821700921,8.816239316239317,8.709401709401709,1934,1880,1954,1896,0.87,0.93,68.43599948073924,4.509035175098602,2.9473381691876948,2.9473381691876948,4.509035175098602,234.0,3.5902634924529933,0.208,regular,普通,undersized,过小噪声(<5mm)
1672,726.0,751.0,103.94486853257789,0.741256516469933,24.543061374812908,38.64707686774995,1955.0922865013767,2253.2217630854,0.966711051930759,0.7724660300027512,19.09228650137741,13.221763085399449,1936,2240,1972,2272,0.84,0.91,47.52913006970324,8.038591988491989,5.104956765961084,5.104956765961084,8.038591988491989,726.0,6.323924911923324,0.208,regular,普通,normal,正常骨料
1674,1442.0,1708.0,186.01699322832323,-0.8909990336650825,29.781818686401564,70.8077981206138,1965.8439667128987,354.6435506241331,0.8442622950819673,0.9072457999294842,28.84396671289875,28.643550624133148,1937,326,1989,394,0.52,0.68,141.050484179244,14.728022009087669,6.194618286771525,6.194618286771525,14.728022009087669,1442.0,8.912530405370555,0.208,needle_flaky,针片状候选,normal,正常骨料
1675,309.0,372.0,75.23357902129598,-0.0490517616555506,16.815100111879364,26.659332495608748,1949.8381877022653,2083.4045307443366,0.8306451612903226,0.7759944563173237,12.838187702265373,8.40453074433657,1937,2075,1963,2093,0.69,0.74,92.81045892054468,5.54514115908662,3.4975408232709078,3.4975408232709078,5.54514115908662,309.0,4.1256998945630325,0.208,angular,棱角状,undersized,过小噪声(<5mm)
1676,625.0,671.0,102.50882522689616,0.595038957825589,23.060440066942693,38.28975787333924,1955.5104,2553.7936,0.9314456035767512,0.7982990066874794,18.5104,16.7936,1937,2537,1974,2569,0.75,0.82,55.90677907073077,7.964269637654562,4.79657153392408,4.79657153392408,7.964269637654562,625.0,5.867571668896666,0.208,regular,普通,undersized,过小噪声(<5mm)
1678,225.0,243.0,58.49383151100476,0.5458855778210273,13.992595599090864,20.977051288157305,1949.7111111111112,1114.0622222222223,0.925925925925926,0.7450192025678534,9.71111111111111,8.062222222222223,1940,1106,1960,1123,0.83,0.88,58.72306029379487,4.363226667936719,2.9104598846109,2.9104598846109,4.363226667936719,225.0,3.520543001337999,0.208,regular,普通,undersized,过小噪声(<5mm)
1679,218.0,236.0,58.16850893986262,0.5173916922059135,14.869077540374596,19.46236387891623,1949.188073394496,1878.0091743119267,0.923728813559322,0.6452264920548082,9.188073394495412,7.009174311926605,1940,1871,1960,1889,0.81,0.83,60.35563968146943,4.048171686814575,3.092768128397916,3.092768128397916,4.048171686814575,218.0,3.4653462993799065,0.208,regular,普通,undersized,过小噪声(<5mm)
1682,579.0,610.0,91.7827569815582,1.4851852325365096,24.38885033599257,31.39709341187866,1952.412780656304,489.17443868739207,0.9491803278688524,0.6297635571688802,11.412780656303973,18.17443868739205,1941,471,1967,506,0.86,0.88,4.905154380502253,6.530595429670761,5.072880869886454,5.072880869886454,6.530595429670761,579.0,5.647518680723542,0.208,regular,普通,normal,正常骨料
1686,3688.0,4053.0,255.6575003308226,-0.0316378196925068,53.9566606551101,92.33170351109668,1991.65726681128,457.3389370932755,0.909943251912164,0.8114812325792082,49.65726681127983,29.338937093275486,1942,428,2041,484,0.71,0.79,91.81271354137652,19.204994330308107,11.2229854162629,11.2229854162629,19.204994330308107,3688.0,14.253248286853793,0.208,regular,普通,normal,正常骨料
1687,1484.0,1600.0,151.84738481935787,-0.7835379878458708,43.53728821152027,45.21059738949193,1967.9016172506736,587.2345013477089,0.9275,0.2695422556335295,25.90161725067385,24.234501347708896,1942,563,1990,613,0.81,0.81,134.8934197917412,9.403804257014322,9.055755947996216,9.055755947996216,9.403804257014322,1484.0,9.041392952665998,0.208,regular,普通,normal,正常骨料
1688,137.0,151.0,49.56859738858936,0.4399870221569256,12.818644542209292,15.266000745495573,1948.700729927008,1569.043795620438,0.9072847682119204,0.5430724656965747,6.700729927007299,8.043795620437956,1942,1561,1958,1575,0.7,0.71,64.79060058987912,3.175328155063079,2.666278064779533,2.666278064779533,3.175328155063079,137.0,2.747126623563032,0.208,regular,普通,undersized,过小噪声(<5mm)
1689,419.0,455.0,77.91509608263047,0.5475721862482479,22.209493802965948,24.761040296332894,1954.3651551312648,1138.1957040572793,0.9208791208791208,0.4421255422719951,11.365155131264917,12.195704057279237,1943,1126,1967,1151,0.87,0.87,58.62642474922394,5.150296381637242,4.619574711016917,4.619574711016917,5.150296381637242,419.0,4.804247864439745,0.208,regular,普通,undersized,过小噪声(<5mm)
1691,2406.0,2675.0,198.36967432937192,-0.5974273413300861,47.40280828165587,67.63058516554624,1971.695760598504,1943.7044887780548,0.8994392523364486,0.7132518355068238,28.69576059850374,25.704488778054863,1943,1918,2008,1972,0.77,0.81,124.23006522393558,14.067161714433617,9.85978412258442,9.85978412258442,14.067161714433617,2406.0,11.51240887938721,0.208,angular,棱角状,normal,正常骨料
1693,7170.0,7577.0,332.04126833275683,0.7046138018640843,82.91015635727261,115.14184118365807,1992.202370990237,1078.3136680613668,0.9462848092912762,0.6939016937708349,48.2023709902371,54.313668061366805,1944,1024,2050,1134,0.82,0.85,49.62860296652075,23.94950296620088,17.2453125223127,17.2453125223127,23.94950296620088,7170.0,19.873665331456507,0.208,regular,普通,normal,正常骨料
1694,830.0,1005.0,137.09904098201818,0.9153922351839858,19.12316093120449,61.01046504888351,1967.3987951807228,1170.666265060241,0.8258706467661692,0.9496077861557848,23.39879518072289,22.666265060240963,1944,1148,1988,1193,0.55,0.87,37.55188832491075,12.690176730167767,3.977617473690534,3.977617473690534,12.690176730167767,830.0,6.761724010978289,0.208,needle_flaky,针片状候选,undersized,过小噪声(<5mm)
1695,598.0,630.0,92.20336432771484,0.554319140343686,25.68406240202272,31.358036356725933,1959.8729096989969,1558.536789297659,0.9492063492063492,0.5737101821414289,15.872909698996656,11.536789297658864,1944,1547,1974,1575,0.88,0.9,58.23985275498683,6.5224715621989935,5.342284979620726,5.342284979620726,6.5224715621989935,598.0,5.739432944701629,0.208,regular,普通,normal,正常骨料
1696,359.0,436.0,81.8420868996177,1.3832386065347966,17.911677333037133,28.89658508391325,1954.4874651810585,1861.2144846796657,0.823394495412844,0.7847167898462711,10.487465181058496,14.214484679665738,1944,1847,1967,1875,0.67,0.73,10.746265785999055,6.010489697453956,3.725628885271723,3.725628885271723,6.010489697453956,359.0,4.446984529225229,0.208,angular,棱角状,undersized,过小噪声(<5mm)
1697,2420.0,2553.0,192.6813176355608,0.0137659769166469,45.05363789462769,69.86634107884181,1978.522727272728,705.2669421487603,0.9479044261652956,0.7643051913479276,33.52272727272727,24.26694214876033,1945,681,2018,729,0.82,0.88,89.21126762180162,14.532198944399097,9.371156682082558,9.371156682082558,14.532198944399097,2420.0,11.545854420764252,0.208,regular,普通,normal,正常骨料
1699,7142.0,7422.0,320.16501110678064,1.3269124348721666,82.90822922635508,112.223968761527,1988.817838140577,1458.6348361803416,0.9622743195904068,0.6739524743967035,43.81783814057687,49.63483618034165,1945,1409,2033,1520,0.88,0.91,13.973517698397131,23.34258550239761,17.244911679081856,17.244911679081856,23.34258550239761,7142.0,19.8348224471045,0.208,regular,普通,normal,正常骨料
1702,628.0,671.0,98.35179661378127,1.4267046501474054,25.3025779023152,33.5651948264678,1960.533439490446,2437.3821656050955,0.9359165424739196,0.6570651586450859,13.53343949044586,15.382165605095542,1947,2422,1975,2457,0.82,0.84,8.25584493486501,6.981560523905302,5.26293620368156,5.26293620368156,6.981560523905302,628.0,5.8816369827310035,0.208,regular,普通,normal,正常骨料
1706,343.0,379.0,73.89282049062874,-0.5082351050277102,17.146747925869754,27.005641907910704,1959.6443148688047,1825.679300291545,0.9050131926121372,0.7725679747002998,11.644314868804663,9.67930029154519,1948,1816,1973,1837,0.79,0.85,119.11972651847591,5.617173516845426,3.5665235685809087,3.5665235685809087,5.617173516845426,343.0,4.346757922009664,0.208,regular,普通,undersized,过小噪声(<5mm)
1707,462.0,494.0,88.8317338779974,-1.4684403511991084,17.944284854241836,34.85662213890512,1956.7965367965369,1986.841991341992,0.9352226720647774,0.8573086555689734,8.796536796536797,14.841991341991342,1948,1972,1967,2006,0.74,0.86,174.13543459041728,7.250177404892264,3.732411249682302,3.732411249682302,7.250177404892264,462.0,5.044746899151731,0.208,regular,普通,undersized,过小噪声(<5mm)
1709,5840.0,6173.0,299.36351975838903,1.1019057178399816,79.03517992034749,98.11385828924334,1995.751712328767,522.9640410958904,0.9460554025595336,0.5925338808963613,45.75171232876713,48.96404109589041,1950,474,2037,570,0.82,0.83,26.86545294643571,20.407682524162613,16.43931742343228,16.43931742343228,20.407682524162613,5840.0,17.935967893436498,0.208,regular,普通,normal,正常骨料
1711,292.0,318.0,66.76842049113588,0.0245605942575993,16.45399376991784,23.268586008538023,1963.3458904109589,1843.195205479452,0.9182389937106918,0.7070801857616013,13.345890410958903,8.195205479452055,1950,1835,1976,1853,0.82,0.86,88.59278160670631,4.839865889775909,3.4224307041429105,3.4224307041429105,4.839865889775909,292.0,4.0106043451977715,0.208,regular,普通,undersized,过小噪声(<5mm)
1712,576.0,626.0,94.0994832256519,1.1242036065713044,21.89580347021084,34.12457682831838,1962.9756944444443,1339.7725694444443,0.9201277955271564,0.7670032424836253,11.975694444444445,15.772569444444445,1951,1324,1976,1356,0.82,0.88,25.5878780300786,7.097911980290223,4.554327121803855,4.554327121803855,7.097911980290223,576.0,5.632868802140798,0.208,regular,普通,undersized,过小噪声(<5mm)
1714,192.0,215.0,55.81231444967027,-0.4997588955056454,15.02620331925489,17.247008655370163,1960.75,1655.984375,0.8930232558139535,0.4908655574885858,8.75,7.984375,1952,1648,1970,1664,0.77,0.78,118.634075486593,3.5873778003169936,3.1254502904050168,3.1254502904050168,3.5873778003169936,192.0,3.252138319225835,0.208,angular,棱角状,undersized,过小噪声(<5mm)
1715,345.0,364.0,71.21130342929425,1.556686618495506,17.043533625705273,26.502217472650155,1961.2782608695647,2528.559420289855,0.9478021978021978,0.7657835524791585,9.278260869565218,12.559420289855073,1952,2516,1970,2542,0.85,0.92,0.8084267357157984,5.512461234311232,3.5450549941466964,3.5450549941466964,5.512461234311232,345.0,4.359412265877204,0.208,regular,普通,undersized,过小噪声(<5mm)
1716,954.0,1045.0,128.49912943074492,1.51535961803651,27.07198047353032,47.77011736632665,1968.077568134172,1688.5283018867924,0.9129186602870814,0.8239147832742647,14.077568134171909,21.52830188679245,1954,1667,1986,1717,0.73,0.82,3.176289441951482,9.936184412195944,5.630971938494307,5.630971938494307,9.936184412195944,954.0,7.249241727443268,0.208,regular,普通,normal,正常骨料
1717,1805.0,1958.0,166.13565306444224,0.8792705196777373,48.606714586278336,49.62046725291818,1976.537396121884,1896.0648199445984,0.921859039836568,0.2011041336025588,22.537396121883656,26.064819944598337,1954,1870,2006,1923,0.82,0.82,39.62151017219105,10.321057188606982,10.110196633945892,10.110196633945892,10.321057188606982,1805.0,9.971419727023672,0.208,regular,普通,normal,正常骨料
1718,698.0,744.0,99.2324795521932,1.4038976192172048,27.975278822471925,32.421915540931174,1967.0659025787968,2475.9283667621776,0.9381720430107529,0.5054585384013178,13.065902578796562,14.928366762177651,1954,2461,1983,2493,0.89,0.9,9.562591550389826,6.743758432513684,5.81885799507416,5.81885799507416,6.743758432513684,698.0,6.200776894314825,0.208,regular,普通,normal,正常骨料
1720,1223.0,1334.0,151.02251840986176,1.5593591743563493,27.89298128479939,59.84446901622857,1972.8593622240392,2002.852003270646,0.9167916041979012,0.8847366722048574,16.85936222403925,34.85200327064595,1956,1968,1988,2030,0.67,0.83,0.6553005643765175,12.447649555375545,5.801740107238273,5.801740107238273,12.447649555375545,1223.0,8.207891800966019,0.208,needle_flaky,针片状候选,normal,正常骨料
1723,1145.0,1222.0,131.54543730932022,0.2414932734912627,36.6431345388773,41.33913993400281,1981.0288209606988,1017.5301310043668,0.936988543371522,0.4629145225856992,22.02882096069869,21.53013100436681,1959,996,2005,1039,0.83,0.84,76.16345464815213,8.598541106272584,7.621771984086478,7.621771984086478,8.598541106272584,1145.0,7.9418400786353205,0.208,regular,普通,normal,正常骨料
1725,501.0,541.0,94.29005277568086,-0.0179809311563451,16.14386152262902,41.060497341801394,1979.3333333333333,1403.8403193612774,0.9260628465804066,0.9194646949571004,19.33333333333333,7.840319361277445,1960,1396,1998,1413,0.71,0.96,91.03023146697386,8.54058344709469,3.357923196706836,3.357923196706836,8.54058344709469,501.0,5.253361140010694,0.208,needle_flaky,针片状候选,undersized,过小噪声(<5mm)
1726,2190.0,2342.0,184.4461969015284,0.0536391871484457,49.387675075626674,59.588395907123726,1994.4890410958903,1858.2634703196347,0.9350982066609737,0.5595247597455651,34.489041095890414,28.263470319634703,1960,1830,2025,1886,0.81,0.82,86.9267009598817,12.394386348681737,10.272636415730348,10.272636415730348,12.394386348681737,2190.0,10.983492345465278,0.208,regular,普通,normal,正常骨料
1727,223.0,268.0,71.4413412254219,0.4166538831296739,12.45921709346156,25.5289110317428,1971.291479820628,2089.7399103139014,0.832089552238806,0.8728193504313331,10.291479820627805,9.739910313901346,1961,2080,1987,2098,0.55,0.66,66.12749097893263,5.310013494602502,2.591517155440004,2.591517155440004,5.310013494602502,223.0,3.504861217358417,0.208,needle_flaky,针片状候选,undersized,过小噪声(<5mm)
1728,252.0,267.0,63.07146747027629,1.4380041770757028,16.442957782362793,21.18975716127082,1971.8849206349207,1152.4563492063492,0.9438202247191012,0.6307499637218087,9.884920634920634,10.456349206349206,1962,1142,1979,1165,0.8,0.82,7.608429731379147,4.40746948954433,3.4201352187314606,3.4201352187314606,4.40746948954433,252.0,3.725792504579712,0.208,regular,普通,undersized,过小噪声(<5mm)
1731,427.0,491.0,95.34495698130463,0.3131850685992606,15.532013502778822,39.08470339469501,1983.7868852459017,833.6182669789227,0.869653767820774,0.9176482308159668,20.78688524590164,9.618266978922716,1963,824,2003,845,0.59,0.8,72.0558173627472,8.129618306096562,3.230658808577995,3.230658808577995,8.129618306096562,427.0,4.849894950231523,0.208,needle_flaky,针片状候选,undersized,过小噪声(<5mm)
1732,603.0,635.0,91.32268138930291,-0.3863475985785652,24.58558712435633,31.577131719298222,1980.6583747927032,1574.8291873963517,0.9496062992125984,0.6275349945183777,16.65837479270315,12.829187396351577,1964,1562,1996,1588,0.91,0.93,112.1360868235663,6.56804339761403,5.113802121866116,5.113802121866116,6.56804339761403,603.0,5.763377282899629,0.208,regular,普通,normal,正常骨料
1734,325.0,362.0,71.9014168176772,1.413403173680909,18.57057952154381,23.50141760593296,1974.033846153846,1130.4246153846154,0.8977900552486188,0.6128622555493541,9.033846153846154,12.424615384615384,1965,1118,1987,1143,0.79,0.81,9.017963397687836,4.888294862034056,3.862680540481112,3.862680540481112,4.888294862034056,325.0,4.231166102933348,0.208,angular,棱角状,undersized,过小噪声(<5mm)
1735,240.0,262.0,63.39679004141844,0.0971084532223015,12.562186453485198,24.67568133376768,1977.0333333333333,1198.3833333333334,0.916030534351145,0.8607122415849235,12.033333333333331,6.383333333333334,1965,1192,1989,1206,0.75,0.88,84.43609547531854,5.132541717423678,2.612934782324921,2.612934782324921,5.132541717423678,240.0,3.636001177010439,0.208,regular,普通,undersized,过小噪声(<5mm)
1736,537.0,596.0,94.69431183902034,0.3160797812877632,21.537938038260943,33.67421035646304,1984.111731843576,622.7448789571695,0.901006711409396,0.7687100502317344,18.11173184357542,14.74487895716946,1966,608,2003,635,0.75,0.81,71.88996254279303,7.004235754144313,4.479891111958276,4.479891111958276,7.004235754144313,537.0,5.438830660285137,0.208,regular,普通,undersized,过小噪声(<5mm)
1737,2047.0,2259.0,183.98612130927305,1.337242037290647,46.38900942786705,59.32405231644994,1993.202247191012,1658.9159745969712,0.9061531651173086,0.6233291727236384,27.202247191011235,34.915974596971175,1966,1624,2020,1689,0.76,0.78,13.381675075770076,12.339402881821586,9.648913960996346,9.648913960996346,12.339402881821586,2047.0,10.618845831964272,0.208,regular,普通,normal,正常骨料
1738,1312.0,1437.0,147.23028061398767,-1.381966147153902,34.730837910922624,50.59538145504649,1988.8048780487804,1712.2324695121952,0.9130132219902576,0.7271837538314937,21.804878048780488,25.232469512195124,1967,1687,2006,1737,0.76,0.8,169.18082766187385,10.52383934264967,7.224014285471905,7.224014285471905,10.52383934264967,1312.0,8.501299405997283,0.208,regular,普通,normal,正常骨料
1739,1955.0,2044.0,172.7999774716798,-1.250902301153188,39.4685255675232,64.14535734944471,1989.0081841432225,2537.1457800511507,0.9564579256360078,0.7882944083262637,22.008184143222508,28.145780051150894,1967,2509,2012,2572,0.82,0.9,161.67142243928038,13.3422343286845,8.209453318044826,8.209453318044826,13.3422343286845,1955.0,10.377476895757955,0.208,regular,普通,normal,正常骨料
1740,8223.0,9009.0,371.6691956394057,-1.3900376350505748,81.32735367921578,136.18670651874046,2014.9288580809923,1303.1231910494953,0.9127539127539128,0.8021106641930094,45.92885808099234,77.12319104949532,1969,1226,2065,1368,0.75,0.82,169.64328985274412,28.32683495589801,16.91608956527688,16.91608956527688,28.32683495589801,8223.0,21.28303402854771,0.208,regular,普通,normal,正常骨料
1741,1683.0,1900.0,178.25829636936328,-0.5003553109823681,34.389062096810214,66.80845099755484,1999.524658348188,1814.180035650624,0.8857894736842106,0.8573456124440094,30.52465834818776,23.18003565062389,1969,1791,2030,1837,0.67,0.78,118.6682475762455,13.896157807491406,7.1529249161365245,7.1529249161365245,13.896157807491406,1683.0,9.628540295472588,0.208,angular,棱角状,normal,正常骨料
1743,1217.0,1567.0,166.88158298174102,0.4868990657512467,33.907496555793806,58.374807731513705,2000.5981922760889,339.2810188989318,0.7766432673899171,0.8140046291838721,29.598192276088746,24.2810188989318,1971,315,2030,359,0.55,0.61,62.1027384835908,12.14196000815485,7.052759283605111,7.052759283605111,12.14196000815485,1217.0,8.187733215144755,0.208,angular,棱角状,normal,正常骨料
1744,566.0,595.0,96.45567771584425,1.0912707939955375,19.119530100735457,38.528795937814685,1982.7014134275616,1746.577738515901,0.9512605042016806,0.8681853788096814,11.701413427561835,18.57773851590106,1971,1728,1996,1765,0.76,0.91,27.47478919816539,8.013989555065454,3.976862260952975,3.976862260952975,8.013989555065454,566.0,5.583758285017081,0.208,needle_flaky,针片状候选,undersized,过小噪声(<5mm)
1745,899.0,962.0,135.81409898026675,-1.52626501939408,19.01760847866748,61.86043587739842,1979.968854282536,2264.020022246941,0.9345114345114344,0.9515714579207436,8.968854282536151,28.020022246941046,1971,2236,1991,2295,0.61,0.98,177.4485440297335,12.866970662498872,3.955662563562836,3.955662563562836,12.866970662498872,899.0,7.037173201038642,0.208,needle_flaky,针片状候选,undersized,过小噪声(<5mm)
1746,800.0,888.0,117.90781420652011,0.7355437643545198,25.47741726127188,43.72138017829544,1993.3275,1222.08875,0.9009009009009008,0.812671446422737,21.3275,17.08875,1972,1205,2014,1241,0.72,0.8,47.85644665532085,9.09404707708545,5.299302790344552,5.299302790344552,9.09404707708545,800.0,6.63839954587984,0.208,regular,普通,normal,正常骨料
1750,432.0,454.0,79.81121498056751,-1.1515026006113984,19.07587627869828,29.64349365045784,1984.0069444444443,2420.0138888888887,0.9515418502202644,0.7654379407499221,10.006944444444445,14.01388888888889,1974,2406,1994,2435,0.85,0.92,155.97623911337158,6.165846679295231,3.9677822659692414,3.9677822659692414,6.165846679295231,432.0,4.878207478838752,0.208,regular,普通,undersized,过小噪声(<5mm)
1751,1205.0,1281.0,133.63212575728625,0.6430506221020645,35.81922701907379,43.44725574214095,1993.4273858921165,2454.265560165976,0.940671350507416,0.5659637343728542,19.42738589211618,19.265560165975103,1974,2435,2015,2474,0.85,0.86,53.155913340289686,9.037029194365315,7.450399219967348,7.450399219967348,9.037029194365315,1205.0,8.14726641116047,0.208,regular,普通,normal,正常骨料
1754,1804.0,2172.0,196.47355543143487,1.2080345648908333,38.21666466576353,71.68643269127799,1998.7766075388024,2003.4756097560976,0.8305709023941068,0.8460467236299855,23.77660753880266,35.47560975609756,1975,1968,2027,2037,0.59,0.68,20.78471792583248,14.91077799978582,7.949066250478814,7.949066250478814,14.91077799978582,1804.0,9.968657178216805,0.208,angular,棱角状,normal,正常骨料
1755,8889.0,9176.0,357.3414591482226,-0.2257369348982124,90.64305787522706,126.59551137004948,2039.016537293284,1160.2311846101925,0.9687227550130776,0.6980948370892829,62.01653729328383,48.23118461019237,1977,1112,2102,1213,0.87,0.91,102.933773649887,26.33186636497029,18.853756038047223,18.853756038047223,26.33186636497029,8889.0,22.128136785824488,0.208,regular,普通,normal,正常骨料
1756,271.0,303.0,67.32378085840567,-0.6920078359958056,14.157578232458638,26.288629015332823,1989.4981549815493,2081.073800738008,0.8943894389438944,0.8425975152987538,12.498154981549815,11.07380073800738,1977,2070,2000,2091,0.75,0.86,129.64912839254092,5.468034835189227,2.9447762723513966,2.9447762723513966,5.468034835189227,271.0,3.8636968132589526,0.208,angular,棱角状,undersized,过小噪声(<5mm)
1758,1599.0,1694.0,154.949509226849,-0.1865784206862759,37.065345241942666,56.78418664540017,2004.1601000625392,2488.466541588493,0.9439197166469894,0.7575814688674741,26.160100062539087,19.46654158849281,1978,2469,2035,2510,0.84,0.89,100.69015605353998,11.811110822243236,7.709591810324074,7.709591810324074,11.811110822243236,1599.0,9.385180425852873,0.208,regular,普通,normal,正常骨料
1759,8394.0,11162.0,486.625986742365,-0.7955218722325245,73.09240809771339,197.3084749955864,2049.0102454133903,2252.4828448892067,0.7520157677835513,0.9288534528301288,69.01024541339052,71.48284488920658,1980,2181,2118,2324,0.45,0.63,135.58004578926918,41.04016279908197,15.203220884324384,15.203220884324384,41.04016279908197,8394.0,21.50318922761842,0.208,needle_flaky,针片状候选,normal,正常骨料
1760,1069.0,1121.0,129.28452759414236,0.4455834698734773,27.15423323582051,51.33867750561168,2005.1122544434047,998.8849391955098,0.9536128456735058,0.8486695034678303,24.112254443405053,15.884939195509824,1981,983,2030,1018,0.8,0.93,64.46994775545508,10.678444921167229,5.648080513050665,5.648080513050665,10.678444921167229,1069.0,7.6737429409772515,0.208,regular,普通,normal,正常骨料
1761,216.0,261.0,65.98302232773842,0.1870479281851976,13.124530471389368,23.578869612935566,1992.6296296296296,1537.8935185185185,0.8275862068965517,0.8307655142108464,11.62962962962963,7.893518518518518,1981,1530,2005,1546,0.62,0.71,79.28294314832206,4.904404879490597,2.7299023380489884,2.7299023380489884,4.904404879490597,216.0,3.4494135883218133,0.208,angular,棱角状,undersized,过小噪声(<5mm)
1763,1643.0,1736.0,156.52030555364388,0.3834730334766156,38.14978814099709,55.7166283998257,2012.368837492392,738.5021302495435,0.9464285714285714,0.7288146894605639,29.368837492391965,21.50213024954352,1983,717,2040,761,0.84,0.89,68.028613624711,11.589058707163746,7.935155933327394,7.935155933327394,11.589058707163746,1643.0,9.513431073750546,0.208,regular,普通,normal,正常骨料
1765,531.0,576.0,90.67203624701862,-0.3393488025957737,22.75357774731924,30.72788557947843,2002.3540489642185,922.6101694915254,0.921875,0.6720714739734583,16.354048964218457,13.610169491525424,1986,909,2020,936,0.81,0.84,109.44325417155596,6.391400200531513,4.732744171442402,4.732744171442402,6.391400200531513,531.0,5.408360780983192,0.208,regular,普通,undersized,过小噪声(<5mm)
1767,212.0,239.0,62.84142967414863,1.1519472769005386,16.78581252465623,18.966021617439484,1995.561320754717,1776.9433962264152,0.8870292887029289,0.4655024761941064,8.56132075471698,7.943396226415095,1987,1769,2005,1790,0.67,0.68,23.998282812011155,3.9449324964274126,3.491449005128496,3.491449005128496,3.9449324964274126,212.0,3.4173253226237446,0.208,angular,棱角状,undersized,过小噪声(<5mm)
1768,3120.0,3642.0,241.36923208573825,0.3991721945214215,55.1055356330585,80.5975780706309,2031.7028846153848,824.411217948718,0.85667215815486,0.7297518944848087,43.70288461538462,33.41121794871795,1988,791,2067,859,0.67,0.71,67.12911795494742,16.764296238691227,11.461951411676168,11.461951411676168,16.764296238691227,3120.0,13.109788681358555,0.208,angular,棱角状,normal,正常骨料
1769,759.0,824.0,107.73710632845196,1.4437649524685434,28.2887202335489,35.08380700407513,2001.288537549407,1960.209486166008,0.9211165048543688,0.591481687857304,13.288537549407115,18.209486166007903,1988,1942,2020,1979,0.82,0.84,7.278361614646556,7.297431856847627,5.884053808578171,5.884053808578171,7.297431856847627,759.0,6.466053330164959,0.208,regular,普通,normal,正常骨料
1770,179.0,224.0,60.06462783779966,-0.902517331091145,12.196650172832504,21.646864697828768,1996.7206703910613,1556.536312849162,0.7991071428571429,0.8261588539541052,7.720670391061453,9.53631284916201,1989,1547,2008,1566,0.62,0.7,141.71043400893376,4.502547857148383,2.536903235949161,2.536903235949161,4.502547857148383,179.0,3.1401103457924133,0.208,angular,棱角状,undersized,过小噪声(<5mm)
1771,155.0,172.0,49.01323702131957,-0.155013916794288,12.14921116652182,16.69261296983519,1998.774193548387,1033.2387096774194,0.9011627906976744,0.6857686243543121,8.774193548387096,6.238709677419354,1990,1027,2009,1040,0.81,0.84,98.8816431981048,3.472063497725719,2.5270359226365384,2.5270359226365384,3.472063497725719,155.0,2.9220271264706668,0.208,regular,普通,undersized,过小噪声(<5mm)
1772,3769.0,3953.0,260.50464233232043,0.8404567758010375,44.2934740872388,110.15830835691526,2034.1223136110373,1618.9227911912974,0.953453073614976,0.9156004678860378,43.12231361103741,44.92279119129743,1991,1574,2077,1662,0.7,0.93,41.84537388342769,22.91292813823837,9.21304261014567,9.21304261014567,22.91292813823837,3769.0,14.408921091304435,0.208,needle_flaky,针片状候选,normal,正常骨料
1773,849.0,912.0,116.20226485861208,0.0121946350721211,23.671072784880057,46.32265286254891,2015.0883392226149,581.0424028268551,0.930921052631579,0.8595781813450676,23.08833922261484,12.042402826855124,1992,569,2039,595,0.79,0.93,89.30129887766525,9.635111795410172,4.923583139255052,4.923583139255052,9.635111795410172,849.0,6.838679322664965,0.208,regular,普通,undersized,过小噪声(<5mm)
1774,2132.0,2356.0,203.46320240981456,1.3812283203765665,37.16058315403732,78.63982156877445,2014.0853658536585,2354.019699812383,0.9049235993208828,0.8813083931210031,22.085365853658537,35.01969981238274,1992,2319,2036,2397,0.65,0.79,10.861446698479227,16.357082886305086,7.729401296039762,7.729401296039762,16.357082886305086,2132.0,10.837072890518725,0.208,needle_flaky,针片状候选,normal,正常骨料
1775,373.0,418.0,77.91509608263047,0.5727334986501507,16.914308973869296,30.101895898505337,2006.530831099196,1921.5388739946384,0.8923444976076556,0.8272039569418095,13.53083109919571,9.53887399463807,1993,1912,2019,1935,0.77,0.87,57.184787741584735,6.26119434688911,3.5181762665648133,3.5181762665648133,6.26119434688911,373.0,4.53286526409692,0.208,angular,棱角状,undersized,过小噪声(<5mm)
1776,531.0,578.0,93.0840472661268,1.2643036464270945,21.140669278542365,34.41259355893644,2003.3709981167608,2417.732580037665,0.9186851211072664,0.7890496441839636,10.370998116760829,17.732580037664782,1993,2400,2018,2432,0.77,0.84,17.560737036727204,7.15781946025878,4.397259209936812,4.397259209936812,7.15781946025878,531.0,5.408360780983192,0.208,regular,普通,undersized,过小噪声(<5mm)
1777,1055.0,1381.0,153.2834281250396,1.2228439000293672,32.578208773899895,51.487060508949575,2019.2502369668248,421.2132701421801,0.7639391745112237,0.7743597744248996,25.250236966824644,29.213270142180093,1994,392,2037,448,0.56,0.61,19.936205524999693,10.70930858586151,6.776267424971178,6.776267424971178,10.70930858586151,1055.0,7.623328316746583,0.208,angular,棱角状,normal,正常骨料
1778,167.0,185.0,52.25011444992384,-1.187292335801979,14.22595525866128,16.40928070405279,2001.1077844311376,1617.9580838323354,0.9027027027027028,0.4984026108779993,7.107784431137724,8.95808383233533,1994,1609,2010,1626,0.77,0.77,158.02683988968266,3.41313038644298,2.9589986938015462,2.9589986938015462,3.41313038644298,167.0,3.0330294683354935,0.208,regular,普通,undersized,过小噪声(<5mm)
1779,2581.0,2691.0,191.8959194721633,1.2136350917631642,50.27372471161358,66.00350147826205,2019.660984114684,2055.8287485470746,0.9591230026012636,0.6479502111648081,25.66098411468423,32.828748547074774,1994,2023,2049,2089,0.88,0.91,20.46383137299832,13.728728307478509,10.456934740015624,10.456934740015624,13.728728307478509,2581.0,11.923737226528116,0.208,regular,普通,normal,正常骨料
1780,2652.0,2950.0,210.43650110537712,1.4027845567658797,57.121194307099856,64.67504435019688,2024.48604826546,2110.500754147813,0.8989830508474577,0.4689908639019592,30.48604826546003,29.500754147812973,1994,2081,2054,2150,0.75,0.76,9.62636533118524,13.45240922484095,11.88120841587677,11.88120841587677,13.45240922484095,2652.0,12.08662795735003,0.208,angular,棱角状,normal,正常骨料
1782,863.0,899.0,119.20910449108872,-1.3426117583088664,22.930270013679827,49.18520477876203,2005.9953650057937,2232.068366164542,0.9599555061179088,0.8846779878110062,10.995365005793742,21.068366164542294,1995,2211,2020,2259,0.76,0.94,166.9259872757366,10.2305225939825,4.769496162845404,4.769496162845404,10.2305225939825,863.0,6.894833643934656,0.208,needle_flaky,针片状候选,undersized,过小噪声(<5mm)
1783,423.0,488.0,93.54412285838208,0.3113680185725898,16.748571649884443,35.854374209602575,2015.2198581560283,2438.68085106383,0.8668032786885246,0.8841898576241544,20.21985815602837,9.680851063829786,1995,2429,2032,2450,0.61,0.75,72.15992666043957,7.457709835597336,3.483702903175964,3.483702903175964,7.457709835597336,423.0,4.827125364606511,0.208,needle_flaky,针片状候选,undersized,过小噪声(<5mm)
1784,289.0,297.0,61.50067114348139,-0.4077233553474717,16.535595028422794,22.42001654858217,2005.5051903114183,645.80276816609,0.9730639730639732,0.6753065656561115,9.505190311418684,7.802768166089965,1996,638,2017,655,0.96,0.99,113.36082747032285,4.663363442105091,3.439403765911941,3.439403765911941,4.663363442105091,289.0,3.9899487348497322,0.208,regular,普通,undersized,过小噪声(<5mm)
1785,1631.0,1706.0,155.7743756363451,-0.8151632520822214,35.53056926532802,59.74836573212579,2021.3096259963213,1518.9491109748622,0.9560375146541618,0.8039697877428686,25.30962599632128,28.949110974862048,1996,1490,2045,1546,0.84,0.93,136.7054139584701,12.427660072282164,7.390358407188228,7.390358407188228,12.427660072282164,1631.0,9.47862572143459,0.208,regular,普通,normal,正常骨料
1787,140.0,151.0,45.77635959271528,0.7588454920378847,12.816206044103383,14.389408143378256,2006.6357142857144,1023.8428571428572,0.9271523178807948,0.4546514650834481,7.635714285714286,6.842857142857143,1999,1017,2014,1031,0.84,0.84,46.521356003700895,2.992996893822677,2.6657708571735035,2.6657708571735035,2.992996893822677,140.0,2.7770417700998107,0.208,regular,普通,undersized,过小噪声(<5mm)
1788,323.0,348.0,70.65594306202445,-0.4975784004752258,18.14083070290224,23.757014846489792,2010.1517027863777,1403.374613003096,0.9281609195402298,0.6456908708571019,11.15170278637771,8.374613003095975,1999,1395,2023,1415,0.81,0.84,118.50914232410072,4.941459088069877,3.773292786203666,3.773292786203666,4.941459088069877,323.0,4.218127039253955,0.208,regular,普通,undersized,过小噪声(<5mm)
1789,155.0,170.0,48.22783885792211,0.533426466813385,12.974433774842,15.488280607358949,2006.9548387096768,1630.2129032258065,0.9117647058823528,0.5461404646178701,7.95483870967742,6.212903225806452,1999,1624,2015,1638,0.84,0.85,59.43691477101777,3.221562366330661,2.698682225167136,2.698682225167136,3.221562366330661,155.0,2.9220271264706668,0.208,regular,普通,undersized,过小噪声(<5mm)
1791,242.0,256.0,57.15307298033751,1.0578768603941884,16.7328034270525,18.6588703793306,2007.202479338843,1905.2685950413224,0.9453125,0.4424873845722483,8.202479338842975,9.268595041322314,1999,1896,2017,1914,0.93,0.94,29.38812065486281,3.8810450389007647,3.4804231128269194,3.4804231128269194,3.8810450389007647,242.0,3.651119750233912,0.208,regular,普通,undersized,过小噪声(<5mm)
1792,172.0,184.0,49.01323702131956,0.3213037116324352,14.505767874385867,15.349020599579712,2008.046511627907,1688.4883720930231,0.9347826086956522,0.326892688517741,8.046511627906977,7.488372093023256,2000,1681,2016,1697,0.9,0.9,71.590653381573,3.19259628471258,3.0171997178722605,3.0171997178722605,3.19259628471258,172.0,3.078099240458078,0.208,regular,普通,undersized,过小噪声(<5mm)
1793,418.0,581.0,106.81695514394136,0.6924628492975956,18.23278458878096,42.46645198623206,2019.5263157894733,1790.361244019139,0.7194492254733219,0.9031402715420777,19.526315789473685,10.361244019138756,2000,1780,2033,1813,0.46,0.59,50.32480126564421,8.833022013136269,3.792419194466439,3.792419194466439,8.833022013136269,418.0,4.798511447033385,0.208,needle_flaky,针片状候选,undersized,过小噪声(<5mm)
1795,340.0,357.0,70.56065828700997,1.3176878708763116,16.113309308754598,27.18410925508457,2008.679411764706,622.3617647058824,0.9523809523809524,0.8053884488406878,7.679411764705883,14.361764705882353,2001,608,2019,636,0.86,0.95,14.50204628320796,5.654294725057591,3.3515683362209563,3.3515683362209563,5.654294725057591,340.0,4.327707028619602,0.208,regular,普通,undersized,过小噪声(<5mm)
1796,3687.0,4156.0,262.686615555301,0.6363814430636902,50.81736238193714,99.79572568053084,2048.183618117711,1576.926769731489,0.8871511068334937,0.8606400459542235,47.18361811771088,31.926769731489017,2001,1545,2091,1623,0.67,0.79,53.538029152005656,20.75751094155041,10.570011375442924,10.570011375442924,20.75751094155041,3687.0,14.251315774027224,0.208,angular,棱角状,normal,正常骨料
1797,1753.0,1861.0,164.98546408380398,-1.0509627177417338,38.71945272562763,59.1466364629129,2023.3936109526528,2183.219623502567,0.9419666845781838,0.7559451974299215,22.3936109526526,28.21962350256703,2001,2155,2046,2211,0.81,0.86,150.21572815220014,12.302500384285883,8.053646166930548,8.053646166930548,12.302500384285883,1753.0,9.82673744016695,0.208,regular,普通,normal,正常骨料
1798,860.0,984.0,124.01677824648787,-1.3271617973100949,25.60891863264473,47.57319427764592,2018.613953488372,683.803488372093,0.8739837398373984,0.8427496909291594,16.613953488372093,21.803488372093025,2002,662,2034,707,0.7,0.81,166.04076971686524,9.89522440975035,5.326655075590104,5.326655075590104,9.89522440975035,860.0,6.882839143154734,0.208,angular,棱角状,normal,正常骨料
1799,1077.0,1172.0,132.19608245160452,-0.3900699666843292,34.28870599751689,42.84729170602446,2025.9136490250696,1736.7270194986072,0.9189419795221844,0.5996615134092682,23.91364902506964,20.72701949860724,2002,1716,2047,1754,0.77,0.79,112.3493628058207,8.912236674853087,7.132050847483513,7.132050847483513,8.912236674853087,1077.0,7.7024031450908605,0.208,regular,普通,normal,正常骨料
1801,188.0,199.0,50.353995551986806,0.3831210401436022,13.365893921989365,18.13692839632589,2011.058510638297,1211.335106382979,0.9447236180904522,0.6759541998587008,8.058510638297872,7.335106382978723,2003,1204,2021,1219,0.93,0.96,68.0487813571094,3.7724811064357846,2.780105935773788,2.780105935773788,3.7724811064357846,188.0,3.2180835764043403,0.208,regular,普通,undersized,过小噪声(<5mm)
1802,516.0,552.0,93.0840472661268,-1.3601586566433614,19.446940191844327,35.539743284125464,2011.3410852713173,1715.4709302325582,0.9347826086956522,0.8370093805709026,8.34108527131783,15.47093023255814,2003,1700,2023,1735,0.75,0.85,167.9313504938483,7.392266603098096,4.04496355990362,4.04496355990362,7.392266603098096,516.0,5.331424275212562,0.208,regular,普通,undersized,过小噪声(<5mm)
1803,345.0,388.0,78.14513387875812,-0.7694112304479802,16.79593597492607,27.62668333286972,2014.5333333333333,1884.176811594203,0.8891752577319587,0.7939671686165826,11.533333333333331,13.1768115942029,2003,1871,2026,1896,0.71,0.78,134.08401621463685,5.746350133236902,3.4935546827846227,3.4935546827846227,5.746350133236902,345.0,4.359412265877204,0.208,angular,棱角状,undersized,过小噪声(<5mm)
1804,1589.0,1782.0,163.54942077812225,-1.356808247358236,36.86291920763754,57.93926768186868,2023.992448080554,952.2322215229703,0.8916947250280584,0.7714963246474538,19.992448080553807,28.232221522970423,2004,924,2047,981,0.75,0.8,167.73938618216914,12.051367677828685,7.667487195188608,7.667487195188608,12.051367677828685,1589.0,9.355787367676633,0.208,angular,棱角状,normal,正常骨料
1805,152.0,169.0,49.01323702131957,-1.3272872684595356,12.768368701474914,16.12260183063107,2011.1052631578948,1037.0263157894738,0.8994082840236687,0.6105799782143289,7.105263157894737,8.026315789473685,2004,1029,2018,1047,0.8,0.81,166.04795868417887,3.353501180771262,2.655820689906782,2.655820689906782,3.353501180771262,152.0,2.893611276733652,0.208,angular,棱角状,undersized,过小噪声(<5mm)
1807,749.0,808.0,117.21770081813716,0.9870459592323376,21.742248444128965,46.2511231254169,2022.783711615488,1766.332443257677,0.926980198019802,0.8826178184338745,17.783711615487316,17.332443257676903,2005,1749,2038,1790,0.68,0.84,33.44643235054514,9.620233610086716,4.522387676378824,4.522387676378824,9.620233610086716,749.0,6.423316223875572,0.208,needle_flaky,针片状候选,undersized,过小噪声(<5mm)
1808,279.0,295.0,64.96758636821332,0.0434717672011096,17.405189492433212,21.61908739545056,2017.3189964157707,1834.20788530466,0.9457627118644067,0.5931603046403373,12.31899641577061,7.207885304659499,2005,1827,2029,1844,0.83,0.85,87.50925121140118,4.496770178253716,3.620279414426108,3.620279414426108,4.496770178253716,279.0,3.920310772132072,0.208,regular,普通,undersized,过小噪声(<5mm)
1809,855.0,970.0,118.42370632769126,0.9755441123619544,29.436978603007823,39.11478810340876,2023.59649122807,1949.1438596491228,0.8814432989690721,0.6585016668286764,17.596491228070175,18.14385964912281,2006,1931,2040,1968,0.77,0.79,34.10543963282386,8.135875925509023,6.122891549425627,6.122891549425627,8.135875925509023,855.0,6.862801723219597,0.208,angular,棱角状,normal,正常骨料
1811,1494.0,1548.0,144.68351657376635,0.4462065235365762,40.097956619199046,48.73646898743304,2031.0977242302545,609.574297188755,0.9651162790697676,0.5684026161121533,24.09772423025435,18.57429718875502,2007,591,2058,633,0.9,0.91,64.43424941014935,10.137185549386071,8.3403749767934,8.3403749767934,10.137185549386071,1494.0,9.071804720183994,0.208,round,圆形,normal,正常骨料
1812,1018.0,1090.0,133.17205016503095,1.0334718347227816,25.055859227114546,53.809776369344895,2024.738703339882,2415.2200392927307,0.9339449541284404,0.8849754541649664,16.73870333988212,25.22003929273085,2008,2390,2045,2437,0.72,0.89,30.786425624742847,11.192433484823738,5.211618719239826,5.211618719239826,11.192433484823738,1018.0,7.48845601611999,0.208,needle_flaky,针片状候选,normal,正常骨料
1813,375.0,404.0,74.35289608288404,-0.4437787159968226,18.360982710674108,27.274963418011804,2022.088,908.6693333333334,0.9282178217821784,0.7394778971080337,13.088,11.669333333333332,2009,897,2034,920,0.85,0.9,115.42664746435273,5.673192390946455,3.8190844038202143,3.8190844038202143,5.673192390946455,375.0,4.545001471263049,0.208,regular,普通,undersized,过小噪声(<5mm)
1814,257.0,274.0,60.619988205069454,0.1289980158833566,15.418034169348964,21.63637093140618,2020.4785992217896,984.7548638132296,0.937956204379562,0.7015726065439274,10.478599221789883,7.754863813229572,2010,977,2032,994,0.88,0.92,82.6089581243221,4.500365153732485,3.2069511072245844,3.2069511072245844,4.500365153732485,257.0,3.762573184072235,0.208,regular,普通,undersized,过小噪声(<5mm)
1815,411.0,432.0,78.27988689987129,1.0220644917450246,18.570741291235525,28.810678725525825,2020.703163017032,1650.4379562043796,0.9513888888888888,0.7645382148615623,10.70316301703163,14.437956204379562,2010,1636,2033,1665,0.84,0.9,31.440018232826525,5.992621174909371,3.862714188576989,3.862714188576989,5.992621174909371,411.0,4.758162886836312,0.208,regular,普通,undersized,过小噪声(<5mm)
1816,1158.0,1193.0,123.59617090033126,1.5685210452656413,37.31448520946881,40.04415230193483,2030.5224525043177,1986.6433506044905,0.9706621961441744,0.3628859415231283,20.52245250431779,20.6433506044905,2010,1966,2050,2007,0.95,0.95,0.1303640288303995,8.329183678802444,7.761412923569512,7.761412923569512,8.329183678802444,1158.0,7.986797512034643,0.208,round,圆形,normal,正常骨料
1817,241.0,262.0,61.63542416459455,-0.8564346464151669,13.937625534368504,22.308421446027165,2022.4439834024893,1897.8132780082988,0.9198473282442748,0.7808090902399891,9.443983402489629,8.813278008298756,2013,1889,2033,1909,0.8,0.86,139.070090668368,4.64015166077365,2.8990261111486486,2.8990261111486486,4.64015166077365,241.0,3.6435683052311125,0.208,regular,普通,undersized,过小噪声(<5mm)
1818,878.0,955.0,123.9214934714734,0.5571563223633335,23.00163257091713,50.486002515225366,2033.435079726652,2468.788154897494,0.9193717277486912,0.890182482945213,19.43507972665148,18.788154897494305,2014,2450,2057,2486,0.72,0.9,58.07729419955063,10.501088523166876,4.784339574750763,4.784339574750763,10.501088523166876,878.0,6.95449584890843,0.208,needle_flaky,针片状候选,undersized,过小噪声(<5mm)
1819,767.0,928.0,130.62528612480963,0.852316265368533,20.68013095450205,53.250799774277056,2034.5462842242505,1231.799217731421,0.8265086206896551,0.9215105047237558,19.546284224250325,18.79921773142112,2015,1213,2056,1256,0.56,0.77,41.16587518403077,11.076166353049627,4.301467238536427,4.301467238536427,11.076166353049627,767.0,6.500040704014455,0.208,needle_flaky,针片状候选,undersized,过小噪声(<5mm)
1822,1118.0,1224.0,139.550520247225,-0.8626327114863641,26.90088934796373,54.66568492923112,2040.2209302325584,1915.66457960644,0.9133986928104576,0.8705396522128908,22.22093023255814,22.66457960644007,2018,1893,2064,1937,0.72,0.86,139.42521363809507,11.370462465280072,5.595384984376456,5.595384984376456,11.370462465280072,1118.0,7.847644045935435,0.208,needle_flaky,针片状候选,normal,正常骨料
1824,1620.0,2050.0,201.09065963680507,-0.8650156018810168,32.2722703457537,82.54424455310661,2056.853703703704,1088.0574074074077,0.7902439024390244,0.9204036944010638,36.8537037037037,30.057407407407407,2020,1058,2084,1123,0.5,0.68,139.56174320075093,17.169202867046174,6.712632231916769,6.712632231916769,17.169202867046174,1620.0,9.446608162443479,0.208,needle_flaky,针片状候选,normal,正常骨料
1826,683.0,725.0,110.05383257254564,-0.2329195723169075,19.69814785888205,45.244688804417486,2045.0966325036604,1538.1288433382138,0.9420689655172414,0.9002519563048669,23.096632503660324,11.128843338213764,2022,1527,2066,1549,0.71,0.91,103.34530845975095,9.410895271318836,4.0972147546474655,4.0972147546474655,9.410895271318836,683.0,6.133787782285696,0.208,needle_flaky,针片状候选,undersized,过小噪声(<5mm)
1827,172.0,181.0,49.56859738858937,0.8569141823746268,12.525115059234862,17.91565238495857,2029.0406976744189,1707.4302325581396,0.9502762430939228,0.7150084924447186,7.040697674418604,7.430232558139535,2022,1700,2037,1716,0.88,0.92,40.90243394503017,3.7264556960713824,2.6052239323208517,2.6052239323208517,3.7264556960713824,172.0,3.078099240458078,0.208,regular,普通,undersized,过小噪声(<5mm)
1828,6551.0,7757.0,394.8037615147081,1.3654707984166277,53.58054973515643,169.63164224802262,2058.2885055716683,538.4240573958174,0.8445275235271368,0.9488044353073976,35.288505571668445,76.42405739581743,2023,462,2102,614,0.53,0.83,11.764286202368424,35.2833815875887,11.144754344912537,11.144754344912537,35.2833815875887,6551.0,18.996438851297317,0.208,needle_flaky,针片状候选,normal,正常骨料
1829,580.0,608.0,94.0041984506374,-1.0385757874960124,20.025879232471137,37.677894801672,2035.6275862068965,1669.1793103448276,0.9539473684210528,0.8470569905817389,12.627586206896552,16.179310344827588,2023,1653,2050,1687,0.82,0.95,149.50600932799736,7.837002118747775,4.165382880353996,4.165382880353996,7.837002118747775,580.0,5.6523935359089075,0.208,regular,普通,undersized,过小噪声(<5mm)
1831,2136.0,2272.0,190.68991396260927,0.8670424795892685,39.43021182526322,71.63875851320763,2051.364700374532,1034.7649812734082,0.9401408450704224,0.8348988953003488,27.36470037453184,29.76498127340824,2024,1005,2084,1063,0.74,0.84,40.32212526097709,14.900861770747188,8.20148405965475,8.20148405965475,14.900861770747188,2136.0,10.847234236295884,0.208,regular,普通,normal,正常骨料
1832,12862.0,13388.0,433.2651515579015,-0.6306601776118955,120.63375647718152,137.9813618023168,2091.057145078526,1417.192971544083,0.9607110845533312,0.4854296442901691,67.05714507852589,68.19297154408335,2024,1349,2167,1482,0.86,0.87,126.13416648413248,28.70012325488189,25.09182134725376,25.09182134725376,28.70012325488189,12862.0,26.617829992374187,0.208,round,圆形,normal,正常骨料
1833,8559.0,8867.0,359.5629006173018,-0.8147263428350485,87.0708576304032,128.24235653779752,2080.068349106204,1848.3549480079448,0.9652644637419646,0.7341793944345096,56.068349106204,54.354948007944856,2024,1794,2138,1905,0.83,0.88,136.68038090257687,26.67441015986188,18.110738387123863,18.110738387123863,26.67441015986188,8559.0,21.713503721031056,0.208,regular,普通,normal,正常骨料
1834,551.0,622.0,105.38091183825964,1.433450241220692,21.760476601490808,34.5558067556344,2036.1705989110708,2389.0471869328494,0.8858520900321544,0.7768223357525863,12.17059891107078,21.047186932849364,2024,2368,2048,2405,0.62,0.67,7.869351036044563,7.187607805171955,4.526179133110088,4.526179133110088,7.187607805171955,551.0,5.509271735043169,0.208,angular,棱角状,undersized,过小噪声(<5mm)
1835,612.0,646.0,102.7388630230238,0.5644805091022411,18.37990727648228,43.18850956316869,2044.4787581699347,730.6732026143791,0.9473684210526316,0.9049236213733384,19.47875816993464,13.673202614379084,2025,717,2065,747,0.73,0.94,57.65764921104553,8.983209989139086,3.8230207135083134,3.8230207135083134,8.983209989139086,612.0,5.806228261618235,0.208,needle_flaky,针片状候选,undersized,过小噪声(<5mm)
1836,544.0,583.0,91.09264359317528,0.4144914761336807,22.81302862423589,31.09541579922703,2041.3474264705883,2448.3125,0.9331046312178388,0.679531816645525,15.347426470588236,12.3125,2026,2436,2057,2461,0.82,0.85,66.25138777339261,6.467846486239222,4.745109953841065,4.745109953841065,6.467846486239222,544.0,5.474164502542978,0.208,regular,普通,undersized,过小噪声(<5mm)
1837,14429.0,15051.0,459.4065570656807,0.1847956175765245,124.87855324808277,151.12450199660464,2101.361563517916,680.6452283595537,0.9586738422696166,0.563187750576462,74.36156351791531,69.64522835955367,2027,611,2176,740,0.86,0.87,79.41199104035157,31.433896415293763,25.974739075601214,25.974739075601214,31.433896415293763,14429.0,28.192689676359674,0.208,round,圆形,normal,正常骨料
1839,434.0,466.0,79.94596800168065,1.0838607464065595,21.73817714566248,26.02483754327203,2037.9147465437788,1481.2603686635944,0.9313304721030042,0.5498160045290865,10.914746543778802,12.26036866359447,2027,1469,2051,1496,0.85,0.86,27.89935365100492,5.413166209000583,4.521540846297794,4.521540846297794,5.413166209000583,434.0,4.889486586332473,0.208,regular,普通,undersized,过小噪声(<5mm)
1842,591.0,627.0,94.09948322565188,0.9403511315394582,21.716657058731897,35.319384682710755,2040.7681895093065,2344.994923857868,0.9425837320574164,0.7886323012523656,12.76818950930626,16.99492385786802,2028,2328,2055,2360,0.84,0.91,36.12184890243773,7.346432014003836,4.517064668216235,4.517064668216235,7.346432014003836,591.0,5.705742061912932,0.208,regular,普通,undersized,过小噪声(<5mm)
1843,1412.0,1727.0,168.35709453352143,0.4912595256217134,38.69304881686133,53.70258103880332,2056.368980169972,451.6189801699717,0.8176027793862188,0.6934483750031998,27.36898016997167,21.61898016997167,2029,430,2080,481,0.63,0.65,61.85290253627689,11.170136856071087,8.048154153907156,8.048154153907156,11.170136856071087,1412.0,8.81933303355486,0.208,angular,棱角状,normal,正常骨料
1844,759.0,871.0,123.04081053306145,-0.8904492834840805,19.814513673883067,54.07096341211024,2046.574440052701,1684.810276679842,0.8714121699196326,0.9304362217964036,17.574440052700922,18.8102766798419,2029,1666,2067,1709,0.63,0.89,141.01898581408602,11.24676038971893,4.121418844167677,4.121418844167677,11.24676038971893,759.0,6.466053330164959,0.208,needle_flaky,针片状候选,undersized,过小噪声(<5mm)
1845,472.0,495.0,83.64292102254025,-0.6619970757299846,19.119135990691262,32.17998267185508,2044.6080508474577,2145.523305084746,0.9535353535353536,0.8043680497874871,15.608050847457626,13.523305084745765,2029,2132,2059,2159,0.85,0.94,127.92963848933046,6.693436395745856,3.976780286063782,3.976780286063782,6.693436395745856,472.0,5.099051444448783,0.208,regular,普通,undersized,过小噪声(<5mm)
1846,1603.0,1889.0,173.6248438811759,-0.9339115419576952,46.50062833860274,49.89899663351694,2053.996257018091,889.638178415471,0.8485971413446268,0.3627279996727489,23.99625701809108,30.638178415471,2030,859,2085,917,0.67,0.67,143.50918979273084,10.378991299771522,9.672130694429368,9.672130694429368,10.378991299771522,1603.0,9.396911905964936,0.208,angular,棱角状,normal,正常骨料
1847,421.0,456.0,82.16740947075985,-1.1890693670896937,18.48447738650679,30.80561943224544,2041.6318289786225,972.313539192399,0.9232456140350878,0.7999730784790356,11.631828978622329,16.31353919239905,2030,956,2052,987,0.78,0.86,158.12865628253144,6.407568841907051,3.844771296393412,3.844771296393412,6.407568841907051,421.0,4.81570019979449,0.208,regular,普通,undersized,过小噪声(<5mm)
1849,226.0,241.0,60.3899504089418,0.8237649918701125,14.463335486756367,21.80878156392135,2041.9115044247787,2325.70796460177,0.9377593360995852,0.7484523166291064,10.91150442477876,7.707964601769912,2031,2318,2050,2337,0.78,0.83,42.80174265521398,4.536226565295641,3.008373781245324,3.008373781245324,4.536226565295641,226.0,3.528357756794709,0.208,regular,普通,undersized,过小噪声(<5mm)
1851,923.0,1001.0,134.9334160418548,1.511074038731371,22.83942464043234,54.78148415514811,2043.172264355363,412.3791982665222,0.922077922077922,0.9089437856483858,10.172264355362946,29.37919826652221,2033,383,2059,439,0.64,0.83,3.4218350489045406,11.394548704270806,4.750600325209927,4.750600325209927,11.394548704270806,923.0,7.130487859700666,0.208,needle_flaky,针片状候选,undersized,过小噪声(<5mm)
1853,3473.0,3678.0,226.85092604452612,0.371776717588877,63.61340841434973,71.33470794145263,2076.6613878491216,935.4373740282176,0.94426318651441,0.4525095258151433,42.6613878491218,33.43737402821768,2034,902,2113,969,0.85,0.85,68.69876316093023,14.837619251822147,13.231588950184742,13.231588950184742,14.837619251822147,3473.0,13.831547927078331,0.208,regular,普通,normal,正常骨料
1854,166.0,176.0,47.90251628677997,0.1164633024037916,13.147546298951422,16.365266598325718,2043.4698795180725,1065.0421686746988,0.9431818181818182,0.595465168739873,8.46987951807229,6.042168674698795,2035,1059,2053,1073,0.91,0.93,83.32714430410692,3.4039754524517494,2.7346896301818955,2.7346896301818955,3.4039754524517494,166.0,3.0239349067279977,0.208,regular,普通,undersized,过小噪声(<5mm)
1855,567.0,603.0,91.09264359317524,0.9331482531278352,21.728256356792084,33.92063715921067,2046.8465608465608,1775.4938271604938,0.9402985074626866,0.7679068198694444,11.846560846560848,15.493827160493828,2035,1760,2061,1791,0.86,0.92,36.53454343576962,7.055492529115819,4.519477322212754,4.519477322212754,7.055492529115819,567.0,5.588688756869568,0.208,regular,普通,undersized,过小噪声(<5mm)
1857,145.0,155.0,44.20556326592038,0.8568945657263173,12.464218162639924,14.897919252549082,2042.151724137931,1809.151724137931,0.935483870967742,0.5477507893309844,6.151724137931034,6.151724137931034,2036,1803,2050,1817,0.93,0.94,40.9035578961865,3.098767204530209,2.592557377829104,2.592557377829104,3.098767204530209,145.0,2.8261967679544537,0.208,regular,普通,undersized,过小噪声(<5mm)
1860,698.0,747.0,101.49338926737109,-1.3464168225068032,29.42140328053297,32.02145759695863,2050.624641833811,2510.2679083094554,0.934404283801874,0.394716996920062,13.624641833810887,16.26790830945559,2037,2494,2069,2529,0.85,0.85,167.1440013950547,6.660463180167396,6.119651882350857,6.119651882350857,6.660463180167396,698.0,6.200776894314825,0.208,regular,普通,normal,正常骨料
1862,169.0,178.0,47.99780106179446,0.2332996610042117,13.22248324322958,16.49553481369001,2045.420118343196,1959.5621301775147,0.949438202247191,0.5978881480934748,7.420118343195266,5.562130177514793,2038,1954,2055,1967,0.92,0.94,76.63291406262583,3.431071241247522,2.7502765145917523,2.7502765145917523,3.431071241247522,169.0,3.051137267826266,0.208,regular,普通,undersized,过小噪声(<5mm)
1863,1659.0,1814.0,176.03685490028408,0.8599587070985101,32.456745868096256,69.42474814624133,2061.113321277878,2046.643761301989,0.9145534729878722,0.8839879208344121,23.11332127787824,27.64376130198915,2038,2019,2091,2077,0.67,0.83,40.72799552772842,14.440347614418195,6.751003140564021,6.751003140564021,14.440347614418195,1659.0,9.559641089790832,0.208,needle_flaky,针片状候选,normal,正常骨料
1864,11558.0,11879.0,430.6394510254829,1.1610313307576925,90.30837645987212,168.7736701688726,2090.499567399204,2323.853867451116,0.9729775233605522,0.8447977863932736,51.49956739920401,79.85386745111612,2039,2244,2152,2394,0.78,0.9,23.4778048651267,35.104923395125496,18.7841423036534,18.7841423036534,35.104923395125496,11558.0,25.23246847610896,0.208,regular,普通,normal,正常骨料
1865,550.0,613.0,99.36723257330635,-0.0956843118162061,20.64428112190503,37.62268874229253,2058.5472727272727,1492.1563636363635,0.8972267536704731,0.8360069061866101,18.547272727272727,12.156363636363636,2040,1480,2079,1504,0.7,0.8,95.48230723268236,7.825519258396846,4.294010473356247,4.294010473356247,7.825519258396846,550.0,5.504270125537276,0.208,angular,棱角状,undersized,过小噪声(<5mm)
1866,213.0,222.0,53.82091077671874,-0.507522397012293,13.882412426373106,19.7481955210946,2052.3661971830984,2003.018779342723,0.9594594594594594,0.7112183291267433,9.366197183098592,8.018779342723004,2043,1995,2062,2012,0.92,0.97,119.07889135716736,4.107624668387676,2.887541784685606,2.887541784685606,4.107624668387676,213.0,3.425375570110364,0.208,regular,普通,undersized,过小噪声(<5mm)
1868,281.0,313.0,71.67137902154954,1.022503464364252,13.79736109771373,27.70136058485337,2052.846975088968,1001.7829181494662,0.8977635782747604,0.867133831268926,8.846975088967971,11.782918149466193,2044,990,2063,1017,0.69,0.82,31.414866954423,5.7618830016495,2.869851108324456,2.869851108324456,5.7618830016495,281.0,3.934336973547335,0.208,needle_flaky,针片状候选,undersized,过小噪声(<5mm)
1869,6470.0,6793.0,309.51787935364,0.0360334907894955,81.91910393170951,103.30890303748544,2095.8367851622875,1230.3194744976815,0.9524510525540998,0.6092828160229327,51.83678516228749,42.3194744976816,2044,1188,2157,1279,0.85,0.87,87.93543305663839,21.48825183179697,17.03917361779558,17.03917361779558,21.48825183179697,6470.0,18.878632597260342,0.208,regular,普通,normal,正常骨料
1870,2482.0,2592.0,193.10192498171745,-1.4542574738637883,42.55343060574821,75.50662345443327,2066.2324738114426,1711.20265914585,0.9575617283950616,0.8260668402043007,22.232473811442382,37.20265914585012,2044,1674,2088,1748,0.84,0.94,173.3228155777517,15.70537767852212,8.851113565995627,8.851113565995627,15.70537767852212,2482.0,11.692820503052872,0.208,regular,普通,normal,正常骨料
1871,909.0,947.0,112.64006485886566,-1.2400487843375183,28.92629276421021,40.59005620261559,2057.987898789879,2168.386138613861,0.9598732840549102,0.7015250381926545,13.987898789878988,18.386138613861387,2044,2150,2076,2189,0.9,0.94,161.04956173286823,8.442731690144043,6.016668894955723,6.016668894955723,8.442731690144043,909.0,7.076203856450905,0.208,regular,普通,normal,正常骨料
1872,10831.0,11907.0,421.9047864530965,0.6181978831483922,104.32216494313876,138.81829512326672,2104.032406979965,2438.303942387591,0.9096329889980684,0.6597313162436447,60.03240697996492,70.30394238759118,2044,2368,2165,2495,0.76,0.79,54.57987039167549,28.87420538563948,21.69901030817286,21.69901030817286,28.87420538563948,10831.0,24.426017965901124,0.208,regular,普通,normal,正常骨料
1873,165.0,176.0,47.67247849065232,0.9836276801572515,12.750026389278368,16.747122189693528,2051.315151515152,2624.927272727273,0.9375,0.648368799164984,7.315151515151515,7.927272727272728,2044,2617,2059,2633,0.91,0.94,33.64228531474545,3.4834014154562536,2.6520054889699005,2.6520054889699005,3.4834014154562536,165.0,3.0148129103585584,0.208,regular,普通,undersized,过小噪声(<5mm)
1874,341.0,376.0,77.91509608263047,-1.0976276409247503,14.59774629927021,31.192595669217148,2056.1642228739,975.1847507331378,0.9069148936170212,0.8837350603144671,11.164222873900291,12.18475073313783,2045,963,2067,989,0.71,0.87,152.8894313018892,6.488059899197166,3.0363312302482037,3.0363312302482037,6.488059899197166,341.0,4.334066630916849,0.208,needle_flaky,针片状候选,undersized,过小噪声(<5mm)
1875,541.0,567.0,88.41112653184076,1.1056402683591695,23.74094317295776,29.92421336655321,2058.395563770795,1512.2846580406654,0.9541446208112876,0.608741023011809,13.395563770794825,12.284658040665434,2045,1500,2072,1529,0.87,0.89,26.65147896330785,6.2242363802430685,4.938116179975213,4.938116179975213,6.2242363802430685,541.0,5.459049431348954,0.208,regular,普通,undersized,过小噪声(<5mm)
1876,10637.0,11046.0,403.5778943331932,0.4162364444161782,87.44996639342517,157.65522068943824,2125.796089122873,782.3829087148632,0.9629730219083832,0.8320562797296193,79.79608912287298,48.38290871486321,2046,734,2200,838,0.82,0.93,66.1514084554213,32.792285903403155,18.18959300983244,18.18959300983244,32.792285903403155,10637.0,24.206275615051165,0.208,regular,普通,normal,正常骨料
1877,384.0,402.0,70.8859808581521,-1.0476575605483691,21.181588206333547,23.185296762988976,2056.434895833333,1973.4453125,0.9552238805970148,0.4066624625139761,10.434895833333334,11.4453125,2046,1962,2068,1985,0.96,0.96,150.02635659439306,4.822541726701707,4.405770346917378,4.405770346917378,4.822541726701707,384.0,4.599218117762418,0.208,round,圆形,undersized,过小噪声(<5mm)
1878,2355.0,2512.0,190.0950853492408,-1.366731609657548,44.33198799491132,69.57888619753626,2070.1269639065818,2103.1893842887475,0.9375,0.7707421932164779,24.12696390658174,33.18938428874735,2046,2070,2094,2138,0.82,0.88,168.30795296049897,14.472408329087544,9.221053502941556,9.221053502941556,14.472408329087544,2355.0,11.389741041277409,0.208,regular,普通,normal,正常骨料
1882,386.0,404.0,75.69365461355127,-1.358386440709595,18.26779296693692,27.895429943303203,2058.722797927461,1925.4896373056995,0.9554455445544554,0.7557442551318698,10.72279792746114,14.489637305699482,2048,1911,2068,1939,0.85,0.9,167.82981000045763,5.802249428207066,3.79970093712288,3.79970093712288,5.802249428207066,386.0,4.611179693536235,0.208,regular,普通,undersized,过小噪声(<5mm)
1884,802.0,865.0,111.16455330708524,0.9644813230852844,31.06721861580564,33.41001701841961,2064.992518703242,1280.2705735660847,0.9271676300578034,0.3678696570894613,14.992518703241895,16.27057356608479,2050,1264,2082,1297,0.82,0.82,34.73929076801963,6.949283539831279,6.461981472087572,6.461981472087572,6.949283539831279,802.0,6.646692365535245,0.208,regular,普通,normal,正常骨料
1885,496.0,529.0,85.95964726663394,1.2639484500870408,19.603757092191824,33.34225802805443,2060.733870967742,2538.469758064516,0.9376181474480152,0.808893425174982,10.733870967741936,16.469758064516128,2050,2522,2073,2554,0.84,0.94,17.581088287910774,6.935189669835322,4.077581475175899,4.077581475175899,6.935189669835322,496.0,5.227081029509429,0.208,regular,普通,undersized,过小噪声(<5mm)
1887,341.0,361.0,72.55206195996149,-0.5260897753801228,15.52920647832301,28.75411381516356,2065.75073313783,1756.5278592375366,0.9445983379501384,0.8416207211474884,12.750733137829911,8.527859237536656,2053,1748,2079,1767,0.81,0.93,120.14272377426651,5.98085567355402,3.230074947491186,3.230074947491186,5.98085567355402,341.0,4.334066630916849,0.208,regular,普通,undersized,过小噪声(<5mm)
1888,328.0,343.0,67.87914122567548,1.2317662112931382,16.82465073522141,25.22992396719304,2064.731707317073,995.4176829268292,0.956268221574344,0.7451892801732152,9.731707317073171,11.417682926829269,2055,984,2074,1009,0.89,0.95,19.424994746083584,5.247824185176152,3.4995273529260533,3.4995273529260533,5.247824185176152,328.0,4.250649702998642,0.208,regular,普通,undersized,过小噪声(<5mm)
1889,561.0,611.0,93.86944542952423,-1.5666949544137434,25.40115772729768,30.365705222018544,2068.8894830659538,1949.4385026737968,0.9181669394435352,0.5479545917492977,13.889483065953652,13.438502673796792,2055,1936,2082,1966,0.8,0.81,179.76500867234842,6.316066686179857,5.283440807277917,5.283440807277917,6.316066686179857,561.0,5.559040331494257,0.208,regular,普通,normal,正常骨料
1890,411.0,443.0,80.59661314396494,-0.3735590066177757,19.72219532455475,28.2925413211149,2071.374695863747,1302.2822384428223,0.927765237020316,0.7169923045112212,14.37469586374696,9.282238442822385,2057,1293,2086,1315,0.8,0.83,111.40335447829814,5.884848594791899,4.102216627507388,4.102216627507388,5.884848594791899,411.0,4.758162886836312,0.208,regular,普通,undersized,过小噪声(<5mm)
1891,536.0,577.0,90.8626057970476,1.2990545527799624,22.66303829665929,31.14757171935639,2071.0111940298507,1776.733208955224,0.92894280762565,0.6859994153904645,12.011194029850746,15.73320895522388,2059,1761,2085,1792,0.82,0.85,15.569656768453513,6.478694917626129,4.713911965705132,4.713911965705132,6.478694917626129,536.0,5.433764212366436,0.208,regular,普通,undersized,过小噪声(<5mm)
1892,896.0,935.0,114.4408989817882,-0.2639143553650547,27.55922382773364,42.36090524271485,2081.073660714286,2141.2745535714284,0.958288770053476,0.7594363919525795,22.073660714285715,16.274553571428573,2059,2125,2102,2157,0.86,0.92,105.12117871533344,8.811068290484688,5.732318556168597,5.732318556168597,8.811068290484688,896.0,7.025421720752868,0.208,regular,普通,normal,正常骨料
1893,24011.0,25228.0,604.2248266605602,0.3951975879836614,164.9349564506271,191.4912173158549,2161.4710341093664,441.1677980925409,0.951759949262724,0.5080651396950024,101.47103410936654,89.16779809254092,2060,352,2255,526,0.83,0.83,67.35684613478618,39.83017320169782,34.30647094173044,34.30647094173044,39.83017320169782,24011.0,36.36834331825451,0.208,regular,普通,normal,正常骨料
1894,325.0,352.0,73.89282049062874,-0.4229978610983924,13.925518531662403,30.44879935473708,2073.381538461538,1797.966153846154,0.9232954545454546,0.8892908313770008,13.381538461538462,8.966153846153846,2060,1789,2087,1808,0.75,0.93,114.23599218399892,6.333350265785312,2.89650785458578,2.89650785458578,6.333350265785312,325.0,4.231166102933348,0.208,needle_flaky,针片状候选,undersized,过小噪声(<5mm)
1896,155.0,161.0,45.54632179658763,0.6667069254746782,12.534856181557616,16.002633844994694,2068.1935483870966,1987.303225806452,0.9627329192546584,0.6216444211831483,6.193548387096774,7.303225806451613,2062,1980,2077,1994,0.94,0.96,51.80050699815783,3.328547839758896,2.607250085763984,2.607250085763984,3.328547839758896,155.0,2.9220271264706668,0.208,regular,普通,undersized,过小噪声(<5mm)
1898,152.0,160.0,45.77635959271528,1.0179432089278573,12.281243222554323,16.21430701229852,2069.059210526316,2489.243421052632,0.95,0.6529134675657592,6.059210526315789,8.243421052631579,2063,2481,2077,2497,0.91,0.94,31.67615034443,3.372575858558092,2.554498590291299,2.554498590291299,3.372575858558092,152.0,2.893611276733652,0.208,regular,普通,undersized,过小噪声(<5mm)
1900,5418.0,5799.0,285.53532710556,-1.3515222890867664,72.02110522483035,97.0443716548933,2101.3248431155407,1531.7768549280177,0.934299017071909,0.6702381040913281,37.32484311554079,47.77685492801772,2064,1484,2142,1584,0.84,0.86,167.43652308253166,20.18522930421781,14.980389886764712,14.980389886764712,20.18522930421781,5418.0,17.27578914042484,0.208,regular,普通,normal,正常骨料
1901,200.0,206.0,51.79003885766854,-0.8844626549303238,13.82201764453084,18.70229473177765,2071.66,838.77,0.970873786407767,0.673645487991763,6.66,7.77,2065,831,2080,848,0.94,0.97,140.67597726444325,3.8900773042097514,2.8749796700624146,2.8749796700624146,3.8900773042097514,200.0,3.31919977293992,0.208,regular,普通,undersized,过小噪声(<5mm)
1902,538.0,558.0,87.53044359342883,-0.9192220407624446,20.23730127988405,34.05131468232833,2077.236059479554,1102.5315985130112,0.96415770609319,0.8042303107439879,12.236059479553903,14.531598513011152,2065,1088,2092,1118,0.88,0.97,142.6675433710906,7.082673453924293,4.209358666215882,4.209358666215882,7.082673453924293,538.0,5.443892393032863,0.208,regular,普通,undersized,过小噪声(<5mm)
1903,368.0,578.0,112.08470449159586,1.4407639979406015,14.25076855907436,43.87604661921211,2076.342391304348,1628.4184782608695,0.6366782006920415,0.9457840648725648,11.342391304347826,22.418478260869566,2065,1606,2086,1653,0.37,0.57,7.450303643608308,9.126217696796118,2.9641598602874666,2.9641598602874666,9.126217696796118,368.0,4.5023816279985995,0.208,needle_flaky,针片状候选,undersized,过小噪声(<5mm)
1904,1301.0,1485.0,157.11513416701234,0.9857299102678264,31.897295636183248,56.6797943004808,2090.5910837817064,2043.8870099923136,0.8760942760942761,0.8266182403954464,22.59108378170638,26.887009992313605,2068,2017,2115,2074,0.66,0.75,33.5218364018442,11.789397214500006,6.634637492326116,6.634637492326116,11.789397214500006,1301.0,8.465586323351273,0.208,angular,棱角状,normal,正常骨料
1905,1561.0,1726.0,158.87650004383624,0.3466595992906004,39.93188492519405,52.31865140601544,2094.7764253683536,2511.63933376041,0.9044032444959444,0.6461106268788303,26.77642536835362,21.63933376041,2068,2490,2124,2537,0.78,0.8,70.1378680329523,10.882279492451213,8.305832064440361,8.305832064440361,10.882279492451213,1561.0,9.272991160925468,0.208,regular,普通,normal,正常骨料
1907,1845.0,1921.0,160.5425811456456,1.1149509235334498,42.318546617600695,56.11259929181087,2093.8428184281843,865.4563685636856,0.9604372722540344,0.6566770275285876,22.84281842818428,27.45636856368564,2071,838,2120,893,0.9,0.93,26.11801771731995,11.67142065269666,8.802257696460945,8.802257696460945,11.67142065269666,1845.0,10.081300947745472,0.208,regular,普通,normal,正常骨料
1910,720.0,757.0,101.3586362462579,-1.301157657783634,27.858025129112,34.01896989106187,2090.277777777778,2167.958333333333,0.95112285336856,0.5739408094966926,15.27777777777778,14.958333333333334,2075,2153,2105,2187,0.88,0.89,164.55084227212973,7.075945737340869,5.794469226855296,5.794469226855296,7.075945737340869,720.0,6.29773877496232,0.208,round,圆形,normal,正常骨料
1911,2189.0,2413.0,193.4272475528596,1.544045421694556,44.697878292184754,66.65883470618316,2096.92325262677,532.6244860666972,0.9071694985495234,0.7418670959538283,20.92325262677021,29.624486066697123,2076,503,2121,572,0.74,0.78,1.532713960404493,13.865037618886095,9.297158684774429,9.297158684774429,13.865037618886095,2189.0,10.980984412484654,0.208,regular,普通,normal,正常骨料
1912,3198.0,3441.0,226.94621081954068,0.0157660742789935,63.394597542743405,69.25466758801771,2110.7304565353347,1310.7786116322702,0.9293809938971228,0.4025823945395538,34.73045653533458,34.77861163227017,2076,1276,2152,1339,0.78,0.78,89.09667048432391,14.404970858307683,13.186076288890629,13.186076288890629,14.404970858307683,3198.0,13.272649443559631,0.208,regular,普通,normal,正常骨料
1913,364.0,380.0,69.7752601236125,0.3660149098830292,19.26923194481316,24.19271232020215,2088.0274725274726,1916.2115384615383,0.9578947368421052,0.6046528714813495,12.027472527472527,9.211538461538462,2076,1907,2100,1928,0.94,0.96,69.02889042484126,5.032084162602048,4.008000244521138,4.008000244521138,5.032084162602048,364.0,4.477845305667184,0.208,regular,普通,undersized,过小噪声(<5mm)
1914,25585.0,26759.0,617.8066332344445,-1.094889051099949,147.9824192080748,223.21419319179785,2159.9014266171584,1952.416494039476,0.956126910572144,0.748653479574731,83.90142661715849,100.41649403947626,2076,1852,2249,2070,0.84,0.9,152.7325216631106,46.42855218389395,30.780343195279556,30.780343195279556,46.42855218389395,25585.0,37.54145537201047,0.208,regular,普通,normal,正常骨料
1915,777.0,869.0,116.20226485861208,1.3325670501644424,23.055896630458744,44.64091976763834,2092.310167310168,1075.1673101673102,0.8941311852704258,0.8563025708482862,15.31016731016731,19.167310167310166,2077,1056,2105,1098,0.72,0.85,13.6495321073796,9.285311311668774,4.795626499135419,4.795626499135419,9.285311311668774,777.0,6.542276630537641,0.208,angular,棱角状,undersized,过小噪声(<5mm)
1917,20155.0,21934.0,605.9303760084682,-0.1448518705775029,129.90515422210544,206.3281103369795,2196.396824609278,577.074919374845,0.9188930427646576,0.776915622077119,118.3968246092781,61.07491937484495,2078,516,2304,647,0.69,0.75,98.29940083866614,42.91624695009173,27.02027207819793,27.02027207819793,42.91624695009173,20155.0,33.32036848230031,0.208,regular,普通,normal,正常骨料
1918,437.0,458.0,80.36657534783731,1.4866659122894312,18.966260603480308,30.153473452317307,2089.16704805492,1773.633867276888,0.9541484716157204,0.7774126571085165,10.167048054919908,14.633867276887871,2079,1759,2098,1790,0.85,0.92,4.820317679849367,6.271922478082,3.944982205523904,3.944982205523904,6.271922478082,437.0,4.906356630425009,0.208,regular,普通,undersized,过小噪声(<5mm)
1920,400.0,444.0,81.70733387850454,-0.0847398060440493,19.2313558041975,28.81979448109162,2096.2,1344.28,0.9009009009009008,0.7447919300927964,16.2,9.28,2080,1335,2110,1356,0.75,0.8,94.85523324308122,5.994517252067056,4.000122007273079,4.000122007273079,5.994517252067056,400.0,4.694057335117332,0.208,regular,普通,undersized,过小噪声(<5mm)
1921,8045.0,8456.0,352.4385006178089,0.0036455558877172,89.45857117597687,118.45712974281513,2142.8824114356744,1631.480671224363,0.95139545884579,0.6554969019929707,61.882411435674335,52.48067122436296,2081,1579,2203,1675,0.81,0.84,89.79112503365474,24.639082986505542,18.607382804603187,18.607382804603187,24.639082986505542,8045.0,21.051421090088684,0.208,regular,普通,normal,正常骨料
1923,337.0,358.0,72.45677718494699,-0.8594130047338823,15.21052648194517,28.74438653627661,2091.614243323442,1724.1899109792284,0.9413407821229052,0.8485188776179865,9.614243323442135,11.189910979228486,2082,1713,2104,1738,0.81,0.93,139.2407380299081,5.978832399545536,3.1637895082445957,3.1637895082445957,5.978832399545536,337.0,4.308571900128074,0.208,regular,普通,undersized,过小噪声(<5mm)
1925,911.0,942.0,111.98941971658137,-1.2305208867456998,30.440344214669697,38.7309896193413,2101.189901207464,1114.2239297475303,0.9670912951167728,0.6182991530195233,16.189901207464324,20.223929747530185,2085,1094,2118,1135,0.91,0.93,160.50365341322416,8.056045840822991,6.331591596651297,6.331591596651297,8.056045840822991,911.0,7.0839841818977485,0.208,regular,普通,normal,正常骨料
1927,484.0,530.0,90.95789057206208,1.4013486114400175,20.502819822134683,33.502898805851224,2094.6012396694214,1700.301652892562,0.9132075471698112,0.7908798023691422,8.601239669421487,16.301652892561982,2086,1684,2107,1716,0.74,0.8,9.708638937968686,6.968602951617054,4.264586523004014,4.264586523004014,6.968602951617054,484.0,5.163463068629065,0.208,regular,普通,undersized,过小噪声(<5mm)
1929,404.0,431.0,83.18284543028494,-0.5444171451988604,15.570316107710918,34.191582663350225,2104.2450495049507,1046.0915841584158,0.937354988399072,0.8902948808928581,16.245049504950494,12.09158415841584,2088,1034,2119,1058,0.73,0.91,121.19280471445563,7.111849193976847,3.238625750403871,3.238625750403871,7.111849193976847,404.0,4.717469237633937,0.208,needle_flaky,针片状候选,undersized,过小噪声(<5mm)
1930,983.0,1145.0,137.1943257570327,0.254134937777412,25.031021462648177,54.83233262466079,2118.2166836215665,1184.9155645981689,0.8585152838427947,0.8897228354872101,28.216683621566634,14.91556459816887,2090,1170,2142,1202,0.66,0.82,75.43914063853451,11.405125185929444,5.2064524642308205,5.2064524642308205,11.405125185929444,983.0,7.358599272765429,0.208,needle_flaky,针片状候选,normal,正常骨料
1932,506.0,540.0,85.63432469549178,0.0082212038594339,25.03329321309898,26.359176986578216,2105.2430830039525,833.4901185770751,0.937037037037037,0.3131631321183912,14.243083003952568,11.4901185770751,2091,822,2120,848,0.87,0.87,89.52895971633777,5.482708813208268,5.206924988324587,5.206924988324587,5.482708813208268,506.0,5.279510436176026,0.208,regular,普通,normal,正常骨料
1933,545.0,650.0,101.4539210212724,-1.490423595214748,19.815277424012148,39.04312855572188,2103.851376146789,1763.6422018348624,0.8384615384615385,0.8616383351001912,12.85137614678899,15.642201834862384,2091,1748,2115,1785,0.67,0.79,175.39498169251965,8.12097073959015,4.121577704194527,4.121577704194527,8.12097073959015,545.0,5.479193593638121,0.208,angular,棱角状,undersized,过小噪声(<5mm)
1934,1309.0,1404.0,148.1504317984983,-0.7645105206802721,27.768819127232025,61.61597161237517,2116.109243697479,1726.1023682200153,0.9323361823361824,0.8926877633518125,24.10924369747899,23.10236822001528,2092,1703,2142,1749,0.75,0.94,133.80322622832864,12.816122095374034,5.775914378464261,5.775914378464261,12.816122095374034,1309.0,8.49157437012828,0.208,needle_flaky,针片状候选,normal,正常骨料
1936,413.0,443.0,80.04125277669515,-0.0154163626850879,18.74061134870339,29.11897928435012,2112.738498789346,1587.6053268765131,0.9322799097065464,0.7653725354187703,14.738498789346249,9.605326876513317,2098,1578,2129,1598,0.81,0.87,90.88329251729851,6.056747691144825,3.8980471605303046,3.8980471605303046,6.056747691144825,413.0,4.769725875665531,0.208,regular,普通,undersized,过小噪声(<5mm)
1937,665.0,711.0,98.58183440990894,0.673187112888353,26.00750181401397,33.32831337945697,2114.633082706767,1692.7037593984962,0.9353023909985936,0.6253522758171227,15.633082706766915,14.70375939849624,2099,1678,2132,1709,0.86,0.88,51.42921960890047,6.93228918292705,5.4095603773149055,5.4095603773149055,6.93228918292705,665.0,6.052422218928194,0.208,regular,普通,normal,正常骨料
1938,293.0,326.0,67.41906563342016,1.099356149234298,17.759200244769094,22.43076769355808,2108.2935153583617,2070.6723549488056,0.8987730061349694,0.6108660711232426,8.293515358361775,11.67235494880546,2100,2059,2119,2082,0.81,0.83,27.011532467120432,4.6655996802600805,3.693913650911971,3.693913650911971,4.6655996802600805,293.0,4.017465948752107,0.208,angular,棱角状,undersized,过小噪声(<5mm)
1939,2961.0,3049.0,198.3696743293719,-0.773204559315575,60.80772354790486,62.41516021564551,2131.658223573117,2137.2337048294494,0.9711380780583798,0.2254875303132981,31.65822357311719,29.23370482944951,2100,2108,2165,2169,0.95,0.95,134.30135794905516,12.982353324854264,12.648006497964207,12.648006497964207,12.982353324854264,2961.0,12.771373262080816,0.208,round,圆形,normal,正常骨料
1941,291.0,311.0,66.30834489888056,1.5445058236393754,14.349028991805424,26.065421575151174,2107.381443298969,2103.501718213058,0.9356913183279744,0.834834798702891,6.381443298969073,12.50171821305842,2101,2091,2116,2117,0.83,0.95,1.5063348720867396,5.421607687631444,2.984598030295528,2.984598030295528,5.421607687631444,291.0,4.003730982228429,0.208,regular,普通,undersized,过小噪声(<5mm)
1942,2959.0,3024.0,199.38511028889704,0.7694230532048547,56.16573900187536,68.35494717431081,2135.339303818858,2579.685028725921,0.978505291005291,0.5699523487198945,34.33930381885772,32.68502872592092,2101,2547,2165,2611,0.94,0.95,45.91530639129204,14.217829012256647,11.682473712390074,11.682473712390074,14.217829012256647,2959.0,12.767059337532114,0.208,round,圆形,normal,正常骨料
1944,651.0,677.0,93.5441228583821,-0.7195390094283813,26.262636769169685,31.90896409208912,2116.285714285714,1063.9093701996928,0.9615952732644018,0.5679705636624952,13.285714285714286,13.90937019969278,2103,1050,2133,1079,0.93,0.95,131.22654843527022,6.637064531154536,5.462628447987294,5.462628447987294,6.637064531154536,651.0,5.988373620348664,0.208,round,圆形,normal,正常骨料
1945,1063.0,1148.0,127.80901604236196,1.4267742278454272,28.605116503726343,48.92282532457274,2118.5559736594546,1150.653809971778,0.92595818815331,0.8112504738692005,15.555973659454374,23.653809971777985,2103,1127,2133,1174,0.82,0.91,8.251858426420128,10.17594766751113,5.949864232775079,5.949864232775079,10.17594766751113,1063.0,7.65217734440451,0.208,regular,普通,normal,正常骨料
1949,1314.0,1354.0,138.86040685884203,-1.1124421444142416,33.8400258008106,51.57330024532476,2126.4642313546424,921.273211567732,0.9704579025110784,0.7546270371105436,20.464231354642312,27.273211567732115,2106,894,2144,943,0.86,0.91,153.73823982741888,10.727246451027549,7.038725366568604,7.038725366568604,10.727246451027549,1314.0,8.507776587436732,0.208,regular,普通,normal,正常骨料
1950,2515.0,2684.0,203.50267065591328,0.4071649546814188,49.642523399303634,69.53819673262068,2142.8707753479125,1355.0469184890655,0.9370342771982116,0.7002593222377655,36.87077534791253,27.046918489065607,2106,1328,2175,1387,0.76,0.8,66.67116653111927,14.4639449203851,10.325644867055155,10.325644867055155,14.4639449203851,2515.0,11.770296117494519,0.208,regular,普通,normal,正常骨料
1951,292.0,313.0,64.87230159319884,0.7874959652457695,16.581306754656378,23.18558672170732,2118.8356164383563,854.2602739726027,0.9329073482428116,0.6989650819490456,10.835616438356164,9.26027397260274,2108,845,2130,866,0.87,0.91,44.87980480783645,4.822602038115122,3.4489118049685263,3.4489118049685263,4.822602038115122,292.0,4.0106043451977715,0.208,regular,普通,undersized,过小噪声(<5mm)
1952,307.0,333.0,68.7598241640874,-0.1870405431176843,15.30086369686104,26.25814353232855,2121.7231270358307,1268.8892508143322,0.921921921921922,0.8126806903970343,12.723127035830618,7.889250814332247,2109,1261,2134,1278,0.82,0.91,100.716633718478,5.461693854724338,3.182579648947096,3.182579648947096,5.461693854724338,307.0,4.112326439944983,0.208,regular,普通,undersized,过小噪声(<5mm)
1955,3256.0,3454.0,222.36857486026912,0.9860079229610162,53.0611594466164,79.77012610412298,2139.4078624078625,1003.0153562653562,0.9426751592356688,0.7466867628081922,29.407862407862407,36.01535626535627,2110,967,2173,1041,0.83,0.88,33.505907447873355,16.592186229657578,11.03672116489621,11.03672116489621,16.592186229657578,3256.0,13.39246723050321,0.208,regular,普通,normal,正常骨料
1956,2426.0,2656.0,198.4649591043864,1.480804732880541,46.49727095329341,69.10757238497774,2134.518549051937,1772.0486397361913,0.9134036144578314,0.7398020894151919,24.518549051937345,34.04863973619126,2110,1738,2159,1811,0.77,0.82,5.1561385229477565,14.37437505607537,9.67143235828503,9.67143235828503,14.37437505607537,2426.0,11.560158602694946,0.208,regular,普通,normal,正常骨料
1959,349.0,385.0,81.61204910349005,-0.8993830596644984,14.959626352217274,31.60528110644428,2124.323782234957,1864.5730659025787,0.9064935064935064,0.8808869092575514,12.32378223495702,12.573065902578795,2112,1852,2136,1880,0.66,0.8,141.53085348433848,6.573898470140409,3.111602281261193,3.111602281261193,6.573898470140409,349.0,4.3846113905948725,0.208,needle_flaky,针片状候选,undersized,过小噪声(<5mm)
1960,227.0,241.0,56.272390041925576,-0.565170068620001,14.497981591099618,20.354179096973965,2121.704845814978,892.9603524229075,0.941908713692946,0.7018901050166262,8.704845814977974,7.960352422907489,2113,885,2132,902,0.9,0.94,122.3818596390452,4.233669252170585,3.0155801709487204,3.0155801709487204,4.233669252170585,227.0,3.536155242010284,0.208,regular,普通,undersized,过小噪声(<5mm)
1961,561.0,623.0,103.02471734806728,1.2517387042756394,16.549950211876006,44.54098101466823,2124.096256684492,1113.673796791444,0.9004815409309791,0.9284062182078424,11.096256684491978,19.67379679144385,2113,1094,2137,1134,0.66,0.93,18.280655191831613,9.264524051050993,3.442389644070209,3.442389644070209,9.264524051050993,561.0,5.559040331494257,0.208,needle_flaky,针片状候选,undersized,过小噪声(<5mm)
1962,334.0,360.0,74.67821865402618,-0.1312927139713445,14.97166906167626,29.562073287124782,2126.446107784431,1675.3922155688622,0.9277777777777778,0.8622701834531188,13.446107784431138,6.392215568862276,2113,1669,2143,1685,0.75,0.89,97.52251839137634,6.148911243721955,3.114107164828662,3.114107164828662,6.148911243721955,334.0,4.289351409197313,0.208,regular,普通,undersized,过小噪声(<5mm)
1963,1080.0,1384.0,163.04987693976827,0.0245461502678196,22.84646993402937,70.92273122698236,2140.4953703703704,2097.453703703704,0.7803468208092486,0.9466948174683965,27.49537037037037,16.453703703703702,2113,2081,2177,2110,0.51,0.79,88.59360918636001,14.751928095212332,4.752065746278109,4.752065746278109,14.751928095212332,1080.0,7.71312326599905,0.208,needle_flaky,针片状候选,undersized,过小噪声(<5mm)
1964,1004.0,1094.0,124.4768538387432,-0.7387645816522093,32.04726324397875,41.40017154873886,2134.74203187251,1081.6822709163346,0.9177330895795248,0.6330813411987994,19.74203187250996,20.682270916334662,2115,1061,2154,1101,0.81,0.83,132.3280925824195,8.611235682137682,6.665830754747579,6.665830754747579,8.611235682137682,1004.0,7.436785421543085,0.208,regular,普通,normal,正常骨料
1965,4309.0,4716.0,280.40233077901865,0.5954227186599231,65.6642166895526,90.3110286299223,2163.553028544906,2315.235785565096,0.9136980491942324,0.6865424974018951,48.55302854490601,35.23578556509631,2115,2280,2211,2359,0.69,0.72,55.884791194581,18.78469395502384,13.65815707142694,13.65815707142694,18.78469395502384,4309.0,15.406594116601038,0.208,regular,普通,normal,正常骨料
1967,1624.0,2007.0,186.8582079206365,-0.3672015625828499,37.08789094340524,67.16581509464216,2151.54618226601,2073.743842364532,0.8091679123069258,0.8337222493243651,34.54618226600985,27.74384236453202,2117,2046,2179,2092,0.58,0.66,111.03909976660628,13.970489539685568,7.7142813162282895,7.7142813162282895,13.970489539685568,1624.0,9.458263451469168,0.208,angular,棱角状,normal,正常骨料
1969,348.0,370.0,69.77526012361251,0.9894418909291652,19.039648980012004,23.652159538836493,2131.9511494252874,844.0948275862069,0.9405405405405406,0.5932942828265398,10.951149425287356,11.094827586206897,2121,833,2142,857,0.9,0.91,33.309155576315305,4.91964918407799,3.960246987842496,3.960246987842496,4.91964918407799,348.0,4.378325206157131,0.208,regular,普通,undersized,过小噪声(<5mm)
1970,1424.0,1482.0,143.57279583922676,-0.5328168706295879,36.00171921311891,51.33075633310431,2144.266853932584,1569.0926966292134,0.9608636977058028,0.7127999490617317,23.26685393258427,21.09269662921348,2121,1548,2170,1592,0.87,0.91,120.52815794044338,10.676797317285695,7.488357596328733,7.488357596328733,10.676797317285695,1424.0,8.856729666457763,0.208,regular,普通,normal,正常骨料
1972,187.0,199.0,51.79003885766855,-1.284849852734477,13.319986167541137,18.47540336831868,2130.379679144385,1844.3582887700527,0.9396984924623116,0.69297896832493,6.379679144385027,9.358288770053475,2124,1835,2138,1853,0.88,0.91,163.61647386969088,3.8428839006102846,2.7705571228485564,2.7705571228485564,3.8428839006102846,187.0,3.2095134318241962,0.208,regular,普通,undersized,过小噪声(<5mm)
1973,3843.0,4314.0,256.53818326923454,1.3737567992550124,69.21959923264613,76.91490706773541,2164.2105126203487,1472.438719750195,0.8908205841446454,0.4359923483586128,38.21051262034869,45.43871975019516,2126,1427,2202,1512,0.73,0.74,11.28953332528711,15.998300670088966,14.397676640390396,14.397676640390396,15.998300670088966,3843.0,14.549684850694568,0.208,angular,棱角状,normal,正常骨料
1974,306.0,335.0,70.33062049088231,0.7714816548262674,17.876577126485653,23.74290473756041,2136.6895424836603,1281.5980392156862,0.9134328358208956,0.6581087136150627,9.68954248366013,12.598039215686274,2127,1269,2149,1292,0.78,0.8,45.7973572066863,4.9385241854125645,3.718328042309016,3.718328042309016,4.9385241854125645,306.0,4.105623376907234,0.208,regular,普通,undersized,过小噪声(<5mm)
1975,580.0,611.0,91.64800396044504,0.7434707925975313,24.345109457943312,31.229914503059284,2142.522413793104,1508.6017241379311,0.9492635024549918,0.6263467921565419,14.522413793103448,12.601724137931036,2128,1496,2157,1525,0.87,0.89,47.402261392915285,6.495822216636331,5.063782767252209,5.063782767252209,6.495822216636331,580.0,5.6523935359089075,0.208,regular,普通,normal,正常骨料
1976,256.0,280.0,65.19762416434098,-1.127324971915811,14.95255555148835,22.866117180263245,2136.2265625,1731.89453125,0.9142857142857144,0.7565658099736448,8.2265625,13.89453125,2128,1718,2144,1743,0.76,0.81,154.59096303048003,4.756152373494754,3.110131554709577,3.110131554709577,4.756152373494754,256.0,3.7552458680938656,0.208,regular,普通,undersized,过小噪声(<5mm)
1978,642.0,802.0,111.52934412432606,1.4173545509139034,27.46398966480024,35.592876035132335,2144.1869158878503,1688.9034267912773,0.800498753117207,0.6360900970992984,15.186915887850468,15.903426791277258,2129,1673,2161,1706,0.65,0.67,8.791566158973183,7.403318215307525,5.712509850278449,5.712509850278449,7.403318215307525,642.0,5.9468352672591305,0.208,angular,棱角状,normal,正常骨料
1979,780.0,816.0,113.65550081839076,0.8549542178090425,26.92454036890437,40.100422761779,2150.0679487179486,1304.7371794871794,0.9558823529411764,0.7410699368414827,20.06794871794872,14.737179487179487,2130,1290,2167,1326,0.76,0.8,41.01473164263334,8.340887934450032,5.600304396732109,5.600304396732109,8.340887934450032,780.0,6.554894340679278,0.208,regular,普通,normal,正常骨料
1980,999.0,1061.0,122.12065934855084,0.6003457656749387,29.96768227940255,42.978581298638005,2151.455455455456,1117.7947947947948,0.941564561734213,0.7168084285923254,20.455455455455457,16.794794794794793,2131,1101,2173,1136,0.84,0.88,55.60272137827613,8.939544910116705,6.23327791411573,6.23327791411573,8.939544910116705,999.0,7.418244416825227,0.208,regular,普通,normal,正常骨料
1981,663.0,680.0,95.5749947774323,-0.3291548713771157,23.037651459049147,36.95504021237339,2149.2292609351434,2504.915535444947,0.975,0.7819056906960278,18.229260935143287,12.91553544494721,2131,2492,2168,2518,0.91,0.99,108.8591849360802,7.686648364173664,4.791831503482222,4.791831503482222,7.686648364173664,663.0,6.043313978675015,0.208,regular,普通,undersized,过小噪声(<5mm)
1982,1475.0,1607.0,152.2679921655145,-1.0467360148031546,42.57623017880447,46.22777454226631,2152.0738983050846,1161.8833898305086,0.9178593652769136,0.3895395693438082,20.073898305084747,26.88338983050848,2132,1135,2178,1185,0.8,0.8,149.97355591256402,9.615377104791392,8.85585587719133,8.85585587719133,9.615377104791392,1475.0,9.013934634971987,0.208,regular,普通,normal,正常骨料
1983,421.0,440.0,80.2712905728228,0.845301258132016,18.210782689761857,30.90614263838844,2145.080760095012,1262.41567695962,0.9568181818181818,0.8079663822241371,11.080760095011875,14.415676959619953,2134,1248,2160,1274,0.82,0.91,41.56780549193693,6.428477668784796,3.787842799470466,3.787842799470466,6.428477668784796,421.0,4.81570019979449,0.208,regular,普通,undersized,过小噪声(<5mm)
1984,6967.0,7722.0,362.6092084958771,0.6409469465623877,85.89557925074796,111.06227412326716,2198.46490598536,2384.932969714368,0.9022274022274024,0.6339181421774468,64.46490598535955,59.93296971436774,2134,2325,2249,2435,0.67,0.68,53.27644507017808,23.10095301763957,17.866280484155574,17.866280484155574,23.10095301763957,6967.0,19.590309601102827,0.208,regular,普通,normal,正常骨料
1985,630.0,755.0,116.79709347198056,-0.6576741114987179,20.466848695516305,45.08351776832087,2151.109523809524,1838.615873015873,0.8344370860927153,0.8910137579531845,16.10952380952381,15.615873015873015,2135,1823,2174,1857,0.58,0.72,127.68195088389284,9.37737169581074,4.257104528667391,4.257104528667391,9.37737169581074,630.0,5.890995201827609,0.208,needle_flaky,针片状候选,undersized,过小噪声(<5mm)
1986,2059.0,2245.0,182.7406475536203,-0.9220755416477704,44.57780226076554,61.3741147494819,2166.33851384167,2534.7212238950947,0.9171492204899776,0.6873471581781205,29.338513841670714,26.721223895094703,2137,2508,2192,2567,0.77,0.8,142.8310369286566,12.765815867892234,9.27218287023923,9.27218287023923,12.765815867892234,2059.0,10.64992544720319,0.208,regular,普通,normal,正常骨料
1988,202.0,216.0,54.47155591900302,0.816525187138094,13.811513195729654,19.376140726354645,2145.732673267327,1539.361386138614,0.9351851851851852,0.7013568553614354,7.732673267326732,8.361386138613861,2138,1531,2156,1547,0.86,0.89,43.21655291085749,4.030237271081766,2.872794744711768,2.872794744711768,4.030237271081766,202.0,3.3357544879698895,0.208,regular,普通,undersized,过小噪声(<5mm)
1989,839.0,873.0,107.50706853232433,0.7360161201356017,29.25932436927577,37.12006675505325,2155.362336114422,902.792610250298,0.9610538373424972,0.6153747403206594,16.362336114421932,17.792610250297972,2139,885,2174,919,0.91,0.93,47.829382662636256,7.720973885051076,6.08593946880936,6.08593946880936,7.720973885051076,839.0,6.798285116234176,0.208,regular,普通,normal,正常骨料
1990,1391.0,1568.0,155.7349073902464,-0.0656494468141537,32.413966143521336,60.37330270680659,2164.879942487419,1048.6225736879942,0.8871173469387755,0.8436507410794658,25.87994248741912,16.622573687994247,2139,1032,2199,1070,0.72,0.83,93.76143622981958,12.55764696301577,6.742104957852438,6.742104957852438,12.55764696301577,1391.0,8.753504498646247,0.208,angular,棱角状,normal,正常骨料
1991,611.0,643.0,97.79643624651148,0.6370983704999603,21.29267567793168,37.97725128529129,2154.635024549918,1214.063829787234,0.9502332814930016,0.8280398728312852,14.635024549918167,15.063829787234043,2140,1199,2174,1227,0.8,0.91,53.49695223569024,7.899268267340587,4.428876541009789,4.428876541009789,7.899268267340587,611.0,5.801482671727193,0.208,regular,普通,undersized,过小噪声(<5mm)
1993,232.0,278.0,66.30834489888056,1.06978402523063,15.563130515039845,21.70190494959,2151.6077586206898,1280.8836206896551,0.8345323741007195,0.696937367058528,10.607758620689657,7.883620689655173,2141,1273,2161,1293,0.66,0.69,28.70589036376813,4.51399622951472,3.2371311471282875,3.2371311471282875,4.51399622951472,232.0,3.5748875610169786,0.208,angular,棱角状,undersized,过小噪声(<5mm)
1994,741.0,777.0,107.64182155343748,0.9625540806896228,23.098430462681023,42.124480145722586,2158.7597840755734,1723.379217273954,0.9536679536679536,0.8362571551565813,16.75978407557355,17.379217273954115,2142,1706,2175,1745,0.8,0.92,34.84971362338972,8.761891870310297,4.804473536237652,4.804473536237652,8.761891870310297,741.0,6.388920709055306,0.208,regular,普通,undersized,过小噪声(<5mm)
1995,366.0,388.0,73.0121375522168,0.6345402574101268,17.31056807960911,27.59230192088174,2153.207650273224,1818.8825136612024,0.9432989690721648,0.7787217326236826,11.207650273224044,10.882513661202186,2142,1808,2167,1830,0.86,0.93,53.64352131925487,5.739198799543402,3.6005981605586945,3.6005981605586945,5.739198799543402,366.0,4.490130226709742,0.208,regular,普通,undersized,过小噪声(<5mm)
1996,287.0,306.0,72.13145461380485,-0.9178765673764836,13.374956486157911,29.014495677480635,2152.965156794425,1432.864111498258,0.937908496732026,0.8874131339504181,9.965156794425088,12.86411149825784,2143,1420,2164,1447,0.69,0.86,142.59045342462784,6.035015100915972,2.781990949120845,2.781990949120845,6.035015100915972,287.0,3.9761187149533317,0.208,needle_flaky,针片状候选,undersized,过小噪声(<5mm)
1997,9509.0,10126.0,399.00025837392167,-1.0540097941307185,77.28469918310546,163.35915241380837,2199.77263644968,2220.6846145756654,0.9390677463954178,0.8810104299706025,56.77263644967925,72.68461457566517,2143,2148,2258,2290,0.75,0.92,150.39031276914295,33.97870370207214,16.075217430085935,16.075217430085935,33.97870370207214,9509.0,22.886839181579454,0.208,needle_flaky,针片状候选,normal,正常骨料
1999,737.0,875.0,117.12241604312268,-1.2234121733741514,26.32137112105065,39.0251865956623,2161.774762550882,1244.0759837177748,0.8422857142857143,0.7383010017639041,16.774762550881952,18.07598371777476,2145,1226,2178,1265,0.68,0.72,160.09635413926625,8.117238811897758,5.474845193178535,5.474845193178535,8.117238811897758,737.0,6.371653324212019,0.208,angular,棱角状,normal,正常骨料
2002,2850.0,2952.0,205.0176504537924,1.0239996381907863,49.859832596797006,74.13618429794603,2179.3301754385966,1540.7164912280705,0.9654471544715448,0.7400573018486866,32.33017543859649,36.716491228070176,2147,1504,2210,1579,0.85,0.9,31.32914250874463,15.420326333972774,10.370845180133776,10.370845180133776,15.420326333972774,2850.0,12.52970437164233,0.208,regular,普通,normal,正常骨料
2005,191.0,208.0,54.37627114398853,-1.0585039938455316,12.521085146465568,19.759751439156467,2155.3979057591623,1799.0366492146595,0.9182692307692308,0.7736066446697982,7.397905759162303,10.036649214659686,2148,1789,2164,1809,0.81,0.88,150.6478114450906,4.110028299344545,2.604385710464838,2.604385710464838,4.110028299344545,191.0,3.2436581527210318,0.208,regular,普通,undersized,过小噪声(<5mm)
2007,851.0,943.0,122.8107727369338,-1.0976438976239924,30.43143802761477,39.307778560133,2167.1304347826085,1191.1280846063455,0.902439024390244,0.6329610835169617,17.130434782608695,16.128084606345475,2150,1175,2186,1217,0.71,0.73,152.8903627421446,8.176017940507665,6.329739109743873,6.329739109743873,8.176017940507665,851.0,6.846729565973246,0.208,regular,普通,normal,正常骨料
2008,753.0,859.0,119.70864832944268,0.9395181670417544,21.4535649970342,47.38032269443742,2169.3678618857903,2124.286852589641,0.8766006984866124,0.89161474025261,19.367861885790173,19.28685258964144,2150,2105,2189,2144,0.66,0.83,36.1695742526404,9.855107120442982,4.462341519383113,4.462341519383113,9.855107120442982,753.0,6.440445097550077,0.208,needle_flaky,针片状候选,undersized,过小噪声(<5mm)
2009,1050.0,1125.0,123.3661331042036,-0.8351569261790702,33.66012129483033,40.72164015386583,2170.4733333333334,1686.8238095238096,0.9333333333333332,0.562803810490223,19.473333333333333,19.823809523809523,2151,1667,2191,1707,0.87,0.88,137.85096710117958,8.470101152004093,7.001305229324709,7.001305229324709,8.470101152004093,1050.0,7.60524210308871,0.208,regular,普通,normal,正常骨料
2010,1235.0,1303.0,137.28961053204716,0.4607481266194905,35.351898677468114,47.4394513364367,2171.482591093117,1763.957894736842,0.9478127398311588,0.6668405702002098,19.48259109311741,19.957894736842107,2152,1744,2198,1783,0.82,0.85,63.60107692614393,9.867405877978833,7.353194924913367,7.353194924913367,9.867405877978833,1235.0,8.248061168803629,0.208,regular,普通,normal,正常骨料
2011,7118.0,7303.0,319.934973310653,0.0716931115924768,79.45545740236315,115.29346658690632,2214.744450688396,1086.6007305422872,0.9746679446802684,0.7246107522540277,60.74445068839562,40.60073054228716,2154,1046,2272,1130,0.87,0.92,85.89228728559064,23.981041050076517,16.526735139691535,16.526735139691535,23.981041050076517,7118.0,19.801467901452114,0.208,regular,普通,normal,正常骨料
2013,891.0,1052.0,134.74284649182584,-0.0847843590058386,22.275846001361955,54.98494686601083,2183.043771043771,2148.527497194164,0.846958174904943,0.9142607459974902,27.043771043771045,14.52749719416386,2156,2134,2211,2161,0.62,0.82,94.85778593975654,11.436868948130252,4.633375968283287,4.633375968283287,11.436868948130252,891.0,7.0057921162498875,0.208,needle_flaky,针片状候选,undersized,过小噪声(<5mm)
2014,853.0,985.0,127.71373126734748,0.9211755388200632,32.20451530377707,40.148085569147725,2175.1641266119577,2425.436107854631,0.8659898477157361,0.597131667134706,19.1641266119578,20.43610785463072,2156,2405,2197,2445,0.66,0.67,37.220529434920856,8.350801798382726,6.698539183185631,6.698539183185631,8.350801798382726,853.0,6.8547703550811265,0.208,angular,棱角状,normal,正常骨料
2015,10971.0,11875.0,417.3666187399237,1.2594756511755376,103.5005237509188,140.91032323956293,2212.107373985963,717.131528575335,0.9238736842105264,0.6785941589468334,55.107373985962994,78.13152857533497,2157,639,2271,780,0.79,0.82,17.83736078815062,29.309347233829087,21.52810894019111,21.52810894019111,29.309347233829087,10971.0,24.583374761480645,0.208,regular,普通,normal,正常骨料
2016,764.0,888.0,116.56705567585288,0.2082021368069432,23.374266164874303,45.2464689462828,2178.3416230366493,1813.7670157068064,0.8603603603603603,0.8562276584405993,21.341623036649214,13.767015706806284,2157,1800,2202,1828,0.71,0.83,78.07089627535677,9.411265540826824,4.861847362293855,4.861847362293855,9.411265540826824,764.0,6.4873163054420635,0.208,angular,棱角状,undersized,过小噪声(<5mm)
2018,2972.0,3126.0,206.54897853448853,1.4603039362146164,60.176696805622,63.895439495355376,2189.36204576043,1290.343203230148,0.9507357645553424,0.3361749376420262,31.36204576043069,33.34320323014805,2158,1257,2224,1324,0.88,0.88,6.3307476485611005,13.290251415033918,12.516752935569375,12.516752935569375,13.290251415033918,2972.0,12.795073848621993,0.208,round,圆形,normal,正常骨料
2019,358.0,403.0,79.8112149805675,-0.7331099089060467,18.646851480914385,26.78503015668372,2169.720670391061,1418.282122905028,0.8883374689826302,0.7178799646797114,11.720670391061452,11.282122905027933,2158,1407,2184,1431,0.71,0.74,132.0041036995367,5.571286272590213,3.878545108030192,3.878545108030192,5.571286272590213,358.0,4.4407866383677,0.208,angular,棱角状,undersized,过小噪声(<5mm)
2020,768.0,818.0,108.94311183800605,-0.0055579004013768,27.05629085496817,39.19155433735645,2179.626302083333,1841.46875,0.938875305623472,0.7234657829814003,20.62630208333333,14.46875,2159,1827,2199,1854,0.81,0.86,90.31844423595297,8.15184330217014,5.627708497833379,5.627708497833379,8.15184330217014,768.0,6.50427663845167,0.208,regular,普通,normal,正常骨料
2022,302.0,363.0,79.25585461329771,-1.536552976731995,13.71591695243365,32.57638071702682,2168.6324503311257,1396.3344370860927,0.8319559228650137,0.9070426748596556,6.632450331125828,14.334437086092716,2162,1382,2176,1412,0.6,0.79,178.0380005650067,6.775887189141579,2.8529107261061992,2.8529107261061992,6.775887189141579,302.0,4.078700966037283,0.208,needle_flaky,针片状候选,undersized,过小噪声(<5mm)
2023,761.0,819.0,109.40318743026135,0.7648208529697182,24.06262451147178,41.525000257081736,2181.31011826544,1719.4704336399475,0.9291819291819292,0.8149912993079038,18.31011826544021,15.470433639947435,2163,1704,2200,1736,0.8,0.89,46.17899304123947,8.637200053473,5.00502589838613,5.00502589838613,8.637200053473,761.0,6.474566899790611,0.208,regular,普通,normal,正常骨料
2024,1196.0,1333.0,145.83370555440462,0.4578154913297672,34.04429572978099,50.48072545863587,2185.804347826087,1151.5877926421404,0.8972243060765192,0.7383644869319934,21.80434782608696,20.587792642140467,2164,1131,2216,1176,0.71,0.75,63.769104551096206,10.49999089539626,7.081213511794446,7.081213511794446,10.49999089539626,1196.0,8.116783910727992,0.208,angular,棱角状,normal,正常骨料
2026,875.0,1072.0,132.48193677664798,1.2795830245515911,31.47169954917166,39.56004586129664,2183.8388571428573,989.4411428571428,0.816231343283582,0.605897730416607,16.838857142857144,19.441142857142857,2167,970,2199,1017,0.63,0.64,16.685293156609035,8.2284895391497,6.546113506227705,6.546113506227705,8.2284895391497,875.0,6.9426044252495265,0.208,angular,棱角状,normal,正常骨料
2027,579.0,615.0,99.1371947771787,0.630325635351928,19.10407595606328,39.55689736967328,2183.7806563039726,1123.9671848013818,0.9414634146341464,0.8756469210434603,16.780656303972368,14.967184801381691,2167,1109,2201,1139,0.74,0.9,53.8850013754324,8.227834652892042,3.973647798861162,3.973647798861162,8.227834652892042,579.0,5.647518680723542,0.208,needle_flaky,针片状候选,undersized,过小噪声(<5mm)
2029,336.0,360.0,71.9014168176772,-1.2682138655324229,18.09588841261641,24.65944039435345,2179.6339285714284,1251.184523809524,0.9333333333333332,0.6793309059419858,10.633928571428571,14.18452380952381,2169,1237,2190,1263,0.82,0.85,162.66330201497954,5.129163602025518,3.763944789824213,3.763944789824213,5.129163602025518,336.0,4.302174610927573,0.208,regular,普通,undersized,过小噪声(<5mm)
2031,657.0,691.0,100.57323808286044,1.2723782232899723,21.24856782166257,39.81913833160765,2182.3698630136987,1019.4398782343987,0.950795947901592,0.8457199369212489,11.36986301369863,18.439878234398783,2171,1001,2195,1039,0.82,0.94,17.098097861130313,8.28238077297439,4.419702106905814,4.419702106905814,8.28238077297439,657.0,6.015906517796657,0.208,regular,普通,undersized,过小噪声(<5mm)
2032,13900.0,14704.0,459.294924007849,-0.5094234174180311,130.10305481957565,142.57114467338607,2243.6101438848923,1212.7721582733814,0.9453210010881392,0.4089689614718009,72.61014388489208,61.772158273381294,2171,1151,2324,1290,0.83,0.83,119.18781180318442,29.6547980920643,27.061435402471734,27.061435402471734,29.6547980920643,13900.0,27.671059895160628,0.208,regular,普通,normal,正常骨料
2033,3141.0,3267.0,207.29490845178736,0.6430411131351949,58.98442333763959,68.30907276922932,2204.233683540274,1358.5192613817255,0.9614325068870524,0.504360391970308,33.233683540273795,30.519261381725563,2171,1328,2236,1391,0.92,0.93,53.15645816395885,14.208287135999695,12.268760054229034,12.268760054229034,14.208287135999695,3141.0,13.15383417178462,0.208,round,圆形,normal,正常骨料
2034,603.0,688.0,101.58867404238556,0.0273094918416649,26.28544371715052,32.16652553103463,2188.2935323383085,1743.9568822553897,0.876453488372093,0.5764000781313554,16.29353233830846,14.956882255389718,2172,1729,2204,1760,0.73,0.75,88.43528137682564,6.690637310455203,5.467372293167307,5.467372293167307,6.690637310455203,603.0,5.763377282899629,0.208,angular,棱角状,normal,正常骨料
2035,1644.0,1734.0,155.96494518637408,-1.0461984410638514,37.06056191699075,57.55155828522884,2193.5200729927005,2057.8010948905107,0.9480968858131488,0.7650641261631477,21.52007299270073,24.80109489051095,2172,2033,2218,2086,0.85,0.91,149.94275520612487,11.9707241233276,7.708596878734076,7.708596878734076,11.9707241233276,1644.0,9.516325773672625,0.208,regular,普通,normal,正常骨料
2036,2142.0,2276.0,188.56375726854452,1.2842102576451664,42.79888922937853,67.55179156160874,2197.5070028011205,2110.900560224089,0.9411247803163444,0.7736841520321376,25.50700280112045,33.90056022408964,2172,2077,2218,2152,0.76,0.82,16.4201722295239,14.050772644814616,8.902168959710734,8.902168959710734,14.050772644814616,2142.0,10.862458432189745,0.208,regular,普通,normal,正常骨料
2037,490.0,546.0,95.11491918517696,0.185073301739556,20.88635834779639,34.806703481211684,2188.4857142857145,1392.1367346938775,0.8974358974358975,0.7999496548861839,15.485714285714286,11.136734693877552,2173,1381,2209,1406,0.68,0.75,79.39608090977224,7.23979432409203,4.344362536341649,4.344362536341649,7.23979432409203,490.0,5.195369426236869,0.208,angular,棱角状,undersized,过小噪声(<5mm)
2038,13054.0,15553.0,558.9480109061989,1.4182952693928366,88.29701744148096,219.86522731879785,2226.713650988203,933.5741535161636,0.8393236031633768,0.9158168888134944,52.71365098820285,115.57415351616363,2174,818,2287,1039,0.53,0.7,8.737666960420341,45.73196728230995,18.36577962782804,18.36577962782804,45.73196728230995,13054.0,26.815765458966705,0.208,needle_flaky,针片状候选,normal,正常骨料
2039,1202.0,1339.0,142.65264465471614,0.0501829071343375,35.600115553569935,47.91807275350176,2195.433444259568,1790.811980033278,0.8976848394324123,0.6693612011096269,21.433444259567388,20.81198003327787,2174,1770,2221,1808,0.74,0.77,87.12473121750551,9.966959132728366,7.404824035142546,7.404824035142546,9.966959132728366,1202.0,8.13711826554299,0.208,angular,棱角状,normal,正常骨料
2040,450.0,499.0,94.5595588179072,-0.7943119801580941,16.68705614573622,38.87791278950118,2187.531111111111,2167.8777777777777,0.9018036072144288,0.9032014593460485,12.53111111111111,11.877777777777778,2175,2156,2206,2186,0.63,0.81,135.510724079738,8.086605860216245,3.470907678313134,3.470907678313134,8.086605860216245,450.0,4.97879965940988,0.208,needle_flaky,针片状候选,undersized,过小噪声(<5mm)
2042,15086.0,15666.0,487.9503969902151,0.922571614011298,102.19751720825415,190.226285341322,2251.509744133634,1471.613814132308,0.9629771479637432,0.843428253379247,74.50974413363383,83.61381413230811,2177,1388,2328,1559,0.8,0.92,37.14054021858018,39.567067350994975,21.257083579316863,21.257083579316863,39.567067350994975,15086.0,28.827398120856927,0.208,regular,普通,normal,正常骨料
2043,390.0,417.0,78.47045644990025,-1.368385880133498,17.98004399863284,29.066532140144247,2187.802564102564,873.6410256410256,0.935251798561151,0.7857199666607617,9.802564102564103,12.64102564102564,2178,861,2198,890,0.8,0.87,168.40273567694402,6.045838685150003,3.739849151715631,3.739849151715631,6.045838685150003,390.0,4.63501023825564,0.208,regular,普通,undersized,过小噪声(<5mm)
2045,353.0,386.0,79.94596800168067,-0.6230204679068944,14.06756863333052,33.43237071747598,2193.665722379604,1578.640226628895,0.9145077720207254,0.907164162356064,13.6657223796034,13.640226628895183,2180,1565,2207,1591,0.69,0.9,125.6964433613308,6.953933109235004,2.926054275732748,2.926054275732748,6.953933109235004,353.0,4.40966651677743,0.208,needle_flaky,针片状候选,undersized,过小噪声(<5mm)
2046,257.0,273.0,65.06287114322782,1.4722425995179218,12.23873883017102,27.470587953380363,2187.7354085603115,912.9455252918287,0.9413919413919414,0.8952712167505872,6.735408560311284,12.945525291828794,2181,900,2194,926,0.76,0.96,5.646712628253994,5.713882294303115,2.545657676675572,2.545657676675572,5.713882294303115,257.0,3.762573184072235,0.208,needle_flaky,针片状候选,undersized,过小噪声(<5mm)
2048,472.0,496.0,80.59661314396496,0.6412361183021045,22.45366359922712,27.141156659676184,2195.9343220338983,1676.853813559322,0.9516129032258064,0.5617720494517634,11.934322033898304,11.853813559322036,2184,1665,2210,1690,0.91,0.93,53.25987674993785,5.645360585212647,4.67036202863924,4.67036202863924,5.645360585212647,472.0,5.099051444448783,0.208,round,圆形,undersized,过小噪声(<5mm)
2049,1378.0,1474.0,148.9358299618957,1.1482010487127468,33.86569718042362,53.038022553864,2208.195210449928,1710.4281567489115,0.9348710990502036,0.7696074350603863,21.19521044992743,26.428156748911466,2187,1684,2229,1737,0.78,0.84,24.212925876264563,11.031908691203713,7.0440650135281135,7.0440650135281135,11.031908691203713,1378.0,8.712504252176617,0.208,regular,普通,normal,正常骨料
2050,9910.0,10330.0,393.0818638839829,0.6236919154368523,94.2717273682065,138.58075672432855,2252.464379414733,2548.6760847628657,0.9593417231364956,0.7329656588395048,65.46437941473259,58.67608476286579,2187,2490,2313,2616,0.81,0.85,54.26508552903813,28.824797398660337,19.60851929258695,19.60851929258695,28.824797398660337,9910.0,23.364431673475664,0.208,regular,普通,normal,正常骨料
2051,1442.0,1519.0,162.8034908608235,-0.7552141208030299,27.89478873511881,67.31867145353134,2216.260055478502,2006.1740638002773,0.9493087557603688,0.9101088441680726,28.26005547850208,27.17406380027739,2188,1979,2243,2033,0.68,0.9,133.27058175069672,14.002283662334518,5.802116056904712,5.802116056904712,14.002283662334518,1442.0,8.912530405370555,0.208,needle_flaky,针片状候选,normal,正常骨料
2052,291.0,339.0,71.34605645040742,-1.570350794905088,15.74092337434031,26.81301287085284,2198.8006872852234,1829.089347079038,0.8584070796460177,0.8095413681420653,8.800687285223368,13.0893470790378,2190,1816,2207,1843,0.72,0.8,179.97447290307548,5.57710667713739,3.2741120618627844,3.2741120618627844,5.57710667713739,291.0,4.003730982228429,0.208,angular,棱角状,undersized,过小噪声(<5mm)
2053,5752.0,6608.0,326.73405073900364,1.1174361049804775,68.10631126265613,117.21582871840543,2247.286682892907,830.4980876216968,0.8704600484261501,0.8138797149325463,56.28668289290682,46.4980876216968,2191,784,2284,894,0.68,0.75,25.97562730908104,24.380892373428328,14.166112742632476,14.166112742632476,24.380892373428328,5752.0,17.80032095036502,0.208,angular,棱角状,normal,正常骨料
2054,552.0,654.0,102.50882522689616,-0.35788201776626,22.53258020923834,34.31610486982552,2207.820652173913,1514.5597826086955,0.8440366972477065,0.7542231059571693,16.820652173913043,14.559782608695652,2191,1500,2227,1530,0.66,0.7,110.50512918163264,7.137749812923708,4.686776683521575,4.686776683521575,7.137749812923708,552.0,5.514268807938999,0.208,angular,棱角状,undersized,过小噪声(<5mm)
2055,1378.0,1445.0,148.01567877738512,1.263864187408142,32.333548268634715,57.04916684892,2209.507256894049,1612.9862119013062,0.9536332179930797,0.8238785714360947,18.50725689404935,26.98621190130624,2191,1586,2228,1642,0.79,0.89,17.585916183782146,11.86622670457536,6.725378039876021,6.725378039876021,11.86622670457536,1378.0,8.712504252176617,0.208,regular,普通,normal,正常骨料
2057,152.0,170.0,49.243274817447215,0.4750416183785991,12.684598652535826,16.387824468766443,2201.868421052632,1038.75,0.8941176470588236,0.6331540796148183,7.868421052631579,6.75,2194,1032,2212,1047,0.79,0.81,62.78212017384199,3.40866748950342,2.6383965197274515,2.6383965197274515,3.40866748950342,152.0,2.893611276733652,0.208,angular,棱角状,undersized,过小噪声(<5mm)
2059,974.0,1276.0,145.69895253329145,-0.9837999109825898,28.50849519861004,52.75103676921688,2220.465092402464,1311.5985626283368,0.7633228840125392,0.8413859064042855,24.465092402464062,27.598562628336754,2196,1284,2237,1332,0.58,0.66,146.36758278464848,10.97221564799711,5.929767001310887,5.929767001310887,10.97221564799711,974.0,7.324835447719839,0.208,angular,棱角状,normal,正常骨料
2060,476.0,508.0,85.07896432822199,-1.097008111490589,20.27411309246549,31.648117985086905,2207.665966386555,1751.5399159663866,0.937007874015748,0.767866090400932,11.665966386554622,15.539915966386555,2196,1736,2221,1767,0.83,0.89,152.85393488002762,6.582808540898076,4.217015523232822,4.217015523232822,6.582808540898076,476.0,5.120612011838908,0.208,regular,普通,undersized,过小噪声(<5mm)
2063,434.0,463.0,85.72960947050628,0.222514643984575,18.068864304315788,32.38055271654906,2218.1290322580644,650.0276497695853,0.937365010799136,0.8298302353987452,18.12903225806452,9.027649769585253,2200,641,2232,662,0.74,0.84,77.25085001982778,6.735154965042205,3.758323775297684,3.758323775297684,6.735154965042205,434.0,4.889486586332473,0.208,regular,普通,undersized,过小噪声(<5mm)
2065,1102.0,1366.0,150.18130371754847,-0.90082856092959,31.540691217329183,51.99138466850922,2224.8557168784027,1760.078947368421,0.8067349926793558,0.7949673141652228,21.855716878402905,24.07894736842105,2203,1736,2250,1783,0.61,0.67,141.61367460610904,10.814208011049915,6.56046377320447,6.56046377320447,10.814208011049915,1102.0,7.791286806496801,0.208,angular,棱角状,normal,正常骨料
2066,2035.0,2098.0,169.5631000430755,0.5461149169384686,41.9370168445384,62.42845631961266,2232.1542997543,1582.0619164619166,0.9699714013346044,0.7407677400494361,28.15429975429976,24.06191646191646,2204,1558,2262,1606,0.89,0.94,58.70992013028824,12.985118914479433,8.722899503663987,8.722899503663987,12.985118914479433,2035.0,10.587674984389345,0.208,regular,普通,normal,正常骨料
2067,1555.0,1935.0,180.1544152673003,-1.1673944214717924,31.74770974344973,72.51631521124396,2227.5234726688104,1639.4495176848875,0.8036175710594315,0.899071939103095,23.52347266881029,35.44951768488746,2204,1604,2247,1670,0.6,0.77,156.8867733774501,15.083393563938744,6.603523626637544,6.603523626637544,15.083393563938744,1555.0,9.255152751663331,0.208,needle_flaky,针片状候选,normal,正常骨料
2068,373.0,390.0,73.0121375522168,-1.0928920741431425,17.77947750895213,26.98334148933084,2213.42091152815,1825.4101876675604,0.9564102564102565,0.7522255503997883,9.420911528150134,12.410187667560322,2204,1813,2225,1839,0.88,0.94,152.6181033117007,5.612535029780814,3.698131321862043,3.698131321862043,5.612535029780814,373.0,4.53286526409692,0.208,regular,普通,undersized,过小噪声(<5mm)
2069,728.0,908.0,123.23138008309044,-0.0166130599323749,22.122403067682967,48.06270390477935,2224.8901098901097,2484.813186813187,0.801762114537445,0.887772703696152,20.89010989010989,9.813186813186814,2204,2475,2251,2499,0.6,0.75,90.95185821892298,9.997042412194103,4.601459838078057,4.601459838078057,9.997042412194103,728.0,6.332629561483229,0.208,needle_flaky,针片状候选,undersized,过小噪声(<5mm)
2070,1107.0,1190.0,127.80901604236196,1.165869051480925,33.14700054059517,43.76252678857105,2222.560975609756,1539.9168925022584,0.9302521008403362,0.6529177055297258,17.5609756097561,20.91689250225836,2205,1519,2241,1560,0.85,0.88,23.200623885222512,9.102605572022778,6.894576112443795,6.894576112443795,9.102605572022778,1107.0,7.808942135744651,0.208,regular,普通,normal,正常骨料
2072,1263.0,1360.0,142.2320373085595,-0.948222197126642,31.4437610129166,52.45275417433776,2226.952494061757,2065.871733966746,0.9286764705882352,0.8003985327891894,19.95249406175772,25.871733966745843,2207,2040,2249,2090,0.78,0.86,144.32912993597856,10.910172868262254,6.540302290686651,6.540302290686651,10.910172868262254,1263.0,8.341037420063651,0.208,regular,普通,normal,正常骨料
2073,1169.0,1320.0,147.97621053128643,-0.1707644923409759,26.80755832142644,61.00505730370259,2238.599657827203,1134.514114627887,0.8856060606060606,0.8982759866331017,29.599657827202737,18.51411462788708,2209,1116,2264,1147,0.67,0.85,99.784084701832,12.689051919170138,5.5759721308567,5.5759721308567,12.689051919170138,1169.0,8.02464169234617,0.208,needle_flaky,针片状候选,normal,正常骨料
2075,252.0,270.0,59.50926747052986,-0.1306141997464632,16.35399164466781,20.09403989424532,2220.178571428572,2029.4722222222224,0.9333333333333332,0.5810431444246964,10.178571428571429,9.47222222222222,2210,2020,2231,2038,0.89,0.91,97.48364238995106,4.179560298003025,3.4016302620909045,3.4016302620909045,4.179560298003025,252.0,3.725792504579712,0.208,regular,普通,undersized,过小噪声(<5mm)
2077,262.0,299.0,67.64910342954781,-0.4997381281276101,17.274872105149203,22.16952878390918,2224.083969465649,1785.1679389312976,0.8762541806020067,0.6267543216882123,12.083969465648854,10.16793893129771,2212,1775,2234,1796,0.72,0.74,118.63288560348003,4.611261987053109,3.593173397871034,3.593173397871034,4.611261987053109,262.0,3.798997781496665,0.208,angular,棱角状,undersized,过小噪声(<5mm)
2078,940.0,1085.0,137.19432575703266,0.1379757157429276,28.39787736679961,48.03677103409037,2241.5436170212765,1862.594680851064,0.8663594470046083,0.8065472938899972,29.5436170212766,11.59468085106383,2212,1851,2266,1881,0.63,0.69,82.0945738126335,9.991648375090795,5.906758492294318,5.906758492294318,9.991648375090795,940.0,7.1958536341157435,0.208,angular,棱角状,normal,正常骨料
2079,1234.0,1300.0,140.89127877789227,1.2040505656959837,30.037614360994784,55.25849419496407,2232.7649918962725,1698.7455429497568,0.9492307692307692,0.8393549950532623,18.764991896272285,24.74554294975689,2214,1674,2251,1728,0.78,0.89,21.01298426528089,11.493766792552526,6.247823787086915,6.247823787086915,11.493766792552526,1234.0,8.244721196539205,0.208,regular,普通,normal,正常骨料
2080,4552.0,5499.0,303.5600166176025,0.189519263269838,60.00939083474402,111.2514724776076,2265.4042179261864,2117.490992970123,0.8277868703400618,0.8420476703952877,50.40421792618629,35.490992970123024,2215,2082,2320,2153,0.62,0.71,79.14134607820957,23.140306275342382,12.481953293626756,12.481953293626756,23.140306275342382,4552.0,15.83505298822512,0.208,angular,棱角状,normal,正常骨料
2082,5634.0,6531.0,310.9144544132231,1.4775038295887828,74.69629832117393,102.90372057249282,2256.866169684061,2311.183706070288,0.8626550298576022,0.6878157659036448,38.866169684061056,49.18370607028754,2218,2262,2306,2366,0.73,0.76,5.345266350146346,21.403973879078503,15.536830050804175,15.536830050804175,21.403973879078503,5634.0,17.61679155032834,0.208,angular,棱角状,normal,正常骨料
2084,2117.0,2230.0,182.1852871863505,-0.7549545262883642,42.65173030235296,66.71337700865753,2246.222957014644,1822.7052432687765,0.9493273542600896,0.7689341328302008,27.222957014643363,28.70524326877657,2219,1794,2276,1853,0.8,0.86,133.25570808062162,13.876382417800766,8.871559902889414,8.871559902889414,13.876382417800766,2117.0,10.798882687549881,0.208,regular,普通,normal,正常骨料
2085,17683.0,18434.0,528.2453177219654,-1.2007560665278147,115.97680863839685,195.59958274685485,2291.2702030198498,350.16315104903015,0.9592600629271998,0.8052542021719319,71.27020301984957,96.16315104903016,2220,254,2359,445,0.8,0.88,158.79825483677368,40.68471321134581,24.12317619678654,24.12317619678654,40.68471321134581,17683.0,31.210186779900766,0.208,regular,普通,normal,正常骨料
2088,492.0,583.0,97.56639845038382,-0.9113902009011072,20.34576177237338,35.801725856529416,2237.371951219512,1792.821138211382,0.8439108061749572,0.8228283588398513,12.371951219512194,15.821138211382111,2225,1777,2253,1811,0.65,0.73,142.21881200121365,7.446758978158118,4.231918448653663,4.231918448653663,7.446758978158118,492.0,5.205961423829768,0.208,angular,棱角状,undersized,过小噪声(<5mm)
2089,2261.0,2460.0,189.6350097569855,-0.1635629241899344,46.59907892289493,63.98818422504474,2259.182220256524,2016.750110570544,0.9191056910569104,0.6853168141175676,32.182220256523664,23.75011057054401,2227,1993,2288,2042,0.79,0.82,99.37146524090149,13.309542318809305,9.692608415962146,9.692608415962146,13.309542318809305,2261.0,11.16011514434315,0.208,regular,普通,normal,正常骨料
2091,243.0,263.0,63.856865633673735,0.4247447981747585,12.522906211920734,25.38190608299584,2239.674897119341,519.5884773662551,0.9239543726235742,0.8698142900310438,10.674897119341564,7.588477366255144,2229,512,2254,528,0.75,0.9,65.66391569445038,5.279436465263134,2.604764492079513,2.604764492079513,5.279436465263134,243.0,3.6586556091290645,0.208,needle_flaky,针片状候选,undersized,过小噪声(<5mm)
2092,342.0,366.0,77.68505828650281,-1.349906571466917,13.643376654275126,32.984244577680535,2237.1783625730995,1322.8654970760233,0.9344262295081968,0.9104436421419976,8.178362573099415,16.86549707602339,2229,1306,2245,1338,0.71,0.94,167.34394928202937,6.860722872157551,2.837822344089226,2.837822344089226,6.860722872157551,342.0,4.3404169151004774,0.208,needle_flaky,针片状候选,undersized,过小噪声(<5mm)
2094,935.0,1050.0,132.5772215516625,1.5394587443859378,22.155158521775547,56.47206461344547,2243.3657754010696,1362.757219251337,0.8904761904761904,0.9198285099806552,12.365775401069518,25.7572192513369,2231,1337,2254,1390,0.67,0.91,1.7955112121767485,11.746189439596655,4.6082729725293134,4.6082729725293134,11.746189439596655,935.0,7.176690208257539,0.208,needle_flaky,针片状候选,undersized,过小噪声(<5mm)
2096,383.0,412.0,75.46361681742363,-0.6140963690047504,18.52222946377831,27.04000441983807,2245.485639686684,1768.365535248042,0.9296116504854368,0.7285491017673003,13.485639686684074,11.365535248041777,2232,1757,2258,1779,0.85,0.89,125.18513015828064,5.624320919326318,3.852623728465888,3.852623728465888,5.624320919326318,383.0,4.593225648614561,0.208,regular,普通,undersized,过小噪声(<5mm)
2098,613.0,689.0,103.71483073645024,0.1411363278440939,24.68291856099864,34.420102188729714,2252.1500815660684,1042.6769983686786,0.8896952104499274,0.6969624234191075,17.150081566068515,10.67699836867863,2235,1032,2273,1060,0.72,0.75,81.9134840785587,7.159381255255781,5.134047060687716,5.134047060687716,7.159381255255781,613.0,5.810969975974556,0.208,angular,棱角状,normal,正常骨料
2099,313.0,400.0,85.07896432822199,1.198443719350818,18.37108555801925,28.828286258716783,2245.5015974440894,1545.9169329073482,0.7825,0.770649684766913,10.501597444089455,15.916932907348242,2235,1530,2259,1559,0.54,0.59,21.33423289723723,5.99628354181309,3.821185796068004,3.821185796068004,5.99628354181309,313.0,4.152317589329014,0.208,angular,棱角状,undersized,过小噪声(<5mm)
2101,838.0,912.0,123.55670265423258,1.2243516014959857,22.160588443379133,50.12762867681109,2250.488066825776,1900.1491646778045,0.918859649122807,0.8969739903354221,14.488066825775656,23.149164677804297,2236,1877,2266,1923,0.69,0.87,19.84982059419677,10.426546764776706,4.609402396222859,4.609402396222859,10.426546764776706,838.0,6.794232486892666,0.208,needle_flaky,针片状候选,undersized,过小噪声(<5mm)
2102,541.0,585.0,87.85576616457097,1.0991901693310937,24.138634155677263,29.106663379470763,2248.8927911275414,1981.4473197781888,0.9247863247863248,0.5587792581633466,12.89279112754159,14.44731977818854,2236,1967,2263,1996,0.88,0.89,27.021042415058048,6.054185982929918,5.020835904380871,5.020835904380871,6.054185982929918,541.0,5.459049431348954,0.208,regular,普通,normal,正常骨料
2104,6892.0,7324.0,331.0816489021476,1.4187006519540588,79.09086953346237,118.19131373876382,2282.7752466627976,1644.2444863609985,0.941015838339705,0.7431033486580776,43.77524666279744,63.24448636099826,2239,1581,2324,1700,0.79,0.84,8.7144402505741,24.58379325766288,16.45090086296017,16.45090086296017,24.58379325766288,6892.0,19.484579097129735,0.208,regular,普通,normal,正常骨料
2105,464.0,500.0,84.29356616482454,0.1134408225092978,21.85836047907547,27.92109725095188,2257.1400862068967,1562.5021551724135,0.928,0.622195628861485,16.14008620689655,11.502155172413794,2241,1551,2270,1576,0.82,0.84,83.50031964572456,5.807588228197991,4.546538979647697,4.546538979647697,5.807588228197991,464.0,5.055654472749087,0.208,regular,普通,undersized,过小噪声(<5mm)
2107,1341.0,1382.0,133.07676539001648,1.2869435371203972,39.75131927473506,43.40875991482704,2261.345264727815,1737.3251304996272,0.9703328509406656,0.4017618646411569,19.345264727815064,22.325130499627143,2242,1715,2283,1760,0.95,0.95,16.26356685136345,9.029022062284024,8.268274409144892,8.268274409144892,9.029022062284024,1341.0,8.594740788682868,0.208,round,圆形,normal,正常骨料
2108,3378.0,3533.0,220.4724559623321,-0.5132709980669423,61.439326486409065,71.14926736522266,2274.6607460035525,2070.6947898164594,0.9561279365977924,0.5043022928937687,32.6607460035524,34.69478981645944,2242,2036,2312,2104,0.87,0.88,119.40826193570322,14.799047611966312,12.779379909173086,12.779379909173086,14.799047611966312,3378.0,13.641063069681914,0.208,round,圆形,normal,正常骨料
2110,576.0,630.0,95.11491918517696,-0.2683693905094966,26.208668932670005,29.505785840854,2257.4201388888887,1931.461805555556,0.9142857142857144,0.4593502211270222,12.42013888888889,12.461805555555555,2245,1919,2274,1946,0.8,0.8,105.37643342669242,6.137203454897632,5.451403137995361,5.451403137995361,6.137203454897632,576.0,5.632868802140798,0.208,regular,普通,normal,正常骨料
2112,9878.0,10298.0,391.6458205783012,1.4102153462197045,93.4199991471035,141.28107456486754,2295.893703178781,667.0777485320915,0.9592153816275004,0.7501787798219838,47.89370317878113,72.07774853209152,2248,595,2356,741,0.81,0.86,9.200612457030758,29.386463509492447,19.431359822597525,19.431359822597525,29.386463509492447,9878.0,23.326678578041996,0.208,regular,普通,normal,正常骨料
2113,229.0,287.0,67.09374306227804,-0.5333357812053501,12.771939541295254,26.61331280865641,2257.436681222708,1950.6288209606987,0.7979094076655052,0.8773188646286614,9.436681222707424,7.62882096069869,2248,1943,2270,1963,0.64,0.78,120.55788932637924,5.535569064200533,2.6565634245894127,2.6565634245894127,5.535569064200533,229.0,3.5516988564521705,0.208,needle_flaky,针片状候选,undersized,过小噪声(<5mm)
2114,1052.0,1142.0,131.3712160421084,-0.182446306966981,28.225154693258904,50.143240426619045,2272.153041825095,1020.8811787072244,0.9211908931698776,0.8265314647105639,23.15304182509505,13.881178707224334,2249,1007,2298,1038,0.77,0.86,100.45340337695627,10.42979400873676,5.870832176197852,5.870832176197852,10.42979400873676,1052.0,7.612481744997489,0.208,regular,普通,normal,正常骨料
2115,2022.0,2199.0,177.70293600209345,-0.7468572623477819,49.85743787932488,54.44301402440777,2277.772997032641,1301.4609297725024,0.9195088676671214,0.4016963537170208,28.772997032640948,26.46092977250247,2249,1275,2301,1329,0.8,0.81,132.7917690312228,11.324146917076815,10.370347078899574,10.370347078899574,11.324146917076815,2022.0,10.553802675407544,0.208,regular,普通,normal,正常骨料
2117,16369.0,16926.0,485.61055078284,1.293891542250486,137.43866804223936,154.46170621432816,2322.144052782699,2444.4861628688373,0.967092047737209,0.4563678423682519,71.144052782699,70.48616286883744,2251,2374,2395,2530,0.87,0.88,15.86547548137412,32.12803489258025,28.587242952785783,28.587242952785783,32.12803489258025,16369.0,30.028211674599536,0.208,round,圆形,normal,正常骨料
2118,450.0,492.0,86.97508322615903,-0.5711685831701645,17.50593772511815,33.976113340074946,2269.66,892.3266666666667,0.9146341463414634,0.8570444339241022,16.66,13.326666666666666,2253,879,2284,905,0.75,0.88,122.72554920611736,7.067031574735588,3.6412350468245753,3.6412350468245753,7.067031574735588,450.0,4.97879965940988,0.208,regular,普通,undersized,过小噪声(<5mm)
2120,1246.0,1326.0,137.32907877814586,0.9166807859790942,31.02300130920031,52.32746049192331,2273.333868378812,1975.4494382022472,0.9396681749622926,0.8053035317262205,20.3338683788122,23.44943820224719,2253,1952,2296,1998,0.83,0.92,37.47805980266281,10.884111782320048,6.452784272313664,6.452784272313664,10.884111782320048,1246.0,8.284711994790399,0.208,regular,普通,normal,正常骨料
2121,1421.0,1466.0,147.26974886008634,-0.4548327859869124,37.49229341574564,52.04206371014387,2283.1878958479942,992.3427163969036,0.9693042291950886,0.6935350561206632,29.18789584799437,25.34271639690359,2254,967,2308,1010,0.82,0.86,116.0599990212271,10.824749251709925,7.798397030475093,7.798397030475093,10.824749251709925,1421.0,8.8473953273109,0.208,regular,普通,normal,正常骨料
2122,323.0,336.0,67.32378085840567,0.8071963100031206,19.97581917784225,21.404117731351032,2262.5913312693497,1365.6439628482972,0.9613095238095238,0.3591758094423414,8.591331269349846,11.643962848297214,2254,1354,2276,1376,0.9,0.9,43.75105819828755,4.452056488121015,4.154970388991189,4.154970388991189,4.452056488121015,323.0,4.218127039253955,0.208,round,圆形,undersized,过小噪声(<5mm)
2123,428.0,457.0,80.2712905728228,1.2063852427924904,18.71462922573818,29.678574206435528,2264.28738317757,1886.095794392524,0.936542669584245,0.7761266148050602,10.287383177570094,15.095794392523365,2254,1871,2276,1901,0.83,0.9,20.87921712112518,6.17314343493859,3.892642878953541,3.892642878953541,6.17314343493859,428.0,4.8555706630575,0.208,regular,普通,undersized,过小噪声(<5mm)
2124,1090.0,1197.0,135.48877640912465,-1.45512472410754,26.21603851764964,55.44575283028749,2268.4633027522937,471.1963302752293,0.910609857978279,0.8811573171018771,12.463302752293576,25.19633027522936,2256,446,2283,496,0.75,0.91,173.37250535650037,11.532716588699795,5.452936011671124,5.452936011671124,11.532716588699795,1090.0,7.748749890990808,0.208,needle_flaky,针片状候选,normal,正常骨料
2125,777.0,820.0,108.7130740418784,1.3158167146855115,23.32096255483064,44.05762521885404,2268.906048906049,1341.4337194337195,0.947560975609756,0.8484168773058697,12.906048906048904,18.433719433719435,2256,1323,2282,1364,0.83,0.96,14.609255635750586,9.16398604552164,4.850760211404773,4.850760211404773,9.16398604552164,777.0,6.542276630537641,0.208,regular,普通,undersized,过小噪声(<5mm)
2126,151.0,162.0,47.99780106179446,-0.8043282007831637,12.551088900059598,16.174309116636824,2262.7880794701987,1578.3509933774835,0.9320987654320988,0.630746216392371,6.788079470198675,7.3509933774834435,2256,1571,2270,1587,0.82,0.84,136.08461124822634,3.3642562962604594,2.6106264912123964,2.6106264912123964,3.3642562962604594,151.0,2.884077111517085,0.208,regular,普通,undersized,过小噪声(<5mm)
2127,468.0,494.0,84.38885093983903,0.2732039780816194,17.9707314994853,33.30641352994229,2272.2735042735044,1153.0235042735044,0.9473684210526316,0.8419486330423585,15.273504273504274,10.023504273504274,2257,1143,2289,1163,0.83,0.95,74.34656510973856,6.927734014227996,3.7379121518929423,3.7379121518929423,6.927734014227996,468.0,5.077399323520018,0.208,regular,普通,undersized,过小噪声(<5mm)
2128,626.0,703.0,99.787839919463,1.2402739591345415,27.573591860286992,31.591892850324744,2271.597444089457,1394.7316293929712,0.8904694167852063,0.488067397201979,13.59744408945687,13.731629392971248,2258,1381,2286,1411,0.79,0.8,18.937536701609616,6.571113712867547,5.735307106939694,5.735307106939694,6.571113712867547,626.0,5.872263850109447,0.208,angular,棱角状,normal,正常骨料
2129,173.0,184.0,49.89391995973151,-0.974932200442572,12.049831481939274,18.57266714679384,2266.3294797687863,1846.179190751445,0.9402173913043478,0.760964251441752,7.329479768786127,7.179190751445087,2259,1839,2274,1855,0.87,0.94,145.85950039676175,3.863114766533119,2.5063649482433688,2.5063649482433688,3.863114766533119,173.0,3.0870342352769624,0.208,regular,普通,undersized,过小噪声(<5mm)
2130,767.0,855.0,111.98941971658137,-0.9590220031627168,28.412314129315305,36.24495203640526,2277.040417209909,1864.810951760104,0.8970760233918129,0.6208907139916644,18.04041720990873,15.810951760104302,2259,1849,2296,1886,0.77,0.79,144.94791324140556,7.538950023572293,5.909761338897583,5.909761338897583,7.538950023572293,767.0,6.500040704014455,0.208,angular,棱角状,normal,正常骨料
2131,774.0,864.0,116.33701787972524,-0.7211385508100734,23.77701755784467,44.04602309032607,2276.4728682170544,752.7635658914729,0.8958333333333334,0.841779115246504,16.472868217054263,17.76356589147287,2260,735,2297,772,0.72,0.82,131.3181954055977,9.161572802787822,4.945619652031691,4.945619652031691,9.161572802787822,774.0,6.529634538279205,0.208,angular,棱角状,undersized,过小噪声(<5mm)
2133,4945.0,5317.0,281.68727278077006,1.5084343095124502,68.14702978126327,95.6267212295341,2297.493225480283,1070.4305358948434,0.9300357344367124,0.7015341367810302,37.49322548028312,48.43053589484328,2260,1022,2337,1127,0.78,0.82,3.57308039220608,19.890358015743093,14.17458219450276,14.17458219450276,19.890358015743093,4945.0,16.50446846631609,0.208,regular,普通,normal,正常骨料
2134,174.0,192.0,50.909355919256605,-0.2821806067057471,13.26380029502609,16.962705563674533,2267.8275862068967,1589.4942528735633,0.90625,0.6233550093233595,7.827586206896552,7.494252873563219,2260,1582,2277,1597,0.84,0.86,106.16775782468028,3.5282427572443025,2.7588704613654267,2.7588704613654267,3.5282427572443025,174.0,3.095943443513696,0.208,regular,普通,undersized,过小噪声(<5mm)
2136,639.0,786.0,115.09154412407248,1.1195957091132835,21.720222242046585,42.01943749825019,2277.45226917058,1807.0892018779343,0.8129770992366412,0.8560403984933649,16.45226917057903,17.089201877934272,2261,1790,2290,1831,0.61,0.71,25.85189110685225,8.740042999636039,4.517806226345689,4.517806226345689,8.740042999636039,639.0,5.93292452243636,0.208,angular,棱角状,undersized,过小噪声(<5mm)
2137,218.0,239.0,61.40538636846691,0.4617055071381492,15.016396623156952,20.732653116795248,2272.605504587156,1111.7844036697247,0.9121338912133892,0.6894983376984883,10.605504587155965,10.784403669724773,2262,1101,2284,1119,0.73,0.75,63.54622306303675,4.312391848293411,3.123410497616646,3.123410497616646,4.312391848293411,218.0,3.4653462993799065,0.208,regular,普通,undersized,过小噪声(<5mm)
2138,187.0,213.0,56.04235224579793,-0.2804160227702025,12.171536539565736,20.76820292142669,2271.6310160427806,1696.9251336898396,0.8779342723004695,0.8102633548711214,9.631016042780749,6.925133689839572,2262,1690,2282,1705,0.75,0.83,106.066654612577,4.319786207656751,2.531679600229673,2.531679600229673,4.319786207656751,187.0,3.2095134318241962,0.208,angular,棱角状,undersized,过小噪声(<5mm)
2139,597.0,634.0,93.77416065450974,-0.935468370131626,24.00817260582557,32.9954129037573,2276.785594639866,1908.2311557788944,0.941640378548896,0.6859788032636985,13.785594639865996,14.231155778894472,2263,1894,2291,1926,0.85,0.89,143.59838947652412,6.863045883981518,4.993699902011719,4.993699902011719,6.863045883981518,597.0,5.734632079834153,0.208,regular,普通,undersized,过小噪声(<5mm)
2140,7881.0,9594.0,400.4921182085192,-0.1105127586200835,102.62448135878832,117.87576480998136,2319.123334602208,818.1608932876538,0.8214509068167605,0.491963873282065,55.12333460220784,46.16089328765385,2264,772,2385,890,0.62,0.62,96.3319146512788,24.51815908047612,21.34589212262797,21.34589212262797,24.51815908047612,7881.0,20.835746170066226,0.208,angular,棱角状,normal,正常骨料
2141,540.0,581.0,89.98192285863567,-0.3140708135961585,21.25819139937516,33.17267411635255,2280.531481481481,1133.0870370370371,0.9294320137693632,0.7676791291200818,14.531481481481482,13.087037037037035,2266,1120,2298,1146,0.84,0.9,107.99493208729989,6.899916216201331,4.421703811070033,4.421703811070033,6.899916216201331,540.0,5.454001765515659,0.208,regular,普通,undersized,过小噪声(<5mm)
2143,9639.0,9870.0,361.3637347402244,1.389275189982021,101.9231728539526,121.0543952542213,2318.7398070339245,2238.5410312273057,0.9765957446808512,0.5395371891008357,52.73980703392469,62.54103122730574,2266,2176,2373,2299,0.93,0.94,10.400395031794574,25.17931421287803,21.20001995362214,21.20001995362214,25.17931421287803,9639.0,23.042754053275086,0.208,round,圆形,normal,正常骨料
2144,263.0,279.0,64.18218820481587,1.0693789434393477,15.464554677327015,23.520090147303783,2277.490494296578,1418.9239543726237,0.942652329749104,0.7534510043107489,10.490494296577946,8.923954372623575,2267,1410,2285,1432,0.8,0.86,28.729099840766217,4.892178750639187,3.216627372884019,3.216627372884019,4.892178750639187,263.0,3.8062408724987447,0.208,regular,普通,undersized,过小噪声(<5mm)
2146,1271.0,1345.0,143.11272024697143,-1.4921049962010562,30.62160525504296,55.34699276511813,2287.87332808812,914.835562549174,0.9449814126394052,0.8330046903211594,17.873328088119592,30.83556254917388,2270,884,2304,941,0.78,0.89,175.49131887270426,11.51217449514457,6.369293893048936,6.369293893048936,11.51217449514457,1271.0,8.367412307769317,0.208,regular,普通,normal,正常骨料
2148,502.0,531.0,86.18968506276158,0.4266951501346274,23.17018240871151,28.370418595884345,2282.2151394422312,1576.284860557769,0.9453860640301318,0.5770594135826883,12.215139442231076,12.284860557768924,2270,1564,2300,1590,0.85,0.86,65.55216875858483,5.901047067943944,4.819397941011994,4.819397941011994,5.901047067943944,502.0,5.258601401802373,0.208,regular,普通,undersized,过小噪声(<5mm)
2149,634.0,885.0,124.93692943099848,0.5253610505261582,26.03594769108837,44.22766350506773,2293.8233438485804,1963.3864353312304,0.7163841807909604,0.8083660545859186,22.823343848580443,16.386435331230285,2271,1947,2310,1981,0.51,0.57,59.89902908429194,9.199354009054089,5.415477119746381,5.415477119746381,9.199354009054089,634.0,5.909667182727771,0.208,angular,棱角状,normal,正常骨料
2151,266.0,276.0,59.04919187827456,-0.1974037693295303,17.410854551175472,19.69495800963178,2282.496240601504,1840.022556390977,0.9637681159420288,0.467437768131093,8.496240601503759,8.022556390977444,2274,1832,2294,1849,0.96,0.96,101.31040284255612,4.09655126600341,3.621457746644498,3.621457746644498,4.09655126600341,266.0,3.8278879145646716,0.208,round,圆形,undersized,过小噪声(<5mm)
2152,1748.0,1832.0,158.32113967656642,-1.0929283405214918,38.32239069430311,58.80473925962682,2296.920480549199,1929.349542334096,0.9541484716157204,0.7584864479558728,22.920480549199084,27.34954233409611,2274,1902,2320,1959,0.88,0.94,152.62018122211833,12.231385766002376,7.971057264415046,7.971057264415046,12.231385766002376,1748.0,9.812713260850018,0.208,regular,普通,normal,正常骨料
2153,143.0,151.0,44.20556326592038,0.7068613383259439,12.214733380469845,15.298409300500293,2282.146853146853,1711.93006993007,0.9470198675496688,0.6020855286021871,6.146853146853147,6.93006993006993,2276,1705,2290,1719,0.92,0.94,49.49982861295443,3.1820691345040606,2.540664543137728,2.540664543137728,3.1820691345040606,143.0,2.806638077820038,0.208,regular,普通,undersized,过小噪声(<5mm)
2154,6604.0,7086.0,332.46187567891343,1.200765460786607,78.72786500363422,113.01651145494058,2320.281647486372,488.4130829800121,0.9319785492520464,0.7174548753180127,42.281647486371895,64.41308298001212,2278,424,2366,543,0.75,0.79,21.20120691184588,23.50743438262764,16.375395920755917,16.375395920755917,23.50743438262764,6604.0,19.07312814200228,0.208,regular,普通,normal,正常骨料
2155,896.0,939.0,113.4254630222631,-0.3019291753151541,28.37678979673237,40.93623844609113,2299.873883928572,1363.233258928571,0.9542066027689032,0.7207502310886987,21.873883928571427,16.233258928571427,2278,1347,2320,1378,0.88,0.92,107.29926745742384,8.514737596786954,5.902372277720333,5.902372277720333,8.514737596786954,896.0,7.025421720752868,0.208,regular,普通,normal,正常骨料
2157,245.0,264.0,60.9453107762116,1.49732587383149,15.177380844951754,21.632047669235867,2285.461224489796,1346.351020408163,0.928030303030303,0.7125557041753742,6.461224489795918,9.351020408163263,2279,1337,2295,1359,0.83,0.87,4.209546873717628,4.49946591520106,3.156895215749965,3.156895215749965,4.49946591520106,245.0,3.673680952061353,0.208,regular,普通,undersized,过小噪声(<5mm)
2158,457.0,483.0,79.81121498056751,-1.1648865421730774,22.342777249446,27.236128523703936,2292.671772428884,1879.2013129102843,0.9461697722567288,0.5718818197233869,12.671772428884026,14.201312910284464,2280,1865,2304,1891,0.9,0.91,156.74308247810552,5.665114732930419,4.647297667884768,4.647297667884768,5.665114732930419,457.0,5.017374223454325,0.208,regular,普通,undersized,过小噪声(<5mm)
2159,8095.0,8429.0,337.6506885343706,-0.290905122423533,92.34031620901504,114.87590391989836,2336.9878937615813,2333.2723903644223,0.9603748961917192,0.5948635743022671,56.987893761581226,51.272390364422485,2280,2282,2389,2381,0.89,0.91,106.66763575360496,23.89418801533886,19.20678577147513,19.20678577147513,23.89418801533886,8095.0,21.116737477541403,0.208,round,圆形,normal,正常骨料
2160,408.0,456.0,88.08580396069863,-0.9212413337002948,15.261872315193882,36.12760653481664,2292.958333333333,443.9950980392157,0.8947368421052632,0.9063892623077672,11.958333333333334,12.995098039215684,2281,431,2306,463,0.66,0.86,142.78324033402998,7.514542159241861,3.174469441560327,3.174469441560327,7.514542159241861,408.0,4.740765523697223,0.208,needle_flaky,针片状候选,undersized,过小噪声(<5mm)
2161,236.0,250.0,57.15307298033751,-1.373025620404637,14.632072411792109,20.76941055962113,2288.135593220339,1395.5127118644068,0.944,0.7097029039607217,7.135593220338983,10.51271186440678,2281,1385,2296,1406,0.91,0.95,168.66857321251717,4.320037396401195,3.0434710616527587,3.0434710616527587,4.320037396401195,236.0,3.6055738539887945,0.208,regular,普通,undersized,过小噪声(<5mm)
2163,719.0,919.0,142.46207510468716,1.0208593303730698,16.190845636482187,62.35362672965371,2300.1696801112657,970.4005563282336,0.7823721436343852,0.9656996568376276,16.169680111265645,28.40055632823366,2284,942,2318,999,0.45,0.81,31.50906889307173,12.969554359767972,3.3676958923882947,3.3676958923882947,12.969554359767972,719.0,6.2933638256500375,0.208,needle_flaky,针片状候选,undersized,过小噪声(<5mm)
2164,188.0,205.0,53.13079738833578,0.6007760970415293,15.43798355425421,16.674351185411926,2291.148936170213,1420.409574468085,0.9170731707317074,0.3778860068406525,6.148936170212766,8.409574468085106,2285,1412,2301,1429,0.84,0.84,55.57806520717838,3.4682650465656804,3.2111005792848752,3.2111005792848752,3.4682650465656804,188.0,3.2180835764043403,0.208,regular,普通,undersized,过小噪声(<5mm)
2165,225.0,243.0,57.05778820532303,-0.3026348826459024,14.770854089644374,19.606130631803023,2295.333333333333,1432.7866666666666,0.925925925925926,0.6575861497701441,10.333333333333334,7.786666666666667,2285,1425,2306,1442,0.87,0.89,107.33970150904716,4.078075171415029,3.0723376506460296,3.0723376506460296,4.078075171415029,225.0,3.520543001337999,0.208,regular,普通,undersized,过小噪声(<5mm)
2166,1887.0,1999.0,165.4455396760593,-0.4778916385325953,45.53796267247754,54.23553949418254,2313.721780604133,751.4631690514043,0.9439719859929964,0.5431537477391349,27.721780604133546,24.463169051404343,2286,727,2343,775,0.87,0.88,117.38117395250922,11.280992214789968,9.471896235875327,9.471896235875327,11.280992214789968,1887.0,10.195401762406298,0.208,regular,普通,normal,正常骨料
2168,767.0,879.0,122.90605751194828,-1.1341175550125835,30.09629760097412,38.71920030084309,2298.556714471969,2011.083441981747,0.8725824800910125,0.6291344866612142,11.556714471968707,17.083441981747068,2287,1994,2320,2037,0.64,0.65,154.98014937391702,8.053593662575363,6.260029901002616,6.260029901002616,8.053593662575363,767.0,6.500040704014455,0.208,angular,棱角状,normal,正常骨料
2169,1935.0,2101.0,176.26689269641173,-0.2625694195939929,40.49400683570629,62.44680302463921,2322.029457364341,2032.7891472868216,0.9209900047596382,0.7612520996967241,35.029457364341084,20.789147286821706,2287,2012,2351,2058,0.78,0.84,105.0441195719354,12.988935029124956,8.422753421826908,8.422753421826908,12.988935029124956,1935.0,10.3242587147321,0.208,regular,普通,normal,正常骨料
2170,1139.0,1308.0,138.66983730881307,0.9137732298763312,34.57186932479581,46.11207462400498,2311.597014925373,1152.7348551360842,0.8707951070336392,0.6617373760358238,22.59701492537313,23.734855136084285,2289,1129,2330,1179,0.74,0.77,37.64465049604864,9.591311521793036,7.190948819557529,7.190948819557529,9.591311521793036,1139.0,7.921004432560163,0.208,angular,棱角状,normal,正常骨料
2171,278.0,290.0,61.730708939609045,-1.515531772355556,16.125536505802526,22.25796945771955,2297.2841726618703,1561.6906474820144,0.9586206896551724,0.6892919119522763,8.284172661870503,11.690647482014388,2289,1550,2305,1573,0.92,0.95,176.8335742739548,4.629657647205666,3.354111593206925,3.354111593206925,4.629657647205666,278.0,3.9132788188974392,0.208,regular,普通,undersized,过小噪声(<5mm)
2172,6821.0,7216.0,320.2602958817952,-1.1397326745422596,84.44322941058441,106.94270764585036,2331.9825538777304,1784.7957777451986,0.945260532150776,0.6136066522186913,41.98255387773054,54.79577774519865,2290,1730,2380,1840,0.84,0.85,155.30187202442892,22.244083190336877,17.564191717401556,17.564191717401556,22.244083190336877,6821.0,19.38395616638157,0.208,regular,普通,normal,正常骨料
2175,564.0,605.0,90.63256800091996,-0.2974706551176839,25.55795159384908,28.94501069967378,2306.7890070921985,1711.5248226950357,0.9322314049586776,0.4694050168408603,14.78900709219858,12.52482269503546,2292,1699,2322,1725,0.86,0.87,107.04381306723496,6.020562225532146,5.316053931520608,5.316053931520608,6.020562225532146,564.0,5.573884257335279,0.208,regular,普通,normal,正常骨料
2176,1268.0,1420.0,146.90495804284552,0.2806764643768827,35.92294739234994,47.24695752710216,2315.018138801262,1857.5930599369085,0.8929577464788733,0.6495452031465251,23.01813880126183,16.593059936908517,2292,1841,2340,1880,0.74,0.76,73.91842318255063,9.827367165637249,7.471973057608787,7.471973057608787,9.827367165637249,1268.0,8.357531478924814,0.208,angular,棱角状,normal,正常骨料
2177,193.0,208.0,52.80547481719364,-0.7937071845942835,12.969307706718425,19.33274466317108,2301.678756476684,1266.8134715025906,0.9278846153846154,0.741596064325782,7.678756476683938,7.813471502590674,2294,1259,2311,1276,0.87,0.92,135.4760718464634,4.021210889939584,2.697616002997432,2.697616002997432,4.021210889939584,193.0,3.2605964305691777,0.208,regular,普通,undersized,过小噪声(<5mm)
2178,214.0,237.0,60.29466563392732,-0.797957514231486,12.95258335883271,21.88515263073571,2304.7242990654204,1125.4672897196265,0.9029535864978904,0.8060529623886121,9.72429906542056,10.467289719626168,2295,1115,2314,1135,0.74,0.82,135.7195977962145,4.552111747193028,2.694137338637204,2.694137338637204,4.552111747193028,214.0,3.433406942378419,0.208,regular,普通,undersized,过小噪声(<5mm)
2179,1112.0,1270.0,145.88952208332043,0.3198558648725621,28.13479557941763,54.888344280894046,2317.937949640288,1335.49190647482,0.8755905511811024,0.8586380795456369,21.93794964028777,19.491906474820144,2296,1316,2347,1351,0.66,0.77,71.67360889029543,11.416775610425962,5.852037480518867,5.852037480518867,11.416775610425962,1112.0,7.8265576377948785,0.208,angular,棱角状,normal,正常骨料
2180,969.0,1027.0,117.44773861426482,0.9237250512018128,33.88453796986965,37.48608932862446,2314.0897832817336,1392.9463364293083,0.943524829600779,0.427695250335148,18.089783281733745,17.946336429308566,2296,1375,2333,1414,0.88,0.89,37.07445313563026,7.797106580353887,7.047983897732887,7.047983897732887,7.797106580353887,969.0,7.3060103447679285,0.208,regular,普通,normal,正常骨料
2181,370.0,388.0,70.56065828700996,0.8381401528634209,20.75030684944685,23.00201827108873,2308.1783783783785,1417.8972972972972,0.9536082474226804,0.4315101245871051,11.178378378378378,10.897297297297298,2297,1407,2320,1430,0.93,0.94,41.97810660047632,4.784419800386456,4.316063824684945,4.316063824684945,4.784419800386456,370.0,4.51459978242437,0.208,round,圆形,undersized,过小噪声(<5mm)
2183,11569.0,12017.0,400.7616242507456,-1.4013614002212116,107.97585898912486,138.41702614004356,2350.6333304520704,909.903103120408,0.9627194807356244,0.625684241668687,51.63333045207019,68.90310312040799,2299,841,2410,978,0.91,0.93,170.29209380521883,28.79074143712906,22.45897866973797,22.45897866973797,28.79074143712906,11569.0,25.24447276514465,0.208,regular,普通,normal,正常骨料
2184,544.0,564.0,86.74504543003138,-0.9305292926062247,21.273331566019305,32.81870076857964,2311.095588235294,1243.9154411764705,0.9645390070921984,0.7614636532536347,12.095588235294118,14.915441176470589,2299,1229,2325,1259,0.91,0.97,143.31540117963073,6.826289759864564,4.424852965732015,4.424852965732015,6.826289759864564,544.0,5.474164502542978,0.208,regular,普通,undersized,过小噪声(<5mm)
2186,1926.0,2151.0,185.9775249822246,-1.4353991170284817,49.692525217497085,55.67238631176016,2328.363447559709,1272.5529595015576,0.895397489539749,0.4508724657836851,28.363447559709243,36.55295950155763,2300,1236,2355,1298,0.7,0.7,172.24231132253692,11.579856352846113,10.336045245239394,10.336045245239394,11.579856352846113,1926.0,10.300220827135256,0.208,angular,棱角状,normal,正常骨料
2187,1123.0,1165.0,131.1806464920794,0.3730721661831229,27.776405083082683,52.12002566539321,2323.8815672306323,1312.347284060552,0.9639484978540772,0.8461583676076407,23.88156723063224,17.34728406055209,2300,1295,2351,1329,0.82,0.95,68.62453942390378,10.840965338401787,5.777492257281198,5.777492257281198,10.840965338401787,1123.0,7.865172868413191,0.208,regular,普通,normal,正常骨料
2188,883.0,931.0,114.11557641064606,0.8315333775718757,27.13424377466249,42.25650992403785,2320.7485843714608,1591.762174405436,0.9484425349087005,0.7665943539632407,19.74858437146093,16.762174405436014,2301,1575,2339,1613,0.85,0.92,42.356646940873176,8.789354064199873,5.643922705129798,5.643922705129798,8.789354064199873,883.0,6.974269832090073,0.208,regular,普通,normal,正常骨料
2189,5951.0,6677.0,349.98702135260214,1.3217083516906123,54.59506946287898,143.66213402174367,2338.690808267518,596.0371366156949,0.8912685337726524,0.9249765959822064,34.690808267518065,66.03713661569485,2304,530,2374,671,0.61,0.85,14.271689700935212,29.88172387652268,11.355774448278828,11.355774448278828,29.88172387652268,5951.0,18.10561867578749,0.208,needle_flaky,针片状候选,normal,正常骨料
2190,757.0,786.0,101.68395881740004,-1.3903245969067368,26.402890301467785,36.655771165412126,2319.1598414795244,1538.862615587847,0.9631043256997456,0.6936700899859798,13.159841479524438,17.862615587846765,2306,1521,2333,1557,0.92,0.96,169.65973155598346,7.624400402405722,5.4918011827053,5.4918011827053,7.624400402405722,757.0,6.4575285363063255,0.208,regular,普通,normal,正常骨料
2191,280.0,337.0,74.58293387901169,0.4037854543297965,15.192181269882798,27.665414858328628,2318.4821428571427,1899.303571428572,0.8308605341246291,0.8357304857529905,12.482142857142858,9.303571428571429,2306,1890,2333,1910,0.63,0.72,66.8647976381302,5.754406290532354,3.1599737041356217,3.1599737041356217,5.754406290532354,280.0,3.927330134551739,0.208,angular,棱角状,undersized,过小噪声(<5mm)
2193,242.0,265.0,63.856865633673735,-1.2642787333836487,14.565434572522856,22.450145515867817,2316.1735537190084,1942.1404958677683,0.9132075471698112,0.7609673228005126,8.173553719008265,14.140495867768594,2308,1928,2325,1952,0.75,0.8,162.4378355510285,4.669630267300506,3.029610391084754,3.029610391084754,4.669630267300506,242.0,3.651119750233912,0.208,regular,普通,undersized,过小噪声(<5mm)
2194,511.0,679.0,106.95170816505453,1.3519946581332716,18.513870667178843,42.98099379987087,2317.9119373776907,1992.416829745597,0.7525773195876289,0.9024734312648666,9.911937377690805,20.416829745596868,2308,1972,2331,2012,0.56,0.72,12.536412164730962,8.94004671037314,3.8508850987731993,3.8508850987731993,8.94004671037314,511.0,5.305530852234174,0.208,needle_flaky,针片状候选,undersized,过小噪声(<5mm)
2195,674.0,723.0,105.15087404213196,-0.4945176165491569,22.088856808966064,40.14671192575314,2325.566765578635,2062.19881305638,0.9322268326417704,0.8350306789804821,16.566765578635014,13.19881305637982,2309,2049,2345,2079,0.77,0.87,118.33377232313548,8.350516080556652,4.594482216264941,4.594482216264941,8.350516080556652,674.0,6.093240815620738,0.208,regular,普通,undersized,过小噪声(<5mm)
2196,10877.0,13031.0,446.26847780123455,-0.7702605760033927,94.68601818017608,165.70417655049704,2376.344488369955,1009.3882504367012,0.8347018647839767,0.8206605583076559,65.34448836995495,62.3882504367013,2311,947,2453,1083,0.69,0.77,134.13268013031018,34.466468722503386,19.694691781476624,19.694691781476624,34.466468722503386,10877.0,24.477832496179925,0.208,angular,棱角状,normal,正常骨料
2197,587.0,647.0,104.6907984498767,-0.2427552969152803,17.02447244208015,45.65721811168692,2330.902896081772,1112.3407155025554,0.9072642967542504,0.9278812564816096,19.90289608177172,8.340715502555366,2311,1104,2354,1124,0.67,0.94,103.90885396769072,9.49670136723088,3.541090267952671,3.541090267952671,9.49670136723088,587.0,5.686400507740267,0.208,needle_flaky,针片状候选,undersized,过小噪声(<5mm)
2198,13889.0,14630.0,457.1292990676857,1.4972896903514843,125.43168980240289,144.9336623196844,2375.358917128663,1680.564691482468,0.9493506493506494,0.5010089926082654,64.35891712866297,68.56469148246813,2311,1612,2442,1759,0.84,0.84,4.211620034410046,30.146201762494357,26.0897914788998,26.0897914788998,30.146201762494357,13889.0,27.660108747603818,0.208,regular,普通,normal,正常骨料
2200,581.0,613.0,91.55271918543056,-0.6581264595787415,25.399987884259296,30.229898780696804,2328.8244406196213,1207.8709122203095,0.9477977161500816,0.5422342597758588,14.824440619621342,14.87091222030981,2314,1193,2345,1222,0.87,0.88,127.70786851974906,6.287818946384935,5.283197479925933,5.283197479925933,6.287818946384935,581.0,5.657264190441191,0.208,regular,普通,normal,正常骨料
2201,137.0,145.0,42.86480473525314,1.328827439301515,13.216552995341829,13.404310602736354,2320.116788321168,1472.6277372262773,0.9448275862068966,0.1667882141488798,6.116788321167883,5.627737226277373,2314,1467,2327,1481,0.94,0.94,13.863796026846614,2.7880966053691614,2.7490430230311,2.7490430230311,2.7880966053691614,137.0,2.747126623563032,0.208,regular,普通,undersized,过小噪声(<5mm)
2202,209.0,221.0,54.93163151125834,0.6504230385339531,12.437133049687594,21.64901861901197,2324.502392344498,1227.9473684210527,0.9457013574660632,0.8185119782625104,9.502392344497608,7.947368421052632,2315,1220,2334,1237,0.87,0.97,52.73350499392957,4.502995872754489,2.5869236743350195,2.5869236743350195,4.502995872754489,209.0,3.393059983798579,0.208,regular,普通,undersized,过小噪声(<5mm)
2203,384.0,432.0,79.8112149805675,-1.30818146176062,21.39948108855737,24.969293901909204,2326.044270833333,1359.7630208333333,0.8888888888888888,0.5152633728282351,10.044270833333334,10.763020833333334,2316,1349,2338,1373,0.76,0.76,164.9532765961382,5.193613131597115,4.451092066419933,4.451092066419933,5.193613131597115,384.0,4.599218117762418,0.208,angular,棱角状,undersized,过小噪声(<5mm)
2204,2394.0,2531.0,187.73889085904847,-0.4970838258471494,46.44018336523804,67.74266064279908,2348.720133667502,2082.124895572264,0.9458711971552746,0.7280366346746615,32.72013366750209,27.124895572263995,2316,2055,2378,2107,0.85,0.9,118.48080528525767,14.090473413702208,9.659558139969512,9.659558139969512,14.090473413702208,2394.0,11.483663743694015,0.208,regular,普通,normal,正常骨料
2206,288.0,310.0,67.32378085840567,-1.2739874307135235,15.336730584527496,24.86942310911309,2327.5,1561.829861111111,0.9290322580645162,0.7872059095213445,8.5,11.82986111111111,2319,1550,2337,1576,0.8,0.87,162.9941029326003,5.172840006695522,3.190039961581719,3.190039961581719,5.172840006695522,288.0,3.9830397275279035,0.208,regular,普通,undersized,过小噪声(<5mm)
2207,283.0,302.0,67.18902783729251,1.457118303872679,13.23229740414589,27.372934486588623,2325.035335689046,1925.7420494699647,0.9370860927152318,0.875395132946324,6.035335689045937,12.742049469964664,2319,1913,2333,1940,0.79,0.95,6.513270936834502,5.6935703732104335,2.752317860062345,2.752317860062345,5.6935703732104335,283.0,3.948313347842145,0.208,needle_flaky,针片状候选,undersized,过小噪声(<5mm)
2208,417.0,502.0,90.8626057970476,-1.2032608609397937,14.959506247042738,39.95639529998203,2331.5419664268584,1169.7505995203835,0.8306772908366534,0.927268996163876,11.541966426858512,18.75059952038369,2320,1151,2341,1187,0.63,0.89,158.94176898512802,8.31093022239626,3.1115772993848894,3.1115772993848894,8.31093022239626,417.0,4.792768163769973,0.208,needle_flaky,针片状候选,undersized,过小噪声(<5mm)
2209,778.0,815.0,107.73710632845196,0.5019383181745681,26.087000641505902,39.47606835025622,2336.74293059126,1959.80205655527,0.9546012269938652,0.7505349382410703,16.74293059125964,16.802056555269925,2320,1943,2358,1975,0.84,0.9,61.24105279270258,8.211022216853294,5.426096133433227,5.426096133433227,8.211022216853294,778.0,6.546485236074575,0.208,regular,普通,normal,正常骨料
2210,522.0,591.0,106.30106302277024,-0.6339944076123989,19.327489923674367,40.20068147933156,2340.850574712644,1835.015325670498,0.883248730964467,0.8768439000849291,19.85057471264368,16.015325670498083,2321,1819,2359,1852,0.58,0.7,126.32520379108723,8.361741747700963,4.020117904124268,4.020117904124268,8.361741747700963,522.0,5.362331341525468,0.208,needle_flaky,针片状候选,undersized,过小噪声(<5mm)
2211,1785.0,1875.0,161.1932262879299,0.0109892567041441,41.82048392617919,56.55951488022662,2348.212324929972,1991.592156862745,0.952,0.6732590441225956,27.212324929971988,18.5921568627451,2321,1973,2377,2015,0.86,0.89,89.3703619708667,11.764379095087136,8.698660656645272,8.698660656645272,11.764379095087136,1785.0,9.916022522120873,0.208,regular,普通,normal,正常骨料
2212,480.0,528.0,89.98192285863566,-1.438107043227224,18.67616215376338,34.68646162386868,2331.8458333333333,1882.7145833333327,0.9090909090909092,0.8426715190305711,9.845833333333331,15.714583333333334,2322,1867,2344,1903,0.75,0.86,172.39746406495777,7.214784017764686,3.884641727982783,3.884641727982783,7.214784017764686,480.0,5.1420821773327,0.208,regular,普通,undersized,过小噪声(<5mm)
2213,925.0,965.0,118.3284215526768,-0.0718049909525637,25.931659241057343,46.38910019145934,2348.32,1142.84,0.9585492227979274,0.8291654425231575,24.32,11.84,2324,1131,2372,1158,0.83,0.94,94.11412292955696,9.648932839823544,5.393785122139927,5.393785122139927,9.648932839823544,925.0,7.138209018280806,0.208,regular,普通,normal,正常骨料
2214,369.0,509.0,92.8934777160978,-1.0585359675295505,17.020324267064126,35.27461177437491,2338.514905149052,1605.9620596205962,0.724950884086444,0.8758909087130979,13.51490514905149,17.962059620596207,2325,1588,2350,1620,0.54,0.65,150.64964340224037,7.337119249069981,3.540227447549338,3.540227447549338,7.337119249069981,369.0,4.508494844158386,0.208,needle_flaky,针片状候选,undersized,过小噪声(<5mm)
2215,982.0,1511.0,175.15617196187213,-0.6744666485557949,27.016955398671755,68.79552682511782,2353.2586558044804,2522.1904276985742,0.6499007279947054,0.9196607206968966,28.25865580448065,30.19042769857434,2325,2492,2374,2548,0.4,0.55,128.6440923845804,14.309469579624505,5.619526722923725,5.619526722923725,14.309469579624505,982.0,7.354855390929211,0.208,needle_flaky,针片状候选,normal,正常骨料
2216,1423.0,1487.0,140.98656355290677,-1.5311286143786789,37.58729915827332,48.85041432758717,2343.932536893886,1480.1243851018974,0.956960322797579,0.6387231336174322,17.932536893886155,23.1243851018974,2326,1457,2365,1507,0.9,0.92,177.72720749561205,10.16088618013813,7.818158224920849,7.818158224920849,10.16088618013813,1423.0,8.853619313537804,0.208,regular,普通,normal,正常骨料
2218,464.0,509.0,87.62572836844332,-0.155204776220961,17.828047513164005,35.03008482087964,2343.877155172414,1124.4008620689656,0.911591355599214,0.8608047615924207,16.877155172413794,9.400862068965518,2327,1115,2362,1135,0.76,0.9,98.89257863773346,7.286257642742964,3.7082338827381127,3.7082338827381127,7.286257642742964,464.0,5.055654472749087,0.208,regular,普通,undersized,过小噪声(<5mm)
2220,793.0,831.0,105.61094963438728,-0.2088197444961864,30.59765585583308,34.30305404855914,2344.3656998738966,1523.890290037831,0.954271961492178,0.4520738422036,16.365699873896595,13.890290037831022,2328,1510,2365,1541,0.89,0.9,101.96449003863168,7.135035242100301,6.36431241801328,6.36431241801328,7.135035242100301,793.0,6.609292736828481,0.208,round,圆形,normal,正常骨料
2221,545.0,572.0,87.53044359342883,-0.1104037956090507,22.994190526254084,30.62787670902327,2342.9743119266054,1575.8660550458717,0.9527972027972028,0.6605748539384229,14.974311926605504,10.86605504587156,2328,1565,2360,1589,0.89,0.92,96.32567153062358,6.370598355476839,4.782791629460849,4.782791629460849,6.370598355476839,545.0,5.479193593638121,0.208,regular,普通,undersized,过小噪声(<5mm)
2222,204.0,218.0,53.59087298059109,-0.846331916965162,13.44949849115558,19.45415934910545,2336.799019607843,1372.9950980392157,0.9357798165137616,0.7225266377990736,7.799019607843137,7.995098039215686,2329,1365,2346,1383,0.89,0.94,138.4912469093202,4.046465144613933,2.7974956861603606,2.7974956861603606,4.046465144613933,204.0,3.352227449821701,0.208,regular,普通,undersized,过小噪声(<5mm)
2223,9391.0,10246.0,403.15728698703657,-1.363165995963661,82.62729909031157,148.75445579577968,2377.893941007348,718.9900969012884,0.9165528010931095,0.8315425876602377,46.89394100734746,76.99009690128847,2331,642,2423,791,0.73,0.82,168.1036583444652,30.94092680552217,17.186478210784806,17.186478210784806,30.94092680552217,9391.0,22.744391095722847,0.208,regular,普通,normal,正常骨料
2224,375.0,405.0,75.46361681742363,0.1803381116309026,18.715613937015604,26.364897594771907,2344.424,1547.8106666666667,0.925925925925926,0.7043340949440755,13.424,8.810666666666666,2331,1539,2358,1559,0.83,0.86,79.66738731819018,5.483898699712556,3.892847698899245,3.892847698899245,5.483898699712556,375.0,4.545001471263049,0.208,regular,普通,undersized,过小噪声(<5mm)
2225,705.0,775.0,110.05383257254564,-0.2787230772277326,22.95339530265458,42.2931595865964,2351.91914893617,1919.2652482269505,0.9096774193548388,0.8399128966258782,20.919148936170213,15.265248226950357,2331,1904,2370,1931,0.73,0.84,105.96965597804798,8.796977194012051,4.774306222952153,4.774306222952153,8.796977194012051,705.0,6.231792049058807,0.208,regular,普通,undersized,过小噪声(<5mm)
2229,281.0,296.0,61.73070893960904,-1.11515589178981,17.83863606388831,20.5343174127606,2342.1743772242,1387.5480427046264,0.9493243243243245,0.4952980515804102,9.174377224199288,10.548042704626337,2333,1377,2351,1398,0.93,0.93,153.89372609870367,4.271138021854204,3.710436301288768,3.710436301288768,4.271138021854204,281.0,3.934336973547335,0.208,regular,普通,undersized,过小噪声(<5mm)
2230,2270.0,2452.0,185.51744938996927,-0.7540554609324421,50.63706236863173,59.00189289011084,2360.0493392070484,1230.4982378854625,0.9257748776508972,0.5132690444879927,26.04933920704845,27.498237885462554,2334,1203,2388,1259,0.83,0.84,133.20419543022086,12.272393721143054,10.5325089726754,10.5325089726754,12.272393721143054,2270.0,11.182304724696431,0.208,regular,普通,normal,正常骨料
2231,2411.0,2499.0,186.11227800333776,-1.352064336192422,45.77574700359406,68.3821300313104,2357.9294898382414,395.8705931148901,0.9647859143657465,0.7428923021895427,22.929489838241395,32.870593114890085,2335,363,2385,433,0.87,0.93,167.46758009398303,14.223483046512564,9.521355376747564,9.521355376747564,14.223483046512564,2411.0,11.52436485818245,0.208,regular,普通,normal,正常骨料
2233,390.0,526.0,110.8392307359431,0.1878692687257163,12.551969515563544,45.9739123722172,2358.0153846153844,1563.4871794871794,0.7414448669201521,0.9620072958098126,23.01538461538461,9.487179487179487,2335,1554,2383,1572,0.4,0.69,79.23588380180735,9.562573773421176,2.610809659237217,2.610809659237217,9.562573773421176,390.0,4.63501023825564,0.208,needle_flaky,针片状候选,undersized,过小噪声(<5mm)
2235,24531.0,24958.0,586.2396053946161,0.1670680436842218,155.69172298252073,204.15021575962223,2438.8352288940523,2584.713301536831,0.9828912573122848,0.646831254703685,103.83522889405242,80.71330153683095,2335,2504,2536,2665,0.9,0.92,80.42770620538681,42.46324487800142,32.38387838036431,32.38387838036431,42.46324487800142,24531.0,36.76004382831184,0.208,regular,普通,normal,正常骨料
2236,416.0,443.0,77.12969791923302,-1.2742483277738863,22.215275917191168,24.88352132489725,2347.747596153846,1447.360576923077,0.9390519187358916,0.4505115765593366,11.747596153846152,12.360576923076923,2336,1435,2358,1460,0.88,0.88,163.00905123304645,5.175772435578628,4.620777390775762,4.620777390775762,5.175772435578628,416.0,4.787017989937325,0.208,regular,普通,undersized,过小噪声(<5mm)
2237,610.0,640.0,93.54412285838208,-0.2738663312587959,27.15612564172836,29.360589239960024,2351.0032786885245,1892.388524590164,0.953125,0.3801676459794207,15.00327868852459,12.388524590163934,2336,1880,2366,1908,0.88,0.88,105.69138493186074,6.107002561911685,5.648474133479499,5.648474133479499,6.107002561911685,610.0,5.796733196783122,0.208,round,圆形,normal,正常骨料
2238,1440.0,1517.0,148.80107694078256,0.1635420821777852,35.07077099484492,54.11623952060819,2365.9513888888887,1946.4291666666663,0.9492419248516808,0.76158612567857,29.95138888888889,16.429166666666667,2336,1930,2392,1967,0.82,0.88,80.62972891843123,11.256177820286505,7.294720366927743,7.294720366927743,11.256177820286505,1440.0,8.906347587834633,0.208,regular,普通,normal,正常骨料
2239,492.0,542.0,90.11667587974884,-0.8567175694077278,19.22564623358525,34.36071616473775,2351.4959349593496,1346.25,0.9077490774907748,0.8288141315710954,14.495934959349594,17.25,2337,1329,2366,1361,0.76,0.86,139.08630096176898,7.147028962265452,3.998934416585732,3.998934416585732,7.147028962265452,492.0,5.205961423829768,0.208,regular,普通,undersized,过小噪声(<5mm)
2240,500.0,544.0,88.96648689911056,-0.6782296944761167,25.44065400130891,26.57858393492183,2350.138,1089.634,0.9191176470588236,0.2894729020276319,12.138,12.634,2338,1077,2365,1104,0.79,0.79,128.85969903392876,5.528345458463741,5.291656032272253,5.291656032272253,5.528345458463741,500.0,5.248115645801933,0.208,regular,普通,normal,正常骨料
2242,853.0,921.0,121.56529898128106,0.060110840797305,21.80143152550334,50.7779265113449,2364.350527549824,1870.3763188745604,0.9261672095548316,0.9031388497501092,25.35052754982415,10.376318874560376,2339,1860,2389,1884,0.73,0.93,86.55590251933161,10.56180871435974,4.534697757304694,4.534697757304694,10.56180871435974,853.0,6.8547703550811265,0.208,needle_flaky,针片状候选,undersized,过小噪声(<5mm)
2243,221.0,256.0,63.856865633673735,-0.3388131813075291,13.8209191754148,23.365753189969976,2353.710407239819,1588.1900452488687,0.86328125,0.8063026068761733,13.710407239819004,9.190045248868778,2340,1579,2364,1596,0.68,0.75,109.41256533232216,4.860076663513754,2.8747511884862784,2.8747511884862784,4.860076663513754,221.0,3.489108952385448,0.208,angular,棱角状,undersized,过小噪声(<5mm)
2244,432.0,459.0,82.3974472668875,-0.6676266579513337,19.96694937733135,29.65558665884447,2355.798611111112,1607.5949074074074,0.9411764705882352,0.7393742249195254,13.79861111111111,12.594907407407408,2342,1595,2371,1620,0.8,0.85,128.25218979103565,6.16836202503965,4.1531254704849205,4.1531254704849205,6.16836202503965,432.0,4.878207478838752,0.208,regular,普通,undersized,过小噪声(<5mm)
2245,485.0,515.0,82.16740947075985,0.8523520108873923,22.0978619082382,28.2986212433987,2356.7092783505154,1311.183505154639,0.941747572815534,0.6246795328330493,13.709278350515463,12.183505154639176,2343,1299,2370,1325,0.9,0.92,41.163827116663626,5.886113218626929,4.596355276913545,4.596355276913545,5.886113218626929,485.0,5.1687944722884565,0.208,regular,普通,undersized,过小噪声(<5mm)
2246,1530.0,1671.0,154.2988640845647,-0.2622758718614852,38.90756438458656,52.28175611359789,2374.611111111112,552.8104575163399,0.9156193895870736,0.6679679044813067,26.61111111111111,18.81045751633987,2348,534,2404,578,0.81,0.83,105.0273005257771,10.87460527162836,8.092773391994003,8.092773391994003,10.87460527162836,1530.0,9.180452960776813,0.208,regular,普通,normal,正常骨料
2247,913.0,992.0,120.2245404506138,-0.4782249518767235,32.32254942316525,38.793883425946,2364.157721796276,2027.060240963856,0.9203629032258064,0.5529917263705588,16.157721796276014,17.06024096385542,2348,2010,2387,2045,0.79,0.8,117.40027140038316,8.069127752596767,6.723090280018371,6.723090280018371,8.069127752596767,913.0,7.091755971598596,0.208,regular,普通,normal,正常骨料
2251,1157.0,1191.0,126.60301053280789,-1.27704637675207,31.02641438943088,47.865052752742535,2365.588591184097,1171.542783059637,0.9714525608732156,0.761465023119483,15.588591184096805,24.542783059636992,2350,1147,2383,1196,0.91,0.97,163.16936763036728,9.955930972570448,6.453494193001623,6.453494193001623,9.955930972570448,1157.0,7.983348236334135,0.208,regular,普通,normal,正常骨料
2252,977.0,1042.0,119.34385751220186,0.5646905762574201,33.82530837393834,37.59480796738512,2369.202661207779,1288.3449334698057,0.937619961612284,0.436439707709926,18.20266120777892,17.34493346980553,2351,1271,2391,1308,0.86,0.87,57.64561324963945,7.819720057216105,7.035664141779175,7.035664141779175,7.819720057216105,977.0,7.336107322222281,0.208,regular,普通,normal,正常骨料
2253,128.0,136.0,41.52404620458589,0.7022332843516382,12.5894252753993,13.055864199092197,2358.453125,1106.03125,0.9411764705882352,0.264908303237229,6.453125,6.03125,2352,1100,2365,1113,0.93,0.93,49.76499657304089,2.715619753411177,2.6186004572830544,2.6186004572830544,2.715619753411177,128.0,2.655359818351936,0.208,regular,普通,undersized,过小噪声(<5mm)
2254,702.0,761.0,107.18174596118216,-0.9424316816685588,22.652623147673403,41.07886567318872,2368.787749287749,1354.2834757834758,0.9224704336399474,0.8342130526251493,16.78774928774929,19.283475783475783,2352,1335,2385,1371,0.77,0.87,143.99735783902514,8.544404060023254,4.711745614716068,4.711745614716068,8.544404060023254,702.0,6.218518781488265,0.208,regular,普通,undersized,过小噪声(<5mm)
2255,18557.0,19244.0,517.749287272755,0.1771549772947121,131.9951363703444,181.4956250844569,2445.811769143719,341.90564207576654,0.9643005612138849,0.686358404170146,92.81176914371936,64.90564207576655,2353,277,2537,413,0.87,0.9,79.84976748127707,37.75109001756703,27.45498836503163,27.45498836503163,37.75109001756703,18557.0,31.97218212143368,0.208,regular,普通,normal,正常骨料
2256,1331.0,1466.0,145.69895253329145,-0.535942574393108,37.142669320419216,46.826095176326966,2376.0503380916603,1833.5905334335089,0.907912687585266,0.6089553548975213,23.050338091660407,21.59053343350864,2353,1812,2401,1856,0.79,0.8,120.70724757410125,9.739827796676009,7.725675218647196,7.725675218647196,9.739827796676009,1331.0,8.562634808749861,0.208,regular,普通,normal,正常骨料
2258,335.0,393.0,75.92369240967894,-0.5083364453161476,19.130228415776543,24.69997328354333,2368.379104477612,1327.5373134328358,0.8524173027989822,0.632568995985629,12.37910447761194,13.537313432835822,2356,1314,2381,1339,0.73,0.75,119.12553288929804,5.137594442977012,3.979087510481521,3.979087510481521,5.137594442977012,335.0,4.295767794847202,0.208,angular,棱角状,undersized,过小噪声(<5mm)
2259,864.0,910.0,117.31298559315168,-1.389164770946483,25.284139063630885,45.19006681372061,2369.172453703704,1494.84375,0.9494505494505494,0.8288259187005417,13.172453703703704,23.84375,2356,1471,2384,1516,0.79,0.89,169.5932784234912,9.399533897253889,5.259100925235224,5.259100925235224,9.399533897253889,864.0,6.898827176643627,0.208,regular,普通,normal,正常骨料
2260,1811.0,1866.0,155.73490739024643,-1.1371392529201012,43.61812463344129,53.263496695783815,2378.1358365543897,1538.2335726118167,0.9705251875669882,0.5739188874925542,22.13583655438984,26.23357261181668,2356,1512,2403,1565,0.94,0.95,155.15327991098127,11.078807312723033,9.072569923755788,9.072569923755788,11.078807312723033,1811.0,9.987978974069648,0.208,round,圆形,normal,正常骨料
2261,975.0,1069.0,136.0836050224931,1.0305653352745432,24.48954540522764,54.54126112816624,2377.3753846153845,1133.8923076923077,0.912067352666043,0.8935269733868323,20.37538461538461,22.892307692307693,2357,1111,2393,1160,0.66,0.83,30.95295577628401,11.344582314658576,5.093825444287349,5.093825444287349,11.344582314658576,975.0,7.328594665543765,0.208,needle_flaky,针片状候选,normal,正常骨料
2262,650.0,683.0,95.76556432746128,1.307230319336281,23.859624740259942,35.20583399794219,2368.607692307692,1389.956923076923,0.9516837481698388,0.7353219805537015,11.607692307692307,16.956923076923076,2357,1373,2382,1407,0.89,0.94,15.101219850492242,7.322813471571976,4.962801945974068,4.962801945974068,7.322813471571976,650.0,5.983772487421656,0.208,regular,普通,undersized,过小噪声(<5mm)
2263,11136.0,11619.0,404.7444315966487,-0.4956114642249271,110.27740066128068,133.2659617571372,2416.852191091954,2184.181842672414,0.9584301575006456,0.5614677362220285,59.852191091954026,61.181842672413794,2357,2123,2483,2249,0.85,0.87,118.39644517838732,27.719320045484537,22.93769933754638,22.93769933754638,27.719320045484537,11136.0,24.76754754810957,0.208,round,圆形,normal,正常骨料
2267,1260.0,1334.0,135.7582824513509,-0.1967479364669638,36.92576928060814,44.57436989369878,2382.09126984127,1587.7650793650794,0.944527736131934,0.5601249968649711,22.09126984126984,19.76507936507937,2360,1568,2408,1608,0.86,0.87,101.27282638746507,9.271468937889344,7.680560010366492,7.680560010366492,9.271468937889344,1260.0,8.331125310299432,0.208,regular,普通,normal,正常骨料
2268,948.0,1016.0,123.23138008309044,-0.3175772472829796,25.45166902453589,48.416323555446894,2382.886075949368,522.3512658227849,0.9330708661417324,0.8506801481702668,21.88607594936709,13.35126582278481,2361,509,2406,539,0.78,0.91,108.19583593869724,10.070595299532954,5.293947157103465,5.293947157103465,10.070595299532954,948.0,7.226409413320292,0.208,regular,普通,normal,正常骨料
2269,6359.0,6798.0,324.41732449491,1.152848727028091,80.13640641491442,103.89848804006294,2410.281962572732,609.9073753734864,0.9354221829949986,0.6364775684348615,47.28196257273156,54.9073753734864,2363,555,2452,660,0.76,0.78,23.946633524260875,21.61088551233309,16.668372534302197,16.668372534302197,21.61088551233309,6359.0,18.71599009894216,0.208,regular,普通,normal,正常骨料
2270,1872.0,2048.0,169.46781526806103,1.157529348118957,41.18553668685848,59.45941546921803,2387.8194444444443,2274.6452991453,0.9140625,0.7212581495156524,24.819444444444443,27.645299145299145,2363,2247,2411,2307,0.82,0.86,23.67845369025433,12.36755841759735,8.566591630866563,8.566591630866563,12.36755841759735,1872.0,10.154798647040035,0.208,regular,普通,normal,正常骨料
2271,666.0,698.0,97.66168322539832,0.6790475110312166,26.71091302831682,32.725229652998,2380.1246246246246,1106.0465465465466,0.9541547277936964,0.5777444062175545,15.124624624624625,13.046546546546546,2365,1093,2394,1123,0.88,0.89,51.09344352904807,6.806847767823585,5.555869909889898,5.555869909889898,6.806847767823585,666.0,6.056971202823991,0.208,round,圆形,normal,正常骨料
2272,330.0,345.0,66.86370526615038,-0.9669040047481148,18.185915546235847,23.586367599418374,2375.7636363636366,630.4515151515152,0.9565217391304348,0.6367927365095952,9.763636363636364,10.451515151515151,2366,620,2386,642,0.93,0.95,145.3995186663643,4.905964460679021,3.782670433617056,3.782670433617056,4.905964460679021,330.0,4.263589305846575,0.208,regular,普通,undersized,过小噪声(<5mm)
2273,1156.0,1245.0,140.29645016452378,-1.3905750966444586,26.630476303894767,57.16041228931845,2382.3814878892736,1906.2058823529408,0.9285140562248996,0.8848425369414272,15.381487889273355,28.205882352941178,2367,1878,2398,1932,0.74,0.91,169.67408413372402,11.889365756178238,5.539139071210111,5.539139071210111,11.889365756178238,1156.0,7.9798974696994645,0.208,needle_flaky,针片状候选,normal,正常骨料
2274,932.0,1074.0,138.11447694154327,-0.6538107643364542,23.35503846568121,56.31518015463281,2396.274678111588,1188.6845493562232,0.8677839851024208,0.9099490201148251,26.27467811158798,16.684549356223176,2370,1172,2422,1211,0.61,0.81,127.4605973967013,11.713557472163624,4.857848000861692,4.857848000861692,11.713557472163624,932.0,7.165167551307462,0.208,needle_flaky,针片状候选,undersized,过小噪声(<5mm)
2275,411.0,443.0,78.47045644990025,1.3998205468466265,18.44852919526091,29.42382079171679,2378.7761557177614,1460.4768856447688,0.927765237020316,0.779024902149478,8.776155717761558,12.476885644768856,2370,1448,2389,1477,0.84,0.91,9.796190589993373,6.120154724677092,3.837294072614269,3.837294072614269,6.120154724677092,411.0,4.758162886836312,0.208,regular,普通,undersized,过小噪声(<5mm)
2276,836.0,893.0,119.20910449108872,-1.1836517317609718,23.203112483626008,48.06470654442015,2385.4832535885166,1796.8062200956938,0.9361702127659576,0.8757596362074664,15.483253588516746,22.80622009569378,2370,1774,2400,1818,0.74,0.89,157.81824864325472,9.99745896123939,4.826247396594209,4.826247396594209,9.99745896123939,836.0,6.786119967597158,0.208,needle_flaky,针片状候选,undersized,过小噪声(<5mm)
2277,1150.0,1299.0,139.55052024722502,-1.5199211449670156,30.98323546713195,50.58353290621069,2391.614782608696,1261.878260869565,0.8852963818321786,0.7904580024678969,19.61478260869565,26.878260869565217,2372,1235,2409,1286,0.74,0.81,177.08506679930176,10.521374844491824,6.444512977163446,6.444512977163446,10.521374844491824,1150.0,7.9591614516188445,0.208,angular,棱角状,normal,正常骨料
2278,1219.0,1414.0,149.03111473691024,0.3715322171940738,34.29164449931305,50.01652438834108,2394.068908941756,1980.6406890894173,0.862093352192362,0.7279725227459614,21.06890894175553,20.64068908941756,2373,1960,2421,2000,0.69,0.73,68.71277200164174,10.403437072774944,7.132662055857114,7.132662055857114,10.403437072774944,1219.0,8.194458253826882,0.208,angular,棱角状,normal,正常骨料
2279,1729.0,1790.0,155.60015436913326,-0.8294592201875075,41.31226436442569,54.34887102814112,2395.3782533256217,2048.1295546558704,0.9659217877094972,0.6497697960409979,21.378253325621746,22.129554655870447,2374,2026,2421,2075,0.9,0.92,137.52451259495663,11.304565173853351,8.592950987800542,8.592950987800542,11.304565173853351,1729.0,9.759237586105627,0.208,regular,普通,normal,正常骨料
2280,724.0,753.0,100.57323808286046,-1.212442594164583,24.526900627538712,37.94732579313263,2387.8660220994475,1369.493093922652,0.9614873837981408,0.7630489605339372,12.866022099447514,17.493093922651934,2375,1352,2402,1388,0.9,0.96,159.4678435475235,7.893043764971586,5.101595330528052,5.101595330528052,7.893043764971586,724.0,6.315208264207728,0.208,regular,普通,normal,正常骨料
2281,3903.0,4135.0,243.9159961259596,-0.7857840619625093,67.74550356961515,77.57649786155417,2414.8652318729182,2091.893927747886,0.9438935912938332,0.4872302427482292,39.865231872918265,39.89392774788624,2375,2052,2448,2131,0.82,0.83,135.02211035909815,16.13591155520327,14.09106474247995,14.09106474247995,16.13591155520327,3903.0,14.662825627904615,0.208,regular,普通,normal,正常骨料
2283,1181.0,1360.0,158.78121526882174,0.4492463004340062,25.30762518838308,64.4451988048365,2408.4403048264185,1514.6892464013547,0.8683823529411765,0.9196666588537544,32.44030482641829,19.689246401354783,2376,1495,2438,1537,0.59,0.8,64.26008302326524,13.40460135140599,5.26398603918368,5.26398603918368,13.40460135140599,1181.0,8.065723744246482,0.208,needle_flaky,针片状候选,normal,正常骨料
2284,1457.0,1514.0,147.78564098125747,0.2959419405692667,31.666324594857908,59.1828008742926,2405.4241592312974,2010.8483184625943,0.9623513870541612,0.844814326088222,28.424159231297185,17.84831846259437,2377,1993,2433,2029,0.84,0.97,73.04377582446958,12.31002258185286,6.586595515730445,6.586595515730445,12.31002258185286,1457.0,8.958765526656334,0.208,regular,普通,normal,正常骨料
2286,423.0,444.0,78.70049424602792,-0.7152909682108884,18.810130906555408,29.151809132878267,2393.952718676123,1296.387706855792,0.9527027027027029,0.7639736320915819,13.952718676122933,11.38770685579196,2380,1285,2407,1308,0.86,0.92,130.98315360231024,6.06357629963868,3.9125072285635247,3.9125072285635247,6.06357629963868,423.0,4.827125364606511,0.208,regular,普通,undersized,过小噪声(<5mm)
2287,329.0,349.0,70.56065828700996,1.2968681963771171,16.35221043270357,26.40926949211964,2388.449848024316,1488.5136778115502,0.9426934097421203,0.7852455348162887,8.44984802431611,13.513677811550153,2380,1475,2399,1502,0.83,0.9,15.694925762847944,5.493128054360885,3.401259770002342,3.401259770002342,5.493128054360885,329.0,4.257124420693605,0.208,regular,普通,undersized,过小噪声(<5mm)
2288,8980.0,10592.0,418.65156074167504,1.2344265488815045,93.8314815326116,136.69290509194826,2431.901670378619,2441.021380846325,0.847809667673716,0.7271864194436695,51.90167037861915,73.02138084632517,2380,2368,2499,2498,0.64,0.68,19.2725686301902,28.43212425912524,19.51694815878321,19.51694815878321,28.43212425912524,8980.0,22.24111535551961,0.208,angular,棱角状,normal,正常骨料
2289,301.0,318.0,63.856865633673735,-1.2008053228542317,17.20227722832266,22.63659296385201,2389.21926910299,1397.5016611295682,0.9465408805031448,0.6500022781867472,8.219269102990033,10.501661129568106,2381,1387,2400,1409,0.93,0.95,158.80107701639167,4.708411336481218,3.578073663491113,3.578073663491113,4.708411336481218,301.0,4.07194255051444,0.208,regular,普通,undersized,过小噪声(<5mm)
2290,295.0,326.0,68.98986196021505,-0.862959540986785,16.912581144051867,23.002444003385456,2391.0440677966103,1164.7661016949153,0.9049079754601228,0.6777944022812927,9.04406779661017,10.766101694915257,2382,1154,2402,1176,0.78,0.81,139.44393958908955,4.784508352704175,3.517816877962788,3.517816877962788,4.784508352704175,295.0,4.031154117707423,0.208,regular,普通,undersized,过小噪声(<5mm)
2292,554.0,598.0,89.75188506250801,-0.3410863945012961,23.47503094607176,31.34051080994602,2399.146209386281,1314.3592057761732,0.9264214046822744,0.6625343450063366,16.146209386281587,12.359205776173283,2383,1302,2414,1328,0.86,0.89,109.54281085425848,6.5188262484687725,4.882806436782926,4.882806436782926,6.5188262484687725,554.0,5.524249393133498,0.208,regular,普通,undersized,过小噪声(<5mm)
2293,4864.0,5137.0,286.72498433229686,-0.7632386883157293,58.83864059555428,109.67591698006568,2431.2911184210525,792.3334703947369,0.9468561417169554,0.8439147462647852,47.29111842105263,52.33347039473684,2384,740,2472,834,0.74,0.86,133.73035560159218,22.81259073185366,12.238437243875287,12.238437243875287,22.81259073185366,4864.0,16.368737247169832,0.208,regular,普通,normal,正常骨料
2294,1854.0,1969.0,166.13565306444224,-0.7627375415700692,42.577864068910216,56.7633187037605,2410.2006472491908,1213.233009708738,0.941594718131031,0.6613304414570739,26.20064724919094,27.233009708737864,2384,1186,2436,1242,0.84,0.87,133.70164200814915,11.806770290382184,8.856195726333324,8.856195726333324,11.806770290382184,1854.0,10.105859573533788,0.208,regular,普通,normal,正常骨料
2295,470.0,488.0,84.61888873596669,0.2715469248532849,17.92081630895176,34.15746637870008,2400.978723404255,1345.91914893617,0.9631147540983608,0.8513161910882316,16.97872340425532,9.919148936170211,2384,1336,2418,1356,0.82,0.96,74.44150726615065,7.104753006769616,3.727529792261966,3.727529792261966,7.104753006769616,470.0,5.088236901109104,0.208,regular,普通,undersized,过小噪声(<5mm)
2296,589.0,616.0,89.52184726638035,-1.0450795939899509,22.555895639937376,33.37505918870344,2396.9983022071306,2680.6162988115448,0.9561688311688312,0.737056728409622,12.99830220713073,14.616298811544992,2384,2666,2410,2696,0.92,0.98,149.8786499908698,6.942012311250315,4.691626293106974,4.691626293106974,6.942012311250315,589.0,5.696079494332536,0.208,regular,普通,undersized,过小噪声(<5mm)
2297,1416.0,1526.0,149.81651290030766,-0.1299950458370634,35.10433503854157,53.39877651687361,2411.3312146892654,1470.3114406779662,0.927916120576671,0.7535421343851673,25.331214689265536,16.3114406779661,2386,1454,2440,1492,0.79,0.85,97.44816748407342,11.106945515509713,7.301701688016647,7.301701688016647,11.106945515509713,1416.0,8.831816172192765,0.208,regular,普通,normal,正常骨料
2298,21481.0,22012.0,542.8194402920933,-1.4686540220035078,147.35864097220957,187.70097459554583,2456.730319817513,1089.421349099204,0.9758767944757404,0.6194054519058005,68.73031981751315,91.42134909920397,2388,998,2533,1187,0.92,0.94,174.14767702571453,39.04180271587353,30.65059732221959,30.65059732221959,39.04180271587353,21481.0,34.398986082237506,0.208,regular,普通,normal,正常骨料
2299,1397.0,1567.0,153.2834281250396,-1.188590406931492,33.79944623147404,55.61801855599051,2408.3700787401576,1553.3450250536864,0.8915124441608169,0.7941614984419402,20.37007874015748,29.34502505368647,2388,1524,2429,1580,0.75,0.82,158.10121388691158,11.568547859646026,7.030284816146601,7.030284816146601,11.568547859646026,1397.0,8.772363058024938,0.208,angular,棱角状,normal,正常骨料
2300,1363.0,1444.0,140.24063363560796,-0.8747761846366193,37.17425846456425,48.64472458561847,2412.519442406456,1950.8297872340424,0.9439058171745152,0.6449803243422438,23.519442406456346,22.829787234042552,2389,1928,2435,1975,0.87,0.89,140.12098339823513,10.11810271380864,7.732245760629363,7.732245760629363,10.11810271380864,1363.0,8.664955211035098,0.208,regular,普通,normal,正常骨料
2301,1094.0,1619.0,178.4883341654909,1.4313412428017689,27.382610398014485,71.0932862261924,2410.245886654479,883.4168190127971,0.6757257566399012,0.92284793118336,20.245886654478976,24.41681901279708,2390,859,2423,927,0.43,0.59,7.990187744448633,14.78740353504802,5.695582962787013,5.695582962787013,14.78740353504802,1094.0,7.76295476064261,0.208,needle_flaky,针片状候选,normal,正常骨料
2302,571.0,607.0,91.8780417565727,-0.0264877951946551,23.97348382427401,31.26575954045724,2408.5323992994745,2246.2486865148862,0.940691927512356,0.6419281449482885,18.532399299474605,12.248686514886163,2390,2234,2424,2259,0.85,0.87,91.51763887326064,6.503277984415106,4.986484635448994,4.986484635448994,6.503277984415106,571.0,5.608367299296115,0.208,regular,普通,undersized,过小噪声(<5mm)
2303,243.0,272.0,63.30150526640395,0.8301689096794563,13.83874495036897,23.35111098749134,2402.5061728395062,1611.2469135802469,0.8933823529411765,0.8054692714656007,10.506172839506172,9.246913580246911,2392,1602,2412,1622,0.76,0.84,42.43482519238992,4.857031085398198,2.878458949676745,2.878458949676745,4.857031085398198,243.0,3.6586556091290645,0.208,angular,棱角状,undersized,过小噪声(<5mm)
2305,21129.0,21814.0,566.532486497947,1.2139742489205056,134.53639831822153,204.0880128866488,2464.3760708031614,1815.3810402763968,0.9685981479783624,0.7519608711652214,71.37607080316153,111.38104027639736,2393,1704,2547,1907,0.83,0.88,20.44439909929099,42.45030668042295,27.98357085019008,27.98357085019008,42.45030668042295,21129.0,34.11598115447429,0.208,regular,普通,normal,正常骨料
2307,4968.0,5841.0,302.3145428619498,-0.0769806975003333,63.43705975547613,110.6265284425079,2448.829106280193,433.41143317230274,0.8505392912172574,0.8192514631854663,52.82910628019324,37.411433172302736,2396,396,2502,472,0.68,0.76,94.4106690707424,23.010317916041643,13.194908429139034,13.194908429139034,23.010317916041643,4968.0,16.542806423816995,0.208,angular,棱角状,normal,正常骨料
2309,529.0,560.0,89.2918094702527,1.3711779271441007,20.01547895172106,34.04478540289748,2406.357277882798,1874.319470699433,0.9446428571428572,0.8089218799238794,10.357277882797732,15.319470699432893,2396,1859,2418,1891,0.83,0.92,11.437291813146343,7.081315363802676,4.163219621957981,4.163219621957981,7.081315363802676,529.0,5.398165935384932,0.208,regular,普通,undersized,过小噪声(<5mm)
2311,806.0,857.0,113.75078559340524,1.118846143952733,26.51960877298989,41.251922468178286,2410.9205955334987,1438.498759305211,0.94049008168028,0.7659755994186244,13.92059553349876,21.49875930521092,2397,1417,2429,1456,0.78,0.84,25.894838027021848,8.580399873381083,5.516078624781897,5.516078624781897,8.580399873381083,806.0,6.66324704214981,0.208,regular,普通,normal,正常骨料
2312,1433.0,1614.0,157.26623547094266,-1.4485805664657097,36.5093237788178,53.42604388735799,2423.836706210747,1328.060013956734,0.8878562577447335,0.7300797834021083,22.836706210746684,27.060013956734124,2401,1301,2440,1357,0.73,0.77,172.9975527431552,11.11261712857046,7.5939393459941025,7.5939393459941025,11.11261712857046,1433.0,8.88467384351749,0.208,angular,棱角状,normal,正常骨料
2313,344.0,377.0,80.3665753478373,-1.4298839251151734,13.650387378249924,33.33690627987824,2411.238372093024,1281.688953488372,0.9124668435013262,0.9123246007536396,9.238372093023257,15.688953488372093,2402,1266,2418,1299,0.67,0.89,171.92631410269968,6.934076506214674,2.839280574675984,2.839280574675984,6.934076506214674,344.0,4.353089692186137,0.208,needle_flaky,针片状候选,undersized,过小噪声(<5mm)
2314,8646.0,9269.0,379.4047725350841,1.4893449702626484,82.17183243226083,141.35462693415892,2446.618204950266,527.3576220217442,0.9327867083827812,0.8136772522342083,43.61820495026602,65.35762202174416,2403,462,2490,608,0.75,0.84,4.666818964913148,29.401762402305053,17.09174114591025,17.09174114591025,29.401762402305053,8646.0,21.823580749866583,0.208,regular,普通,normal,正常骨料
2315,926.0,1049.0,135.10763730906666,-0.6189158126171842,25.414714393242377,50.86244762710474,2426.6166306695463,751.6252699784018,0.882745471877979,0.8662127245761372,22.616630669546435,19.62526997840173,2404,732,2455,771,0.64,0.76,125.46126393687436,10.579389106437786,5.286260593794414,5.286260593794414,10.579389106437786,926.0,7.14206646736985,0.208,needle_flaky,针片状候选,normal,正常骨料
2316,2359.0,2473.0,206.7790163306162,-0.5092560625392208,33.645305545836784,90.42767597913632,2441.68376430691,1236.944891903349,0.9539021431459764,0.928205204362208,37.68376430690971,26.944891903348875,2404,1210,2483,1266,0.69,0.97,119.17822307494764,18.80895660366036,6.998223553534051,6.998223553534051,18.80895660366036,2359.0,11.399409753579905,0.208,needle_flaky,针片状候选,normal,正常骨料
2317,13211.0,13790.0,446.6332686184753,-0.6054350202656282,105.33023825532362,164.20169533882026,2478.712436605859,2274.78911513133,0.9580130529369107,0.7671492575912385,70.71243660585876,59.78911513132995,2408,2215,2557,2344,0.83,0.89,124.68887143063796,34.15395263047461,21.908689557107312,21.908689557107312,34.15395263047461,13211.0,26.976539632604272,0.208,regular,普通,normal,正常骨料
2318,421.0,446.0,78.83524726714107,1.1634255175521473,18.985748203886143,29.005734668859542,2419.8598574821854,1496.895486935867,0.9439461883408072,0.756017384493247,10.859857482185271,14.895486935866984,2409,1482,2432,1512,0.85,0.91,23.340628066438484,6.033192811122785,3.9490356264083175,3.9490356264083175,6.033192811122785,421.0,4.81570019979449,0.208,regular,普通,undersized,过小噪声(<5mm)
2319,8716.0,9192.0,395.1127358030332,-1.0380785107518058,69.37800555684831,166.25881182855633,2468.723152822396,673.2249885268471,0.9482158398607484,0.908773750008104,57.7231528223956,79.22498852684718,2411,594,2520,742,0.7,0.92,149.47751746930433,34.58183286033972,14.430625155824448,14.430625155824448,34.58183286033972,8716.0,21.91174701484085,0.208,needle_flaky,针片状候选,normal,正常骨料
2320,5906.0,6684.0,321.9263769836045,-0.0774436324231384,83.95940426108581,99.60472391823356,2462.72959701998,917.4446325770404,0.8836026331538002,0.5380296286211219,48.72959701997968,47.444632577040295,2414,870,2517,958,0.72,0.72,94.43719328800832,20.71778257499258,17.463556086305847,17.463556086305847,20.71778257499258,5906.0,18.037033653796037,0.208,angular,棱角状,normal,正常骨料
2321,662.0,715.0,103.9448685325779,0.5680302905667084,20.99405998320915,40.77801436198581,2432.818731117825,1627.1450151057402,0.925874125874126,0.8572876535798833,17.818731117824772,15.145015105740182,2415,1612,2452,1643,0.77,0.9,57.45426171493779,8.481826987293049,4.366764476507504,4.366764476507504,8.481826987293049,662.0,6.038754706823702,0.208,regular,普通,undersized,过小噪声(<5mm)
2322,1110.0,1225.0,135.98832024747858,0.6534748265729288,32.046694115709954,47.9955895520337,2435.457657657658,1986.10990990991,0.9061224489795918,0.744429731856057,20.45765765765766,22.10990990990991,2415,1964,2462,2005,0.75,0.8,52.55865041932776,9.983082626823007,6.66571237606767,6.66571237606767,9.983082626823007,1110.0,7.819516198998408,0.208,regular,普通,normal,正常骨料
2323,222.0,241.0,58.95390710326007,-0.7519480357949156,13.66198530068547,21.420974583917083,2425.3828828828828,1568.626126126126,0.921161825726141,0.7702140977131787,8.382882882882884,8.626126126126126,2417,1560,2437,1579,0.8,0.86,133.08344886420082,4.455562713454753,2.841692942542578,2.841692942542578,4.455562713454753,222.0,3.4969939544242425,0.208,regular,普通,undersized,过小噪声(<5mm)
2324,2311.0,2575.0,196.4340871853362,-0.9522178797131712,48.64700477011108,64.05256374296724,2447.2371267849417,2029.0510601471224,0.8974757281553398,0.6505240238978841,29.237126784941584,28.051060147122456,2418,2001,2475,2059,0.75,0.77,144.5580656844606,13.322933258537184,10.118576992183105,10.118576992183105,13.322933258537184,2311.0,11.282838375965882,0.208,angular,棱角状,normal,正常骨料
2325,11221.0,12292.0,460.67515078461497,-0.7983623137422738,81.84902281078888,183.03263139704995,2494.349255859549,816.7533196684788,0.912870159453303,0.8944426476034705,75.34925585954906,80.75331966847874,2419,736,2561,886,0.66,0.84,135.74279109973156,38.07078733058639,17.024596744644086,17.024596744644086,38.07078733058639,11221.0,24.861891995165195,0.208,needle_flaky,针片状候选,normal,正常骨料
2327,833.0,932.0,119.66918008334402,0.7921494986416905,27.253327416377783,42.21827331335257,2444.187274909964,1199.0216086434573,0.8937768240343348,0.7637316018706083,21.187274909963985,17.021608643457384,2423,1182,2463,1218,0.73,0.78,44.613176984427,8.781400849177334,5.668692102606578,5.668692102606578,8.781400849177334,833.0,6.77393297188794,0.208,angular,棱角状,normal,正常骨料
2328,1323.0,1476.0,189.6186614741684,-0.6933748508479051,21.020013624236523,84.09756695693014,2455.9160997732424,1558.7528344671202,0.8963414634146342,0.968259276879886,32.91609977324263,29.75283446712018,2423,1529,2491,1590,0.46,0.86,129.72745257409792,17.49229392704147,4.372162833841196,4.372162833841196,17.49229392704147,1323.0,8.536863087967816,0.208,needle_flaky,针片状候选,undersized,过小噪声(<5mm)
2329,1784.0,2045.0,180.32863653451213,-1.564394243909921,45.475138772803135,56.5521927570482,2447.951793721973,1524.445067264574,0.8723716381418093,0.594457692315211,22.951793721973093,30.44506726457399,2425,1494,2476,1552,0.69,0.7,179.63318767059798,11.762856093466024,9.458828864743053,9.458828864743053,11.762856093466024,1784.0,9.913244535647499,0.208,angular,棱角状,normal,正常骨料
2330,791.0,813.0,101.8187118385132,-1.5651378825078224,28.669850426269107,35.44840589742751,2439.739570164349,1431.2932996207333,0.972939729397294,0.5881156265193304,13.739570164348926,18.29329962073325,2426,1413,2456,1449,0.96,0.98,179.67579502374073,7.373268426664922,5.963328888663974,5.963328888663974,7.373268426664922,791.0,6.600952931946028,0.208,round,圆形,normal,正常骨料
2332,1050.0,1192.0,134.877599512939,0.428405424136268,33.804310111245464,42.672779443470645,2447.841904761905,1609.1028571428571,0.8808724832214765,0.6102939702981518,21.84190476190476,18.102857142857143,2426,1591,2471,1633,0.73,0.74,65.45417727647987,8.875938124241895,7.031296503139056,7.031296503139056,8.875938124241895,1050.0,7.60524210308871,0.208,angular,棱角状,normal,正常骨料
2334,2841.0,3121.0,216.73603469537383,-0.0907036644019657,44.39270180751421,85.63196185154794,2468.324181626188,1922.89264343541,0.9102851650112144,0.8551305215101296,40.324181626187965,23.89264343541007,2428,1899,2507,1947,0.76,0.89,95.19693715660364,17.811448065121972,9.233681975962954,9.233681975962954,17.811448065121972,2841.0,12.509904984442613,0.208,regular,普通,normal,正常骨料
2335,1117.0,1311.0,142.65264465471614,-1.2636317393055354,32.89164166902371,46.76839646485821,2450.022381378693,1469.018800358102,0.8520213577421816,0.7109052680589704,20.022381378692927,21.01880035810206,2430,1448,2467,1491,0.69,0.72,162.40076552098267,9.727826464690509,6.841461467156932,6.841461467156932,9.727826464690509,1117.0,7.844133580966254,0.208,angular,棱角状,normal,正常骨料
2336,1256.0,1334.0,138.66983730881307,-0.2416446955338015,34.070897379892926,49.36926095646001,2456.014331210191,1284.187101910828,0.9415292353823088,0.7236914184421912,24.014331210191084,21.187101910828027,2432,1263,2483,1303,0.82,0.86,103.8452211958106,10.268806278943682,7.086746655017729,7.086746655017729,10.268806278943682,1256.0,8.317890789933355,0.208,regular,普通,normal,正常骨料
2337,151.0,160.0,46.88708032725487,-0.8154680101163366,12.06516233469265,16.68979917620211,2437.701986754967,1684.569536423841,0.94375,0.6909459915342914,5.701986754966887,6.569536423841059,2432,1678,2447,1693,0.86,0.9,136.7228753075976,3.471478228650039,2.509553765616071,2.509553765616071,3.471478228650039,151.0,2.884077111517085,0.208,regular,普通,undersized,过小噪声(<5mm)
2338,1867.0,2168.0,187.31828351289184,0.9707746238493749,46.36689114506341,60.80720159227279,2463.317086234601,1700.504552758436,0.8611623616236163,0.6469610809227812,31.317086234600964,23.504552758435995,2432,1677,2487,1736,0.67,0.69,34.37871119503079,12.64789793119274,9.64431335817319,9.64431335817319,12.64789793119274,1867.0,10.141228149667526,0.208,angular,棱角状,normal,正常骨料
2339,1886.0,1946.0,171.26864939098357,0.9150860795381994,37.15322097491465,66.66747905212172,2460.465005302227,1970.937433722164,0.9691675231243576,0.8303169019921519,27.46500530222693,24.93743372216331,2433,1946,2484,2006,0.81,0.92,37.56942975128841,13.866835642841318,7.727869962782248,7.727869962782248,13.866835642841318,1886.0,10.192699920100367,0.208,regular,普通,normal,正常骨料
2342,214.0,231.0,56.827750409195374,0.3229953042321774,15.375815858286227,18.22513417290431,2444.6355140186915,1672.8644859813085,0.9264069264069263,0.5368779023075642,8.63551401869159,8.86448598130841,2436,1664,2454,1682,0.83,0.84,71.49373226495221,3.790827907964096,3.198169698523535,3.198169698523535,3.790827907964096,214.0,3.433406942378419,0.208,regular,普通,undersized,过小噪声(<5mm)
2343,1896.0,1948.0,161.42326408405756,0.2615175463087558,40.642648449872766,59.708053227696695,2469.293776371308,1656.084388185654,0.973305954825462,0.7325719920897351,29.293776371308017,20.08438818565401,2440,1636,2500,1679,0.91,0.97,75.01614832789123,12.419275071360913,8.453670877573535,8.453670877573535,12.419275071360913,1896.0,10.219686199578158,0.208,regular,普通,normal,正常骨料
2345,8472.0,9276.0,380.7455310657514,-1.1400786018743598,92.29081199265352,123.86884969279971,2493.920915958452,2106.449008498584,0.9133247089262612,0.6669876474318639,51.92091595845137,56.44900849858357,2442,2050,2547,2176,0.73,0.76,155.32169220057648,25.76472073610234,19.19648889447193,19.19648889447193,25.76472073610234,8472.0,21.60286580388148,0.208,regular,普通,normal,正常骨料
2347,2859.0,2949.0,197.77484571600343,1.102972088093887,54.6923851546932,67.2135009327998,2475.7569080097937,976.6474291710388,0.9694811800610376,0.58126923355001,28.75690800979364,31.647429171038823,2447,945,2504,1009,0.92,0.93,26.80435443148864,13.980408194022358,11.376016112176185,11.376016112176185,13.980408194022358,2859.0,12.549472521254577,0.208,round,圆形,normal,正常骨料
2348,559.0,645.0,107.0864611861677,0.7964329976797802,16.348947609407023,48.00250405339967,2466.227191413238,1505.5957066189624,0.8666666666666667,0.940213618405692,19.227191413237925,15.595706618962431,2447,1490,2482,1527,0.61,0.91,44.36775056799611,9.98452084310713,3.400581102756661,3.400581102756661,9.98452084310713,559.0,5.549122321219181,0.208,needle_flaky,针片状候选,undersized,过小噪声(<5mm)
2349,418.0,606.0,103.8495837575634,1.4135626816685891,20.624210135054724,37.37383492304479,2458.6172248803828,1583.6124401913876,0.6897689768976898,0.8339529626584137,11.617224880382777,15.61244019138756,2447,1568,2472,1602,0.49,0.55,9.008824263195136,7.773757663993316,4.289835708091383,4.289835708091383,7.773757663993316,418.0,4.798511447033385,0.208,angular,棱角状,undersized,过小噪声(<5mm)
2351,574.0,605.0,91.64800396044504,-0.3701226793862625,21.483515495709963,34.30017918305471,2468.015679442509,1436.2003484320558,0.9487603305785124,0.7795513770238285,16.01567944250871,12.20034843205575,2452,1424,2485,1449,0.86,0.93,111.20646743090656,7.134437270075379,4.468571223107672,4.468571223107672,7.134437270075379,574.0,5.623081012292484,0.208,regular,普通,undersized,过小噪声(<5mm)
2354,594.0,626.0,93.40936983726894,-0.5743259989554474,24.75817205887293,32.15164799681743,2471.8569023569025,1624.8973063973065,0.9488817891373802,0.6379912165010206,15.856902356902356,13.897306397306398,2456,1611,2485,1638,0.86,0.88,122.90645580478208,6.687542783338025,5.149699788245569,5.149699788245569,6.687542783338025,594.0,5.720205309608451,0.208,regular,普通,normal,正常骨料
2356,158.0,174.0,51.4647162865264,0.5301560643797587,12.918155308561854,17.701117574204346,2464.76582278481,1381.8354430379748,0.9080459770114944,0.6836679599190975,6.765822784810126,8.835443037974683,2458,1373,2476,1388,0.75,0.78,59.62429502777387,3.681832455434504,2.6869763041808654,2.6869763041808654,3.681832455434504,158.0,2.9501692891799762,0.208,regular,普通,undersized,过小噪声(<5mm)
2357,589.0,617.0,90.7673210220331,-0.4044555602546588,23.310897901190977,32.41747600845075,2474.288624787776,2718.6859083191853,0.9546191247974068,0.6949228560050339,16.28862478777589,12.68590831918506,2458,2706,2491,2732,0.9,0.94,113.17359660319111,6.742835009757755,4.8486667634477225,4.8486667634477225,6.742835009757755,589.0,5.696079494332536,0.208,regular,普通,undersized,过小噪声(<5mm)
2359,1298.0,1641.0,167.0163360028542,-0.3640035802761651,28.69522053633685,64.26807839074273,2490.294298921417,1581.3058551617871,0.7909811090798293,0.8947873324937735,30.294298921417564,20.305855161787367,2460,1561,2518,1603,0.58,0.74,110.85586887747571,13.367760305274489,5.968605871558065,5.968605871558065,13.367760305274489,1298.0,8.455820213978171,0.208,needle_flaky,针片状候选,normal,正常骨料
2360,699.0,737.0,99.46251734832086,1.485370304750737,28.271983409985253,32.10233829823891,2475.749642346209,1366.450643776824,0.9484396200814112,0.4737060944399835,14.74964234620887,15.450643776824034,2461,1351,2491,1384,0.89,0.89,4.894550523721875,6.677286366033694,5.880572549276932,5.880572549276932,6.677286366033694,699.0,6.2052171218042025,0.208,regular,普通,normal,正常骨料
2361,4160.0,4368.0,271.4212801276874,1.096930131496273,46.64149699712513,114.76666913688594,2494.8430288461536,2445.6314903846155,0.9523809523809524,0.913694015987632,33.84302884615385,51.63149038461538,2461,2394,2533,2500,0.71,0.94,27.150533044533148,23.871467180472276,9.701431375402027,9.701431375402027,23.871467180472276,4160.0,15.137880048402941,0.208,needle_flaky,针片状候选,normal,正常骨料
2362,983.0,1108.0,128.72916722687256,1.5263881410183475,29.319693558876104,45.342157457671846,2478.947100712106,750.971515768057,0.8871841155234657,0.7628020411358443,16.947100712105797,22.971515768056967,2462,728,2497,774,0.75,0.8,2.5444016208291345,9.431168751195743,6.098496260246229,6.098496260246229,9.431168751195743,983.0,7.358599272765429,0.208,angular,棱角状,normal,正常骨料
2363,3018.0,3515.0,240.35379612621315,-0.5651639882014832,48.22292483631348,89.09370300641872,2495.4307488402915,1467.1332007952287,0.8586059743954481,0.8408548011035644,33.430748840291585,30.13320079522863,2462,1437,2544,1507,0.66,0.75,122.38151125672644,18.53149022533509,10.030368365953205,10.030368365953205,18.53149022533509,3018.0,12.89371338413445,0.208,angular,棱角状,normal,正常骨料
2364,739.0,788.0,110.87869898204175,-0.5214274467928202,22.88447482535059,42.813076287035074,2483.8809201623817,1560.48849797023,0.9378172588832488,0.8451553929720792,21.8809201623816,17.48849797023004,2462,1543,2503,1576,0.76,0.87,119.87559202351088,8.905119867703295,4.759970763672922,4.759970763672922,8.905119867703295,739.0,6.380292858111523,0.208,regular,普通,undersized,过小噪声(<5mm)
2365,1885.0,1937.0,159.52714518612052,0.158883688314085,44.81493475924643,54.61234950128389,2491.6583554376657,2376.5480106100795,0.9731543624161074,0.5715018942513864,29.658355437665783,23.548010610079576,2462,2353,2517,2400,0.93,0.94,80.8966352261309,11.359368696267047,9.321506429923256,9.321506429923256,11.359368696267047,1885.0,10.189997361410386,0.208,round,圆形,normal,正常骨料
2367,855.0,1441.0,167.99230371628062,-1.1086707388097583,36.32904786429694,54.03677193671595,2483.439766081872,1307.9426900584797,0.5933379597501734,0.7402766864214697,17.439766081871344,17.94269005847953,2466,1290,2512,1335,0.38,0.4,153.52215420345,11.239648562836916,7.556441955773763,7.556441955773763,11.239648562836916,855.0,6.862801723219597,0.208,angular,棱角状,normal,正常骨料
2368,1584.0,1645.0,150.83194885983278,-1.417153927695356,38.65460382810302,53.48876465756365,2487.620580808081,1401.9463383838383,0.9629179331306992,0.6911956020731232,21.62058080808081,26.946338383838384,2466,1375,2506,1431,0.87,0.91,171.19693897733174,11.12566304877324,8.040157596245429,8.040157596245429,11.12566304877324,1584.0,9.34105615499985,0.208,regular,普通,normal,正常骨料
2370,6341.0,6582.0,311.4698147804929,-0.7953963290348532,70.5915955411372,118.06093459941998,2520.3513641381487,2006.739788676865,0.9633849893649348,0.8015519825430505,47.35136413814856,49.73978867686485,2473,1957,2571,2058,0.82,0.9,135.57285269389604,24.556674396679355,14.683051872556536,14.683051872556536,24.556674396679355,6341.0,18.68948227056489,0.208,regular,普通,normal,正常骨料
2373,1049.0,1136.0,141.35135437014756,-0.526381668531667,23.795692059874828,59.517330094736,2500.938989513823,461.6682554814109,0.9234154929577464,0.916597537682351,23.938989513822687,16.668255481410867,2477,445,2532,483,0.66,0.89,120.15944801991878,12.379604659705087,4.949503948453964,4.949503948453964,12.379604659705087,1049.0,7.601619696546899,0.208,needle_flaky,针片状候选,undersized,过小噪声(<5mm)
2376,733.0,765.0,106.16631000165708,1.5685212479493886,25.0904591887414,38.79159420587903,2491.043656207367,1709.274215552524,0.9581699346405228,0.762658436432524,11.043656207366984,20.27421555252388,2480,1689,2507,1730,0.82,0.88,0.1303524159070974,8.068651594822837,5.218815511258211,5.218815511258211,8.068651594822837,733.0,6.354339016867796,0.208,regular,普通,normal,正常骨料
2378,532.0,558.0,87.16565277618801,-0.4680399540208573,21.75212661935412,31.714846307587912,2494.2631578947367,2182.1428571428573,0.953405017921147,0.7277280968224094,13.263157894736842,12.142857142857142,2481,2170,2509,2195,0.88,0.93,116.81671400889223,6.596688031978285,4.524442336825657,4.524442336825657,6.596688031978285,532.0,5.4134510040214225,0.208,regular,普通,undersized,过小噪声(<5mm)
2379,1503.0,1587.0,153.70403547119622,0.4534208547204059,32.79722654047218,59.79495684075973,2508.799068529608,1321.2541583499667,0.947069943289225,0.8361539257002585,26.799068529607453,19.254158349966733,2482,1302,2534,1344,0.8,0.91,64.02089868130629,12.437351022878024,6.821823120418213,6.821823120418213,12.437351022878024,1503.0,9.09908840500648,0.208,regular,普通,normal,正常骨料
2381,859.0,882.0,106.26159477667156,-0.8766804658396614,28.9030122590956,38.00031398252094,2498.849825378347,1509.3050058207218,0.9739229024943312,0.6492216132182694,15.849825378346916,16.30500582072177,2483,1493,2516,1526,0.96,0.98,140.23009067417553,7.9040653083643555,6.011826549891884,6.011826549891884,7.9040653083643555,859.0,6.8788363285427545,0.208,regular,普通,normal,正常骨料
2382,1986.0,2094.0,172.01457930828235,-1.506597846061843,40.684371651509885,64.13450953143696,2502.2885196374623,1618.356495468278,0.9484240687679084,0.773037714221422,19.28851963746224,29.356495468277945,2483,1589,2526,1653,0.84,0.91,176.3216980028441,13.339977982538889,8.462349303514056,8.462349303514056,13.339977982538889,1986.0,10.459429966664352,0.208,regular,普通,normal,正常骨料
2383,3764.0,4057.0,252.9759832694881,1.3282104932275072,57.84768791919548,90.13399548912304,2510.415515409139,549.797821466525,0.9277791471530688,0.7668749443014349,26.41551540913921,53.79782146652497,2484,496,2547,593,0.74,0.79,13.899144433074426,18.74787106173759,12.03231908719266,12.03231908719266,18.74787106173759,3764.0,14.399360396806543,0.208,regular,普通,normal,正常骨料
2384,1330.0,1497.0,152.78388428668563,1.4613673871898172,29.21641556199618,61.0637441183828,2498.72030075188,1218.263909774436,0.8884435537742151,0.8781106287698751,13.7203007518797,29.26390977443609,2485,1189,2517,1246,0.72,0.87,6.2698163959630335,12.701258776623622,6.077014436895205,6.077014436895205,12.701258776623622,1330.0,8.559417587216513,0.208,needle_flaky,针片状候选,normal,正常骨料
2385,295.0,337.0,71.11601865427974,-1.161983188861018,15.994750265388472,26.215810651133577,2495.3593220338985,1676.2881355932204,0.8753709198813057,0.7923102002651169,10.359322033898303,12.28813559322034,2485,1664,2505,1688,0.73,0.8,156.5767325868892,5.452888615435784,3.326908055200802,3.326908055200802,5.452888615435784,295.0,4.031154117707423,0.208,angular,棱角状,undersized,过小噪声(<5mm)
2386,497.0,521.0,81.70733387850456,-1.486548349572811,23.025472609542906,27.547462364141108,2499.080482897384,2709.0160965794767,0.9539347408829176,0.5489619808828978,11.080482897384304,13.01609657947686,2488,2696,2512,2723,0.94,0.95,175.1729464726602,5.72987217174135,4.789298302784924,4.789298302784924,5.72987217174135,497.0,5.232347611227753,0.208,round,圆形,undersized,过小噪声(<5mm)
2387,3744.0,4104.0,247.15287355456385,1.1222720072725048,51.6571928122378,96.65118719704336,2526.90625,1750.1629273504273,0.912280701754386,0.8451872315875084,37.90625,42.16292735042735,2489,1708,2556,1797,0.77,0.89,25.698550517610244,20.103446936985016,10.744696104945463,10.744696104945463,20.103446936985016,3744.0,14.361053969811973,0.208,regular,普通,normal,正常骨料
2388,769.0,861.0,114.21086118566056,0.2659575874056201,31.10086423404912,35.28255278883148,2504.5344603381013,1950.4564369310792,0.8931475029036005,0.4722213776390507,15.53446033810143,20.456436931079324,2489,1930,2527,1965,0.74,0.75,74.76175271217627,7.338770980076948,6.468979760682217,6.468979760682217,7.338770980076948,769.0,6.508509816015612,0.208,angular,棱角状,normal,正常骨料
2389,247.0,271.0,61.40538636846691,0.913590943570557,14.943176763038313,22.2141539053092,2500.4898785425103,1542.6842105263158,0.911439114391144,0.7399269860994708,9.48987854251012,8.68421052631579,2491,1534,2510,1555,0.82,0.87,37.65509473203253,4.620544012304313,3.108180766711969,3.108180766711969,4.620544012304313,247.0,3.688645091204256,0.208,regular,普通,undersized,过小噪声(<5mm)
2390,17192.0,17516.0,506.126187806188,-0.1719149580708116,118.29446999691092,187.44742782858293,2592.8696486738017,484.4919148441135,0.9815026261703584,0.7757171147739456,100.86964867380176,66.49191484411354,2492,418,2693,551,0.84,0.91,99.850001532626,38.98906498834525,24.60524975935747,24.60524975935747,38.98906498834525,17192.0,30.77383320169186,0.208,regular,普通,normal,正常骨料
2391,3872.0,5257.0,309.24837331141373,-0.1262975030979062,71.71013184756183,88.57462412623696,2531.7644628099174,724.6859504132232,0.7365417538520068,0.5869801671371327,39.76446280991736,50.68595041322314,2492,674,2578,763,0.51,0.52,97.23631389055046,18.423521818257285,14.91570742429286,14.91570742429286,18.423521818257285,3872.0,14.604479000935648,0.208,angular,棱角状,normal,正常骨料
2392,2014.0,2106.0,184.08140608428755,-1.1406436419435146,41.21535952170817,66.57798249836402,2519.2135054617675,675.0357497517379,0.956315289648623,0.7853485038997238,26.213505461767628,34.03574975173783,2493,641,2545,706,0.75,0.81,155.35406661179485,13.848220359659717,8.5727947805153,8.5727947805153,13.848220359659717,2014.0,10.532904035741144,0.208,regular,普通,normal,正常骨料
2393,260.0,282.0,60.619988205069454,-0.724055051486469,17.984062031249596,19.319616862049912,2504.438461538461,1432.5153846153846,0.9219858156028368,0.365349219498161,9.43846153846154,9.515384615384615,2495,1423,2515,1442,0.89,0.89,131.4852985853022,4.0184803073063815,3.740684902499916,3.740684902499916,4.0184803073063815,260.0,3.7844700121007353,0.208,regular,普通,undersized,过小噪声(<5mm)
2394,468.0,565.0,95.114919185177,0.5721316547483258,23.168780577442988,30.38705187692445,2512.991452991453,919.5491452991452,0.8283185840707965,0.6470404332141764,14.991452991452991,9.5491452991453,2498,910,2529,940,0.65,0.67,57.219270857084986,6.320506790400285,4.819106360108141,4.819106360108141,6.320506790400285,468.0,5.077399323520018,0.208,angular,棱角状,undersized,过小噪声(<5mm)
2395,206.0,215.0,52.57543702106599,-0.8219325521539186,15.054654068552486,17.612240706345514,2506.78640776699,1484.3543689320388,0.958139534883721,0.5189846245409441,7.786407766990291,8.354368932038835,2499,1476,2515,1493,0.94,0.95,137.09326628283594,3.6633460669198663,3.131368046258917,3.131368046258917,3.6633460669198663,206.0,3.368619857844596,0.208,round,圆形,undersized,过小噪声(<5mm)
2397,444.0,489.0,95.80503257355994,-0.8437608807841702,14.268643504246397,42.45403135794936,2514.8355855855857,869.5518018018018,0.9079754601226994,0.9418276205960524,13.835585585585584,15.5518018018018,2501,854,2532,887,0.61,0.91,138.34393738717395,8.830438522453466,2.9678778488832505,2.9678778488832505,8.830438522453466,444.0,4.945496277883485,0.208,needle_flaky,针片状候选,undersized,过小噪声(<5mm)
2398,469.0,526.0,94.52009057180852,1.5637940402191983,15.493193517283446,41.12514533648093,2509.040511727079,973.901918976546,0.8916349809885932,0.9263219494796592,8.040511727078892,18.901918976545844,2501,955,2518,993,0.66,0.92,0.4012014677286117,8.554030229988033,3.2225842515949568,3.2225842515949568,8.554030229988033,469.0,5.082821000797191,0.208,needle_flaky,针片状候选,undersized,过小噪声(<5mm)
2399,3403.0,3610.0,233.8800412690045,0.3046558973685832,51.86184026882355,87.42555683096708,2538.84807522774,1677.5571554510725,0.9426592797783934,0.8050467005424596,37.84807522774023,34.55715545107258,2501,1643,2588,1704,0.78,0.86,72.54450287700942,18.184515820841156,10.787262775915298,10.787262775915298,18.184515820841156,3403.0,13.691447606539832,0.208,regular,普通,normal,正常骨料
2400,774.0,1187.0,149.58647510418,0.3371696442553819,21.123663614608333,66.08043572203579,2533.107235142119,1708.735142118863,0.6520640269587195,0.9475303142086544,32.10723514211886,15.735142118863047,2501,1693,2556,1729,0.43,0.67,70.68160240423924,13.744730630183444,4.393722031838533,4.393722031838533,13.744730630183444,774.0,6.529634538279205,0.208,needle_flaky,针片状候选,undersized,过小噪声(<5mm)
2401,690.0,734.0,102.14403440965536,-1.0473671129645783,24.942146019749284,36.76958279575992,2519.260869565217,1149.6782608695653,0.9400544959128064,0.734751484054425,16.26086956521739,18.67826086956521,2503,1131,2533,1165,0.83,0.88,150.00971517367208,7.648073221518064,5.187966372107851,5.187966372107851,7.648073221518064,690.0,6.165139950379166,0.208,regular,普通,normal,正常骨料
2402,428.0,451.0,77.26445094034618,0.0644031184640717,21.10192278728375,26.27269479617702,2516.735981308412,1534.6004672897195,0.9490022172949002,0.5957251461282572,13.735981308411215,10.600467289719626,2503,1524,2531,1547,0.9,0.92,86.30997312452762,5.46472051760482,4.38919993975502,4.38919993975502,5.46472051760482,428.0,4.8555706630575,0.208,regular,普通,undersized,过小噪声(<5mm)
2403,877.0,922.0,111.62462889934056,0.1290264865536509,29.00276450048874,38.9167142832279,2522.672748004561,1415.1060433295324,0.9511930585683296,0.6667827619908657,18.672748004561004,15.106043329532495,2504,1400,2543,1430,0.88,0.91,82.60732687507434,8.094676570911401,6.032575016101658,6.032575016101658,8.094676570911401,877.0,6.95053430153547,0.208,regular,普通,normal,正常骨料
2404,260.0,293.0,64.6422637970712,0.8859202822819288,16.44107540302892,21.40319968489948,2513.9269230769232,1556.1076923076923,0.8873720136518771,0.6402582905321641,9.926923076923076,10.107692307692307,2504,1546,2524,1567,0.78,0.8,39.24050684020696,4.451865534459091,3.419743683830015,3.419743683830015,4.451865534459091,260.0,3.7844700121007353,0.208,angular,棱角状,undersized,过小噪声(<5mm)
2405,5715.0,5942.0,284.0598155537796,0.2846756654502281,73.94275844315494,99.5248414730679,2551.748731408574,1922.0587926509183,0.9617973746213396,0.6693382477094808,45.74873140857393,38.05879265091863,2506,1884,2601,1959,0.89,0.92,73.68928583962374,20.70116702639812,15.380093756176228,15.380093756176228,20.70116702639812,5715.0,17.742977901594116,0.208,regular,普通,normal,正常骨料
2406,4090.0,4450.0,250.29446620815364,-0.2782540419550127,61.22602649654747,87.72117263971082,2548.68239608802,1191.655501222494,0.9191011235955056,0.7161350030293164,40.68239608801956,32.65550122249389,2508,1159,2593,1225,0.82,0.86,105.94278223647837,18.246003909059848,12.735013511281872,12.735013511281872,18.246003909059848,4090.0,15.009977743600965,0.208,regular,普通,normal,正常骨料
2407,646.0,765.0,112.64006485886564,0.8280632445430152,23.677879189920382,41.08635412787415,2520.311145510836,1293.8034055727553,0.8444444444444444,0.8172414253608742,12.311145510835914,21.80340557275542,2508,1272,2541,1309,0.64,0.71,42.55547091777584,8.545961658597824,4.92499887150344,4.92499887150344,8.545961658597824,646.0,5.965332466725611,0.208,angular,棱角状,undersized,过小噪声(<5mm)
2408,12721.0,13696.0,470.9016751915989,-0.5565129111600012,90.23964339605426,185.92118977979692,2594.536986086,1349.5300683908497,0.928811331775701,0.8743116092388917,86.53698608599953,70.53006839084978,2508,1279,2678,1409,0.72,0.87,121.885841054007,38.67160747419776,18.769845826379285,18.769845826379285,38.67160747419776,12721.0,26.47152861234863,0.208,needle_flaky,针片状候选,normal,正常骨料
2409,7132.0,7510.0,328.6696378830394,0.851418012423779,76.96635012514919,120.71832932023828,2558.042765002804,1268.758272574313,0.9496671105193076,0.7703926699120869,47.04276500280426,52.75827257431296,2511,1216,2614,1325,0.83,0.89,41.217341286700375,25.10941249860956,16.00900082603103,16.00900082603103,25.10941249860956,7132.0,19.820931540962604,0.208,regular,普通,normal,正常骨料
2410,6847.0,7438.0,340.14163604567614,-1.116096172228112,75.29393495246158,121.0388587249023,2552.8799474222287,2156.994450124142,0.9205431567625706,0.7829662773108267,41.87994742222871,55.99445012414196,2511,2101,2605,2220,0.74,0.81,153.94760019937706,25.17608261477968,15.661138470112007,15.661138470112007,25.17608261477968,6847.0,19.420864501547065,0.208,regular,普通,normal,正常骨料
2411,456.0,506.0,89.42656249136587,-0.7912375934516234,18.110728682880943,33.87215769707062,2525.2565789473683,1478.5263157894738,0.9011857707509882,0.8450552957690203,13.25657894736842,14.526315789473683,2512,1464,2539,1494,0.72,0.83,135.33457469686607,7.045408800990688,3.767031566039236,3.767031566039236,7.045408800990688,456.0,5.011881748656932,0.208,regular,普通,undersized,过小噪声(<5mm)
2412,4005.0,4303.0,264.0273740859682,-0.3934799480249485,53.23472439886206,97.53217390564356,2562.431210986267,925.9558052434456,0.9307459911689518,0.8379043723548318,49.43121098626717,30.95580524344569,2513,895,2613,960,0.72,0.82,112.54474034485654,20.28669217237386,11.072822674963309,11.072822674963309,20.28669217237386,4005.0,14.853187194403947,0.208,regular,普通,normal,正常骨料
2413,461.0,486.0,85.26953387825097,-1.1334226331007713,19.58791086624696,31.630316656169565,2523.3383947939265,1582.004338394794,0.948559670781893,0.7851730082128165,9.338394793926248,13.004338394793926,2514,1569,2536,1599,0.8,0.87,154.94033328127898,6.579105864483269,4.074285460179367,4.074285460179367,6.579105864483269,461.0,5.03928425878493,0.208,regular,普通,undersized,过小噪声(<5mm)
2414,18642.0,20518.0,557.9325749466738,-0.7568108802488409,129.0269317649271,188.50283770887705,2601.5870614740907,352.663233558631,0.908568086558144,0.7290291010076476,86.58706147409076,80.66323355863105,2515,272,2682,438,0.75,0.79,133.36206932783932,39.20859024344642,26.83760180710484,26.83760180710484,39.20859024344642,18642.0,32.0453224611255,0.208,regular,普通,normal,正常骨料
2415,2375.0,2434.0,179.503770125016,0.9892203994140404,48.33904577772133,63.48763748390928,2539.4985263157896,979.52,0.975760065735415,0.6482905423743713,24.49852631578948,29.52,2515,950,2568,1010,0.93,0.95,33.32184610532991,13.20542859665313,10.054521521766036,10.054521521766036,13.20542859665313,2375.0,11.438002872032662,0.208,regular,普通,normal,正常骨料
2416,7672.0,9497.0,441.0238484168616,-0.870642626224274,71.22695203650242,159.6053109151591,2575.1406412930137,1000.139598540146,0.8078340528587975,0.8948987108075865,60.14064129301356,71.13959854014598,2515,929,2632,1068,0.5,0.62,139.88414794683695,33.19790467035309,14.815206023592504,14.815206023592504,33.19790467035309,7672.0,20.557613246915952,0.208,needle_flaky,针片状候选,normal,正常骨料
2417,462.0,481.0,80.04125277669516,-1.1764860699995658,22.53530277284446,26.74138792078444,2527.5714285714284,1631.3246753246754,0.9604989604989606,0.5383638038784725,11.571428571428571,13.324675324675324,2516,1618,2541,1644,0.91,0.92,157.40768646690788,5.562208687523163,4.687342976751648,4.687342976751648,5.562208687523163,462.0,5.044746899151731,0.208,round,圆形,undersized,过小噪声(<5mm)
2418,995.0,1057.0,121.70005200239422,0.5964940229409352,30.7042286059445,42.133129716374974,2539.1537688442213,1554.2904522613064,0.9413434247871334,0.6847871626258895,22.153768844221105,17.290452261306534,2517,1537,2561,1573,0.84,0.88,55.8234099807047,8.763690981005993,6.386479550036456,6.386479550036456,8.763690981005993,995.0,7.403378180608159,0.208,regular,普通,normal,正常骨料
2419,6123.0,7812.0,362.5139237208626,0.2830923632695762,72.37727599609569,130.36248024691673,2595.487506124449,585.9482279928139,0.7837941628264209,0.8317167368369889,71.4875061244488,37.94822799281398,2524,548,2651,633,0.59,0.66,73.78000237226895,27.11539589135868,15.054473407187904,15.054473407187904,27.11539589135868,6123.0,18.365405592230555,0.208,angular,棱角状,normal,正常骨料
2421,1950.0,2065.0,170.1184604103453,-1.484017113798782,43.695377457297525,58.32021678773752,2548.7302564102565,1498.0205128205127,0.9443099273607748,0.6623075471608806,23.73025641025641,29.02051282051282,2525,1469,2573,1528,0.85,0.87,175.02791734585583,12.130605091849404,9.088638511117884,9.088638511117884,12.130605091849404,1950.0,10.364197969147108,0.208,regular,普通,normal,正常骨料
2422,285.0,293.0,60.9453107762116,-1.540395843167503,17.650207527304453,20.990454939287503,2534.764912280701,2459.4350877192983,0.9726962457337884,0.5412398293069896,8.764912280701754,9.435087719298243,2526,2450,2543,2471,0.96,0.97,178.2581805929938,4.366014627371801,3.671243165679326,3.671243165679326,4.366014627371801,285.0,3.9622404222958623,0.208,round,圆形,undersized,过小噪声(<5mm)
2423,1383.0,1437.0,150.50662628869063,0.9248230037296836,33.89969371573809,56.149812017947546,2547.7895878524946,1825.34273318872,0.9624217118997912,0.7971839058897552,20.789587852494577,25.34273318872017,2527,1800,2575,1851,0.77,0.84,37.01154508967753,11.67916089973309,7.051136292873522,7.051136292873522,11.67916089973309,1383.0,8.728296369997569,0.208,regular,普通,normal,正常骨料
2424,13968.0,14773.0,489.11693425367054,0.9905022358902508,97.19314576818866,186.33861359355367,2595.2138459335624,675.4757302405499,0.9455086983009544,0.8531936818319426,67.21384593356242,86.47573024054982,2528,589,2659,768,0.73,0.86,33.24840228521713,38.75843162745916,20.21617431978324,20.21617431978324,38.75843162745916,13968.0,27.73866192422914,0.208,regular,普通,normal,正常骨料
2425,430.0,496.0,86.74504543003138,-1.2857910325031945,23.24389174639628,26.5971749842277,2541.655813953488,1323.1558139534884,0.8669354838709677,0.4860637944317426,11.655813953488371,11.155813953488371,2530,1312,2557,1338,0.72,0.72,163.6703994982015,5.532212396719361,4.834729483250426,4.834729483250426,5.532212396719361,430.0,4.8669022319409185,0.208,angular,棱角状,undersized,过小噪声(<5mm)
2426,9087.0,9344.0,356.00070061755537,-0.8097427932045607,96.72127498033218,123.16449259366976,2582.471112578409,837.7374270936502,0.9724957191780822,0.6191133765482725,51.47111257840872,55.73742709365027,2531,782,2643,897,0.9,0.92,136.39484454175593,25.61821445948331,20.11802519590909,20.11802519590909,25.61821445948331,9087.0,22.373228508052126,0.208,regular,普通,normal,正常骨料
2428,517.0,552.0,90.63256800091996,0.1510403505589881,18.887900727241338,36.33306415138797,2547.3442940038685,1151.4023210831722,0.9365942028985508,0.8542549241352279,15.344294003868471,9.402321083172149,2532,1142,2567,1162,0.79,0.92,81.34602537679356,7.557277343488698,3.928683351266198,3.928683351266198,7.557277343488698,517.0,5.3365878834691,0.208,regular,普通,undersized,过小噪声(<5mm)
2429,1469.0,1579.0,150.79248061373409,1.4938378758955335,38.111110421129965,50.90821608979922,2553.4397549353303,1444.2314499659633,0.9303356554781508,0.6629948444043139,18.43975493533016,23.23144996596324,2535,1421,2573,1470,0.81,0.84,4.409394434398266,10.588908946678236,7.927110967595032,7.927110967595032,10.588908946678236,1469.0,8.995582526416342,0.208,regular,普通,normal,正常骨料
2430,2401.0,2488.0,182.78011579971897,-0.0814734557835194,48.376447519916255,64.17935394870301,2569.195751770096,1638.9820907955018,0.965032154340836,0.6571387626196911,34.1957517700958,27.982090795501875,2535,1611,2603,1664,0.9,0.93,94.6680851587414,13.349305621330226,10.06230108414258,10.06230108414258,13.349305621330226,2401.0,11.500440471037464,0.208,regular,普通,normal,正常骨料
2431,1330.0,1366.0,139.41576722611185,-1.34400942264582,32.568907570471104,52.62783036448455,2551.084962406015,1600.0203007518796,0.9736456808199122,0.7855065675961714,15.084962406015038,26.0203007518797,2536,1574,2568,1629,0.86,0.94,167.00606754342,10.946588715812789,6.7743327746579896,6.7743327746579896,10.946588715812789,1330.0,8.559417587216513,0.208,regular,普通,normal,正常骨料
2432,218.0,228.0,55.16166930738599,0.4363648648968568,15.50492015326249,18.706836670644464,2544.619266055046,896.2614678899082,0.956140350877193,0.5594900095546638,7.619266055045871,8.261467889908257,2537,888,2556,906,0.9,0.91,64.99813491361374,3.891022027494048,3.2250233918785978,3.2250233918785978,3.891022027494048,218.0,3.4653462993799065,0.208,round,圆形,undersized,过小噪声(<5mm)
2433,7135.0,7557.0,325.24219090440613,-0.5899352567110109,83.35893806018161,113.89619911478816,2589.2127540294323,2514.6008409250176,0.9441577345507476,0.681427993755789,51.212754029432375,48.60084092501752,2538,2466,2649,2569,0.85,0.88,123.80080039550772,23.690409415875937,17.338659116517775,17.338659116517775,23.690409415875937,7135.0,19.825099834767958,0.208,regular,普通,normal,正常骨料
2434,10560.0,10934.0,387.1240011479455,-1.451666650984759,97.1779578374962,139.16096614474185,2590.3341856060606,2048.233522727273,0.96579476861167,0.7157922125232952,50.33418560606061,69.23352272727273,2540,1979,2642,2116,0.89,0.93,173.17437236131738,28.9454809581063,20.213015230199208,20.213015230199208,28.9454809581063,10560.0,24.118503282868467,0.208,regular,普通,normal,正常骨料
2435,295.0,312.0,65.29290893935547,-0.0327542421170296,17.733038300461686,21.543039945667005,2551.254237288136,1412.8440677966105,0.9455128205128204,0.5678317250948994,9.254237288135592,7.84406779661017,2542,1405,2564,1422,0.87,0.88,91.87667983445544,4.480952308698737,3.688471966496031,3.688471966496031,4.480952308698737,295.0,4.031154117707423,0.208,regular,普通,undersized,过小噪声(<5mm)
2436,351.0,417.0,83.83349057256923,-1.4631883303297473,17.272514104056572,30.386022124230497,2551.119658119658,1867.5470085470083,0.841726618705036,0.8227273656309333,8.11965811965812,13.547008547008549,2543,1854,2562,1885,0.63,0.71,173.83451596068826,6.320292601839943,3.5926829336437667,3.5926829336437667,6.320292601839943,351.0,4.397156799326259,0.208,angular,棱角状,undersized,过小噪声(<5mm)
2437,463.0,499.0,95.5749947774323,0.5424897783635539,16.27379348175028,40.28233556925928,2567.5745140388767,1815.2483801295896,0.9278557114228456,0.9147619458078544,21.574514038876888,12.248380129589632,2546,1803,2583,1829,0.64,0.85,58.91762527078092,8.378725798405931,3.384949044204057,3.384949044204057,8.378725798405931,463.0,5.050203630762271,0.208,needle_flaky,针片状候选,undersized,过小噪声(<5mm)
2438,2865.0,2975.0,212.3326200033142,-0.9610548260023224,45.84489253338767,83.0816563836461,2579.5912739965097,1065.967190226876,0.9630252100840336,0.83397301384884,32.5912739965096,39.96719022687609,2547,1026,2610,1099,0.8,0.91,145.06438541061277,17.28098452779839,9.535737646944636,9.535737646944636,17.28098452779839,2865.0,12.56263400627847,0.208,regular,普通,normal,正常骨料
2439,1112.0,1402.0,165.4060714299606,1.563417670360124,29.33165211246823,59.1574382882951,2569.970323741007,1859.6789568345323,0.7931526390870185,0.868423277923811,22.9703237410072,31.67895683453237,2547,1828,2582,1891,0.51,0.61,0.4227658721895153,12.30474716396538,6.100983639393392,6.100983639393392,12.30474716396538,1112.0,7.8265576377948785,0.208,needle_flaky,针片状候选,normal,正常骨料
2440,1022.0,1173.0,140.20116538950933,1.5512000298786597,28.851295545904307,52.16074868100735,2564.3473581213307,1757.0420743639922,0.8712702472293266,0.8330997833527142,14.347358121330725,23.04207436399217,2550,1734,2581,1789,0.65,0.74,1.12278510738561,10.849435725649528,6.001069473548095,6.001069473548095,10.849435725649528,1022.0,7.503153686818454,0.208,angular,棱角状,normal,正常骨料
2442,1066.0,1156.0,126.46825751169472,0.1760537637292023,32.640754131365924,43.78047465635333,2574.202626641651,1110.905253283302,0.9221453287197232,0.666444042641733,21.20262664165104,14.905253283302065,2553,1096,2595,1130,0.84,0.86,79.91286237092334,9.106338728521491,6.789276859324112,6.789276859324112,9.106338728521491,1066.0,7.66296772909869,0.208,regular,普通,normal,正常骨料
2443,2549.0,2694.0,195.4581194719098,0.5223501164136236,46.727196573657125,70.47743266559021,2583.5657120439387,1543.681051392703,0.9461766889383816,0.7486111183195081,30.5657120439388,29.681051392703026,2553,1514,2617,1572,0.84,0.89,60.07154290133214,14.659305994442764,9.71925688732068,9.71925688732068,14.659305994442764,2549.0,11.849589676696104,0.208,regular,普通,normal,正常骨料
2444,17327.0,18076.0,517.0986421304708,1.3627549525862177,119.25367589494589,187.9927247479725,2617.633115946211,2249.8364979511744,0.9585638415578668,0.7730438307293293,63.63311594621111,95.83649795117448,2554,2154,2681,2349,0.81,0.88,11.91989270625912,39.10248674757828,24.804764586148742,24.804764586148742,39.10248674757828,17327.0,30.89442253449827,0.208,regular,普通,normal,正常骨料
2446,1071.0,1227.0,135.5282446552233,-0.944884033722998,28.332594707303965,51.50121845271036,2575.2549019607845,1787.4341736694678,0.8728606356968215,0.8350760936788799,18.25490196078432,21.434173669467786,2557,1766,2600,1810,0.73,0.83,144.1378672616247,10.712253438163756,5.893179699119225,5.893179699119225,10.712253438163756,1071.0,7.680918017758362,0.208,angular,棱角状,normal,正常骨料
2447,3485.0,4006.0,248.9537076774864,-0.3589858736863954,55.97163287802467,86.5209301500097,2605.7047345767573,1420.7913916786226,0.8699450823764353,0.7625626531687186,45.70473457675753,37.79139167862267,2560,1383,2646,1452,0.71,0.76,110.56837546704692,17.996353471202017,11.642099638629132,11.642099638629132,17.996353471202017,3485.0,13.855422883731334,0.208,angular,棱角状,normal,正常骨料
2448,5085.0,5307.0,278.1808893099394,0.0091944819979157,68.65092310332632,98.97895652857277,2608.444641101278,1487.1097345132744,0.958168456755229,0.7203689257975773,45.44464110127827,35.10973451327433,2563,1452,2665,1526,0.83,0.87,89.47319498671041,20.587622957943136,14.279392005491871,14.279392005491871,20.587622957943136,5085.0,16.736470367090586,0.208,regular,普通,normal,正常骨料
2449,683.0,808.0,110.3791551436878,0.3310325934287905,26.607773376314885,37.01146804573117,2582.5007320644218,1968.062957540264,0.8452970297029703,0.6951071097113238,18.50073206442167,14.062957540263543,2564,1954,2602,1982,0.7,0.73,71.03322951526019,7.698385353512083,5.534416862273496,5.534416862273496,7.698385353512083,683.0,6.133787782285696,0.208,angular,棱角状,normal,正常骨料
2451,2876.0,3008.0,204.32753706540936,0.9960973734561808,54.07729518091068,68.96088312862497,2602.1216968011126,1154.7159248956884,0.9561170212765956,0.6205416708214126,32.121696801112655,35.71592489568846,2570,1119,2632,1191,0.87,0.88,32.927824516894255,14.343863690753992,11.24807739762942,11.24807739762942,14.343863690753992,2876.0,12.586727651300075,0.208,regular,普通,normal,正常骨料
2454,1043.0,1101.0,122.90605751194828,0.5932170709114305,33.61390788654501,40.77461242391061,2591.440076701821,1602.3614573346115,0.9473206176203453,0.5660320148126712,20.440076701821667,15.361457334611696,2571,1587,2610,1624,0.87,0.88,56.01116550166216,8.481119384173407,6.991692840401361,6.991692840401361,8.481119384173407,1043.0,7.5798489033060035,0.208,regular,普通,normal,正常骨料
2455,560.0,589.0,93.31408506225443,0.1857716212909585,19.13414426657504,37.60996642123337,2590.0035714285714,1227.044642857143,0.9507640067911716,0.8609131428689304,18.00357142857143,10.044642857142858,2572,1217,2609,1238,0.81,0.95,79.35607014672541,7.822873015616541,3.979902007447608,3.979902007447608,7.822873015616541,560.0,5.554083540199621,0.208,regular,普通,undersized,过小噪声(<5mm)
2456,343.0,370.0,79.25585461329771,0.4964094685861556,15.309457960625682,30.943087101297525,2589.6880466472303,1679.4460641399417,0.927027027027027,0.8690286218695678,15.68804664723032,9.446064139941692,2574,1670,2604,1690,0.69,0.82,61.557832539681264,6.436162117069885,3.184367255810142,3.184367255810142,6.436162117069885,343.0,4.346757922009664,0.208,needle_flaky,针片状候选,undersized,过小噪声(<5mm)
2458,1210.0,1280.0,141.25606959513308,-0.4207142160524636,32.07849809774409,50.92278316281198,2609.8462809917355,886.707438016529,0.9453125,0.7766406159875155,30.846280991735537,21.70743801652893,2579,865,2634,905,0.76,0.82,114.10514896096124,10.591938897864893,6.67232760433077,6.67232760433077,10.591938897864893,1210.0,8.16415195551508,0.208,regular,普通,normal,正常骨料
2459,1101.0,1186.0,133.8621635534139,0.1971682808996149,35.27013148732134,43.54907184776955,2601.542234332425,1204.6721162579472,0.9283305227655988,0.5865762760713725,22.542234332425068,22.67211625794732,2579,1182,2627,1221,0.77,0.79,78.70308965060218,9.058206944336066,7.336187349362839,7.336187349362839,9.058206944336066,1101.0,7.787750937557499,0.208,regular,普通,normal,正常骨料
2460,991.0,1041.0,121.98590632743768,1.263137515499268,29.7382744516741,44.10098446518126,2594.3965691220988,1753.4611503531787,0.951969260326609,0.7384372160977312,15.39656912209889,19.461150353178606,2579,1734,2608,1778,0.84,0.89,17.62755141725134,9.173004768757702,6.185561085948213,6.185561085948213,9.173004768757702,991.0,7.388482032356259,0.208,regular,普通,normal,正常骨料
2461,11964.0,12450.0,416.85072661875256,0.0229254988518333,124.6581770419746,128.30012723273992,2634.387997325309,1855.6102474088927,0.9609638554216868,0.2365725681810069,55.387997325309264,68.61024740889334,2579,1787,2706,1922,0.87,0.87,88.68646567255794,26.6864264644099,25.928900824730714,25.928900824730714,26.6864264644099,11964.0,25.67181630265342,0.208,round,圆形,normal,正常骨料
2462,512.0,579.0,103.94486853257789,-0.8281712639187673,18.880187914446807,40.12574371291323,2594.845703125,1792.28515625,0.8842832469775475,0.8823863666890096,12.845703125,13.28515625,2582,1779,2614,1815,0.6,0.73,137.4507181365604,8.346154692285952,3.927079086204936,3.927079086204936,8.346154692285952,512.0,5.310719636703872,0.208,needle_flaky,针片状候选,undersized,过小噪声(<5mm)
2464,337.0,369.0,75.78893938856577,0.0098851874810772,16.953039977891592,28.023503444309924,2601.459940652819,2151.086053412463,0.913279132791328,0.7962574529017332,11.459940652818991,9.086053412462908,2590,2142,2619,2160,0.74,0.81,89.43362047763871,5.828888716416464,3.526232315401451,3.526232315401451,5.828888716416464,337.0,4.308571900128074,0.208,regular,普通,undersized,过小噪声(<5mm)
2465,201.0,232.0,58.95390710326007,1.1668493777566145,13.880364402823814,20.40174755885466,2601.492537313433,1626.3731343283582,0.8663793103448276,0.7328857435320987,9.492537313432836,8.373134328358208,2592,1618,2609,1639,0.73,0.77,23.14445532707971,4.243563492241769,2.887115795787353,2.887115795787353,4.243563492241769,201.0,3.327487425723475,0.208,angular,棱角状,undersized,过小噪声(<5mm)
2466,859.0,1035.0,131.04589347096623,1.3665250433448188,28.26984048481908,47.49902833754321,2610.199068684517,1080.7159487776485,0.8299516908212561,0.803602255957473,17.19906868451688,25.71594877764843,2593,1055,2629,1100,0.63,0.69,11.70388241741,9.879797894208988,5.880126820842369,5.880126820842369,9.879797894208988,859.0,6.8788363285427545,0.208,angular,棱角状,normal,正常骨料
2467,4658.0,4882.0,264.7174874743512,-1.1233548810574114,68.41919121311203,90.65130660919534,2638.2103907256333,2446.113997423787,0.954117165096272,0.6560110365625159,44.21039072563332,44.11399742378703,2594,2402,2675,2492,0.84,0.86,154.36349358001024,18.85547177471263,14.231191772327302,14.231191772327302,18.85547177471263,4658.0,16.018363191044834,0.208,regular,普通,normal,正常骨料
2468,2145.0,2236.0,175.2514567368866,-0.6275928050231945,47.31252200878131,59.55521579473926,2621.606993006993,1254.2592074592071,0.9593023255813954,0.6073541439957293,25.606993006993008,22.25920745920746,2596,1232,2652,1284,0.88,0.9,125.9584189806058,12.387484885305764,9.841004577826512,9.841004577826512,12.387484885305764,2145.0,10.870062534228603,0.208,regular,普通,normal,正常骨料
2469,15342.0,16417.0,477.5659995988364,0.7442268610661833,131.2085513697746,151.23834355249576,2679.9178073262938,1972.871463955156,0.9345190960589632,0.4973300622326469,82.91780732629384,73.87146395515578,2597,1899,2750,2042,0.85,0.85,47.35894186063861,31.45757545891912,27.29137868491312,27.29137868491312,31.45757545891912,15342.0,29.07096066435063,0.208,regular,普通,normal,正常骨料
2470,5848.0,6724.0,322.56067384307164,-1.2873880177995014,86.97245353090612,95.5222890927028,2637.669288645691,1668.1280779753763,0.8697204045211184,0.4135226845162044,38.669288645690834,49.1280779753762,2599,1619,2701,1722,0.71,0.71,163.76190001562435,19.868636131282184,18.09027033442847,18.09027033442847,19.868636131282184,5848.0,17.94824859867091,0.208,angular,棱角状,normal,正常骨料
2471,570.0,666.0,111.39459110321287,0.2158680760670935,22.140513086346488,39.623573911023065,2626.7017543859647,1452.60350877193,0.8558558558558559,0.8293218396925153,25.70175438596491,12.603508771929825,2601,1440,2644,1466,0.58,0.65,77.63167030974653,8.241703373492797,4.6052267219600695,4.6052267219600695,8.241703373492797,570.0,5.603454142593708,0.208,angular,棱角状,undersized,过小噪声(<5mm)
2473,1226.0,1403.0,169.23777747193338,-1.116342572956741,24.01982910072441,71.79346708129378,2619.5342577487763,2117.211256117455,0.8738417676407698,0.942371450830261,17.534257748776508,38.211256117455136,2602,2079,2641,2148,0.54,0.81,153.96171792119645,14.933041152909109,4.996124452950677,4.996124452950677,14.933041152909109,1226.0,8.217952550566075,0.208,needle_flaky,针片状候选,undersized,过小噪声(<5mm)
2474,7483.0,8767.0,365.8460859244814,0.8376719728133648,81.89514834960373,131.34525950876247,2655.125885340104,1061.7835092877187,0.8535416904300217,0.781814976284651,51.12588534010423,60.78350928771883,2604,1001,2718,1118,0.7,0.76,42.00493134139676,27.31981397782259,17.034190856717576,17.034190856717576,27.31981397782259,7483.0,20.30281544686321,0.208,angular,棱角状,normal,正常骨料
2475,537.0,575.0,95.34495698130462,1.3081965830664652,23.620876884488176,31.285435420145667,2619.193668528864,1537.0689013035385,0.9339130434782608,0.6557110568267037,14.19366852886406,13.068901303538174,2605,1524,2633,1557,0.74,0.76,15.045857016856118,6.507370567390298,4.91314239197354,4.91314239197354,6.507370567390298,537.0,5.438830660285137,0.208,regular,普通,undersized,过小噪声(<5mm)
2476,688.0,739.0,104.13543808260688,-0.826657764521142,24.824905676335856,37.2825693713431,2620.8502906976746,1606.735465116279,0.9309878213802436,0.7460782912352595,14.85029069767442,12.73546511627907,2606,1594,2639,1624,0.8,0.85,137.3640010087809,7.754774429239364,5.163580380677858,5.163580380677858,7.754774429239364,688.0,6.156198480916156,0.208,regular,普通,normal,正常骨料
2477,22539.0,23169.0,597.0446101321514,-0.5341046031519288,121.43495265226888,239.97463731515649,2719.4862238786104,2547.845290385554,0.972808494108507,0.8625144426561497,112.4862238786104,79.84529038555392,2607,2468,2827,2628,0.79,0.94,120.60193957911524,49.91472456155255,25.25847015167193,25.25847015167193,49.91472456155255,22539.0,35.23592817590974,0.208,regular,普通,normal,正常骨料
2478,2814.0,3216.0,242.47995282027784,-0.2701695002474255,45.10763017263137,87.20050087897796,2649.0799573560766,912.637526652452,0.875,0.8558123719777871,37.07995735607676,22.637526652452024,2612,890,2708,948,0.6,0.7,105.47957211733612,18.137704182827417,9.382387075907324,9.382387075907324,18.137704182827417,2814.0,12.450317905855647,0.208,angular,棱角状,normal,正常骨料
2479,3527.0,3714.0,223.5187638409074,-1.1496923149693397,63.50285239173186,73.70278291613789,2649.852849447122,1556.2945846328323,0.949649973074852,0.507575551086067,35.8528494471222,41.29458463283243,2614,1515,2685,1590,0.89,0.89,155.8725173863685,15.33017884655668,13.208593297480226,13.208593297480226,15.33017884655668,3527.0,13.93866319217484,0.208,regular,普通,normal,正常骨料
2480,4467.0,5643.0,320.16501110678064,1.5020348558435528,48.76477140745166,139.88178515883916,2649.966420416387,831.3684799641818,0.7916002126528442,0.9372663258531844,29.96642041638684,65.36847996418177,2620,766,2674,893,0.55,0.8,3.9397420786234094,29.095411313038547,10.143072452749944,10.143072452749944,29.095411313038547,4467.0,15.686511438446294,0.208,needle_flaky,针片状候选,normal,正常骨料
2481,362.0,409.0,76.93912836920404,-0.6817929087018291,18.72836598539164,26.51045419980644,2631.71546961326,1517.267955801105,0.8850855745721271,0.7077608589000917,11.715469613259668,9.267955801104971,2620,1508,2647,1532,0.77,0.8,129.06385617056307,5.514174473559739,3.895500124961461,3.895500124961461,5.514174473559739,362.0,4.46552658822661,0.208,angular,棱角状,undersized,过小噪声(<5mm)
2482,15222.0,15494.0,460.2150751923596,-0.7942008601160115,115.07687836243132,170.06394276428438,2696.038496912364,1739.7772303245304,0.9824448173486512,0.7362879988019975,73.03849691236368,68.77723032453028,2623,1671,2774,1821,0.9,0.96,135.50435737030733,35.37330009497115,23.935990699385712,23.935990699385712,35.37330009497115,15222.0,28.95704580354513,0.208,regular,普通,normal,正常骨料
2484,769.0,808.0,105.84098743051491,-0.926491896682932,30.31105471438807,33.70168763879923,2650.196358907672,1271.9505851755528,0.9517326732673268,0.4371414162152845,18.196358907672305,18.950585175552664,2632,1253,2666,1288,0.86,0.87,143.0840754330027,7.00995102887024,6.304699380592719,6.304699380592719,7.00995102887024,769.0,6.508509816015612,0.208,round,圆形,normal,正常骨料
2485,12081.0,12907.0,468.56182898422367,-0.2067942117717933,90.52391915967284,179.9488482193294,2708.896945617085,1192.699776508567,0.9360037189122182,0.8642552038445277,75.89694561708468,44.69977650856717,2633,1148,2814,1249,0.69,0.82,101.84843556225832,37.42936042962051,18.828975185211952,18.828975185211952,37.42936042962051,12081.0,25.797037586703674,0.208,regular,普通,normal,正常骨料
2486,15360.0,15794.0,472.9883636395649,0.885910597291138,121.90562724071997,165.1055897617369,2704.44921875,986.2533854166668,0.9725212105862986,0.6744182955543597,70.44921875,80.25338541666666,2634,906,2783,1055,0.86,0.89,39.241061749303896,34.34196267044127,25.35637046606975,25.35637046606975,34.34196267044127,15360.0,29.088009416083512,0.208,regular,普通,normal,正常骨料
2487,530.0,581.0,106.58691734781372,-1.4704848692788353,14.493106685748243,47.334512883629785,2641.4377358490565,2060.6415094339623,0.9122203098106711,0.9519721056384308,7.437735849056604,23.641509433962263,2634,2037,2650,2084,0.59,0.94,174.2525768475238,9.845578679794995,3.0145661906356342,3.0145661906356342,9.845578679794995,530.0,5.403265762630384,0.208,needle_flaky,针片状候选,undersized,过小噪声(<5mm)
2488,11528.0,12889.0,457.1524190309672,1.0948356320529196,110.87825515300618,141.05295904013883,2708.8691880638444,1418.2435808466344,0.8944060827061836,0.6181306762316621,73.86918806384455,74.24358084663429,2635,1344,2775,1493,0.69,0.71,27.270539022829794,29.33901548034888,23.062677071825284,23.062677071825284,29.33901548034888,11528.0,25.19970044123401,0.208,angular,棱角状,normal,正常骨料
2489,1917.0,2215.0,188.06421343019065,1.139467832873828,45.06771055999974,59.43600391766965,2656.9551382368286,2122.5565988523736,0.8654627539503386,0.6519568521631279,20.95513823682838,38.5565988523735,2636,2084,2682,2152,0.68,0.7,24.7133022854114,12.362688814875288,9.374083796479946,9.374083796479946,12.362688814875288,1917.0,10.276126710331093,0.208,angular,棱角状,normal,正常骨料
2490,913.0,964.0,130.39524832868196,-0.9206791119783612,33.18385948977444,41.01236412278801,2660.5454545454545,527.9123767798467,0.9470954356846472,0.5876456188303432,23.545454545454547,21.91237677984666,2637,506,2677,550,0.67,0.69,142.75102740221263,8.530571737539905,6.902242773873083,6.902242773873083,8.530571737539905,913.0,7.091755971598596,0.208,regular,普通,normal,正常骨料
2491,1229.0,1277.0,137.5196483281748,1.0387195168728356,32.65437707741357,51.41230632432685,2657.6615134255494,1448.7990235964198,0.9624119028974158,0.7723912001222666,16.661513425549227,25.79902359641985,2641,1423,2681,1469,0.82,0.88,30.48575558531862,10.693759715459985,6.792110432102023,6.792110432102023,10.693759715459985,1229.0,8.228000998440978,0.208,regular,普通,normal,正常骨料
2493,10742.0,11868.0,422.2137607414214,0.9306094015531174,106.25250601835856,134.6892590489798,2709.8127909141685,1612.0949543846584,0.905123019885406,0.6145582923774495,68.81279091416869,72.09495438465835,2641,1540,2772,1674,0.76,0.77,36.68000891581109,28.0153658821878,22.10052125181858,22.10052125181858,28.0153658821878,10742.0,24.32545477265492,0.208,regular,普通,normal,正常骨料
2494,10864.0,13750.0,482.56424290426463,-0.3382612999462466,93.46880877678934,170.5622917138462,2724.5956369661267,2061.938328424153,0.7901090909090909,0.8364757473754106,82.59563696612666,77.93832842415317,2642,1984,2805,2109,0.59,0.67,109.38094485952875,35.47695667648001,19.441512225572183,19.441512225572183,35.47695667648001,10864.0,24.46320038440223,0.208,angular,棱角状,normal,正常骨料
2495,3879.0,4290.0,285.80483314778627,-0.7406316212075175,51.96211612136515,101.87811068689776,2689.321474606857,1336.8332044341323,0.904195804195804,0.8601494930079929,44.32147460685744,40.83320443413251,2645,1296,2734,1381,0.6,0.7,132.43506606912263,21.19064702287473,10.80812015324395,10.80812015324395,21.19064702287473,3879.0,14.617674402531144,0.208,angular,棱角状,normal,正常骨料
2496,9734.0,10033.0,396.4534943337004,1.168968472636639,81.46926511535263,155.91427991559038,2709.191596465996,773.8901787548798,0.970198345459982,0.8526233510366465,55.19159646599548,75.8901787548798,2654,698,2753,852,0.78,0.91,23.02304013406653,32.4301702224428,16.945607143993346,16.945607143993346,32.4301702224428,9734.0,23.156027957051496,0.208,regular,普通,normal,正常骨料
2498,1046.0,1090.0,127.2141874289935,1.567411541527299,27.2070615451371,50.11689370519438,2667.6749521988527,2175.3087954110897,0.9596330275229358,0.839815409322558,12.674952198852772,25.308795411089868,2655,2150,2682,2198,0.81,0.93,0.1939339103914079,10.42431389068043,5.659068801388517,5.659068801388517,10.42431389068043,1046.0,7.590742104955186,0.208,regular,普通,normal,正常骨料
2499,702.0,740.0,104.36547587873451,-1.3016707544958857,25.0687835574379,37.39504311766592,2667.082621082621,700.8233618233618,0.9486486486486486,0.7420205093604689,11.082621082621085,15.823361823361823,2656,685,2682,724,0.81,0.86,164.58024054822377,7.778168968474511,5.214306979947083,5.214306979947083,7.778168968474511,702.0,6.218518781488265,0.208,regular,普通,normal,正常骨料
2500,17453.0,18789.0,531.6727647005987,-1.4943719763609216,123.66352928110668,186.04368286338865,2720.598693634332,2379.5806451612902,0.9288945659694502,0.7471089708423594,63.59869363433221,89.58064516129032,2657,2290,2787,2480,0.78,0.83,175.62120726810443,38.69708603558484,25.722014090470186,25.722014090470186,38.69708603558484,17453.0,31.006549447394264,0.208,regular,普通,normal,正常骨料
2502,3807.0,4105.0,241.924592453008,0.5839035001411983,61.818094685055215,81.6695908865689,2695.6432886787497,1506.268452850013,0.9274056029232643,0.6534969390736743,34.64328867874967,41.268452850013134,2661,1465,2738,1542,0.82,0.84,56.54479379899287,16.98727490440633,12.858163694491484,12.858163694491484,16.98727490440633,3807.0,14.48137609381953,0.208,regular,普通,normal,正常骨料
2503,1408.0,1577.0,161.55801710517073,-0.888475943172928,28.769461144181168,66.23400818245122,2683.9644886363635,1266.192471590909,0.8928344958782498,0.9007389400933656,21.96448863636364,25.19247159090909,2662,1241,2712,1295,0.68,0.87,140.90592174271393,13.776673701949854,5.984047917989683,5.984047917989683,13.776673701949854,1408.0,8.806832200859642,0.208,needle_flaky,针片状候选,normal,正常骨料
2504,3087.0,3426.0,231.48437853271355,1.10688359417469,53.47011179395791,80.14641110690904,2697.0459993521217,873.031746031746,0.9010507880910684,0.7449185582173775,33.045999352121804,37.03174603174603,2664,836,2731,910,0.72,0.77,26.580241641518874,16.67045351023708,11.121783253143246,11.121783253143246,16.67045351023708,3087.0,13.040273766028992,0.208,regular,普通,normal,正常骨料
2505,20887.0,22047.0,589.5322993521363,1.2673691954546888,122.63343277003126,222.7814735791416,2732.6344616268493,590.7809642361277,0.9473851317639588,0.8348581561426806,62.63446162684924,123.78096423612772,2670,467,2804,690,0.76,0.86,17.38509401555561,46.33854650446144,25.5077540161665,25.5077540161665,46.33854650446144,20887.0,33.920045617627004,0.208,regular,普通,normal,正常骨料
2506,774.0,807.0,112.83063440889464,1.1610640173681264,26.48195377581725,40.72725798299528,2681.996124031008,822.6808785529715,0.9591078066914498,0.7597401765539699,10.996124031007753,20.680878552971578,2671,802,2700,841,0.76,0.82,23.47593206030224,8.471269660463019,5.508246385369987,5.508246385369987,8.471269660463019,774.0,6.529634538279205,0.208,regular,普通,normal,正常骨料
2507,8732.0,9455.0,397.4852785760426,1.5294958672642938,78.72171677741095,153.64843203717834,2711.0797068254697,2207.211177278974,0.923532522474881,0.8587769559978524,36.079706825469536,75.21117727897389,2675,2132,2760,2284,0.69,0.82,2.366342023054401,31.958873863733093,16.374117089701475,16.374117089701475,31.958873863733093,8732.0,21.931849539265983,0.208,regular,普通,normal,正常骨料
2509,11501.0,12459.0,425.085847352785,-0.3256732110188325,103.6121168681524,145.36526714840772,2753.883053647509,1103.6249891313798,0.9231077935628864,0.7013970312096269,77.88305364750892,59.62498913137988,2676,1044,2828,1157,0.8,0.83,108.65970049185256,30.23597556686881,21.551320308575697,21.551320308575697,30.23597556686881,11501.0,25.170172736098124,0.208,regular,普通,normal,正常骨料
2510,13595.0,14190.0,504.8970623333525,-0.2978737797382721,86.5942953526417,207.9972131979575,2784.832659065833,1251.4079440970943,0.9580690627202256,0.9092161858224952,99.83265906583304,54.40794409709452,2685,1197,2894,1307,0.67,0.88,107.0669104066125,43.26342034517516,18.01161343334947,18.01161343334947,43.26342034517516,13595.0,27.36579064898771,0.208,needle_flaky,针片状候选,normal,正常骨料
2511,15892.0,16730.0,512.3073166578888,0.0475735099095823,101.2749891239532,207.06904754954388,2781.705889755852,377.5551849987415,0.9499103407053198,0.8722344381229988,94.705889755852,48.5551849987415,2687,329,2889,433,0.76,0.91,87.27423866555714,43.07036189030512,21.065197737782267,21.065197737782267,43.07036189030512,15892.0,29.587459227907754,0.208,needle_flaky,针片状候选,normal,正常骨料
2512,7759.0,8814.0,375.4219651891811,-0.2361969425070696,92.1346199777732,119.65497235164196,2764.461786312669,461.13764660394384,0.8803040617199909,0.6380409479720481,66.46178631266916,43.13764660394381,2698,418,2826,518,0.69,0.71,103.53308793954923,24.88823424914153,19.164000955376824,19.164000955376824,24.88823424914153,7759.0,20.673845682709636,0.208,angular,棱角状,normal,正常骨料
2513,18146.0,19097.0,517.2660917172183,1.5451442093066354,143.28626214609702,166.1864931311376,2777.3411771189244,1860.4179433483964,0.9502016023459182,0.5065652786693002,69.34117711892428,86.41794334839634,2708,1774,2847,1937,0.85,0.86,1.4697580676510995,34.56679057127662,29.803542526388178,29.803542526388178,34.56679057127662,18146.0,31.616140111475612,0.208,round,圆形,normal,正常骨料
2514,937.0,972.0,118.0425672276333,-0.9088935798779724,30.366011626713345,40.91832009423097,2732.092849519744,1540.4407684098185,0.9639917695473252,0.67027494380689,20.092849519743865,20.44076840981857,2712,1520,2751,1562,0.85,0.87,142.07576615354438,8.511010579600041,6.316130418356376,6.316130418356376,8.511010579600041,937.0,7.1843617125411,0.208,regular,普通,normal,正常骨料
2516,8324.0,8845.0,370.90014575882543,1.311894704459446,81.96023023616678,136.4100215353908,2770.4506246996634,2152.241950985104,0.9410966647823628,0.7993713331882791,51.45062469966362,68.24195098510332,2719,2084,2811,2219,0.76,0.84,14.833970268911289,28.373284479361285,17.04772788912269,17.04772788912269,28.373284479361285,8324.0,21.41334085242948,0.208,regular,普通,normal,正常骨料
2517,5184.0,5472.0,289.9618617609012,0.7105808964421455,78.64785212440303,90.98902741194202,2761.964313271605,888.330825617284,0.9473684210526316,0.5028626446567853,39.96431327160494,51.33082561728395,2722,837,2815,930,0.77,0.78,49.28671363124245,18.92571770168394,16.358753241875828,16.358753241875828,18.92571770168394,5184.0,16.898606406422395,0.208,regular,普通,normal,正常骨料
2518,4465.0,4709.0,258.4343021671716,-0.956707575353882,68.2058545337244,84.86793412409993,2764.1122060470325,1332.2694288913774,0.9481843278827776,0.5950745644335134,39.11220604703247,42.26942889137738,2725,1290,2800,1378,0.84,0.86,144.8153062959716,17.652530297812785,14.186817743014675,14.186817743014675,17.652530297812785,4465.0,15.682999401810216,0.208,regular,普通,normal,正常骨料
2519,6539.0,6859.0,307.5822922096043,-0.7683401818771516,83.37424751813768,103.41222986005674,2780.744609267472,1495.831931487995,0.9533459688001168,0.5915995130098495,48.74460926747209,45.83193148799511,2732,1450,2832,1550,0.87,0.88,134.02264965187484,21.5097438108918,17.341843483772635,17.341843483772635,21.5097438108918,6539.0,18.979032214607702,0.208,round,圆形,normal,正常骨料
2520,4909.0,5625.0,300.3789557179141,1.1656394570678246,56.99378227122613,117.80273985403504,2781.415359543695,1604.7962925239356,0.8727111111111111,0.8751747548648827,46.41535954369525,49.79629252393563,2735,1555,2814,1660,0.68,0.83,23.21377867609293,24.50296988963929,11.854706712415034,11.854706712415034,24.50296988963929,4909.0,16.444281792517998,0.208,needle_flaky,针片状候选,normal,正常骨料
2522,1029.0,1151.0,132.8861958399875,0.8165425703247466,29.99355174177266,47.67074036030502,2767.275024295433,1676.5432458697765,0.894005212858384,0.7772583478696815,25.27502429543246,20.54324586977648,2742,1656,2788,1700,0.73,0.79,43.2155569276278,9.915513994943444,6.238658762288713,6.238658762288713,9.915513994943444,1029.0,7.528805569123254,0.208,angular,棱角状,normal,正常骨料
2523,14968.0,15615.0,469.38669539371983,-0.9735355384840718,122.55015345799436,159.2982489644808,2813.0998797434527,754.3343132014966,0.9585654819084214,0.6388725153854518,70.0998797434527,76.33431320149653,2743,678,2881,830,0.85,0.88,145.77947756113326,33.134035784612,25.490431919262825,25.490431919262825,33.134035784612,14968.0,28.71443541165491,0.208,regular,普通,normal,正常骨料
2524,2862.0,3264.0,240.718586943454,0.8483271113747748,43.28051936402607,97.02637591362844,2782.477288609364,983.5988819007688,0.8768382352941176,0.8949982611147818,39.47728860936408,40.598881900768696,2743,943,2818,1026,0.62,0.78,41.39443687170088,20.181486190034715,9.002348027717423,9.002348027717423,20.181486190034715,2862.0,12.556054988280115,0.208,needle_flaky,针片状候选,normal,正常骨料
2525,6033.0,6159.0,293.4056570223516,-1.3762838963158646,71.64619694551992,108.9362848650434,2778.834576495939,2264.282778054036,0.9795421334632244,0.7532895664752921,35.834576495939004,51.282778054036136,2743,2213,2813,2319,0.88,0.94,168.85525867071965,22.65874725192903,14.902408964668142,14.902408964668142,22.65874725192903,6033.0,18.229932346485146,0.208,regular,普通,normal,正常骨料
2526,1618.0,1719.0,170.5785360026006,0.998785406134688,29.397769011955337,70.83366748949462,2770.386279357231,1420.9443757725587,0.9412449098312972,0.9098098388120796,22.38627935723115,29.944375772558715,2748,1391,2795,1451,0.7,0.92,32.773811589222525,14.73340283781488,6.11473595448671,6.11473595448671,14.73340283781488,1618.0,9.440775121959897,0.208,needle_flaky,针片状候选,normal,正常骨料
2527,1130.0,1310.0,150.83194885983278,-0.394804419976188,26.044356879985987,59.493010887587744,2783.881415929204,1371.8115044247788,0.8625954198473282,0.899086165669647,30.88141592920354,22.81150442477876,2753,1349,2810,1390,0.62,0.79,112.62062699774604,12.37454626461825,5.417226231037085,5.417226231037085,12.37454626461825,1130.0,7.889647793131639,0.208,needle_flaky,针片状候选,normal,正常骨料
2528,3893.0,5114.0,302.12397331192085,-0.9556626731370378,64.59296214559053,93.2346760199847,2814.784741844336,1544.333162085795,0.7612436448963629,0.7211300007974193,59.78474184433599,47.33316208579502,2755,1497,2848,1587,0.54,0.56,144.7554378089426,19.392812612156817,13.43533612628283,13.43533612628283,19.392812612156817,3893.0,14.644029535537756,0.208,angular,棱角状,normal,正常骨料
2529,8652.0,11728.0,508.07812323304097,-1.2798528736198345,95.07329795976096,155.172223946061,2823.2746185852984,545.5102866389274,0.7377216916780355,0.7903191916441699,65.2746185852982,73.51028663892741,2758,472,2883,626,0.42,0.46,163.33016805610686,32.275822580780684,19.77524597563028,19.77524597563028,32.275822580780684,8652.0,21.831151810198374,0.208,angular,棱角状,normal,正常骨料
2530,804.0,1036.0,155.6001543691333,-1.2268842418938894,17.130316447766766,66.88343476884894,2779.634328358209,1715.379353233831,0.7760617760617761,0.9666444751172047,16.634328358208954,33.37935323383085,2763,1682,2794,1746,0.42,0.76,160.29528901162746,13.91175443192058,3.563105821135488,3.563105821135488,13.91175443192058,804.0,6.65497485144695,0.208,needle_flaky,针片状候选,undersized,过小噪声(<5mm)
2531,2414.0,2536.0,186.8976761667352,0.1407027975929932,54.11400311281388,58.50825895258408,2798.682270091136,1751.2734051367026,0.9518927444794952,0.3802223287506382,33.682270091135045,29.273405136702568,2765,1722,2829,1779,0.87,0.87,81.938323532238,12.169717862137489,11.255712647465288,11.255712647465288,12.169717862137489,2414.0,11.531532495358146,0.208,round,圆形,normal,正常骨料
2532,959.0,1039.0,145.14359216602165,-0.6012395066016528,20.692901933081504,62.98002830254669,2800.981230448384,494.4129301355579,0.9230028873917228,0.9444820846936696,29.981230448383734,21.412930135557872,2771,473,2825,513,0.57,0.87,124.4484862048027,13.099845886929712,4.304123602080953,4.304123602080953,13.099845886929712,959.0,7.268213865952334,0.208,needle_flaky,针片状候选,undersized,过小噪声(<5mm)
2533,2167.0,2270.0,179.27373232888834,1.014011588733005,43.47753809856151,64.9340699777759,2798.791416705122,2015.5782187355792,0.9546255506607928,0.7427540552226121,27.791416705122288,27.578218735579146,2771,1988,2824,2047,0.85,0.9,31.90141558824343,13.506286555377388,9.043327924500794,9.043327924500794,13.506286555377388,2167.0,10.925664239881968,0.208,regular,普通,normal,正常骨料
2534,20052.0,20994.0,555.481095681467,-0.1599986437118229,137.75931038089746,193.12141668156173,2869.6876122082585,2584.7135946539,0.9551300371534724,0.7008282497197056,97.68761220825851,78.71359465389986,2772,2506,2973,2652,0.82,0.85,99.16724701250482,40.16925466976484,28.653936559226672,28.653936559226672,40.16925466976484,20052.0,33.235119315611605,0.208,regular,普通,normal,正常骨料
2535,2345.0,2445.0,184.54148167654284,0.3029287939621186,51.11640669956409,60.68893484091423,2805.8294243070363,1407.778251599147,0.9591002044989776,0.5390574927500892,30.82942430703625,23.77825159914712,2775,1384,2839,1439,0.87,0.87,72.64345861298251,12.62329844691016,10.63221259350933,10.63221259350933,12.62329844691016,2345.0,11.36553327524603,0.208,round,圆形,normal,正常骨料
2536,420.0,449.0,81.9373716746322,-1.531714065979799,17.552060001249206,32.25546724257472,2786.373809523809,1954.15,0.935412026726058,0.8389829716665615,10.373809523809523,15.15,2776,1939,2795,1971,0.79,0.9,177.7607514014654,6.709137186455541,3.6508284802598343,3.6508284802598343,6.709137186455541,420.0,4.809977440553882,0.208,regular,普通,undersized,过小噪声(<5mm)
2537,138.0,146.0,43.97552546979273,0.6511363120300904,12.269106537118574,14.796682892216156,2787.246376811594,1676.3985507246375,0.9452054794520548,0.5589823881663182,7.246376811594203,5.398550724637682,2780,1671,2794,1684,0.9,0.91,52.69263743296237,3.07771004158096,2.5519741597206638,2.5519741597206638,3.07771004158096,138.0,2.7571344039694994,0.208,regular,普通,undersized,过小噪声(<5mm)
2538,11814.0,12661.0,428.5132943314182,-0.7546937131792247,114.64395614188298,135.54320963671768,2854.1493990181143,1323.532165227696,0.9331016507384884,0.5334824476440286,65.1493990181141,60.53216522769596,2789,1263,2921,1390,0.81,0.82,133.24076459022626,28.192987604437278,23.84594287751166,23.84594287751166,28.192987604437278,11814.0,25.510377044012273,0.208,regular,普通,normal,正常骨料
2539,12228.0,12729.0,463.967844742135,0.6768462944031244,84.90441220926488,187.28463841854352,2866.447252208048,1719.1955348380766,0.9606410558567052,0.8913355144796196,74.4472522080471,65.19553483807654,2792,1654,2950,1789,0.71,0.89,51.21956395163178,38.95520479105705,17.660117739527095,17.660117739527095,38.95520479105705,12228.0,25.953510500360547,0.208,needle_flaky,针片状候选,normal,正常骨料
2540,9765.0,10046.0,374.3670609835574,0.4494505156044867,88.45272512753253,141.33773331318906,2857.0759856630825,1975.240962621608,0.9720286681266176,0.7799632884252425,64.07598566308243,49.240962621607785,2793,1926,2924,2027,0.88,0.95,64.24838235588416,29.398248529143324,18.398166826526765,18.398166826526765,29.398248529143324,9765.0,23.192871302478192,0.208,regular,普通,normal,正常骨料
2541,16089.0,17350.0,497.043080699378,0.5708429698914567,133.456373840575,164.169132457781,2868.284169308223,2306.810988874386,0.9273198847262248,0.5823753489194912,74.28416930822301,79.81098887438623,2794,2227,2954,2370,0.82,0.83,57.29310706050601,34.14717955121844,27.7589257588396,27.7589257588396,34.14717955121844,16089.0,29.770280052239983,0.208,regular,普通,normal,正常骨料
2542,12255.0,12853.0,431.98020955615016,-1.5576287834022775,118.4383047064824,140.72205196515876,2853.7970624235004,2155.88992248062,0.9534738971446356,0.5400279490996444,54.79706242350061,67.88992248062016,2799,2088,2925,2228,0.83,0.83,179.24555533704756,29.27018680875302,24.63516737894834,24.63516737894834,29.27018680875302,12255.0,25.982147987709514,0.208,regular,普通,normal,正常骨料
2544,3454.0,3626.0,236.7915961264667,0.2227439115283548,64.09436581032038,74.90123013457034,2852.6453387376955,1187.2408801389693,0.9525648097076668,0.5174416929666009,46.64533873769543,38.24088013896931,2806,1149,2889,1218,0.77,0.78,77.23771395718987,15.57945586799063,13.33162808854664,13.33162808854664,15.57945586799063,3454.0,13.793661398680912,0.208,regular,普通,normal,正常骨料
2545,803.0,875.0,129.8004197153135,1.537128714625556,21.272404315400426,53.72301862440233,2820.998754669988,1616.011207970112,0.9177142857142856,0.9182658504604834,8.998754669987546,30.01120797011208,2812,1586,2834,1642,0.6,0.81,1.9290120835865,11.174387873875684,4.424660097603288,4.424660097603288,11.174387873875684,803.0,6.650834897795008,0.208,needle_flaky,针片状候选,undersized,过小噪声(<5mm)
2547,7975.0,8388.0,357.4762121693358,1.2198319193647624,79.07513400847057,131.49379039111784,2866.508463949843,1472.490156739812,0.9507629947544112,0.7989780299191543,52.50846394984326,60.49015673981192,2814,1412,2913,1541,0.78,0.86,20.10877930505656,27.35070840135251,16.447627873761878,16.447627873761878,27.35070840135251,7975.0,20.959636194738472,0.208,regular,普通,normal,正常骨料
2549,3675.0,3802.0,249.54853629085483,0.6676814480428936,46.84175955308031,102.5950023668317,2861.145850340136,1788.1668027210883,0.9665965281430826,0.8896876964124096,39.14585034013606,40.16680272108844,2822,1748,2908,1824,0.74,0.92,51.74467096795883,21.339760492300996,9.743085987040704,9.743085987040704,21.339760492300996,3675.0,14.228105146613027,0.208,needle_flaky,针片状候选,normal,正常骨料
2551,17164.0,19945.0,570.8011481688935,0.2275883920687042,131.27882841469773,182.267898909228,2916.200536005593,1880.361862036821,0.8605665580345951,0.6937124619880234,92.20053600559312,87.36186203682125,2824,1793,3009,1949,0.66,0.69,76.96014566829459,37.91172297311942,27.305996310257125,27.305996310257125,37.91172297311942,17164.0,30.74876286498331,0.208,angular,棱角状,normal,正常骨料
2554,321.0,336.0,65.75298453161078,1.1479218095761163,18.58436208869416,22.24982322910752,2833.2959501557634,675.6760124610591,0.9553571428571428,0.5498569168857677,8.29595015576324,10.67601246105919,2825,665,2844,687,0.93,0.94,24.22892510026837,4.627963231654364,3.865547314448385,3.865547314448385,4.627963231654364,321.0,4.205047544078246,0.208,round,圆形,undersized,过小噪声(<5mm)
2556,14038.0,14468.0,523.3028909454531,-0.361187103384026,87.63021421925836,214.20553716621512,2943.2659210713778,512.6041458897279,0.9702792369366878,0.912492216368764,115.26592107137768,64.60414588972787,2828,448,3033,566,0.64,0.85,110.69449663846002,44.55475173057275,18.22708455760574,18.22708455760574,44.55475173057275,14038.0,27.808080585382356,0.208,needle_flaky,针片状候选,normal,正常骨料
2557,9777.0,10145.0,401.8165284563693,-1.0088306554016526,75.8335796463954,167.84427556405117,2891.625447478777,874.3381405339061,0.9637259733859044,0.8921146176659838,57.62544747877672,76.33814053390611,2834,798,2944,949,0.76,0.95,147.80173879793142,34.91160931732264,15.773384566450243,15.773384566450243,34.91160931732264,9777.0,23.207117539265354,0.208,needle_flaky,针片状候选,normal,正常骨料
2558,2633.0,3742.0,264.44798143212483,0.6512306827145588,50.01411404317984,89.63065361221985,2880.205469046715,1409.7709836688189,0.7036344200962052,0.8298393782152597,45.205469046714775,28.77098366881884,2835,1381,2912,1463,0.47,0.54,52.68723039103257,18.64317595134173,10.402935720981406,10.402935720981406,18.64317595134173,2633.0,12.04325338526888,0.208,angular,棱角状,normal,正常骨料
2559,10761.0,11055.0,388.5995126997259,0.6332985165735465,114.2359190827216,122.25640655058736,2902.7242821299137,2438.1169965616577,0.9734056987788332,0.3562355702798273,63.724282129913576,65.11699656165784,2839,2373,2962,2497,0.9,0.9,53.71466782843997,25.42933256252217,23.76107116920609,23.76107116920609,25.42933256252217,10761.0,24.346958191406273,0.208,round,圆形,normal,正常骨料
2560,1158.0,1269.0,132.291367226619,-0.5951483821767092,34.004200787225415,45.227427319324185,2862.087219343696,1117.7098445595857,0.9125295508274232,0.6593352122573676,20.087219343696027,18.70984455958549,2842,1099,2885,1141,0.83,0.86,124.09949048276438,9.40730488241943,7.072873763742886,7.072873763742886,9.40730488241943,1158.0,7.986797512034643,0.208,regular,普通,normal,正常骨料
2561,411.0,434.0,80.2712905728228,-1.3274561092396748,19.099267086114025,29.53147551288076,2851.131386861314,1539.897810218978,0.9470046082949308,0.7627082283174802,9.13138686131387,14.897810218978105,2842,1525,2864,1555,0.8,0.86,166.05763254829054,6.142546906679197,3.972647553911717,3.972647553911717,6.142546906679197,411.0,4.758162886836312,0.208,regular,普通,undersized,过小噪声(<5mm)
2566,5135.0,5459.0,293.0245179222936,1.0917046073184742,71.59236532026794,101.37595170662664,2906.654722492697,1163.9444985394352,0.9406484704158272,0.7080058262795905,45.654722492697175,39.94449853943525,2861,1124,2945,1225,0.75,0.79,27.449933525664584,21.08619795497834,14.891211986615732,14.891211986615732,21.08619795497834,5135.0,16.818552617026008,0.208,regular,普通,normal,正常骨料
2567,333.0,358.0,69.54522232748485,1.3259066730023663,20.21239761942697,21.54154321533928,2874.3393393393394,337.8258258258258,0.9301675977653632,0.3458264459998085,9.33933933933934,9.825825825825826,2865,328,2886,350,0.87,0.87,14.031143608731869,4.4806409887905705,4.2041787048408095,4.2041787048408095,4.4806409887905705,333.0,4.282925410968484,0.208,regular,普通,undersized,过小噪声(<5mm)
2570,21097.0,21819.0,571.2381037978673,-0.1494343973200555,135.5692180492904,205.862763281554,2973.225292695644,2061.155093141205,0.9669095742243,0.7525442206821528,100.22529269564392,68.15509314120492,2873,1993,3067,2126,0.81,0.87,98.56196028052024,42.81945476256323,28.198397354252403,28.198397354252403,42.81945476256323,21097.0,34.09013693418106,0.208,regular,普通,normal,正常骨料
2571,257.0,271.0,59.2792296744022,0.6684110537231782,16.450087424303167,20.28689797728061,2897.151750972763,324.4824902723735,0.948339483394834,0.5852228713839523,10.151750972762644,8.482490272373541,2887,316,2907,334,0.92,0.93,51.70286764176976,4.219674779274366,3.4216181842550584,3.4216181842550584,4.219674779274366,257.0,3.762573184072235,0.208,regular,普通,undersized,过小噪声(<5mm)
2572,10815.0,11492.0,446.4426990684464,-0.6378193949941835,89.09060940737172,163.27517069477548,2958.098012020342,2173.170596393897,0.9410894535328924,0.8380151166471006,70.09801202034211,53.17059639389736,2888,2120,3039,2243,0.68,0.78,126.5443594247543,33.9612355045133,18.530846756733315,18.530846756733315,33.9612355045133,10815.0,24.407969737360578,0.208,regular,普通,normal,正常骨料
2573,6913.0,7164.0,323.5924580854139,-0.5837610058382663,77.53757949493804,116.9495169846858,2939.3717633444235,374.4856068277159,0.964963707426019,0.7486190193305767,46.37176334442355,43.4856068277159,2893,331,2995,427,0.83,0.88,123.44704187884446,24.325499532814646,16.12781653494711,16.12781653494711,24.325499532814646,6913.0,19.51424138267324,0.208,regular,普通,normal,正常骨料
2575,14779.0,15524.0,469.9978722899055,-0.7743139432814158,125.0377886292098,156.90314802961413,2956.433452872319,668.1935178293525,0.9520097912909044,0.6040971996494305,61.43345287231883,66.19351782935246,2895,602,3030,744,0.84,0.86,134.36492096815732,32.63585479015974,26.00786003487564,26.00786003487564,32.63585479015974,14779.0,28.53257180258581,0.208,regular,普通,normal,正常骨料
2577,8432.0,8713.0,364.2358213515878,-0.5430855788370126,76.62258921067455,141.8142909893759,2959.7515417457307,930.3543643263756,0.9677493400665672,0.8414709812579105,61.75154174573055,45.35436432637571,2898,885,3029,983,0.8,0.92,121.11651158178016,29.497372525790187,15.937498555820303,15.937498555820303,29.497372525790187,8432.0,21.55180719832968,0.208,regular,普通,normal,正常骨料
2579,9539.0,9995.0,370.61429143378194,1.3026791345247597,105.79617910739591,117.39612307150364,2961.8165426145297,1431.5099066988157,0.9543771885942972,0.4334248391759274,49.81654261452982,60.50990669881539,2912,1371,3021,1491,0.87,0.88,15.361983531976476,24.418393598872758,22.00560525433835,22.00560525433835,24.418393598872758,9539.0,22.922913662826183,0.208,round,圆形,normal,正常骨料
2580,5177.0,5485.0,292.3738727800093,0.3072574181726443,59.74305496051615,113.93553240031154,2968.8524241838904,1349.1301912304425,0.9438468550592524,0.8514976539331902,54.852424183890285,38.13019123044234,2914,1311,3028,1384,0.76,0.89,72.39544671462124,23.6985907392648,12.426555431787358,12.426555431787358,23.6985907392648,5177.0,16.88719338521165,0.208,regular,普通,normal,正常骨料
2582,157.0,166.0,46.65704253112722,1.3642093313634005,12.153188612631189,16.648837035961236,2927.267515923567,323.4267515923567,0.9457831325301204,0.6834768108129193,5.267515923566879,8.426751592356688,2922,315,2934,332,0.91,0.94,11.836562940513147,3.462958103479937,2.527863231427287,2.527863231427287,3.462958103479937,157.0,2.9408184913655018,0.208,regular,普通,undersized,过小噪声(<5mm)
2586,9253.0,9522.0,368.02805914746193,0.278210751257254,97.16582836298488,126.8862819644451,2982.353723116827,1660.3157894736842,0.9717496324301618,0.6431134083388678,55.35372311682698,54.31578947368421,2927,1606,3053,1711,0.86,0.88,74.05969813779538,26.39234664860458,20.210492299500853,20.210492299500853,26.39234664860458,9253.0,22.576659101683855,0.208,regular,普通,normal,正常骨料
2590,16665.0,17020.0,495.0353287436093,0.3150835747202449,134.20077393087564,166.54635386013888,3030.6156615661566,1178.4130813081308,0.9791421856639247,0.5922063856185309,86.61566156615662,66.41308130813081,2944,1112,3121,1257,0.85,0.87,71.94704097463504,34.641641602908884,27.91376097762213,27.91376097762213,34.641641602908884,16665.0,30.298494770053,0.208,round,圆形,normal,正常骨料
2591,2943.0,3121.0,239.75896751284463,-1.1555639960865396,39.40360536159967,97.06461170725036,2972.826707441386,1743.9289840299014,0.9429669977571292,0.9138942526961116,25.82670744138634,39.92898402990146,2947,1704,3006,1791,0.64,0.86,156.2089399330307,20.189439235108075,8.195949915212731,8.195949915212731,20.189439235108075,2943.0,12.732495323284088,0.208,needle_flaky,针片状候选,normal,正常骨料
2593,14575.0,15057.0,479.78744106791567,-0.3069906103930066,113.82446085935584,170.37407774179994,3047.177975986278,833.7079931389366,0.9679883110845454,0.7440844620752041,94.17797598627789,67.70799313893653,2953,766,3133,888,0.8,0.84,107.58926632566428,35.43780817029438,23.675487858746013,23.675487858746013,35.43780817029438,14575.0,28.33496470430794,0.208,regular,普通,normal,正常骨料
2595,9641.0,9960.0,380.84081584076586,0.2558227500744683,89.19196771623922,142.24252209878696,3033.33067109221,1296.4584586661135,0.9679718875502008,0.7789858331329025,74.33067109221035,41.45845866611347,2959,1255,3098,1349,0.84,0.91,75.3424361173029,29.58644459654769,18.55192928497776,18.55192928497776,29.58644459654769,9641.0,23.04514450445152,0.208,regular,普通,normal,正常骨料
2597,11211.0,11566.0,402.8088444526129,1.2600574212590454,99.2319398674779,146.31692411482297,3025.360271162251,1568.5047720988316,0.9693065882759814,0.7348786268072258,54.36027116225136,67.50477209883151,2971,1501,3079,1638,0.87,0.92,17.804027817718648,30.433920215883177,20.640243492435403,20.640243492435403,30.433920215883177,11211.0,24.850811238722667,0.208,regular,普通,normal,正常骨料
2599,7659.0,8002.0,368.1069956396593,0.5411136668285478,65.5715199345733,149.90948194692248,3044.0494842668754,1954.6375505940723,0.9571357160709822,0.8992634473536952,71.04948426687557,53.63755059407233,2973,1901,3111,2003,0.71,0.9,58.99647065387604,31.181172244959875,13.638876146391246,13.638876146391246,31.181172244959875,7659.0,20.54018869791974,0.208,needle_flaky,针片状候选,normal,正常骨料
2600,6828.0,7056.0,314.3255531090392,-0.4759107363436178,87.29182812950732,102.14049341587013,3036.654950205038,410.33626244874046,0.967687074829932,0.5192455678230644,54.65495020503808,51.33626244874048,2982,359,3089,462,0.87,0.88,117.26767661745258,21.245222630500987,18.15670025093752,18.15670025093752,21.245222630500987,6828.0,19.393899935542773,0.208,round,圆形,normal,正常骨料
2601,4659.0,4973.0,306.4715714750647,-0.5978341143655638,55.96710884917098,115.81218167549736,3033.3876368319384,1723.278815196394,0.9368590388095716,0.8754782463271789,51.38763683193818,40.27881519639408,2982,1683,3091,1774,0.62,0.75,124.25337160208818,24.08893378850345,11.641158640627562,11.641158640627562,24.08893378850345,4659.0,16.020082545226895,0.208,needle_flaky,针片状候选,normal,正常骨料
2602,916.0,967.0,113.5207477972776,-0.1029008315761246,32.19413894608556,36.84134103663509,3014.5949781659388,2576.680131004367,0.9472595656670114,0.4861793666191922,16.594978165938866,15.680131004366812,2998,2561,3035,2593,0.89,0.9,95.89578335769843,7.662998935620099,6.696380900785796,6.696380900785796,7.662998935620099,916.0,7.103397712904341,0.208,regular,普通,normal,正常骨料
2603,13223.0,13678.0,434.09001796739767,0.963579636929055,120.1703155293696,142.71542694567526,3067.8888300688195,1002.4157906677758,0.966734902763562,0.5394345865019776,67.88883006881949,74.41579066777585,3000,928,3132,1076,0.88,0.89,34.790953579216946,29.68480880470045,24.99542563010888,24.99542563010888,29.68480880470045,13223.0,26.988788705264824,0.208,round,圆形,normal,正常骨料
2604,10482.0,11163.0,423.3244814759611,0.5389004085672559,83.26203761005375,169.71997950129114,3081.9704254913186,1901.152738027094,0.9389948938457404,0.8713934705641786,77.97042549131845,55.15273802709407,3004,1846,3156,1965,0.74,0.88,59.12328101122053,35.301755736268554,17.31850382289118,17.31850382289118,35.301755736268554,10482.0,24.02926417150534,0.208,needle_flaky,针片状候选,normal,正常骨料
2605,14959.0,16060.0,478.9067581295037,-0.5532194694321285,125.90352656399136,154.87241544428133,3090.428103482853,496.6354702854469,0.931444582814446,0.5823335255625297,77.42810348285313,70.63547028544689,3013,426,3166,561,0.82,0.83,121.69714074292762,32.213462412410514,26.187933525310203,26.187933525310203,32.213462412410514,14959.0,28.70580136643342,0.208,regular,普通,normal,正常骨料
2607,422.0,442.0,74.90825645015383,-0.9847875033400206,21.65327725605988,24.93190444707384,3032.061611374408,2555.5829383886257,0.9547511312217196,0.4956949121449527,11.061611374407583,11.582938388625593,3021,2544,3044,2569,0.95,0.95,146.42416765860864,5.185836124991358,4.503881669260455,4.503881669260455,5.185836124991358,422.0,4.8214161664353465,0.208,round,圆形,undersized,过小噪声(<5mm)
2610,12768.0,13263.0,441.0796649457774,1.4377128937850652,107.45710888493986,156.85037432258872,3102.121710526316,671.2863408521304,0.962678127120561,0.7284555215777501,58.12171052631579,86.28634085213032,3044,585,3161,749,0.82,0.87,7.625119034575363,32.624877859098454,22.35107864806749,22.35107864806749,32.624877859098454,12768.0,26.52038541481954,0.208,regular,普通,normal,正常骨料
2611,231.0,240.0,55.71702967465578,-1.1456985135487534,16.215134363800658,18.41659244897341,3066.454545454545,362.04329004329,0.9625,0.4741142476738227,9.454545454545457,9.043290043290042,3057,353,3075,372,0.93,0.94,155.64368942075555,3.83065122938647,3.3727479476705367,3.3727479476705367,3.83065122938647,231.0,3.567174741759997,0.208,round,圆形,undersized,过小噪声(<5mm)
2613,560.0,587.0,88.1810887357131,0.8738963511923551,22.716961199759744,31.73944273091477,3096.255357142857,2529.0910714285715,0.9540034071550256,0.6983741938579755,12.255357142857145,14.091071428571428,3084,2515,3110,2544,0.91,0.94,39.92942734479567,6.601804088030272,4.725127929550027,4.725127929550027,6.601804088030272,560.0,5.554083540199621,0.208,regular,普通,undersized,过小噪声(<5mm)
2618,699.0,782.0,116.89237824699504,1.1116012936186663,23.69867643865321,38.725331077060126,3146.515021459228,2498.5865522174536,0.8938618925831202,0.7908822637742096,14.515021459227468,17.586552217453505,3132,2481,3162,2517,0.64,0.7,26.309937374367813,8.054868864028506,4.929324699239867,4.929324699239867,8.054868864028506,699.0,6.2052171218042025,0.208,angular,棱角状,undersized,过小噪声(<5mm)
2621,636.0,655.0,91.64800396044504,0.5649783228241756,27.70755038320512,29.68488449893045,3176.8380503144654,494.2704402515723,0.9709923664122138,0.3588657334074155,12.83805031446541,14.270440251572326,3164,480,3193,509,0.95,0.95,57.62912658579499,6.1744559757775335,5.763170479706665,5.763170479706665,6.1744559757775335,636.0,5.918981084776031,0.208,round,圆形,normal,正常骨料
2622,887.0,918.0,113.61603257229208,1.3370999600607845,26.068724616683305,43.81156341594454,3178.065388951522,1092.4870349492671,0.9662309368191722,0.8037114312062991,13.065388951521983,20.4870349492672,3165,1072,3192,1113,0.86,0.95,13.38981550140612,9.112805190516465,5.422294720270127,5.422294720270127,9.112805190516465,887.0,6.990048743281793,0.208,regular,普通,normal,正常骨料
2624,711.0,734.0,97.33636065425615,1.5599519433712137,26.307599518968743,34.7055785004406,3180.9113924050635,2091.9507735583684,0.9686648501362398,0.6522287330401948,11.91139240506329,16.950773558368496,3169,2075,3195,2109,0.94,0.97,0.6213374015986659,7.218760328091645,5.471980699945498,5.471980699945498,7.218760328091645,711.0,6.258254130082374,0.208,regular,普通,normal,正常骨料
2625,235.0,250.0,56.59771261306772,1.3415538453565417,14.90290314592727,20.17956851105975,3177.463829787234,2130.727659574468,0.94,0.6742376376930213,7.463829787234043,9.727659574468085,3170,2121,3186,2141,0.92,0.95,13.134626671523849,4.197350250300428,3.099803854352872,3.099803854352872,4.197350250300428,235.0,3.5979268170578718,0.208,regular,普通,undersized,过小噪声(<5mm)
2626,352.0,373.0,71.90141681767722,-0.6022683171963319,17.095724748299514,26.48719843372586,3181.9176136363635,2151.525568181818,0.9436997319034852,0.7638164822898295,11.917613636363637,10.525568181818182,3170,2141,3195,2163,0.86,0.92,124.50743270979616,5.509337274214979,3.5559107476462986,3.5559107476462986,5.509337274214979,352.0,4.403416100429821,0.208,regular,普通,undersized,过小噪声(<5mm)
2627,2314.0,2401.0,177.70293600209345,-0.5604066414638101,49.1581584642912,60.42612337040367,3199.11970613656,551.8569576490925,0.963765097875885,0.5815300250028772,27.11970613656007,26.85695764909248,3172,525,3228,579,0.92,0.94,122.10893536697743,12.568633661043965,10.224896960572568,10.224896960572568,12.568633661043965,2314.0,11.290159348971063,0.208,round,圆形,normal,正常骨料
2629,2968.0,3058.0,200.63058404454972,-0.4086660210914874,55.555374323989504,68.86941338323413,3209.125,863.9272237196766,0.9705689993459776,0.5909925194694693,32.125,29.92722371967655,3177,834,3246,896,0.93,0.94,113.41483823894652,14.3248379837127,11.555517859389816,11.555517859389816,14.3248379837127,2968.0,12.786460536404777,0.208,round,圆形,normal,正常骨料
2630,867.0,899.0,109.49847220527585,0.1751683287469191,29.01558935122949,38.58780353068846,3197.151095732411,1915.7520184544403,0.96440489432703,0.6592352044858398,19.15109573241061,13.7520184544406,3178,1902,3216,1931,0.91,0.94,79.9635940584414,8.0262631343832,6.035242585055734,6.035242585055734,8.0262631343832,867.0,6.9107939283549,0.208,regular,普通,normal,正常骨料
2631,494.0,516.0,82.492732041902,-0.0448715367766098,22.2433896306694,28.97718228185719,3193.817813765182,1353.408906882591,0.9573643410852714,0.6409083482772812,14.817813765182189,10.408906882591094,3179,1343,3208,1366,0.91,0.94,92.5709496775658,6.027253914626295,4.626625043179235,4.626625043179235,6.027253914626295,494.0,5.216531914762001,0.208,regular,普通,undersized,过小噪声(<5mm)
2633,662.0,715.0,103.4847929403226,1.1612995904153596,21.021021474382373,40.68058465241291,3193.4380664652567,1178.1948640483383,0.925874125874126,0.8561462930590966,12.438066465256798,18.194864048338367,3181,1160,3208,1198,0.78,0.91,23.462434718928748,8.461561607701885,4.372372466671533,4.372372466671533,8.461561607701885,662.0,6.038754706823702,0.208,regular,普通,undersized,过小噪声(<5mm)
2634,481.0,500.0,79.25585461329771,-1.222615331463755,22.78295584205196,27.003880018039776,3193.673596673597,1209.4386694386694,0.962,0.5368276401662413,11.673596673596672,12.43866943866944,3182,1197,3206,1223,0.96,0.97,160.05069846086135,5.6168070437522735,4.738854815146807,4.738854815146807,5.6168070437522735,481.0,5.147435726078182,0.208,round,圆形,undersized,过小噪声(<5mm)
2635,207.0,215.0,51.23467849039875,-1.5641723521250894,15.211078364152003,17.350915929487005,3189.2028985507245,1550.6183574879226,0.9627906976744186,0.481086861115154,7.202898550724638,7.618357487922705,3182,1543,3197,1560,0.99,1.0,179.6204742078185,3.608990513333297,3.1639042997436166,3.1639042997436166,3.608990513333297,207.0,3.3767862209989503,0.208,round,圆形,undersized,过小噪声(<5mm)
2636,730.0,779.0,103.38950816530811,1.4755178498771986,25.438820877763696,37.27436932430509,3196.441095890411,2062.3164383561643,0.9370988446726572,0.7309090455176878,13.441095890410958,18.316438356164383,3183,2044,3211,2083,0.86,0.91,5.4590546058187215,7.753068819455459,5.291274742574848,5.291274742574848,7.753068819455459,730.0,6.341322262296572,0.208,regular,普通,normal,正常骨料
2637,465.0,482.0,78.37517167488578,-0.9974209637593794,22.7194991798176,26.18363793626926,3195.511827956989,915.2129032258064,0.9647302904564315,0.4970911287417243,11.511827956989247,12.212903225806452,3184,903,3208,929,0.95,0.96,147.14801162128347,5.446196690744006,4.7256558294020605,4.7256558294020605,5.446196690744006,465.0,5.061099444141684,0.208,round,圆形,undersized,过小噪声(<5mm)
2638,164.0,179.0,48.78319922519191,1.253829005674806,13.200436779788967,16.026026869890565,3193.128048780488,1077.871951219512,0.9162011173184358,0.5670441151566024,7.128048780487805,7.871951219512195,3186,1070,3200,1087,0.87,0.88,18.160889743749067,3.3334135889372374,2.7456908501961053,2.7456908501961053,3.3334135889372374,164.0,3.0056632294389236,0.208,regular,普通,undersized,过小噪声(<5mm)
2640,792.0,833.0,106.95170816505453,-1.244412449061301,30.413647373503736,33.77760414170351,3202.5164141414143,1887.0492424242425,0.95078031212485,0.4350451013225869,15.516414141414142,18.049242424242426,3187,1869,3220,1903,0.87,0.87,161.2995813047511,7.02574166147433,6.3260386536887765,6.3260386536887765,7.02574166147433,792.0,6.605124150644731,0.208,round,圆形,normal,正常骨料
2641,635.0,662.0,94.32952102177954,1.2688703422319323,23.73703295997482,34.39612920050662,3202.0330708661418,764.9070866141732,0.959214501510574,0.7237067006343599,13.033070866141731,16.907086614173227,3189,748,3215,782,0.9,0.94,17.2990846407899,7.154394873705377,4.937302855674762,4.937302855674762,7.154394873705377,635.0,5.914325967198039,0.208,regular,普通,undersized,过小噪声(<5mm)
2643,1456.0,1616.0,171.7845415121547,1.392111688432159,27.3839346890444,70.0602104541858,3205.224587912088,990.559065934066,0.900990099009901,0.9204489228383448,15.224587912087912,32.559065934065934,3190,958,3221,1026,0.62,0.84,10.237875642006273,14.572523774470648,5.695858415321235,5.695858415321235,14.572523774470648,1456.0,8.955690611334369,0.208,needle_flaky,针片状候选,normal,正常骨料
2644,423.0,456.0,85.86436249161943,-0.6396074646334606,14.761123629275524,37.21089559870171,3204.624113475177,1042.049645390071,0.9276315789473684,0.9179534098911843,14.624113475177303,12.04964539007092,3190,1030,3220,1056,0.72,0.97,126.64680826856036,7.739866284529955,3.0703137148893087,3.0703137148893087,7.739866284529955,423.0,4.827125364606511,0.208,needle_flaky,针片状候选,undersized,过小噪声(<5mm)
2645,2859.0,2927.0,193.23667800283064,-0.83303072988675,56.7989028248448,64.34064485551654,3221.664917803428,635.6079048618398,0.9767680218653912,0.4697787857958305,30.664917803427773,30.607904861839803,3191,605,3253,666,0.96,0.97,137.72914502721326,13.38285412994744,11.814171787567718,11.814171787567718,13.38285412994744,2859.0,12.549472521254577,0.208,round,圆形,normal,正常骨料
2647,506.0,531.0,85.40428689936412,1.4903301879091948,21.888026086443016,29.950569432673785,3202.505928853755,1649.8359683794467,0.9529190207156308,0.6825862894869792,10.50592885375494,14.83596837944664,3192,1635,3215,1666,0.87,0.9,4.610370151864231,6.229718441996147,4.552709425980147,4.552709425980147,6.229718441996147,506.0,5.279510436176026,0.208,regular,普通,undersized,过小噪声(<5mm)
2648,257.0,272.0,61.175348572339246,-0.236448995529334,14.808805971917833,22.54177379772979,3202.081712062257,2103.3112840466924,0.9448529411764706,0.7539346230689027,10.081712062256807,7.311284046692607,3192,2096,3214,2113,0.86,0.92,103.54752951393851,4.688688949927796,3.080231642158909,3.080231642158909,4.688688949927796,257.0,3.762573184072235,0.208,regular,普通,undersized,过小噪声(<5mm)
2649,469.0,499.0,84.29356616482454,-0.7255500755175701,22.66888312915103,26.66099782321966,3207.4477611940297,1539.4648187633263,0.939879759519038,0.5263566804717525,13.447761194029852,13.464818763326226,3194,1526,3221,1552,0.83,0.84,131.5709571525549,5.545487547229689,4.715127690863414,4.715127690863414,5.545487547229689,469.0,5.082821000797191,0.208,regular,普通,undersized,过小噪声(<5mm)
2650,259.0,285.0,63.76158085865925,-1.469807262955833,16.72568946581424,20.713425427735988,3202.138996138996,1562.7335907335907,0.9087719298245616,0.589894108556592,8.13899613899614,9.733590733590734,3194,1553,3213,1575,0.8,0.81,174.2137528650444,4.308392488969085,3.478943408889362,3.478943408889362,4.308392488969085,259.0,3.7771851737539053,0.208,regular,普通,undersized,过小噪声(<5mm)
2651,1343.0,1420.0,149.777044654209,1.491903131090457,27.54564905617225,62.97844505529946,3208.0081906180194,1607.500372300819,0.945774647887324,0.8992757286012331,13.00819061801936,30.500372300819063,3195,1577,3223,1639,0.75,0.96,4.520247146164024,13.099516571502289,5.729495003683828,5.729495003683828,13.099516571502289,1343.0,8.6011476034292,0.208,needle_flaky,针片状候选,normal,正常骨料
2652,331.0,348.0,66.07830710275293,-0.3182662390393611,19.75518680243518,21.490032448748,3205.703927492448,935.2658610271905,0.9511494252873564,0.3936227193090505,9.70392749244713,9.265861027190333,3196,926,3217,946,0.95,0.96,108.23531225845718,4.469926749339583,4.109078854906517,4.109078854906517,4.469926749339583,331.0,4.270044403117222,0.208,round,圆形,undersized,过小噪声(<5mm)
2653,703.0,735.0,99.13719477717872,0.3970818084484719,26.83635004903701,33.66320325972454,3212.6899004267425,2120.7567567567567,0.9564625850340136,0.6037135550709553,16.689900426742533,14.756756756756756,3196,2106,3229,2136,0.9,0.92,67.24888825448036,7.001946278022704,5.581960810199697,5.581960810199697,7.001946278022704,703.0,6.222946349711342,0.208,regular,普通,normal,正常骨料
2654,400.0,414.0,73.10742232723128,-0.3724445857168153,20.714354777593893,25.11041628782711,3209.1625,1835.2,0.966183574879227,0.5652337942548316,12.1625,11.2,3197,1824,3221,1845,0.94,0.95,111.33950286407192,5.222966587868039,4.30858579373953,4.30858579373953,5.222966587868039,400.0,4.694057335117332,0.208,round,圆形,undersized,过小噪声(<5mm)
2657,659.0,685.0,94.32952102177951,1.0741247371669014,26.721537080061136,31.827002321733502,3213.801213960546,2151.875569044006,0.962043795620438,0.5432252628707098,12.801213960546283,16.87556904400607,3201,2135,3229,2167,0.93,0.94,28.457185889737715,6.620016482920568,5.558079712652716,5.558079712652716,6.620016482920568,659.0,6.025056190791514,0.208,round,圆形,normal,正常骨料
2658,149.0,155.0,43.65020289865058,-1.1573999151529246,12.195079945616904,15.578145292983614,3208.718120805369,951.8120805369128,0.9612903225806452,0.6222323714841127,5.718120805369128,6.812080536912752,3203,945,3216,960,0.98,1.0,156.31413034706216,3.240254220940592,2.536576628688316,2.536576628688316,3.240254220940592,149.0,2.8649135962276224,0.208,regular,普通,undersized,过小噪声(<5mm)
2659,1117.0,1176.0,128.26909163461727,0.1742348227153431,31.235162827351235,45.94194315041314,3228.6401074306177,823.6902417188899,0.9498299319727892,0.7333202658165395,22.640107430617725,15.690241718889885,3206,808,3253,842,0.85,0.9,80.01708001420072,9.555924175285933,6.496913868089057,6.496913868089057,9.555924175285933,1117.0,7.844133580966254,0.208,regular,普通,normal,正常骨料
2660,140.0,146.0,42.63476693912549,1.2237676311325436,12.33513938839008,14.576814464843029,3214.5642857142857,1051.6857142857143,0.958904109589041,0.5328393873152746,5.564285714285714,6.685714285714286,3209,1045,3221,1059,0.97,0.98,19.88327963138272,3.0319774086873497,2.5657089927851366,2.5657089927851366,3.0319774086873497,140.0,2.7770417700998107,0.208,round,圆形,undersized,过小噪声(<5mm)
2661,696.0,719.0,101.12859845013024,1.323122212111027,28.180061214920364,33.68248987667744,3223.9454022988507,1936.5316091954023,0.9680111265646733,0.5477557373348406,14.945402298850574,16.5316091954023,3209,1920,3236,1956,0.86,0.87,14.19068146602484,7.0059578943489065,5.861452732703436,5.861452732703436,7.0059578943489065,696.0,6.191886887027392,0.208,round,圆形,normal,正常骨料
2663,1087.0,1160.0,125.16696722712616,0.2099659051020616,32.92665370535633,43.08177586151677,3233.266789328427,906.7976080956762,0.9370689655172414,0.6448814116197972,22.266789328426864,18.79760809567617,3211,888,3257,925,0.87,0.9,77.9698397960075,8.961009379195488,6.848743970714116,6.848743970714116,8.961009379195488,1087.0,7.738079126381417,0.208,regular,普通,normal,正常骨料
2664,561.0,594.0,91.4179661643174,1.556765711303285,24.18176824443341,30.23433148601993,3223.4598930481284,1908.422459893048,0.9444444444444444,0.600251152966245,11.45989304812834,14.422459893048128,3212,1894,3236,1925,0.84,0.86,0.8038950516402252,6.288740949092145,5.029807794842149,5.029807794842149,6.288740949092145,561.0,5.559040331494257,0.208,regular,普通,normal,正常骨料
2665,235.0,246.0,56.36767481694008,1.510749086244057,14.567574839561807,20.6356518496354,3220.604255319149,2180.655319148936,0.9552845528455284,0.7082695743162225,7.604255319148936,9.65531914893617,3213,2171,3228,2191,0.93,0.97,3.4404534549699264,4.292215584724163,3.030055566628856,3.030055566628856,4.292215584724163,235.0,3.5979268170578718,0.208,regular,普通,undersized,过小噪声(<5mm)
2666,757.0,823.0,105.93627220552942,-0.8407924836264284,29.288779005229404,34.08111978188867,3229.797886393659,1480.796565389696,0.919805589307412,0.5113302632484809,15.797886393659182,16.79656538969617,3214,1464,3245,1498,0.85,0.85,138.17386075811672,7.088872914632843,6.092066033087716,6.092066033087716,7.088872914632843,757.0,6.4575285363063255,0.208,regular,普通,normal,正常骨料
2667,280.0,296.0,62.51610710300649,1.4322028628297705,15.652528584573773,23.09018215983596,3221.9714285714285,2069.4964285714286,0.945945945945946,0.7351663428299641,7.9714285714285715,10.496428571428572,3214,2059,3230,2082,0.9,0.95,7.940820553300199,4.802757889245879,3.2557259455913448,3.2557259455913448,4.802757889245879,280.0,3.927330134551739,0.208,regular,普通,undersized,过小噪声(<5mm)
2668,417.0,434.0,73.79753571561425,0.5659436514932925,22.674072867618623,23.56422708812601,3226.856115107914,940.5419664268584,0.9608294930875576,0.2722578165705051,11.856115107913668,10.541966426858512,3215,930,3240,953,0.96,0.96,57.57381732721161,4.90135923433021,4.716207156464673,4.716207156464673,4.90135923433021,417.0,4.792768163769973,0.208,round,圆形,undersized,过小噪声(<5mm)
2669,406.0,423.0,72.55206195996149,0.6379023109395616,21.635979892517327,24.092279727868,3229.8768472906404,1210.7906403940888,0.9598108747044918,0.4399011820661884,10.876847290640391,10.79064039408867,3219,1200,3241,1223,0.97,0.97,53.4508898415212,5.011194183396544,4.500283817643604,4.500283817643604,5.011194183396544,406.0,4.729131725734584,0.208,round,圆形,undersized,过小噪声(<5mm)
2670,2905.0,3051.0,210.5317858803916,-1.3734122738135983,56.15175034938771,67.57264169879495,3251.226161790017,523.7669535283993,0.9521468371025892,0.5562970623592682,31.22616179001721,31.76695352839932,3220,492,3277,561,0.82,0.83,168.690726820985,14.055109473349347,11.679564072672644,11.679564072672644,14.055109473349347,2905.0,12.65002729650182,0.208,regular,普通,normal,正常骨料
2671,524.0,554.0,96.55096249085872,-1.4327719028952492,17.07457428574345,40.61651109397032,3230.227099236641,1835.2404580152672,0.9458483754512635,0.9073458022142328,10.22709923664122,20.240458015267176,3220,1815,3239,1855,0.71,0.92,172.0917830408256,8.448234307545826,3.5515114514346373,3.5515114514346373,8.448234307545826,524.0,5.372594186017884,0.208,needle_flaky,针片状候选,undersized,过小噪声(<5mm)
2673,241.0,247.0,54.70159371513069,-1.311325587161381,17.288857917410084,17.783979420549944,3229.2697095435683,1594.8132780082988,0.9757085020242916,0.2343216395666603,8.269709543568466,8.813278008298756,3221,1586,3238,1604,1.01,1.01,165.1334217118617,3.699067719474388,3.5960824468212973,3.5960824468212973,3.699067719474388,241.0,3.6435683052311125,0.208,round,圆形,undersized,过小噪声(<5mm)
2674,456.0,489.0,84.94421130710883,-1.5485810956145187,18.378822495791752,32.967571543570344,3229.6381578947367,1617.5811403508771,0.9325153374233128,0.8301891328688538,8.638157894736842,14.581140350877194,3221,1603,3240,1636,0.79,0.9,178.72716101245692,6.857254881062631,3.822795079124684,3.822795079124684,6.857254881062631,456.0,5.011881748656932,0.208,regular,普通,undersized,过小噪声(<5mm)
2675,623.0,655.0,93.3535533083531,-0.9599564645911612,26.78050972466476,30.07869917058201,3236.247191011236,768.5569823434992,0.9511450381679388,0.4552806106394289,13.247191011235955,14.556982343499197,3223,754,3253,786,0.9,0.9,145.00145393737318,6.256369427481058,5.570346022730269,5.570346022730269,6.256369427481058,623.0,5.85817603169382,0.208,round,圆形,normal,正常骨料
2676,504.0,522.0,80.04125277669516,1.397279296657846,24.71454578218985,26.083668596851783,3235.111111111112,977.0079365079364,0.9655172413793104,0.3197251157934075,12.11111111111111,13.007936507936508,3223,964,3248,990,0.99,0.99,9.941793500497312,5.425403068145171,5.140625522695489,5.140625522695489,5.425403068145171,504.0,5.26906629056465,0.208,round,圆形,normal,正常骨料
2677,1923.0,1983.0,164.43010371653418,0.5958758244478498,40.305056228304025,61.8127651589239,3251.817992719709,370.2418096723869,0.9697428139183056,0.7581753731802957,26.817992719708787,25.241809672386896,3225,345,3279,395,0.89,0.96,55.85883014525985,12.857055153056171,8.383451695487237,8.383451695487237,12.857055153056171,1923.0,10.292195722039134,0.208,regular,普通,normal,正常骨料
2678,876.0,910.0,112.73534963388012,1.2871751771438875,25.44790241921402,44.10920328256867,3240.5102739726026,1180.3972602739725,0.9626373626373628,0.8167939178981335,13.51027397260274,20.3972602739726,3227,1160,3254,1203,0.87,0.97,16.250294855651134,9.174714282774284,5.293163703196516,5.293163703196516,9.174714282774284,876.0,6.946570494939048,0.208,regular,普通,normal,正常骨料
2682,561.0,584.0,86.28496983777607,0.5663161924038873,24.49313378402977,29.44348568083624,3248.85026737968,465.0802139037433,0.9606164383561644,0.5549714919707941,13.850267379679144,12.080213903743315,3235,453,3263,479,0.95,0.96,57.55247230533857,6.124245021613937,5.094571827078192,5.094571827078192,6.124245021613937,561.0,5.559040331494257,0.208,round,圆形,normal,正常骨料
2683,724.0,754.0,102.69939477692516,-0.7556156351584817,26.75562879728232,36.45091266667923,3255.038674033149,781.8618784530387,0.960212201591512,0.6791299312885052,18.03867403314917,16.861878453038674,3237,765,3269,797,0.86,0.89,133.29358682867803,7.581789834669279,5.565170789834721,5.565170789834721,7.581789834669279,724.0,6.315208264207728,0.208,regular,普通,normal,正常骨料
2684,468.0,483.0,81.8420868996177,0.8852098913280144,18.476633799177577,32.600445311343755,3250.277777777778,888.5769230769231,0.968944099378882,0.8238828279171015,12.27777777777778,13.576923076923077,3238,875,3263,904,0.88,0.99,39.28120924367053,6.780892624759501,3.843139830228936,3.843139830228936,6.780892624759501,468.0,5.077399323520018,0.208,regular,普通,undersized,过小噪声(<5mm)
2685,327.0,352.0,71.21130342929425,-1.509550738155489,15.027393927735805,28.357599237397388,3244.859327217125,1138.1284403669724,0.9289772727272728,0.8480446629279388,6.859327217125382,13.128440366972477,3238,1125,3253,1152,0.81,0.94,176.49088625716757,5.898380641378656,3.1256979369690474,3.1256979369690474,5.898380641378656,327.0,4.244165107761362,0.208,regular,普通,undersized,过小噪声(<5mm)
2686,1109.0,1187.0,129.9351727364267,-0.889664159899448,33.725481581825896,42.96593338872516,3258.7195671776376,323.4355275022543,0.9342881213142376,0.6195776280307257,17.71956717763751,19.435527502254285,3241,304,3279,345,0.83,0.84,140.9740015462904,8.936914144854834,7.0149001690197865,7.0149001690197865,8.936914144854834,1109.0,7.81599310073487,0.208,regular,普通,normal,正常骨料
2687,566.0,603.0,91.3226813893029,1.0992479065885918,24.51801998633406,30.13536260460017,3259.547703180212,650.7190812720848,0.9386401326699834,0.5814301635933593,14.547703180212014,14.719081272084804,3245,636,3272,666,0.85,0.87,27.017734313882727,6.268155421756836,5.099748157157484,5.099748157157484,6.268155421756836,566.0,5.583758285017081,0.208,regular,普通,normal,正常骨料
2688,147.0,156.0,43.65020289865059,0.6516671809870239,12.878142969334556,14.564099270156118,3253.374149659864,852.8367346938776,0.9423076923076924,0.4670348871284105,6.374149659863946,6.836734693877551,3247,846,3261,860,0.97,0.97,52.66222088225557,3.0293326481924727,2.6786537376215875,2.6786537376215875,3.0293326481924727,147.0,2.8456210293226056,0.208,regular,普通,undersized,过小噪声(<5mm)
2689,355.0,370.0,67.64910342954782,1.5142590502460358,19.66271528156913,23.00853546251223,3257.583098591549,720.5521126760564,0.9594594594594594,0.5193139736100764,9.583098591549296,10.552112676056336,3248,710,3268,733,0.97,0.98,3.2393473314136827,4.785775376202544,4.089844778566379,4.089844778566379,4.785775376202544,355.0,4.422140845847726,0.208,round,圆形,undersized,过小噪声(<5mm)
2692,763.0,793.0,100.8032758789881,0.8823558990597684,28.922988813746507,33.862662533835504,3371.1336828309304,2454.8204456094363,0.9621689785624212,0.5200657234361679,15.133682830930535,15.820445609436437,3356,2439,3387,2472,0.94,0.95,39.44473095540399,7.043433807037784,6.015981673259273,6.015981673259273,7.043433807037784,763.0,6.483069289402285,0.208,round,圆形,normal,正常骨料
2693,346.0,368.0,71.67137902154954,-0.9514672677086192,15.857476179636846,28.175755595851445,3375.297687861272,1757.352601156069,0.9402173913043478,0.8265892153449987,10.297687861271676,12.352601156069364,3365,1745,3386,1770,0.85,0.95,144.5150587845479,5.8605571639371,3.298355045364464,3.298355045364464,5.8605571639371,346.0,4.365725683038736,0.208,regular,普通,undersized,过小噪声(<5mm)
2694,995.0,1024.0,120.3198252256283,1.5374748486449157,27.315112294645083,47.28495842542572,3379.470351758794,1670.4321608040202,0.9716796875,0.816270248106036,11.47035175879397,22.4321608040201,3368,1648,3395,1695,0.86,0.96,1.9091800651312951,9.83527135248855,5.681543357286177,5.681543357286177,9.83527135248855,995.0,7.403378180608159,0.208,regular,普通,normal,正常骨料
2695,1037.0,1074.0,118.97906669496106,1.338203591021678,32.48626980831112,41.64555164395196,3388.3394406943107,1445.222757955641,0.9655493482309124,0.6256975114338621,14.339440694310513,20.22275795564128,3374,1425,3406,1466,0.92,0.94,13.326582105206938,8.662274741942008,6.757144120128713,6.757144120128713,8.662274741942008,1037.0,7.558015399757313,0.208,regular,普通,normal,正常骨料
2697,443.0,465.0,77.12969791923302,-0.0369272635771786,21.24123685230425,26.66637824123621,3400.4853273137696,1584.4627539503383,0.9526881720430108,0.6045660724984373,12.485327313769751,10.4627539503386,3388,1574,3414,1596,0.94,0.95,92.1157763519395,5.546606674177132,4.418177265279284,4.418177265279284,5.546606674177132,443.0,4.939923885941561,0.208,regular,普通,undersized,过小噪声(<5mm)
2698,453.0,484.0,84.71417351098117,-1.5071071106900895,18.719955418662856,31.48743752755618,3400.887417218543,894.1810154525386,0.9359504132231404,0.8040797882030702,7.887417218543046,15.181015452538633,3393,879,3411,911,0.79,0.88,176.35087671669794,6.549387005731686,3.893750727081874,3.893750727081874,6.549387005731686,453.0,4.9953680900940824,0.208,regular,普通,undersized,过小噪声(<5mm)
2699,964.0,1004.0,121.3352611851534,0.4194735969187581,28.19252335416553,45.00587648049154,3422.447095435685,1192.4253112033196,0.9601593625498008,0.7794867492997881,25.44709543568465,13.425311203319502,3397,1179,3442,1210,0.82,0.89,65.96593327938326,9.36122230794224,5.86404485766643,5.86404485766643,9.36122230794224,964.0,7.287136610462225,0.208,regular,普通,normal,正常骨料
2700,296.0,315.0,65.98302232773844,1.0813029376418195,17.739413085622218,21.55300857930474,3414.658783783784,1120.2905405405406,0.9396825396825396,0.5679548455124218,9.658783783783784,10.29054054054054,3405,1110,3425,1131,0.85,0.87,28.045905298026103,4.483025784495386,3.689797921809421,3.689797921809421,4.483025784495386,296.0,4.037980801882661,0.208,regular,普通,undersized,过小噪声(<5mm)
2701,722.0,758.0,101.1680666962289,0.3885817377591503,27.44073490442163,33.99517241118537,3427.156509695291,1438.7146814404432,0.9525065963060686,0.5902848047937036,16.156509695290858,14.714681440443211,3411,1424,3445,1456,0.89,0.9,67.73590643054135,7.070995861526557,5.7076728601197,5.7076728601197,7.070995861526557,722.0,6.306479568585848,0.208,round,圆形,normal,正常骨料
2702,397.0,416.0,72.78209975608914,-1.0061083640354311,21.093455100752507,24.3499357484696,3426.035264483627,1097.2115869017632,0.9543269230769232,0.4995877675083456,10.035264483627204,11.211586901763225,3416,1086,3438,1110,0.94,0.95,147.64576299204202,5.064786635681677,4.387438660956521,4.387438660956521,5.064786635681677,397.0,4.676421490667685,0.208,round,圆形,undersized,过小噪声(<5mm)
2703,2241.0,2315.0,177.93297379822113,-1.5131888982990864,44.25094199727875,64.89538712513901,3439.7764390896923,450.9509147701919,0.9680345572354212,0.7314629727979144,21.7764390896921,32.95091477019188,3418,418,3463,483,0.89,0.94,176.6993374785884,13.498240522028912,9.20419593543398,9.20419593543398,13.498240522028912,2241.0,11.110646305311356,0.208,regular,普通,normal,正常骨料
2704,1837.0,1956.0,174.69609636961684,0.7199744451182665,40.73792649662824,57.899668984248464,3444.717474142624,623.2585737615677,0.939161554192229,0.7106010552531518,25.717474142623843,24.25857376156777,3419,599,3473,649,0.76,0.79,48.74850293745001,12.04313114872368,8.473488711298673,8.473488711298673,12.04313114872368,1837.0,10.059420724559956,0.208,regular,普通,normal,正常骨料
2705,229.0,239.0,57.15307298033752,0.90850974217668,12.726714504146686,22.96295337908624,3432.873362445415,1492.7423580786026,0.9581589958158996,0.8323648177818287,7.873362445414847,8.74235807860262,3425,1484,3442,1503,0.88,1.0,37.94622612675768,4.776294302849937,2.6471566168625107,2.6471566168625107,4.776294302849937,229.0,3.5516988564521705,0.208,regular,普通,undersized,过小噪声(<5mm)
2706,554.0,576.0,86.05493204164841,-0.4691728077237875,25.323954249874863,28.01556817139029,3444.061371841155,567.7292418772563,0.9618055555555556,0.4276923771051209,13.061371841155236,11.729241877256316,3431,556,3459,581,0.94,0.94,116.8816217448759,5.82723817964918,5.267382483973972,5.267382483973972,5.82723817964918,554.0,5.524249393133498,0.208,round,圆形,normal,正常骨料
2707,690.0,720.0,97.89172102152595,-1.372739439029209,24.91927490024424,35.654126330249404,3443.6289855072464,1527.2391304347825,0.9583333333333334,0.7152027904772886,11.628985507246377,16.23913043478261,3432,1511,3458,1546,0.9,0.95,168.65217622752988,7.416058276691876,5.1832091792508015,5.1832091792508015,7.416058276691876,690.0,6.165139950379166,0.208,regular,普通,normal,正常骨料
2709,1116.0,1154.0,123.55670265423258,-1.0526447187914687,33.57296331883043,42.80873109661005,3449.2374551971325,1779.6263440860216,0.9670710571923744,0.620438574635133,16.237455197132615,18.626344086021504,3433,1761,3468,1801,0.92,0.94,150.31209971348653,8.904216068094891,6.9831763703167296,6.9831763703167296,8.904216068094891,1116.0,7.840621544264144,0.208,regular,普通,normal,正常骨料
2710,296.0,306.0,61.9607467357367,1.547888576901696,17.96944904770927,21.241178212021467,3443.983108108108,1455.4695945945946,0.9673202614379084,0.5332267950725719,8.983108108108109,11.469594594594597,3435,1444,3453,1466,0.97,0.98,1.312517387021657,4.418165068100465,3.737645401923528,3.737645401923528,4.418165068100465,296.0,4.037980801882661,0.208,round,圆形,undersized,过小噪声(<5mm)
2711,1289.0,1348.0,135.85356722636544,-1.128088705946567,35.63109215941237,47.331095752697706,3462.699767261443,944.2536850271528,0.9562314540059348,0.6582434362378724,20.69976726144298,24.25368502715283,3442,920,3481,966,0.88,0.9,154.63472176711286,9.844867916561125,7.411267169157773,7.411267169157773,9.844867916561125,1289.0,8.426453973656479,0.208,regular,普通,normal,正常骨料
2712,758.0,796.0,103.4847929403226,-1.0230326828328031,27.474183394741523,35.55236760662792,3468.745382585752,575.7532981530343,0.9522613065326632,0.6346731406014897,14.74538258575198,15.7532981530343,3454,560,3486,594,0.89,0.91,148.61545503026537,7.394892462178607,5.714630146106236,5.714630146106236,7.394892462178607,758.0,6.461792339039837,0.208,regular,普通,normal,正常骨料
2713,171.0,187.0,50.679318123128944,1.3975729066365028,12.720867545637097,17.28692915188447,3461.7134502923977,1451.3391812865498,0.9144385026737968,0.6771269288122728,6.713450292397661,8.339181286549708,3455,1443,3469,1460,0.84,0.87,9.924970887897343,3.595681263591969,2.645940449492516,2.645940449492516,3.595681263591969,171.0,3.069138233844343,0.208,regular,普通,undersized,过小噪声(<5mm)
2714,429.0,461.0,79.02581681717005,0.5334795911100542,19.30745361178406,28.93263750196598,3468.848484848485,1037.1118881118882,0.93058568329718,0.744767216935977,12.848484848484848,10.111888111888112,3456,1027,3482,1050,0.86,0.92,59.43387097302902,6.017988600408924,4.015950351251084,4.015950351251084,6.017988600408924,429.0,4.861239749241758,0.208,regular,普通,undersized,过小噪声(<5mm)
2716,784.0,815.0,102.60411000191064,-0.1726838378322571,30.04715159586479,33.933290698464766,3474.8494897959185,517.4553571428571,0.9619631901840492,0.4646830297912669,16.849489795918366,16.455357142857142,3458,501,3493,533,0.94,0.94,99.89405509790988,7.058124465280671,6.249807531939876,6.249807531939876,7.058124465280671,784.0,6.571680269164265,0.208,round,圆形,normal,正常骨料
2717,331.0,349.0,70.8859808581521,-1.1943473588783335,16.056795097603064,26.637886554156555,3467.513595166163,1629.4652567975832,0.9484240687679084,0.7979071539004304,8.513595166163142,13.465256797583082,3459,1616,3477,1642,0.83,0.91,158.4310629363252,5.540680403264563,3.3398133803014374,3.3398133803014374,5.540680403264563,331.0,4.270044403117222,0.208,regular,普通,undersized,过小噪声(<5mm)
2718,153.0,160.0,45.64160657160212,1.2879165792752645,12.855247628503111,15.494340087515775,3466.62091503268,1020.0130718954248,0.95625,0.5582485355133564,5.620915032679738,7.0130718954248366,3461,1013,3473,1028,0.92,0.94,16.207815642601233,3.222822738203281,2.673891506728647,2.673891506728647,3.222822738203281,153.0,2.9031141308091173,0.208,round,圆形,undersized,过小噪声(<5mm)
2719,374.0,392.0,71.4413412254219,-1.2506159729140098,20.94758148049081,22.826304460197967,3473.5748663101604,997.3315508021392,0.9540816326530612,0.397286052973649,10.574866310160427,10.331550802139038,3463,987,3485,1010,0.92,0.92,161.65501703962005,4.747871327721177,4.357096947942089,4.357096947942089,4.747871327721177,374.0,4.538937423904394,0.208,round,圆形,undersized,过小噪声(<5mm)
2720,357.0,375.0,69.54522232748486,-0.202602952789911,19.70549168899751,23.246221874774783,3475.005602240896,1473.9159663865546,0.952,0.5304986529583476,11.00560224089636,9.915966386554622,3464,1464,3488,1484,0.93,0.94,101.60829411175015,4.8352141499531545,4.098742271311481,4.098742271311481,4.8352141499531545,357.0,4.434580085176237,0.208,round,圆形,undersized,过小噪声(<5mm)
2721,302.0,332.0,71.9014168176772,0.8475943075088805,14.36267124841379,28.019329490297302,3474.6026490066224,489.7682119205298,0.9096385542168676,0.8586283221277747,9.602649006622515,11.7682119205298,3465,478,3487,502,0.73,0.86,41.43642344042748,5.828020533981839,2.987435619670068,2.987435619670068,5.828020533981839,302.0,4.078700966037283,0.208,regular,普通,undersized,过小噪声(<5mm)
2722,1441.0,1587.0,160.08250555339032,0.2968747315347602,34.58882149716587,54.17933657263595,3491.8285912560723,1439.8473282442749,0.908002520478891,0.7696935527331403,26.828591256072173,18.84732824427481,3465,1421,3519,1458,0.71,0.76,72.99033083897888,11.269302007108276,7.1944748714105,7.1944748714105,11.269302007108276,1441.0,8.909439532933101,0.208,regular,普通,normal,正常骨料
2723,434.0,465.0,80.50132836895047,0.7893415422805589,20.956116292066834,27.0141593000172,3477.9400921658985,729.9700460829494,0.9333333333333332,0.6310457211676708,11.940092165898616,13.97004608294931,3466,716,3491,743,0.84,0.86,44.77406103297675,5.618945134403577,4.358872188749902,4.358872188749902,5.618945134403577,434.0,4.889486586332473,0.208,regular,普通,undersized,过小噪声(<5mm)
2725,398.0,410.0,72.22673938881934,1.3065405572498874,19.1282762296624,26.56524782176232,3480.879396984925,460.0879396984925,0.9707317073170731,0.6939233739911679,8.879396984924623,13.087939698492464,3472,447,3492,473,0.96,1.0,15.140740306910743,5.525571546926562,3.978681455769779,3.978681455769779,5.525571546926562,398.0,4.68230748606304,0.208,regular,普通,undersized,过小噪声(<5mm)
2727,494.0,527.0,89.98192285863566,1.049861129739163,18.78093830308121,34.302144820567364,3494.097165991903,1487.5607287449393,0.937381404174573,0.8367958779310409,12.097165991902834,16.560728744939272,3482,1471,3506,1505,0.77,0.87,29.847388191109424,7.134846122678011,3.906435167040891,3.906435167040891,7.134846122678011,494.0,5.216531914762001,0.208,regular,普通,undersized,过小噪声(<5mm)
2728,477.0,494.0,80.2712905728228,0.6754420031760943,20.69498499954498,29.66698220968109,3499.255765199161,1075.0398322851154,0.9655870445344128,0.7165104630902053,13.255765199161424,11.039832285115304,3486,1064,3513,1089,0.93,0.98,51.30002391214785,6.170732299613666,4.304556879905356,4.304556879905356,6.170732299613666,477.0,5.125987983935617,0.208,regular,普通,undersized,过小噪声(<5mm)
2729,298.0,310.0,63.95215040868823,-0.3865564272373827,16.277602943946047,23.44549497600461,3499.1610738255035,1054.744966442953,0.9612903225806452,0.7197105634808317,10.161073825503356,7.74496644295302,3489,1047,3511,1064,0.92,0.96,112.14805182435794,4.876662955008959,3.3857414123407774,3.3857414123407774,4.876662955008959,298.0,4.051599662812181,0.208,regular,普通,undersized,过小噪声(<5mm)
2730,272.0,285.0,61.4053863684669,-0.0345994369503139,17.546199749925375,20.408676888245303,3501.073529411765,1115.7426470588234,0.9543859649122808,0.5107283379933429,10.073529411764708,9.742647058823527,3491,1106,3513,1124,0.91,0.91,91.982401710782,4.245004792755023,3.6496095479844777,3.6496095479844777,4.245004792755023,272.0,3.8708188410788233,0.208,round,圆形,undersized,过小噪声(<5mm)
2731,1641.0,1686.0,147.23028061398767,1.4047172711848055,43.30166252572661,48.53267754540023,3518.441803778184,479.2620353443023,0.9733096085409252,0.4516076460653854,20.441803778184035,24.26203534430225,3498,455,3542,503,0.95,0.96,9.515628951976725,10.094796929443248,9.006745805351136,9.006745805351136,10.094796929443248,1641.0,9.507639029941958,0.208,round,圆形,normal,正常骨料
2732,2402.0,2527.0,193.2366780028306,-1.2838287724589794,44.72938677638128,71.13990523771116,3528.56910907577,865.8651124063281,0.9505342303126236,0.7776055609963336,27.5691090757702,35.86511240632806,3501,830,3552,901,0.81,0.87,163.5579702793608,14.797100289443922,9.303712449487309,9.303712449487309,14.797100289443922,2402.0,11.502835148933494,0.208,regular,普通,normal,正常骨料
2733,183.0,196.0,50.9093559192566,-1.338438703716366,12.751608854433826,18.523486304458373,3507.448087431694,1099.983606557377,0.9336734693877552,0.7253291675611807,6.448087431693989,8.98360655737705,3501,1091,3515,1110,0.89,0.93,166.68688885990863,3.852885151327341,2.6523346417222355,2.6523346417222355,3.852885151327341,183.0,3.1750015317171485,0.208,regular,普通,undersized,过小噪声(<5mm)
2734,376.0,401.0,75.00354122516832,-0.1503913587932435,16.986603943680198,28.45740089709044,3520.372340425532,1031.476063829787,0.9376558603491272,0.8023056724851819,13.372340425531917,9.476063829787234,3507,1022,3535,1040,0.84,0.93,98.61679013409054,5.919139386594811,3.533213620285481,3.533213620285481,5.919139386594811,376.0,4.551057438601132,0.208,regular,普通,undersized,过小噪声(<5mm)
2735,971.0,1030.0,119.43914228721636,0.3902811250594851,32.17377159959365,39.22163401000726,3528.799176107106,1169.4212152420184,0.9427184466019416,0.5719237851576299,19.79917610710608,16.421215242018537,3509,1153,3547,1186,0.86,0.87,67.63853871047402,8.15809987408151,6.692144492715479,6.692144492715479,8.15809987408151,971.0,7.3135462006596255,0.208,regular,普通,normal,正常骨料
2736,663.0,700.0,98.6771191849234,0.990724083108152,23.98673539732719,36.03129600045784,3524.366515837104,1112.8552036199094,0.9471428571428572,0.746202105873847,13.366515837104073,15.855203619909505,3511,1097,3540,1129,0.86,0.91,33.235691375934685,7.494509568095231,4.989240962644056,4.989240962644056,7.494509568095231,663.0,6.043313978675015,0.208,regular,普通,undersized,过小噪声(<5mm)
2737,859.0,884.0,104.92083624600431,0.6998036894159811,32.458483890265235,33.84544091811959,3530.53434225844,531.7462165308498,0.9717194570135748,0.2833354693013865,16.534342258440045,15.746216530849823,3514,516,3547,548,0.98,0.98,49.9042021087804,7.039851710968875,6.751364649175168,6.751364649175168,7.039851710968875,859.0,6.8788363285427545,0.208,round,圆形,normal,正常骨料
2739,711.0,773.0,111.2993063281984,1.528060589281496,22.798458240769666,40.12829767197673,3527.6300984528834,1501.3628691983122,0.9197930142302716,0.8229324815134891,11.630098452883264,20.36286919831224,3516,1481,3541,1522,0.72,0.81,2.4485773938967554,8.34668591577116,4.74207931408009,4.74207931408009,8.34668591577116,711.0,6.258254130082374,0.208,regular,普通,undersized,过小噪声(<5mm)
2740,1084.0,1156.0,132.8467275938888,0.3653298927106768,31.359555061662387,46.08694811265898,3545.758302583026,973.1337638376384,0.9377162629757786,0.7328007337993613,21.75830258302583,19.133763837638377,3524,954,3571,990,0.77,0.82,69.06813901771105,9.586085207433069,6.522787452825776,6.522787452825776,9.586085207433069,1084.0,7.727393626517905,0.208,regular,普通,normal,正常骨料
2741,490.0,527.0,94.23423624676504,0.7822339229239327,22.486229377597507,28.273261840626024,3537.3979591836733,1448.5081632653062,0.9297912713472486,0.6061926610712786,13.39795918367347,13.508163265306122,3524,1435,3551,1462,0.69,0.71,45.18129762449692,5.880838462850213,4.6771357105402815,4.6771357105402815,5.880838462850213,490.0,5.195369426236869,0.208,regular,普通,undersized,过小噪声(<5mm)
2742,3037.0,3163.0,207.6202310229295,-1.0687131755079429,54.817459492333256,71.53061508490565,3566.7922291735267,1075.0572933816266,0.9601644008852356,0.6424237418815496,30.792229173526508,37.05729338162661,3536,1038,3595,1107,0.89,0.91,151.23275446662916,14.878367937660371,11.402031574405315,11.402031574405315,14.878367937660371,3037.0,12.934236278567546,0.208,regular,普通,normal,正常骨料
2743,796.0,840.0,111.62462889934056,1.0861531819334205,24.25188744661333,42.07604835867541,3553.212311557789,929.8015075376884,0.9476190476190476,0.8171802134582351,14.212311557788944,19.801507537688444,3539,910,3569,949,0.8,0.9,27.76800677050995,8.751818058604485,5.0443925888955725,5.0443925888955725,8.751818058604485,796.0,6.621782749991423,0.208,regular,普通,normal,正常骨料
2744,1073.0,1130.0,123.88202522537472,-0.3428196799987748,31.86907088625198,43.74408844363928,3559.389561975769,1001.5535880708296,0.9495575221238938,0.6850092743986895,19.38956197576887,14.55358807082945,3540,987,3582,1019,0.88,0.91,109.64212079795524,9.098770396276969,6.628766744340411,6.628766744340411,9.098770396276969,1073.0,7.688086398243186,0.208,regular,普通,normal,正常骨料
2746,225.0,236.0,54.146233347860885,-1.0489024568183196,15.170905158237392,18.96838805280357,3550.448888888889,705.3155555555555,0.9533898305084746,0.600267389389395,8.448888888888888,8.315555555555555,3542,697,3559,715,0.96,0.98,150.0976838965928,3.945424714983142,3.1555482729133773,3.1555482729133773,3.945424714983142,225.0,3.520543001337999,0.208,regular,普通,undersized,过小噪声(<5mm)
2747,622.0,665.0,96.55096249085872,-0.0408162610443323,25.624166285120086,31.58266315378332,3558.3440514469453,807.2395498392283,0.9353383458646616,0.5845794558654588,16.344051446945336,12.239549839228296,3542,795,3574,821,0.84,0.85,92.33859949334447,6.56919393598693,5.329826587304978,5.329826587304978,6.56919393598693,622.0,5.853472557606171,0.208,regular,普通,normal,正常骨料
2748,266.0,284.0,60.715272980083945,-0.2439011842593043,16.410161527709985,20.825342648961787,3554.785714285714,459.1315789473685,0.9366197183098592,0.6156880517123609,9.785714285714286,8.131578947368421,3545,451,3565,468,0.91,0.93,103.97450847630076,4.331671270984051,3.413313597763677,3.413313597763677,4.331671270984051,266.0,3.8278879145646716,0.208,regular,普通,undersized,过小噪声(<5mm)
2749,458.0,489.0,90.76732102203312,1.0704348857462664,19.43062992471952,30.63081970560669,3556.8471615720523,1605.8275109170306,0.9366053169734152,0.7730467922969875,11.847161572052402,13.827510917030567,3545,1592,3568,1624,0.7,0.75,28.668598803170447,6.371210498766192,4.04157102434166,4.04157102434166,6.371210498766192,458.0,5.022860692259672,0.208,regular,普通,undersized,过小噪声(<5mm)
2750,308.0,317.0,62.5161071030065,1.4737548887729628,18.33259804667549,21.46272000758522,3555.3506493506493,1193.0811688311687,0.9716088328075708,0.5200101968771127,9.35064935064935,10.081168831168831,3546,1183,3565,1204,0.99,1.0,5.560064836537165,4.464245761577725,3.813180393708501,3.813180393708501,4.464245761577725,308.0,4.119018594803136,0.208,round,圆形,undersized,过小噪声(<5mm)
2752,622.0,665.0,98.71658743102208,0.9745699138779396,24.106889904108314,33.62011057417771,3576.064308681672,1502.1109324758845,0.9353383458646616,0.6970342908778878,13.064308681672026,17.110932475884244,3563,1485,3593,1519,0.8,0.84,34.16125709436595,6.992982999428963,5.014233100054529,5.014233100054529,6.992982999428963,622.0,5.853472557606171,0.208,regular,普通,normal,正常骨料
2753,260.0,271.0,58.49383151100476,0.7990963428178733,16.11856226982996,20.677775796542424,3578.0730769230768,1604.8653846153843,0.959409594095941,0.6263880218472961,9.073076923076924,8.865384615384615,3569,1596,3587,1615,0.96,0.98,44.215152132196685,4.300977365680824,3.352660952124632,3.352660952124632,4.300977365680824,260.0,3.7844700121007353,0.208,regular,普通,undersized,过小噪声(<5mm)
