,label,area,area_convex,perimeter_crofton,orientation,ell: b-axis (px),ell: a-axis (px),centerpoint y,centerpoint x,convexity,eccentricity,local centerpoint y,local centerpoint x,bbox y1,bbox x1,bbox y2,bbox x2,IR,IRn,b axis azimuth (deg)
0,9,17186.0,17524.0,496.09980955158585,0.08382084635811014,132.0814648886033,168.78775446145968,545.2342022576515,737.5424182474106,0.9807121661721068,0.6226130042931539,79.23420225765157,63.54241824741068,466,674,624,801,0.88,0.9,85.19741926846577
1,10,18424.0,18636.0,507.2070168969817,-0.12979094879899858,137.76581900216846,173.8677389791305,560.98621363439,2125.1382435953105,0.9886241682764542,0.610053962279045,79.98621363438993,64.13824359531047,481,2061,641,2188,0.9,0.92,97.43647358518118
2,11,20809.0,21472.0,555.7043617971301,0.85114101435285,141.14425371323068,192.30556847434593,748.1832380220097,2494.4698447787014,0.9691225782414307,0.6791946140952886,78.1832380220097,78.46984477870153,670,2416,830,2579,0.85,0.88,41.23321210709787
3,12,638.0,692.0,98.90715698105106,-1.4972786807887986,22.502223455699095,37.66583415683996,722.1771159874609,1026.8228840125391,0.9219653179190751,0.8019304770314302,10.177115987460816,17.822884012539184,712,1009,736,1046,0.82,0.9,175.7877491641138
4,13,140.0,146.0,42.309444367983346,-0.4035382084026552,13.145008548743059,13.634252157200441,1066.3285714285714,1057.4,0.958904109589041,0.26547923055135825,6.328571428571428,6.4,1060,1051,1074,1064,0.98,0.98,113.1210362137428
5,15,237.0,246.0,56.827750409195374,1.0565365979392378,14.579379413985691,20.96779165117706,1084.860759493671,1203.139240506329,0.9634146341463414,0.718697767824689,7.860759493670886,10.139240506329115,1077,1193,1093,1214,0.92,0.97,29.46491203697132
6,18,21455.0,21768.0,543.2169276749684,-0.19294508094001458,161.37687271154817,171.74625460560497,1184.026427406199,2721.253227685854,0.9856210951855935,0.34220909860554993,79.02642740619902,77.25322768585411,1105,2644,1268,2797,0.91,0.91,101.0549388156729
7,19,336.0,358.0,68.2044637968176,0.36263821900305965,17.82566832622617,24.283647180329105,1116.7619047619048,909.5386904761905,0.9385474860335196,0.6790839810000969,10.761904761904763,9.538690476190476,1106,900,1129,920,0.91,0.94,69.22236056098383
8,31,528.0,563.0,98.90715698105106,-1.3095215178226687,19.217204720762094,36.56281319892762,1224.034090909091,336.5378787878788,0.9378330373001776,0.8507353728415757,11.034090909090908,18.53787878787879,1213,318,1234,356,0.68,0.79,165.03005615280455
9,40,1673.0,1735.0,159.20182261497837,1.517051641091329,39.26637933815024,56.88023612941943,1434.6419605499104,655.5971309025703,0.9642651296829972,0.7234905124283405,21.64196054991034,32.597130902570235,1413,623,1454,685,0.83,0.87,3.0793436620715084
10,41,803.0,891.0,115.32158192020015,-0.7403619444493955,27.97808817409916,39.81363013255922,1436.5168119551681,572.9551681195517,0.9012345679012346,0.7114602132091724,20.51681195516812,16.955168119551683,1416,556,1456,590,0.76,0.79,132.41961472904947
11,42,478.0,507.0,84.38885093983905,0.16810904906783708,19.143109580909613,32.42949800220608,1448.6108786610878,1015.1443514644351,0.9428007889546351,0.8071844588359783,15.610878661087867,9.144351464435147,1433,1006,1465,1027,0.84,0.93,80.36806099045526
12,43,1071.0,1109.0,125.45282155216961,1.1359174074854061,31.238293710532744,45.12993775037152,1447.9253034547153,1181.0746965452847,0.9657348963029756,0.7217195262529623,14.92530345471522,23.07469654528478,1433,1158,1466,1202,0.86,0.9,24.916726675644085
13,46,124.0,128.0,39.397889510521196,0.44171015046743795,12.257957711546915,12.937435147856272,1461.475806451613,1248.758064516129,0.96875,0.3198157894110846,5.475806451612903,5.758064516129032,1456,1243,1468,1255,1.0,1.0,64.69187261012726
14,49,878.0,937.0,113.19542522613546,-1.1417855382476743,29.701690347341135,39.169824277939654,1474.8872437357631,1057.1628701594534,0.9370330843116329,0.6519291347284285,16.887243735763096,20.162870159453302,1458,1037,1490,1074,0.86,0.89,155.41949245066476
15,50,443.0,474.0,85.95964726663392,0.29151578053150806,16.86434171636363,34.66757647590322,1473.977426636569,1118.2483069977427,0.9345991561181435,0.8737036124818723,14.977426636568849,10.248306997742663,1459,1108,1492,1128,0.75,0.91,73.29737611408262
16,53,229.0,240.0,57.38311077646517,-1.3760960715675563,13.288273650497434,22.146969070853757,1469.6288209606987,1165.7903930131004,0.9541666666666667,0.799996877389246,6.62882096069869,10.790393013100436,1463,1155,1477,1178,0.87,0.96,168.84449710535347
17,57,321.0,336.0,69.54522232748485,-0.11360858570719021,16.985778712054426,25.190599209217513,1479.872274143302,1525.3177570093458,0.9553571428571429,0.7384663049194403,12.87227414330218,8.317757009345794,1467,1517,1494,1533,0.83,0.88,96.50929247747229
18,58,980.0,1028.0,118.78849714493208,1.246396335294385,31.847270620195225,41.26524072472948,1482.3265306122448,1839.7071428571428,0.953307392996109,0.6359018986631578,14.326530612244898,20.707142857142856,1468,1819,1502,1862,0.87,0.89,18.586750387059098
19,61,277.0,292.0,65.65769975659629,0.64997540048667,13.346839440562807,26.864086731968786,1481.7906137184116,1293.7328519855596,0.9486301369863014,0.8678488388460179,11.790613718411553,9.732851985559567,1470,1284,1493,1305,0.81,0.96,52.759152764788375
20,65,639.0,658.0,91.3226813893029,-0.10186902797013833,25.982671689239687,31.62202630020036,1490.5821596244132,1023.6572769953052,0.9711246200607903,0.5699725739967171,16.582159624413144,11.657276995305164,1474,1012,1507,1038,0.96,0.98,95.83666536578906
21,66,307.0,320.0,64.64226379707118,1.5619407787877473,17.006930018798283,23.394851455439913,1483.2671009771987,1415.1237785016287,0.959375,0.6866884595984326,9.267100977198696,11.123778501628664,1474,1404,1492,1428,0.92,0.96,0.5073855260851445
22,67,534.0,566.0,94.78959661403485,-0.6397010232351167,17.81126636043067,39.48185558231781,1491.2771535580525,1884.698501872659,0.9434628975265018,0.8924605921170475,17.277153558052433,12.698501872659175,1474,1872,1510,1898,0.75,0.94,126.6521687815724
23,68,211.0,221.0,53.13079738833578,-1.2691086612272466,13.648542804670655,19.674735977365827,1480.4597156398104,1940.137440758294,0.9547511312217195,0.7202553197886014,6.459715639810427,9.137440758293838,1474,1931,1488,1950,0.94,0.99,162.7145700318194
24,69,1217.0,1419.0,148.1504317984983,0.4083538930892651,31.790140247855707,55.14798749743075,1503.290057518488,1181.8036154478225,0.857646229739253,0.8171313635932167,25.290057518488087,19.803615447822516,1478,1162,1531,1202,0.7,0.78,66.60304537824868
25,71,199.0,209.0,51.464716286526404,0.2903341462080293,14.23545249107392,18.07853619965922,1489.2613065326634,1865.929648241206,0.9521531100478469,0.6164132184788783,9.261306532663317,6.9296482412060305,1480,1859,1498,1874,0.94,0.96,73.36507877374575
26,73,282.0,294.0,62.51610710300649,-1.02892407676431,17.345353400496457,21.319966199781042,1491.8829787234042,1276.6418439716313,0.9591836734693877,0.5814624899504919,7.882978723404255,8.641843971631205,1484,1268,1503,1289,0.91,0.92,148.9530070379897
27,74,487.0,511.0,83.04809240917179,-0.6542674370641497,22.00865401118147,28.795848191023325,1498.930184804928,1426.5503080082135,0.9530332681017613,0.644861370696688,12.930184804928132,11.550308008213552,1486,1415,1514,1439,0.89,0.91,127.48676281661699
28,75,601.0,641.0,95.34495698130465,1.229083416165555,22.99879515535247,34.32995613060237,1498.9500831946755,1061.3311148086523,0.9375975039001561,0.7424209138032667,11.95008319467554,17.331114808652245,1487,1044,1514,1079,0.83,0.88,19.578707584192358
29,76,179.0,191.0,49.79863518471701,1.2203390824736315,13.681684399299174,16.92467634889675,1494.2234636871508,1140.6983240223465,0.93717277486911,0.5886517091148254,7.223463687150838,8.69832402234637,1487,1132,1502,1150,0.91,0.92,20.07972099939363
30,77,323.0,350.0,70.10058269475465,-0.15603086835781918,16.11495502457647,26.985743560387647,1498.578947368421,1535.8235294117646,0.9228571428571428,0.8021180502661733,11.578947368421053,7.823529411764706,1487,1528,1513,1545,0.83,0.91,98.93991023066438
31,78,429.0,523.0,101.12859845013026,1.387432058452196,17.004443570605492,41.14107239074068,1495.128205128205,1494.8671328671328,0.8202676864244742,0.910585671728436,7.128205128205129,22.867132867132867,1488,1472,1509,1512,0.53,0.69,10.50599868954103
32,79,248.0,263.0,60.85002600119711,0.5041268918592715,13.421737033545712,23.727079481148557,1499.0766129032259,2048.6451612903224,0.9429657794676806,0.8246305503867617,11.076612903225806,8.64516129032258,1488,2040,1510,2058,0.84,0.95,61.115656757415685
33,80,512.0,532.0,90.99735881816076,-1.0072776589781907,17.148006639868427,38.48889246118162,1502.33984375,1098.53125,0.9624060150375939,0.8952663585258872,12.33984375,16.53125,1490,1082,1516,1116,0.78,0.98,147.71275865726813
34,81,659.0,685.0,94.00419845063739,-1.0077635700631582,25.78690537826078,32.730959605332544,1504.1972685887708,1919.5098634294386,0.962043795620438,0.615874255064504,13.197268588770864,15.509863429438543,1491,1904,1520,1936,0.94,0.96,147.7405993116554
35,82,700.0,728.0,98.12175881765361,-0.11393321733138437,26.88405869912582,34.03834344671684,1508.6214285714286,2123.227142857143,0.9615384615384616,0.6133427051001222,17.62142857142857,12.227142857142857,1491,2111,1526,2138,0.91,0.93,96.52789249943508
36,83,937.0,988.0,119.34385751220186,0.7666663893511364,28.359889433230006,43.25725769112777,1513.40234791889,1487.7043756670223,0.9483805668016194,0.75509970649548,21.402347918890076,16.70437566702241,1492,1471,1533,1507,0.83,0.88,46.07325159564636
37,84,314.0,326.0,67.09374306227802,-0.6372691207386049,15.18939945257138,26.575922740796763,1503.2898089171974,1392.0127388535032,0.9631901840490797,0.820569054701224,10.289808917197453,9.012738853503185,1493,1383,1516,1403,0.88,0.98,126.51283103233494
38,86,163.0,172.0,47.76776326566681,1.5011360247554015,12.219059971985347,17.344451400386298,1499.8343558282209,1211.8957055214723,0.9476744186046512,0.7097100564540921,5.8343558282208585,8.895705521472392,1494,1203,1506,1220,0.9,0.94,3.9912413064696324
39,88,1259.0,1363.0,140.20116538950933,-0.127124183640569,30.112952702069443,54.62771540336718,1521.4988085782368,1157.8522637013502,0.9236977256052825,0.834347080315772,24.498808578236694,15.852263701350278,1497,1142,1549,1175,0.8,0.92,97.28367919665062
40,89,2820.0,2905.0,200.26579322730893,-1.4196754414680872,53.46949059856636,69.1931575956266,1528.3897163120566,1263.7294326241135,0.9707401032702238,0.6347021028377161,29.389716312056738,31.729432624113475,1499,1232,1555,1300,0.88,0.91,171.34141107449335
41,90,316.0,338.0,68.7598241640874,1.3314772928284617,15.971476895630612,26.16449979094254,1507.1898734177216,1658.0601265822784,0.9349112426035503,0.7920737050810126,8.189873417721518,13.060126582278482,1499,1645,1517,1670,0.84,0.92,13.711970603424703
42,92,534.0,561.0,92.20336432771484,-1.514479092450748,18.518138022748733,37.40227359416596,1509.3333333333333,1559.7284644194756,0.9518716577540107,0.8688318475017153,8.333333333333334,17.728464419475657,1501,1542,1520,1580,0.79,0.94,176.7732601582311
43,93,698.0,731.0,102.69939477692513,-1.0612109114899615,26.722614771506965,35.3009010463662,1516.8796561604584,1812.5587392550144,0.9548563611491108,0.6534203670639468,15.879656160458453,17.558739255014327,1501,1795,1531,1830,0.83,0.86,150.80290640160595
44,95,1869.0,1965.0,168.96827142970704,-0.10054752147801004,36.87969004889929,65.52548117762142,1534.7255216693418,1214.3322632423756,0.9511450381679389,0.8265728491403443,29.725521669341894,18.332263242375603,1505,1196,1567,1233,0.82,0.93,95.76094862119098
45,96,565.0,602.0,92.98876249111228,1.5333241862803357,20.580062520373644,35.370010487665205,1516.738053097345,1983.9185840707964,0.9385382059800664,0.8132956758625761,10.738053097345134,17.91858407079646,1506,1966,1528,2003,0.82,0.91,2.1469955008055166
46,97,1095.0,1137.0,123.23138008309043,-0.5594692293333267,32.10096128978409,43.98215289635521,1527.2502283105023,850.4739726027398,0.9630606860158312,0.6835930776043654,20.250228310502283,18.473972602739725,1507,832,1547,869,0.91,0.94,122.05522560823637
47,98,799.0,855.0,110.74394596092861,0.26795044983039584,27.254948322697384,38.99320917726401,1527.026282853567,1105.1214017521902,0.9345029239766082,0.7151543766160947,19.026282853566958,17.121401752190238,1508,1088,1548,1119,0.82,0.86,74.64757010608642
48,99,691.0,722.0,99.6925551444485,0.7805391743010988,23.35873533701463,37.89234162885426,1524.6816208393632,1750.4037626628076,0.9570637119113573,0.787394027094149,15.68162083936324,15.403762662807525,1509,1735,1541,1767,0.87,0.95,45.278399567920914
49,101,309.0,327.0,66.07830710275292,-0.33287837575865953,17.214683550883333,23.379596661394846,1521.5566343042071,1935.4919093851133,0.944954128440367,0.6766419011353557,10.556634304207119,8.491909385113269,1511,1927,1533,1945,0.89,0.92,109.07252602214112
50,102,528.0,571.0,92.98876249111228,-0.5230356888415149,19.201449150321828,36.3024089999012,1532.5852272727273,1415.5833333333333,0.9246935201401051,0.8486651813761057,15.585227272727273,13.583333333333334,1517,1402,1550,1428,0.77,0.89,119.96773750533657
51,103,1683.0,1754.0,155.96494518637408,-1.1623916281770772,42.05838946957633,52.87393489815738,1541.3060011883542,1560.45513963161,0.959521094640821,0.6060237412536054,23.30600118835413,24.45513963161022,1518,1536,1565,1589,0.87,0.89,156.6001344358866
52,107,844.0,877.0,107.60235330733882,1.3676311189349513,28.28858169987341,38.57891936335707,1538.7345971563982,1874.7097156398104,0.9623717217787914,0.6799426775115749,13.734597156398104,18.709715639810426,1525,1856,1554,1894,0.92,0.95,11.64050895427296
53,108,1735.0,1831.0,165.08074885881848,1.4063728369291573,35.536565955322516,63.96741662929661,1543.7907780979826,925.3902017291066,0.9475696340797378,0.8314886916170662,17.79077809798271,32.39020172910663,1526,893,1564,956,0.8,0.91,9.420772022118925
54,110,351.0,371.0,69.54522232748486,0.7967008801331579,18.25353218856213,24.71514318508939,1537.3019943019942,1394.4843304843305,0.9460916442048517,0.674191474624622,10.301994301994302,10.484330484330485,1527,1384,1549,1406,0.91,0.94,44.35240203401196
55,112,359.0,386.0,75.23357902129598,1.1053616692442658,18.917279515793975,25.42929734871592,1536.891364902507,1913.9944289693594,0.9300518134715026,0.6682723332223857,8.891364902506965,11.994428969359332,1528,1902,1549,1926,0.8,0.82,26.667441516767916
56,115,783.0,829.0,106.26159477667157,0.9576575309727631,27.42907228437214,36.920058066301436,1544.3831417624522,1612.5172413793102,0.9445114595898673,0.6693675075431664,14.383141762452107,17.517241379310345,1530,1595,1560,1630,0.87,0.9,35.13026525634176
57,117,474.0,501.0,83.83349057256923,-0.0639402861088116,19.286514975875154,32.03353523627306,1546.5042194092828,1434.8945147679324,0.9461077844311377,0.7984413202550924,14.504219409282701,8.89451476793249,1532,1426,1564,1446,0.85,0.93,93.66350853489386
58,118,608.0,641.0,94.09948322565188,-1.2104806399301802,24.17617778594476,32.76287658983541,1544.5049342105262,1774.2434210526317,0.9485179407176287,0.674895005016988,11.504934210526315,17.24342105263158,1533,1757,1558,1790,0.86,0.89,159.3554318502944
59,120,549.0,583.0,88.64116432796843,0.5736486336177296,23.706447889112205,30.99220560935121,1548.1457194899817,1186.4735883424407,0.9416809605488851,0.6441295092451951,13.145719489981785,14.473588342440802,1535,1172,1564,1199,0.88,0.9,57.13235437025762
60,121,358.0,372.0,68.89457718520057,1.117700521057343,21.036615741755433,22.263004722277582,1546.4972067039107,817.1368715083798,0.9623655913978495,0.32731988218515157,10.497206703910615,12.136871508379889,1536,805,1559,828,0.95,0.95,25.96047738384125
61,123,755.0,799.0,106.95170816505453,-0.589687115706626,24.232898646963513,40.40867721735922,1554.7430463576159,1839.6370860927152,0.9449311639549437,0.8002283445896282,18.743046357615896,14.637086092715231,1536,1825,1574,1856,0.83,0.91,123.7865829632323
62,125,570.0,616.0,91.8780417565727,1.3696713828780702,23.726588518448665,31.99090837370957,1554.5350877192982,1144.9736842105262,0.9253246753246753,0.6707686946626391,14.535087719298245,15.973684210526315,1540,1129,1566,1162,0.85,0.88,11.523610441239526
63,126,2143.0,2352.0,190.91995175873691,-0.9718136743199283,42.333278760869305,68.82957187532108,1572.4022398506766,1576.060195986934,0.9111394557823129,0.7884920685808715,32.40223985067662,35.060195986934204,1540,1541,1600,1606,0.74,0.81,145.680822011633
64,129,297.0,310.0,62.841429674148635,-0.22762137024003656,18.61237903857462,20.860875941269857,1552.919191919192,1418.7003367003367,0.9580645161290322,0.45161158738222407,9.919191919191919,9.7003367003367,1543,1409,1563,1428,0.95,0.95,103.04174384173882
65,130,504.0,578.0,96.68571551197189,1.0765365714281883,17.802178720115602,39.54088104525432,1556.8690476190477,1467.6825396825398,0.8719723183391004,0.8929166006184596,12.869047619047619,15.682539682539682,1544,1452,1572,1486,0.68,0.85,28.31899796568093
66,131,926.0,1036.0,153.66456722509756,-1.5188012982550845,17.11227208190061,72.21133827950794,1553.633909287257,2389.694384449244,0.8938223938223938,0.9715157815193936,9.63390928725702,34.69438444924406,1544,2355,1564,2425,0.49,0.96,177.0209043090065
67,133,191.0,208.0,54.24151812287538,1.3870045597957597,13.093830003121212,20.004406944229434,1551.2303664921467,842.8952879581152,0.9182692307692307,0.7560210764761622,6.230366492146596,8.895287958115183,1545,834,1559,853,0.82,0.87,10.530492558302342
68,134,937.0,987.0,124.47685383874318,1.1624611689246684,24.41227724527846,50.52646054841838,1561.4642475987193,1395.3127001067237,0.9493414387031408,0.8755330299659029,16.464247598719318,21.312700106723586,1545,1374,1577,1421,0.76,0.92,23.39588117277225
69,136,521.0,559.0,88.96648689911056,-0.6303043069351688,23.212754199327797,30.01045094955087,1558.190019193858,1936.2763915547025,0.9320214669051878,0.6338097039782784,13.190019193857966,12.276391554702496,1545,1924,1573,1950,0.83,0.85,126.1137765963036
70,137,1396.0,1456.0,145.9289903294191,-1.0805229463983723,36.56211564682646,51.46681024116129,1571.154011461318,1054.6296561604584,0.9587912087912088,0.7037963161597683,24.154011461318053,25.629656160458453,1547,1029,1590,1081,0.82,0.86,151.90940449566722
71,138,131.0,138.0,41.52404620458589,-0.7976712998640132,12.088222555615173,13.914342369595113,1556.2137404580153,629.4045801526718,0.9492753623188406,0.4952335331744359,6.213740458015267,6.404580152671755,1550,623,1563,636,0.95,0.96,135.70319892092226
72,139,358.0,381.0,73.33746012335894,1.076483499258377,16.547424726515807,28.22841787486541,1559.7290502793296,1172.2625698324023,0.9396325459317585,0.8101682704339623,9.72905027932961,12.262569832402235,1550,1160,1570,1186,0.84,0.93,28.322038777020715
73,142,386.0,408.0,73.0121375522168,-0.64651262785926,18.95309464192411,26.27551298487889,1564.676165803109,1235.7538860103627,0.946078431372549,0.6926002979468385,11.676165803108809,11.753886010362693,1553,1224,1577,1247,0.91,0.95,127.0424449782476
74,146,685.0,720.0,98.67711918492341,-0.726848712998332,27.36074660737464,32.72280001105683,1569.963503649635,1757.0700729927007,0.9513888888888888,0.5485205332900045,13.963503649635037,15.07007299270073,1556,1742,1587,1772,0.88,0.89,131.6453635993201
75,148,499.0,512.0,80.59661314396496,-0.7382386852280755,21.923266181874073,29.040416760782872,1571.943887775551,917.3226452905811,0.974609375,0.6558139268909828,12.943887775551103,12.322645290581162,1559,905,1585,930,0.97,0.99,132.2979609368556
76,149,606.0,635.0,92.66343991997016,1.041488615240154,24.243017058031107,32.58608809094569,1571.6072607260726,986.036303630363,0.9543307086614173,0.6682148949887307,11.607260726072607,16.036303630363037,1560,970,1587,1003,0.89,0.92,30.327097935814713
77,150,742.0,798.0,106.4916325727992,0.3230004143749962,24.86147693926611,39.84630133416697,1577.6603773584907,1616.134770889488,0.9298245614035088,0.7814767439418416,17.660377358490567,14.134770889487871,1560,1602,1598,1630,0.82,0.89,71.49343947533599
78,152,158.0,190.0,57.38311077646517,-0.6353659065398318,12.545284249216824,17.43282700168705,1569.5189873417721,1444.0379746835442,0.8315789473684211,0.6943518512924108,7.518987341772152,6.037974683544304,1562,1438,1579,1454,0.6,0.63,126.40378489123587
79,153,670.0,785.0,116.33701787972524,-0.7851696669620392,23.23827865795633,42.466948809282464,1582.0746268656717,1108.1388059701492,0.8535031847133758,0.8369962798434024,19.074626865671643,18.138805970149253,1563,1090,1601,1123,0.62,0.71,134.98690811861727
80,154,517.0,538.0,91.41796616431739,1.1988669756900718,17.40863520137599,38.286986356363386,1573.6537717601548,1469.7446808510638,0.9609665427509294,0.8906507600427963,10.653771760154738,16.74468085106383,1563,1453,1584,1489,0.78,0.97,21.309982095345816
81,159,176.0,184.0,50.12395775585915,1.5150913300503357,12.013259877520778,18.802454899710444,1572.2045454545455,1093.0852272727273,0.9565217391304348,0.7692733887883921,5.204545454545454,9.085227272727273,1567,1084,1579,1103,0.88,0.95,3.191661211253333
82,161,735.0,755.0,99.00244175606555,-0.089392739659731,25.57170764853966,36.88268201668568,1589.6734693877552,1644.8938775510203,0.9735099337748344,0.7206244597704901,17.6734693877551,12.893877551020408,1572,1632,1608,1657,0.94,0.99,95.12182670161431
83,162,946.0,1013.0,134.877599512939,0.7593265425679425,20.950285179156513,60.34145151977804,1593.6279069767443,1530.027484143763,0.9338598223099703,0.9377927437024468,19.627906976744185,22.027484143763214,1574,1508,1620,1551,0.65,0.96,46.49379383859605
84,165,394.0,432.0,80.04125277669516,-1.1497493193539274,19.114224705749788,27.929083783147135,1585.3781725888325,1441.5710659898477,0.9120370370370371,0.7291215369339791,10.378172588832488,13.571065989847716,1575,1428,1598,1455,0.77,0.82,155.87578349701909
85,166,558.0,582.0,94.98016616406383,1.3377221357108182,17.570224170692523,40.72351728211217,1583.883512544803,2082.706093189964,0.9587628865979382,0.9021361151281578,8.883512544802867,18.706093189964157,1575,2064,1595,2102,0.78,1.0,13.354167462543373
86,169,516.0,544.0,87.0703680011735,1.4592148254574429,20.67216261058948,32.65772075866374,1586.5852713178294,1399.0891472868218,0.9485294117647058,0.7741561661673964,8.585271317829458,16.089147286821706,1578,1383,1600,1416,0.86,0.92,6.393149098369449
87,172,685.0,710.0,99.92259294057617,0.29528408792235117,23.180122071135234,38.52467300702082,1597.741605839416,1805.5591240875913,0.9647887323943662,0.7987255693638623,18.74160583941606,13.559124087591242,1579,1792,1618,1818,0.86,0.95,73.08146800467935
88,175,301.0,317.0,64.50751077595802,1.4300302148080144,16.817093838928415,23.038063229889605,1590.3089700996677,460.3554817275747,0.9495268138801262,0.6834792415918933,8.308970099667775,10.355481727574752,1582,450,1599,472,0.91,0.94,8.065304115314248
89,176,605.0,639.0,94.78959661403485,-0.5959184944918973,24.992501582444806,32.16426390431077,1596.4495867768594,365.0297520661157,0.94679186228482,0.6294672642363764,13.449586776859505,14.029752066115703,1583,351,1615,381,0.85,0.87,124.1436146681757
90,177,869.0,939.0,127.25365567509218,-1.3567585533472948,21.32948292717827,52.99526555996789,1595.4257767548906,1194.1104718066742,0.9254526091586794,0.9154292068142103,12.425776754890679,25.110471806674337,1583,1169,1609,1222,0.67,0.9,167.73653892507514
91,179,782.0,805.0,103.71483073645024,1.1155240496960215,26.592401744171504,38.071255046825755,1596.6930946291561,1482.9705882352941,0.9714285714285714,0.7156195381399049,12.69309462915601,18.970588235294116,1584,1464,1613,1502,0.91,0.96,26.08518000707607
92,181,565.0,584.0,92.9887624911123,1.342517267694236,20.622628263615475,36.204131751575126,1593.6318584070796,1239.5734513274335,0.9674657534246576,0.821907591185425,8.631858407079646,19.573451327433627,1585,1220,1607,1257,0.82,0.92,13.07942663768533
93,182,885.0,930.0,109.86326302251666,-1.1958797598652418,30.835918006273193,36.99192710110222,1602.4926553672317,1599.6858757062148,0.9516129032258065,0.5523911088987774,17.492655367231638,18.685875706214688,1585,1581,1619,1618,0.92,0.93,158.51886304539673
94,185,966.0,1058.0,130.0699257575398,1.281234887652604,26.16715254606797,49.18920777365785,1602.611801242236,1356.5310559006211,0.9130434782608695,0.846763588472051,16.611801242236027,21.53105590062112,1586,1335,1620,1385,0.72,0.83,16.590648372587594
95,187,603.0,626.0,89.19652469523821,-1.433992548985403,25.943971942017605,29.69755303397256,1598.6965174129352,1678.9867330016584,0.963258785942492,0.4866332135385853,12.696517412935323,14.986733001658374,1586,1664,1613,1694,0.95,0.96,172.16172091007056
96,188,418.0,438.0,77.12969791923302,-0.03256890986653215,18.40744002785233,29.3432499845785,1599.9808612440193,1767.5,0.954337899543379,0.7787661919147326,13.980861244019138,9.5,1586,1758,1615,1777,0.88,0.96,91.86606107869427
97,190,358.0,375.0,71.9967015926917,0.457759245091445,18.02228756590361,26.44203653665301,1599.2234636871508,1154.0642458100558,0.9546666666666667,0.7317462715779355,12.223463687150838,10.064245810055866,1587,1144,1612,1164,0.87,0.92,63.772327223165554
98,192,341.0,370.0,73.01213755221679,-1.298957306588349,16.14524538942212,27.505668399168453,1596.158357771261,917.6950146627566,0.9216216216216216,0.8096022720273298,8.158357771260997,13.695014662756599,1588,904,1607,932,0.8,0.89,164.42477143519332
99,194,423.0,459.0,83.5081680014271,0.17696557947953062,18.059888156232137,30.979796096069823,1602.77304964539,1458.434988179669,0.9215686274509803,0.8125030262307102,14.77304964539007,10.43498817966903,1588,1448,1621,1469,0.76,0.85,79.86061917673597
100,196,1253.0,1323.0,138.43979951268545,1.229448475674346,30.909564169079793,52.35502676495501,1606.4533120510773,1060.4469273743016,0.9470899470899471,0.8071225847365319,17.453312051077415,23.446927374301676,1589,1037,1626,1089,0.82,0.91,19.55779121506751
101,197,452.0,487.0,82.81805461304414,-0.8729990530229037,22.969422924381824,26.126385233771632,1600.3606194690265,1125.0353982300885,0.9281314168377823,0.4765161001991062,11.360619469026549,12.035398230088495,1589,1113,1612,1137,0.83,0.83,140.01916125712995
102,198,337.0,352.0,68.2044637968176,-0.3073532933943031,16.3619678935091,26.392783277700264,1602.40059347181,1105.7091988130564,0.9573863636363636,0.7846484455065527,12.400593471810089,8.70919881305638,1590,1097,1615,1115,0.91,0.99,107.6100465309397
103,199,816.0,864.0,110.51390816480095,0.434358745602625,28.503244347359473,37.85665669774105,1607.2610294117646,1925.453431372549,0.9444444444444444,0.6581056943514699,17.261029411764707,16.45343137254902,1590,1909,1628,1940,0.84,0.87,65.11307708237298
104,200,307.0,332.0,71.11601865427974,1.1750577566530618,14.93573363414964,27.041534847682794,1600.3061889250814,1001.7850162866449,0.9246987951807228,0.8336284323256701,9.306188925081432,11.785016286644952,1591,990,1610,1017,0.76,0.87,22.67414985966903
105,201,923.0,988.0,118.32842155267676,-1.4803406507411099,28.811156072254015,42.18007450212486,1605.756229685807,1420.3846153846155,0.9342105263157895,0.7303703703342205,14.75622968580715,20.384615384615383,1591,1400,1622,1443,0.83,0.87,174.81727152911543
106,202,714.0,740.0,97.43164542927065,1.1199153876551904,28.577220303183733,32.15734436106663,1604.3067226890757,1710.5266106442577,0.9648648648648649,0.45855013229518193,13.306722689075631,15.526610644257703,1591,1695,1619,1726,0.95,0.95,25.833574875600092
107,204,1306.0,1362.0,138.30504649157226,0.1332310271033403,32.5873566814882,51.86606579081555,1617.3614088820827,977.2450229709035,0.9588839941262849,0.7779725894747199,25.361408882082696,17.245022970903523,1592,960,1644,993,0.86,0.93,82.36642444678552
108,209,306.0,341.0,73.01213755221679,0.14085653759587033,14.746019914534125,27.84273495090155,1613.9738562091504,1447.2222222222222,0.8973607038123167,0.8482361309325009,14.973856209150327,7.222222222222222,1599,1440,1628,1456,0.72,0.83,81.92951487893082
109,211,621.0,641.0,94.55955881790719,0.760080241766127,22.19673142819665,36.09389804159393,1613.9581320450886,934.5523349436393,0.968798751950078,0.7885490585343446,13.958132045088567,16.55233494363929,1600,918,1630,949,0.87,0.95,46.450610055517686
110,212,505.0,553.0,90.30724542977781,1.0431572083517868,18.089624130929906,36.802037964772346,1612.6851485148516,1237.0574257425742,0.9132007233273056,0.8708557593655398,11.685148514851486,16.057425742574257,1601,1221,1627,1252,0.78,0.93,30.231494592793545
111,213,364.0,388.0,74.44818085789854,0.3973013821590708,16.780061733506347,28.10150731871517,1613.5192307692307,1395.934065934066,0.9381443298969072,0.8021495460845068,12.51923076923077,9.934065934065934,1601,1386,1627,1406,0.83,0.91,67.23630760757102
112,214,375.0,461.0,86.74504543003138,0.27808247839659145,15.943437383555247,34.24980149102226,1615.2853333333333,1504.8906666666667,0.8134490238611713,0.8850455030069659,14.285333333333334,10.890666666666666,1601,1494,1632,1515,0.63,0.77,74.06704763133742
113,215,492.0,515.0,80.69189791897944,1.46411460128913,24.35520497370364,26.070344133205225,1612.6727642276423,1736.69918699187,0.9553398058252427,0.3567206374865647,11.672764227642276,11.699186991869919,1601,1725,1625,1750,0.95,0.95,6.112412622653579
114,217,365.0,379.0,69.08514673522956,0.509502264962138,21.363162538733942,22.08843219262794,1611.8849315068494,862.3835616438356,0.9630606860158312,0.25414860020211527,9.884931506849314,9.383561643835616,1602,853,1623,874,0.96,0.96,60.80767056531329
115,218,878.0,938.0,113.4254630222631,0.1125829124979994,27.391221847599308,42.48079741094734,1620.5387243735763,1523.5649202733484,0.9360341151385928,0.7643592029844248,18.53872437357631,14.56492027334852,1602,1509,1643,1539,0.86,0.92,83.54947426857399
116,219,285.0,301.0,63.626827837546074,-1.4602913879097401,15.870918425668837,23.04565128444334,1609.3543859649124,2321.1894736842105,0.946843853820598,0.7250720392459858,7.3543859649122805,11.189473684210526,1602,2310,1618,2333,0.88,0.93,173.66853338652942
117,222,595.0,610.0,91.9733265315872,0.08463445654562124,20.775208907285396,36.8706210147219,1620.4285714285713,909.1831932773109,0.9754098360655737,0.8261417036993609,17.428571428571427,10.183193277310924,1603,899,1640,919,0.88,1.0,85.15080283855254
118,224,1083.0,1128.0,129.6098501652845,0.4581614764491588,28.17669755888433,50.0731688493851,1627.6786703601108,1151.2059095106185,0.9601063829787234,0.8266540391257954,24.678670360110804,16.205909510618653,1603,1135,1651,1170,0.81,0.91,63.74928106398074
119,225,1162.0,1298.0,146.90495804284552,-1.0961518266044799,30.619200414555596,55.6812564995694,1619.9242685025818,1185.5860585197934,0.8952234206471494,0.8352295851579699,16.924268502581757,23.58605851979346,1603,1162,1642,1216,0.68,0.77,152.80487336999272
120,228,601.0,704.0,110.18858559365881,1.2395498681750492,19.330684752800167,42.57147144135777,1618.5241264559068,1481.316139767055,0.8536931818181818,0.8909629390596708,13.524126455906822,19.31613976705491,1605,1462,1631,1504,0.62,0.78,18.97902405757212
121,229,228.0,243.0,58.62858453211792,-0.2893535903110106,15.910725399324278,19.2345344437208,1616.3070175438597,1667.517543859649,0.9382716049382716,0.5619138450986279,10.307017543859649,7.517543859649122,1606,1660,1628,1678,0.83,0.84,106.57873951177842
122,231,996.0,1028.0,115.41686669521462,1.566237032245165,33.40113413965832,38.31447741463354,1625.3805220883535,1644.5672690763051,0.9688715953307393,0.4899282705324532,17.380522088353413,18.56726907630522,1608,1626,1642,1664,0.94,0.95,0.26122833525661804
123,232,979.0,1028.0,122.25541236966399,1.2251191205538179,27.211208863461472,46.30225741079447,1623.5873340143003,1902.635342185904,0.9523346303501945,0.8090887758338765,14.587334014300307,23.635342185903983,1609,1879,1640,1927,0.82,0.91,19.805844991487135
124,233,549.0,580.0,92.85400946999913,-0.0030365910074954838,18.966066170359653,38.05079029406964,1628.4426229508197,1121.9562841530055,0.946551724137931,0.8669237415872729,18.442622950819672,9.956284153005464,1610,1112,1646,1132,0.8,0.95,90.17398384883687
125,234,205.0,214.0,51.4647162865264,0.6142208532033393,14.632932352478429,17.974887065272846,1621.019512195122,781.6,0.9579439252336449,0.5807577157352595,8.019512195121951,7.6,1613,774,1630,790,0.97,0.99,54.80773742252417
126,236,818.0,864.0,110.41862338978646,1.3310396773325888,27.108202161508345,39.6410071290631,1628.6454767726161,1040.0953545232273,0.9467592592592593,0.7296297331774655,14.645476772616137,22.095354523227385,1614,1018,1644,1060,0.84,0.89,13.73704412438775
127,237,404.0,453.0,82.9528076341573,0.020843039792062576,17.569717041041564,30.631547644078672,1629.509900990099,1354.0618811881188,0.891832229580574,0.819147858689177,15.509900990099009,11.061881188118813,1614,1343,1648,1363,0.74,0.83,88.80578178769159
128,238,610.0,650.0,95.90031734857443,-0.9461162869913442,23.427701686445147,34.576533462824514,1626.9901639344262,1681.3409836065573,0.9384615384615385,0.7354668178858801,12.99016393442623,17.340983606557376,1614,1664,1642,1698,0.83,0.88,144.20847017319218
129,239,890.0,911.0,110.14911734756014,-0.13683263539959906,28.404493199619484,40.59224337794772,1631.8730337078653,2048.2134831460676,0.9769484083424808,0.7143860953412,17.87303370786517,12.213483146067416,1614,2036,1652,2063,0.92,0.97,97.83993250804942
130,241,1692.0,1797.0,163.31938298199458,-0.3469341967530686,36.11295885246691,60.40194763309831,1645.5466903073286,1075.5809692671394,0.9415692821368948,0.8015875657241853,30.546690307328607,19.58096926713948,1615,1056,1675,1095,0.8,0.88,109.87786524271215
131,243,1805.0,2023.0,174.83084939073,1.2838680720496993,46.26019028175554,55.63045713527584,1641.9373961218837,1239.2980609418282,0.8922392486406328,0.5554315072689532,26.937396121883655,22.298060941828254,1615,1217,1667,1273,0.74,0.75,16.439778019954332
132,244,1056.0,1106.0,127.15837090007767,-1.2700522796357996,30.317299824899372,47.393405259480176,1630.7670454545455,1568.191287878788,0.9547920433996383,0.7686292798051572,13.767045454545455,23.19128787878788,1617,1545,1650,1594,0.82,0.88,162.76863538410035
133,249,594.0,631.0,93.21880028723994,0.47023290498701437,25.87941583043505,30.327091282289388,1633.4107744107744,1206.144781144781,0.9413629160063391,0.5213496481929042,15.41077441077441,15.144781144781145,1618,1191,1650,1219,0.86,0.87,63.057639156067836
134,250,496.0,546.0,88.50641130685526,-1.5186892835388552,23.52246608516566,29.214094120948047,1629.8245967741937,1417.391129032258,0.9084249084249084,0.5930369184047197,11.824596774193548,15.391129032258064,1618,1402,1644,1430,0.8,0.81,177.01448633852323
135,251,702.0,736.0,104.59551367486219,0.36408192650793364,22.028524962201377,41.282478962982694,1639.3418803418804,1990.1396011396012,0.9538043478260869,0.8457340125619895,21.34188034188034,12.13960113960114,1618,1978,1658,2004,0.81,0.93,69.13964221410319
136,252,1249.0,1330.0,137.1943257570327,-1.4935475668363185,35.791209064265686,45.95926378072625,1635.9167333867094,1291.060848678943,0.9390977443609022,0.62732271129252,16.916733386709367,26.060848678943156,1619,1265,1655,1315,0.83,0.85,175.57397208175428
137,253,579.0,621.0,95.44024175631914,-0.08703863009733658,21.08352095131514,35.883558139446976,1637.9499136442141,679.4766839378239,0.9323671497584541,0.809185103552994,17.949913644214163,10.476683937823834,1620,669,1655,691,0.8,0.89,94.98694615917773
138,255,475.0,555.0,101.81871183851321,-0.6644475391054543,23.62464778452629,27.606673756424225,1632.9852631578947,1372.4252631578947,0.8558558558558559,0.5173753588248379,12.985263157894737,11.425263157894737,1620,1361,1647,1388,0.58,0.58,128.07003969859625
139,256,313.0,332.0,68.7598241640874,0.8984674351520986,15.551075121457584,25.933083297857532,1630.6517571884983,1467.8753993610223,0.9427710843373494,0.8002536622532344,10.651757188498403,10.875399361022364,1620,1457,1641,1479,0.83,0.92,38.52160793584077
140,257,1353.0,1401.0,139.32048245109738,-0.5809999573340864,34.372615357599514,51.13549050271638,1645.949002217295,1594.760532150776,0.9657387580299786,0.7403813527928343,25.9490022172949,20.760532150776054,1620,1574,1668,1614,0.88,0.93,123.28884545252404
141,258,285.0,301.0,61.730708939609045,-0.2251937770964137,18.154567338297948,20.051058585007326,1630.221052631579,1748.5859649122808,0.946843853820598,0.42452353792865777,10.221052631578948,8.585964912280701,1620,1740,1641,1758,0.94,0.94,102.90265300023432
142,262,661.0,733.0,104.13543808260687,0.09245104516096819,24.211143916400314,38.402812947312626,1640.2889561270802,1103.3267776096823,0.9017735334242838,0.7762279473610968,19.28895612708018,11.3267776096823,1621,1092,1658,1118,0.77,0.83,84.70294530070315
143,265,1746.0,1809.0,154.8542244518345,0.15555408090593448,44.99869720134197,49.88009133369662,1648.6071019473081,1329.4410080183277,0.9651741293532339,0.4314487973348053,25.607101947308134,23.441008018327604,1623,1306,1676,1354,0.92,0.92,81.08740767805341
144,266,923.0,977.0,116.75762522588187,-1.3795563863030922,27.271855772844884,43.800428086928406,1635.5742145178765,1718.9642470205852,0.9447287615148413,0.7825091989346216,12.57421451787649,19.96424702058505,1623,1699,1652,1742,0.85,0.92,169.0427585354866
145,267,309.0,328.0,67.64910342954781,1.4126475111358894,14.898204668824084,26.604088764199805,1630.4983818770227,2437.401294498382,0.9420731707317073,0.8284947676565848,7.498381877022654,12.401294498381876,1623,2425,1639,2452,0.85,0.96,9.06125967225357
146,269,1644.0,1754.0,176.59221526755385,-0.22282500831286012,30.369429359440105,72.55530010269825,1664.6259124087592,1435.0170316301703,0.9372862029646523,0.908184808653568,40.62591240875913,20.017031630170315,1624,1415,1696,1451,0.66,0.87,102.76693254629437
147,270,241.0,260.0,63.62682783754609,-0.05384198023737128,12.601568845479068,24.943776267573963,1635.6058091286307,1452.630705394191,0.926923076923077,0.8630029262107866,11.605809128630705,5.630705394190872,1624,1447,1650,1460,0.75,0.88,93.08491822822816
148,272,644.0,675.0,94.4642740428927,1.2867881753809913,26.29224574947629,31.715821102751285,1639.2034161490683,1962.579192546584,0.9540740740740741,0.5592565458962888,14.203416149068323,16.57919254658385,1625,1946,1654,1980,0.91,0.92,16.272468423329215
149,275,518.0,544.0,83.73820579755474,-1.4153901485874107,24.918242694936268,26.81390341174932,1639.7953667953668,453.62741312741315,0.9522058823529411,0.3693180317078352,12.795366795366796,13.627413127413128,1627,440,1653,468,0.93,0.93,171.0958818784531
150,276,673.0,745.0,103.71483073645024,-0.07358414052085388,24.45863265888429,36.46854141607713,1643.3818722139672,953.9479940564636,0.9033557046979865,0.7417490141704277,16.38187221396731,11.947994056463596,1627,942,1662,968,0.79,0.83,94.21606069094251
151,277,368.0,418.0,77.12969791923302,1.1930884770400103,20.445399685441867,24.52011150050974,1636.366847826087,1490.8994565217392,0.8803827751196173,0.5520339353622232,9.366847826086957,11.89945652173913,1627,1479,1650,1503,0.78,0.79,21.641065679916395
152,278,1361.0,1459.0,144.77880134878086,1.4126931219956167,39.308937128136215,46.51702281382764,1644.6480529022776,1876.049963262307,0.9328307059629883,0.5346965647748607,16.648052902277737,23.049963262307127,1628,1853,1666,1903,0.82,0.82,9.058646362491231
153,282,2379.0,2553.0,195.45811947190975,-0.22617881728342112,44.76304592424515,72.44843378101201,1668.290458175704,1795.2471626733923,0.9318448883666275,0.7862875139006498,36.290458175704075,23.247162673392182,1632,1772,1703,1822,0.78,0.85,102.95909164560064
154,284,678.0,726.0,98.44708138879575,-0.44288632307122777,26.92311464104688,32.72750655788553,1649.4380530973451,1538.2994100294986,0.9338842975206612,0.5685555864625682,15.438053097345133,13.299410029498524,1634,1525,1666,1553,0.88,0.89,115.37551711604881
155,285,1617.0,1676.0,147.0397110639587,-0.40195491230951275,44.03422362806088,47.539376688610545,1659.273964131107,924.0321583178726,0.9647971360381862,0.37686443533218705,24.27396413110699,23.032158317872604,1635,901,1682,950,0.94,0.94,113.03032002988618
156,286,760.0,819.0,119.34385751220188,-1.0719633009229892,18.96472602275781,52.695566083753874,1652.3434210526316,1375.3,0.927960927960928,0.9329938723985737,16.34342105263158,23.3,1636,1352,1667,1398,0.67,0.96,151.4189729357995
157,288,350.0,369.0,73.0121375522168,-0.3119105307717505,15.70804755543828,28.598003090628545,1649.1085714285714,1659.6,0.948509485094851,0.8356444260132294,13.108571428571429,8.6,1636,1651,1664,1669,0.83,0.94,107.8711569989067
158,291,852.0,880.0,108.52250449184943,0.4222737315504219,26.898633874514047,40.75180527185407,1655.4776995305165,1512.4765258215962,0.9681818181818181,0.7512129420428256,18.477699530516432,16.476525821596244,1637,1496,1676,1528,0.91,0.97,65.8054973829205
159,292,269.0,291.0,61.730708939609045,0.39922967096468487,16.05631147809619,21.762223519313313,1646.6840148698884,1622.0743494423791,0.9243986254295533,0.6750121969981384,9.684014869888475,9.074349442379182,1637,1613,1658,1631,0.89,0.92,67.12582479732701
160,293,403.0,426.0,77.58977351148832,0.6825547896867381,16.534511884610406,31.564881075575613,1651.2158808933002,1012.3821339950372,0.9460093896713615,0.8518251618187713,13.215880893300248,10.38213399503722,1638,1002,1664,1026,0.84,0.98,50.892491264510376
161,294,398.0,421.0,76.80437534809087,-0.9874892356524603,18.62108964646977,27.781683268914357,1648.2964824120604,1406.643216080402,0.9453681710213777,0.7421218523645728,10.296482412060302,13.64321608040201,1638,1393,1660,1420,0.85,0.9,146.57896551748556
162,295,660.0,685.0,95.90031734857442,0.6104818339730153,24.466188218509,34.89623310514835,1654.4848484848485,1825.6545454545455,0.9635036496350365,0.7130505889312759,16.484848484848484,13.654545454545454,1638,1812,1671,1841,0.9,0.94,55.021967443939985
163,296,766.0,804.0,103.90540028647922,1.202344543788222,29.052412193234183,34.45553075978427,1653.1462140992166,1187.9308093994778,0.9527363184079602,0.5376223658201377,14.14621409921671,16.930809399477805,1639,1171,1669,1204,0.89,0.9,21.110732120352466
164,298,487.0,513.0,83.5081680014271,-1.5021530709284596,23.76490762465804,26.713294116086736,1650.5215605749486,1475.7597535934292,0.949317738791423,0.4566849482647855,10.521560574948666,13.759753593429158,1640,1462,1664,1490,0.88,0.88,176.06703114681653
165,299,853.0,908.0,112.9653874300078,1.5613579591939264,25.033278823949196,44.29728711660022,1653.5826494724502,1688.1488862837045,0.9394273127753304,0.82500878145682,13.582649472450177,21.148886283704574,1640,1667,1667,1710,0.84,0.95,0.5407786290286083
166,300,1045.0,1112.0,128.26909163461727,1.4054596261389816,29.63147855730578,47.413410870113985,1654.867942583732,2094.4344497607653,0.939748201438849,0.780656886877064,14.867942583732058,21.43444976076555,1640,2073,1673,2122,0.8,0.87,9.4730951462018
167,303,320.0,361.0,72.55206195996149,0.1233880423075391,19.7944827336145,23.179250895113878,1651.61875,1049.346875,0.8864265927977839,0.5203153172304016,10.61875,10.346875,1641,1039,1665,1059,0.76,0.77,82.93038593339637
168,305,376.0,393.0,73.0121375522168,-1.2660515055491186,17.956839916161904,27.0298269065388,1653.3856382978724,1730.2925531914893,0.9567430025445293,0.7474356145236588,10.38563829787234,13.292553191489361,1643,1717,1663,1744,0.89,0.94,162.53940791414823
169,306,871.0,913.0,110.8392307359431,0.019796138022642535,29.287580928539537,38.6535099373416,1662.5545350172215,434.13547646383466,0.9539978094194962,0.6526085396638859,18.554535017221585,14.135476463834673,1644,420,1682,450,0.89,0.92,88.86576484064413
170,308,391.0,429.0,79.25585461329771,0.9241895880859714,21.052004655611032,25.70105110606944,1656.6368286445013,1164.071611253197,0.9114219114219114,0.5736355501807255,12.636828644501279,12.07161125319693,1644,1152,1668,1178,0.78,0.79,37.04783713273981
171,309,614.0,756.0,122.02537457353634,0.5415752998769164,22.318616566938097,44.56054765963822,1662.542345276873,1271.6368078175897,0.8121693121693122,0.8655280445055837,18.542345276872965,15.636807817589576,1644,1256,1690,1287,0.52,0.62,58.970021028520755
172,310,1121.0,1200.0,136.4089275936352,-0.41214981704605813,26.641881455654442,54.678629840130064,1667.7413024085638,1762.5057983942909,0.9341666666666667,0.8732653917155668,23.741302408563783,16.50579839429081,1644,1746,1695,1781,0.76,0.91,113.61444504382817
173,312,441.0,464.0,78.14513387875812,0.6422609290786337,21.391782708138713,26.7408776468638,1659.3401360544217,623.9546485260771,0.9504310344827587,0.6000458401546852,13.34013605442177,10.954648526077097,1646,613,1672,637,0.91,0.92,53.2011594176432
174,313,487.0,566.0,108.98258008410474,0.7406968224026672,13.475271711486055,47.96879453252964,1663.3716632443532,1566.7782340862423,0.8604240282685512,0.9597319329383809,17.371663244353183,15.7782340862423,1646,1551,1684,1585,0.52,0.88,47.56119817757608
175,316,782.0,810.0,106.35687955168606,-1.3974506427200137,23.59582728572021,42.72619710661911,1659.0907928388747,878.9897698209719,0.9654320987654321,0.8336741400192313,12.09079283887468,19.989769820971865,1647,859,1671,899,0.87,0.99,170.06802390570107
176,318,250.0,262.0,58.49383151100476,1.5296078826535597,14.547505371577513,21.992118757953353,1654.452,540.364,0.9541984732824428,0.7499564423674995,6.452,11.364,1648,529,1663,551,0.92,0.98,2.3599240140089393
177,319,360.0,393.0,73.66278269450109,0.03709419906521535,19.185756968221032,24.70833444983197,1659.7944444444445,1210.3666666666666,0.916030534351145,0.6301304540853481,11.794444444444444,9.366666666666667,1648,1201,1672,1221,0.83,0.85,87.87465894914504
178,322,195.0,214.0,57.70843334760731,-0.2156569579879125,12.505679370819307,21.300177373060468,1660.1128205128205,1747.5641025641025,0.9112149532710281,0.809502661023009,10.112820512820512,6.564102564102564,1650,1741,1672,1755,0.74,0.82,102.3562335153375
179,323,668.0,713.0,98.58183440990892,-0.05955746879140241,26.531134758650516,32.90710752942042,1667.306886227545,1901.37125748503,0.9368863955119214,0.5915841034563404,17.30688622754491,14.37125748502994,1650,1887,1684,1915,0.86,0.88,93.41239160022947
180,327,669.0,706.0,98.90715698105106,-0.6947563935599834,26.0678187354579,34.34803914275067,1668.4200298953663,1849.3811659192825,0.9475920679886686,0.6511701331353462,17.42002989536622,15.38116591928251,1651,1834,1683,1865,0.86,0.88,129.80660914071706
181,328,575.0,645.0,98.35179661378127,0.014962160140775414,26.22256472313012,31.37728577599222,1668.9652173913043,1487.631304347826,0.8914728682170543,0.5491587264219523,16.965217391304346,15.631304347826086,1652,1472,1686,1499,0.75,0.76,89.14273137153471
182,329,551.0,578.0,88.41112653184075,1.5383385011963941,21.886233786645167,32.545088768483296,1661.983666061706,1976.1161524500908,0.9532871972318339,0.7401065703419667,9.98366606170599,16.116152450090745,1652,1960,1674,1994,0.89,0.94,1.8596964189658678
183,332,502.0,550.0,95.34495698130463,-0.6732852733609761,17.446578851297456,38.66787277568542,1671.5378486055777,1605.8346613545816,0.9127272727272727,0.8924276363063479,16.53784860557769,15.834661354581673,1655,1590,1687,1620,0.69,0.87,128.57640457189584
184,334,617.0,670.0,95.34495698130463,1.116600821584822,25.50906499777187,31.410814171751664,1668.6369529983792,1036.4700162074555,0.9208955223880597,0.5835030966616087,12.636952998379254,15.47001620745543,1656,1021,1684,1053,0.85,0.87,26.023485522349468
185,335,2645.0,2786.0,202.39194992137368,0.3802880597157421,45.60693418642204,75.83262906711457,1690.835538752363,1396.1489603024575,0.9493898061737258,0.7989362602678695,34.83553875236295,26.148960302457468,1656,1370,1730,1422,0.81,0.89,68.21109917906895
186,337,1671.0,1820.0,170.6738207776151,1.1106945085577975,35.8134999444589,62.52252763578815,1679.7151406343507,1157.3782166367444,0.9181318681318681,0.8196885001648095,22.71514063435069,31.378216636744465,1657,1126,1700,1188,0.72,0.81,26.361892331281105
187,338,863.0,894.0,108.06242889959412,-1.0274708857444381,32.15959359184183,35.008309445074744,1673.2050984936268,1299.8655851680185,0.9653243847874721,0.39512483005885013,16.205098493626885,14.86558516801854,1657,1285,1691,1319,0.93,0.93,148.86974532572472
188,340,233.0,249.0,56.827750409195374,-1.0102676613475967,15.445417912110667,19.326353926372164,1667.5579399141632,1093.1759656652362,0.9357429718875502,0.6010792326452671,8.55793991416309,9.17596566523605,1659,1084,1676,1103,0.91,0.92,147.88407317376922
189,341,264.0,282.0,61.960746735736706,1.1413491962684308,16.65626639659199,20.870455345931333,1668.4924242424242,1252.155303030303,0.9361702127659575,0.6025531913457246,9.492424242424242,11.155303030303031,1659,1241,1677,1263,0.86,0.88,24.605508103170266
190,343,306.0,323.0,65.42766196046864,-0.9296178558290856,17.089444663263535,23.153185106868168,1669.3071895424837,1662.6601307189542,0.9473684210526315,0.6746876091559513,9.30718954248366,9.660130718954248,1660,1653,1680,1675,0.9,0.93,143.26317969900765
191,345,445.0,488.0,86.84033020504586,-0.34960370973438365,20.170040226822845,30.69370161669987,1672.8202247191011,957.8898876404494,0.9118852459016393,0.7537690811480591,11.820224719101123,8.889887640449437,1661,949,1692,971,0.74,0.79,110.03081706989687
192,346,567.0,592.0,87.07036800117352,-1.0046686332416879,25.338167918407827,28.650276977184987,1675.4268077601412,1121.142857142857,0.9577702702702703,0.46673879259627615,13.426807760141093,14.142857142857142,1662,1107,1689,1135,0.94,0.95,147.56327249392552
193,347,539.0,564.0,94.55955881790719,0.4807205500814697,18.063252528855386,39.389661156084735,1677.1576994434138,1551.252319109462,0.9556737588652482,0.8886538925258295,15.15769944341373,13.252319109461967,1662,1538,1698,1563,0.76,0.94,62.456741355124464
194,348,611.0,780.0,115.41686669521462,0.28767371537304626,22.217209291144815,40.278312476890285,1680.795417348609,1361.6873977086743,0.7833333333333333,0.8341138245800628,17.795417348608837,11.687397708674304,1663,1350,1704,1375,0.58,0.66,73.51751023227675
195,350,258.0,286.0,64.87230159319884,0.48023273683767537,15.284426173977131,23.141682075352023,1674.4108527131782,502.79457364341084,0.9020979020979021,0.7508509368330526,10.410852713178295,8.794573643410853,1664,494,1686,512,0.77,0.82,62.484690995184465
196,351,532.0,555.0,85.40428689936414,0.9827734883734559,22.76969932678995,30.095243388028177,1675.7293233082708,1231.8063909774437,0.9585585585585585,0.6538919118088509,11.729323308270677,13.806390977443609,1664,1218,1690,1247,0.92,0.94,33.691226898851696
197,352,1162.0,1216.0,128.91973677690154,-0.9189911840262398,34.88571587933261,43.13027044158678,1681.4492254733218,1686.4285714285713,0.9555921052631579,0.5880215176656514,17.44922547332186,19.428571428571427,1664,1667,1701,1707,0.88,0.89,142.6543162544339
198,354,325.0,356.0,71.11601865427974,0.4191670329695877,18.802599919181453,23.18065663859325,1678.12,1057.2307692307693,0.9129213483146067,0.5848614804600659,13.12,9.23076923076923,1665,1048,1690,1069,0.81,0.82,65.98349809982159
199,355,796.0,825.0,104.04015330759239,-0.6366120668546089,27.982315985201456,36.89641086408331,1682.21608040201,1719.78391959799,0.9648484848484848,0.6517869544722267,17.21608040201005,16.78391959798995,1665,1703,1699,1735,0.92,0.95,126.4751846178693
200,356,172.0,217.0,62.51610710300649,-0.5453385771588808,12.011197523299384,21.14184840194372,1673.7093023255813,1917.8779069767443,0.7926267281105991,0.8229427658796359,8.709302325581396,9.877906976744185,1665,1908,1684,1927,0.55,0.62,121.24559887687326
201,357,729.0,759.0,99.13719477717872,-0.4299439638661518,26.480456426164025,35.26726856666709,1682.5445816186557,409.4238683127572,0.9604743083003953,0.6604718713052928,16.54458161865569,13.423868312757202,1666,396,1701,425,0.93,0.96,114.63397455665566
202,358,1108.0,1160.0,129.0544897980147,0.9746920243109083,27.96804114151399,51.08033443418398,1684.2779783393503,1014.5099277978339,0.9551724137931035,0.8367857250637014,18.27797833935018,21.509927797833935,1666,993,1704,1037,0.84,0.95,34.154260681922324
203,359,346.0,370.0,72.55206195996148,1.1093356957171874,18.14520835352016,25.652092300914024,1674.64161849711,1190.0693641618498,0.9351351351351351,0.7068556428749629,8.641618497109826,12.06936416184971,1666,1178,1686,1202,0.83,0.86,26.43974657219625
204,360,137.0,144.0,43.09484253138079,-0.42582901252347355,12.337298184552914,14.632702106675,1673.4014598540145,1345.043795620438,0.9513888888888888,0.5377067693373578,7.401459854014599,7.043795620437956,1666,1338,1681,1351,0.93,0.94,114.3982052118185
205,362,1225.0,1341.0,136.96428796090504,1.2544651758920564,34.95517374968981,46.268629702185926,1684.8342857142857,1876.9469387755103,0.9134973900074571,0.6551679871027117,18.834285714285713,24.946938775510205,1666,1852,1703,1901,0.82,0.85,18.124439875248697
206,366,392.0,413.0,73.33746012335894,1.4453825034259675,18.743695556980732,26.73544926770644,1677.3469387755101,1625.6683673469388,0.9491525423728814,0.7130823779819305,9.346938775510203,12.668367346938776,1668,1613,1687,1640,0.92,0.96,7.18568277163881
207,367,903.0,936.0,111.1087367781694,-0.5781849753026027,29.870763142844346,39.2361201152596,1688.3543743078626,1929.6013289036546,0.9647435897435898,0.6483906831540535,19.35437430786268,18.601328903654483,1669,1911,1708,1947,0.92,0.95,123.12755886271486
208,370,1364.0,1399.0,134.60809347071267,1.5348328796699988,38.32106438248123,45.95967219627836,1691.4230205278593,638.9912023460411,0.9749821300929236,0.5520702508993678,19.423020527859236,20.991202346041057,1672,618,1710,663,0.95,0.96,2.0605537369985427
209,372,304.0,367.0,76.80437534809087,0.4650349643185493,15.051795668126273,30.0956443700058,1687.4177631578948,1220.5230263157894,0.8283378746594006,0.86594916366791,15.417763157894736,8.523026315789474,1672,1212,1700,1233,0.65,0.77,63.3554592185303
210,373,1201.0,1289.0,135.66299767633646,-1.1940295677030428,33.695842676019176,46.82227775347815,1690.4771024146544,1463.5378850957536,0.9317300232738557,0.6943327889901737,18.477102414654453,24.537885095753538,1672,1439,1711,1490,0.82,0.85,158.41285484321455
211,376,236.0,250.0,59.73930526665751,-0.9310751840297746,13.120336168371658,23.077753782604617,1682.427966101695,724.5169491525423,0.944,0.8226643029915156,8.427966101694915,9.516949152542374,1674,715,1692,736,0.83,0.93,143.3466784542725
212,377,614.0,635.0,91.74328873545954,-1.5684185245182851,24.833679899676877,32.057732851584284,1685.457654723127,866.5960912052117,0.9669291338582677,0.6323842050893462,11.457654723127035,16.596091205211728,1674,850,1698,882,0.92,0.94,179.86376196503358
213,379,427.0,461.0,83.37341498031392,-0.005888466481132632,16.735350185993795,33.03864616297368,1689.625292740047,1569.15925058548,0.9262472885032538,0.8622172741962427,15.625292740046838,8.159250585480093,1674,1561,1706,1578,0.77,0.91,90.33738427717316
214,380,611.0,641.0,92.66343991997016,-0.9408518433574057,25.455011430491368,31.171811197047894,1687.9099836333878,837.5679214402619,0.953198127925117,0.5771989738212183,12.909983633387888,14.567921440261866,1675,823,1703,854,0.89,0.91,143.906839771483
215,381,366.0,399.0,78.70049424602792,-0.14904552304988222,16.243496211851813,30.64336668027927,1691.1530054644809,891.0710382513661,0.9172932330827067,0.8479464038994724,16.153005464480874,10.07103825136612,1675,881,1706,900,0.74,0.86,98.53967942607808
216,382,223.0,238.0,59.144476653289054,-0.0020576015535557443,12.620551097749143,23.315936798572583,1684.8340807174889,1740.134529147982,0.9369747899159664,0.8408396280859581,9.834080717488789,5.134529147982063,1675,1735,1697,1747,0.8,0.92,90.1178918849383
217,383,133.0,136.0,41.61933097960038,-0.08987362481343235,13.012715722576896,13.244706107302358,1681.7368421052631,1091.6992481203008,0.9779411764705882,0.1863454131624839,5.7368421052631575,5.6992481203007515,1676,1086,1688,1098,0.96,0.96,95.1493793913519
218,384,2073.0,2137.0,165.67557747218694,1.2987038147252106,50.575434195351654,52.65321190095094,1701.4650265315968,1261.5595754944525,0.9700514740290126,0.2781472611703703,25.46502653159672,26.559575494452485,1676,1235,1729,1289,0.95,0.95,15.589752578705415
219,385,1935.0,2022.0,166.32622261447122,1.3266039531577596,44.344253350442784,56.83832501788727,1698.857881136951,1328.182945736434,0.956973293768546,0.6255522583377091,22.857881136950905,30.18294573643411,1676,1298,1723,1354,0.88,0.9,13.99119239868962
220,386,2989.0,3102.0,207.65969926902818,-1.4980006227241898,54.965499534216676,70.14483453172134,1704.667112746738,2172.6644362663096,0.963571889103804,0.621265546480131,28.667112746738038,36.6644362663098,1676,2136,1735,2209,0.87,0.89,175.82911339006517
221,387,180.0,204.0,54.70159371513067,1.3612640746473523,12.984402832954805,19.373224467843027,1682.6777777777777,322.9166666666667,0.8823529411764706,0.7421587387578519,5.677777777777778,10.916666666666666,1677,312,1691,333,0.76,0.8,12.005313719925269
222,391,625.0,709.0,105.38091183825964,-0.999968925505401,24.514398317213804,34.77588828980484,1693.1984,1638.9632,0.8815232722143864,0.7092817006985568,14.1984,15.9632,1679,1623,1708,1658,0.71,0.74,147.2939990756913
223,393,227.0,257.0,62.19078453186435,0.6647421033032993,13.634978506094011,23.351021181629044,1693.3039647577093,1135.2995594713657,0.8832684824902723,0.81181581933735,11.30396475770925,8.299559471365638,1682,1127,1703,1147,0.74,0.82,51.91308301607157
224,394,1012.0,1083.0,127.48369347121984,0.15305821304037992,27.836145209496372,47.55966209012322,1704.856719367589,1203.3616600790515,0.9344413665743305,0.8108247851107082,22.856719367588934,15.361660079051383,1682,1188,1732,1219,0.78,0.87,81.23041037297202
225,395,183.0,202.0,55.256954082400476,0.32078223342427636,12.258497011785618,20.50743803344632,1692.4262295081967,1664.704918032787,0.905940594059406,0.8016761700229835,10.426229508196721,6.704918032786885,1682,1658,1702,1673,0.75,0.83,71.62053188200855
226,397,292.0,318.0,69.54522232748485,0.6268817400103563,14.649943300446802,26.294093423165627,1694.4280821917807,1044.3150684931506,0.9182389937106918,0.8304070457293239,11.428082191780822,8.315068493150685,1683,1036,1706,1056,0.76,0.86,54.08232204358922
227,399,422.0,435.0,76.34429975583556,1.3155169092794146,18.593885622665713,29.354002420559233,1695.7535545023698,1589.6611374407582,0.9701149425287356,0.7737949807659916,9.753554502369669,12.661137440758294,1686,1577,1705,1605,0.91,0.98,14.626433220195139
228,400,826.0,888.0,117.96363073543594,-1.5252044812122014,24.314993334207266,44.86406272648696,1698.6319612590798,1082.6997578692494,0.9301801801801802,0.8403975857468875,11.631961259079903,22.699757869249396,1687,1060,1710,1105,0.75,0.85,177.3877796678994
229,401,1010.0,1138.0,138.20976171655778,1.0384467630184697,24.58606199554097,55.67417954871631,1704.468316831683,1124.8168316831684,0.8875219683655536,0.8972089934748437,17.46831683168317,22.816831683168317,1687,1102,1723,1154,0.66,0.84,30.501383230019705
230,402,1295.0,1490.0,156.61559032865836,-0.6926068401281942,30.59440932658932,56.76148921182015,1709.3629343629343,1487.3745173745174,0.8691275167785235,0.8423061400331188,22.362934362934364,21.374517374517374,1687,1466,1739,1511,0.66,0.76,129.68344880123766
231,403,821.0,939.0,119.669180083344,-1.3299078702279705,25.990581091249837,43.21846156215191,1700.7637028014617,692.6479902557857,0.8743343982960596,0.7989655294553206,12.763702801461632,18.647990255785626,1688,674,1718,716,0.72,0.79,166.1981081052947
232,405,770.0,848.0,114.4408989817882,-0.7839302632878212,23.75260503027395,44.6215001742907,1709.5688311688311,604.5649350649351,0.9080188679245284,0.8465476125396555,20.568831168831167,18.564935064935064,1689,586,1727,623,0.74,0.85,134.91589551897158
233,407,296.0,311.0,63.39679004141843,0.7788661457207395,18.24729796780951,21.0034814673093,1697.537162162162,1615.7635135135135,0.9517684887459807,0.4952071640978443,8.537162162162161,8.763513513513514,1689,1607,1708,1627,0.93,0.93,45.37425704458026
234,410,633.0,686.0,100.8032758789881,-0.15578541764889434,23.962324828393847,35.948578193505554,1712.3649289099526,1361.6477093206952,0.922740524781341,0.7454404261521551,19.364928909952607,11.647709320695103,1693,1350,1731,1376,0.78,0.83,98.92584694096449
235,411,681.0,711.0,98.12175881765361,-1.1746520692874347,25.163765336687042,34.977833584533165,1705.5301027900148,1531.7753303964757,0.9578059071729957,0.694574947474102,12.530102790014684,15.775330396475772,1693,1516,1721,1550,0.89,0.93,157.30260596647878
236,412,953.0,1147.0,132.38665200163348,1.3504083053025304,32.89263810820509,40.921487765238865,1713.4428121720882,1019.5424973767051,0.8308631211857018,0.5949013967545989,18.442812172088143,18.542497376705143,1695,1001,1731,1039,0.68,0.7,12.62730348675106
237,413,541.0,618.0,99.78783991946298,-0.3775507088414409,20.39641159839967,36.81809751805826,1709.7763401109057,1428.2513863216266,0.8754045307443366,0.8325313860631829,14.77634011090573,10.251386321626617,1695,1418,1732,1440,0.68,0.78,111.63206216878714
238,414,244.0,266.0,59.50926747052986,-0.9536232254454509,16.804695423093698,19.37572344271741,1704.3524590163934,1656.610655737705,0.9172932330827067,0.49777407395462686,9.352459016393443,8.610655737704919,1695,1648,1714,1668,0.87,0.87,144.63858606367694
239,416,188.0,199.0,50.9093559192566,-0.3940182465819665,12.693126268182565,18.982515138565724,1703.4840425531916,2338.56914893617,0.9447236180904522,0.7435551361549846,8.48404255319149,6.569148936170213,1695,2332,1713,2347,0.91,0.97,112.57558258029165
240,419,189.0,197.0,52.020076653796195,-1.469681226385387,12.6928595426996,19.87249516232922,1703.5079365079366,1155.2433862433863,0.9593908629441624,0.7694434522614564,5.507936507936508,10.243386243386244,1698,1145,1711,1165,0.88,0.95,174.20653150149354
241,420,1479.0,1545.0,154.06882628843707,0.4452560320951896,32.0392019398105,59.35352045649989,1724.9770114942528,1181.9580797836377,0.9572815533980582,0.8417914461149393,26.977011494252874,18.958079783637594,1698,1163,1755,1206,0.78,0.9,64.48870855820411
242,421,386.0,411.0,74.02757351174189,1.3289484683139834,20.434403761103514,24.44389282523926,1708.4326424870467,1713.6502590673574,0.9391727493917275,0.5487724848224762,10.432642487046632,12.650259067357513,1698,1701,1720,1727,0.89,0.9,13.856861575233538
243,422,916.0,963.0,119.01853494105973,1.2971684097469005,27.587409646409125,43.53617278052702,1713.8908296943232,1748.4377729257642,0.9511941848390446,0.7736064246005087,15.890829694323145,21.437772925764193,1698,1727,1729,1773,0.81,0.88,15.677724803805958
244,423,244.0,275.0,66.99845828726353,0.6300699348770236,13.31776090311053,26.030186241693407,1708.172131147541,1768.9877049180327,0.8872727272727273,0.8592073270229524,10.172131147540984,11.987704918032787,1698,1757,1722,1778,0.68,0.8,53.89965193346392
245,425,227.0,243.0,58.493831511004764,0.0018181914538391122,13.356904844707643,22.322016032776684,1711.704845814978,883.3171806167401,0.934156378600823,0.8012172290480665,11.704845814977974,6.317180616740088,1700,877,1723,891,0.83,0.92,89.89582530334826
246,429,417.0,439.0,83.08756065527047,0.6637916837025951,15.478487075410065,35.20817918011954,1715.0455635491608,1561.9400479616306,0.9498861047835991,0.8981801485558015,14.045563549160672,11.940047961630695,1701,1550,1732,1576,0.76,0.96,51.96753804795843
247,430,522.0,556.0,92.98876249111228,0.7920150101154102,18.63553913533606,36.137169990349726,1715.7835249042146,988.4865900383141,0.9388489208633094,0.8567758808882383,13.78352490421456,13.486590038314176,1702,975,1731,1005,0.76,0.89,44.62088260937579
248,431,435.0,511.0,91.55271918543056,1.0036490697417388,17.13376155443046,34.385648265223224,1714.5862068965516,1453.3908045977012,0.8512720156555773,0.8670148220710766,12.586206896551724,14.39080459770115,1702,1439,1730,1468,0.65,0.78,32.49514419156715
249,432,424.0,462.0,82.81805461304413,0.2286515061180101,19.92945991611691,28.936556143073993,1716.4811320754718,1510.867924528302,0.9177489177489178,0.7250183945276931,14.481132075471699,9.867924528301886,1702,1501,1730,1523,0.78,0.82,76.8992337201283
250,433,410.0,448.0,79.16056983828321,-1.3539034274987007,19.47724725304182,27.76889377869663,1713.1097560975609,1685.4365853658537,0.9151785714285714,0.7127627284726588,11.109756097560975,12.43658536585366,1702,1673,1725,1702,0.82,0.86,167.572952263972
251,435,255.0,262.0,56.923035184209866,-1.3349479322455071,16.604723828108437,19.646603105027822,1710.8039215686274,2051.0941176470587,0.9732824427480916,0.5344972429328623,7.803921568627451,9.094117647058823,1703,2042,1719,2061,0.99,1.0,166.48688238738373
252,436,1472.0,1574.0,152.07742261548552,0.2227305226390586,37.30097478567867,53.91425985407164,1731.6161684782608,2091.998641304348,0.9351969504447268,0.7220342532003775,28.61616847826087,22.998641304347824,1703,2069,1759,2114,0.8,0.84,77.23848108403891
253,438,253.0,297.0,67.09374306227804,-0.21033423140910235,13.902651693738711,25.426928191656184,1714.6324110671937,1044.0711462450593,0.8518518518518519,0.8372836139311657,10.632411067193676,6.071146245059288,1704,1038,1731,1054,0.71,0.81,102.05126374686957
254,439,294.0,317.0,67.87914122567547,-0.45911176982737517,14.221110252094821,26.789067572225385,1715.6700680272108,1621.6972789115646,0.9274447949526814,0.8474626702425682,11.670068027210885,7.697278911564626,1704,1614,1729,1633,0.8,0.93,116.30516673589028
255,440,4093.0,4440.0,256.63346804424907,1.0373261272681584,61.892928825750516,86.94856959179947,1739.3828487661863,1087.7806010261422,0.9218468468468468,0.7023479706088334,34.38284876618617,41.78060102614219,1705,1046,1776,1130,0.78,0.82,30.56559092888402
256,441,517.0,545.0,86.05493204164841,-0.9397733015600507,24.30403939639443,27.578423737154473,1716.5628626692458,1585.4119922630562,0.9486238532110092,0.4726130182933005,11.562862669245648,13.411992263056092,1705,1572,1730,1598,0.88,0.88,143.84504387846607
257,442,572.0,600.0,88.64116432796843,1.5593623721447711,23.90182412900745,30.768880818738115,1717.0874125874127,1918.451048951049,0.9533333333333334,0.6297250269812319,12.087412587412587,16.45104895104895,1705,1902,1730,1934,0.91,0.94,0.6551173445961638
258,443,1017.0,1064.0,127.15837090007767,0.7036340156790517,27.713408887906784,48.745129220025795,1729.2871189773844,1643.2733529990167,0.9558270676691729,0.8226577019884519,22.287118977384463,18.273352999016716,1707,1625,1750,1664,0.79,0.89,49.68474057974834
259,444,150.0,163.0,47.11711812338252,1.5250044851367761,12.738665699234485,15.47778323859475,1715.4333333333334,1664.4133333333334,0.9202453987730062,0.567999237218966,7.433333333333334,7.413333333333333,1708,1657,1722,1673,0.85,0.86,2.6236792631416535
260,445,1276.0,1351.0,138.6303690627144,0.25341962796205975,39.51605339352331,43.71992474261577,1728.051724137931,1956.2437304075236,0.9444855662472242,0.4278591720729694,20.051724137931036,23.24373040752351,1708,1933,1752,1975,0.83,0.84,75.48012487199847
261,446,726.0,791.0,106.07102522664258,1.484827499887273,28.287035815848277,35.55865881025151,1726.1088154269974,1382.8595041322315,0.9178255372945638,0.605949056093653,17.108815426997246,16.859504132231404,1709,1366,1741,1404,0.81,0.83,4.925650951497531
262,448,227.0,244.0,60.06462783779966,0.81203099152634,14.575523380868075,21.471976691993245,1721.431718061674,1221.1938325991189,0.930327868852459,0.7343083197684356,11.431718061674008,8.193832599118943,1710,1213,1730,1232,0.79,0.84,43.47405135171721
263,449,1776.0,1940.0,165.21550187993165,0.4772184389812791,41.6908003713387,55.99656316633058,1738.7252252252251,1546.999436936937,0.9154639175257732,0.6675953938233339,27.725225225225227,26.999436936936938,1711,1520,1766,1569,0.82,0.84,62.6573975405513
264,450,1036.0,1398.0,166.04036828942776,-1.131841283221206,32.628084235008686,57.788651632421676,1734.9980694980695,1258.7287644787646,0.7410586552217453,0.8253574320370206,22.998069498069498,26.72876447876448,1712,1232,1757,1291,0.47,0.53,154.8497286072464
265,451,361.0,385.0,73.4722131444721,0.6138538594307729,18.58325636991677,25.745354795575352,1724.4847645429363,1882.7091412742382,0.9376623376623376,0.6920911945481341,12.484764542936288,10.709141274238227,1712,1872,1738,1895,0.84,0.87,54.82876461679981
266,452,636.0,724.0,123.36613310420361,-0.4939036981389012,15.242385150607808,56.882207420554664,1735.3899371069183,1140.311320754717,0.8784530386740331,0.9634289191499608,22.38993710691824,13.31132075471698,1713,1127,1761,1159,0.53,0.93,118.29859738926245
267,453,292.0,333.0,72.68681498107465,1.0942312581852367,13.931864651137488,28.563864018658386,1722.7397260273972,1707.099315068493,0.8768768768768769,0.8729864847371365,9.73972602739726,14.099315068493151,1713,1693,1735,1719,0.69,0.84,27.305167094696024
268,455,905.0,945.0,112.41002706273801,0.1400904304206281,32.52340256242322,36.42043276137429,1735.4099447513813,973.3767955801105,0.9576719576719577,0.4500590544196125,20.409944751381214,15.376795580110498,1715,958,1753,991,0.9,0.9,81.97340958672689
269,456,614.0,666.0,107.73710632845197,-1.2357186264611748,18.699138624855642,43.29142765774684,1726.3925081433224,1309.4527687296418,0.9219219219219219,0.9019041201305934,11.392508143322475,20.452768729641694,1715,1289,1740,1334,0.66,0.85,160.8014619619284
270,457,496.0,516.0,83.83349057256923,1.2769978373168511,20.07749620430412,31.77386850113212,1726.0100806451612,939.9616935483871,0.9612403100775194,0.7750604810460222,10.01008064516129,15.961693548387096,1716,924,1737,956,0.89,0.96,16.833413474410733
271,458,462.0,501.0,94.78959661403483,-0.6412026933478753,18.151566384525008,35.95760945507522,1733.813852813853,1155.9458874458874,0.9221556886227545,0.86323364363034,17.813852813852815,13.945887445887445,1716,1142,1751,1169,0.65,0.76,126.7382081412544
272,459,1243.0,1300.0,132.94201236890328,-0.271784009297768,39.12163286209588,41.93820152056142,1737.6242960579243,1442.0627514078842,0.9561538461538461,0.3602908434672245,21.624296057924376,17.06275140788415,1716,1425,1759,1464,0.88,0.89,105.57207667190643
273,460,1389.0,1500.0,150.6019110637051,1.1431651124482523,31.53964800825636,59.06167586392649,1735.537796976242,634.3232541396688,0.926,0.8454768507008035,18.5377969762419,29.323254139668826,1717,605,1759,660,0.77,0.89,24.501463770116985
274,461,802.0,847.0,107.50706853232433,-1.0922430316374585,27.045345554147445,38.826025559906874,1732.0972568578554,2128.998753117207,0.9468713105076741,0.7174813148741941,15.097256857855362,17.99875311720698,1717,2111,1749,2148,0.87,0.92,152.58091591540042
275,464,416.0,476.0,87.39569057231566,0.017219366604599693,15.527870119469585,36.238124022760594,1736.0072115384614,1670.3725961538462,0.8739495798319328,0.903543953722443,17.00721153846154,7.372596153846154,1719,1663,1754,1679,0.68,0.88,89.01340296766793
276,465,501.0,527.0,86.18968506276158,-1.420442350237635,21.244296641784832,30.7649077722805,1730.820359281437,1779.8642714570858,0.9506641366223909,0.7232973952230647,10.820359281437126,14.86427145708583,1720,1765,1742,1798,0.85,0.89,171.38535171026
277,468,5317.0,6895.0,376.66743894483386,-1.1916019158965891,82.62874404852603,102.7560583440341,1767.697009591875,1327.546924957683,0.7711385061638869,0.5944598693280109,45.697009591875116,52.546924957682904,1722,1275,1819,1380,0.47,0.48,158.27376064057745
278,469,471.0,606.0,102.04874963464084,1.046863464671185,16.634847950760122,43.303722871903815,1732.7452229299363,1698.1380042462845,0.7772277227722773,0.9232733589824799,10.745222929936306,20.138004246284503,1722,1678,1750,1716,0.57,0.78,30.01914174789834
279,471,349.0,368.0,74.02757351174189,-0.8660664259353864,15.65721577086396,29.772512509219197,1733.570200573066,2007.3409742120343,0.9483695652173914,0.8505494919204691,10.570200573065902,11.340974212034384,1723,1996,1747,2021,0.8,0.93,139.62195098407713
280,472,1019.0,1069.0,121.56529898128105,-0.4424095699910449,31.010944602542544,42.519521883881005,1744.8537782139351,1029.2031403336605,0.9532273152478953,0.6841575238972859,20.853778213935232,18.20314033366045,1724,1011,1765,1046,0.87,0.9,115.34820117668447
281,473,1724.0,1788.0,156.15551473640306,1.0851100974453054,38.78254704791834,57.066834041736996,1745.4564965197217,1506.3161252900231,0.9642058165548099,0.7335840697745115,21.45649651972158,25.3161252900232,1724,1481,1768,1533,0.89,0.94,27.827771109354508
282,474,620.0,643.0,92.20336432771484,0.2772786556746797,25.426822394021688,31.91421108904486,1738.8048387096774,2245.8112903225806,0.9642301710730948,0.6043431510539309,14.80483870967742,13.811290322580644,1724,2232,1756,2258,0.92,0.93,74.11310328077968
283,476,1175.0,1236.0,132.48193677664798,1.4773073578357991,31.536195644880767,49.02510168579539,1740.5106382978724,1821.0902127659574,0.9506472491909385,0.7656425213698339,14.51063829787234,23.090212765957446,1726,1798,1757,1847,0.84,0.9,5.3565233523858495
284,477,812.0,864.0,112.17998926661035,-0.9072228943005586,26.838919667377954,40.04646000067201,1742.3682266009853,1582.8226600985222,0.9398148148148148,0.7421854558129449,15.368226600985222,14.822660098522167,1727,1568,1761,1603,0.81,0.86,141.9800429210652
285,478,704.0,738.0,98.44708138879577,-1.348168862871579,25.6439812947193,35.29153534347118,1740.997159090909,723.3849431818181,0.9539295392953929,0.6870262111351073,12.997159090909092,17.384943181818183,1728,706,1755,740,0.91,0.95,167.24438591349292
286,479,168.0,178.0,47.67247849065232,-0.3424779595111848,12.962524662890003,16.58044519850865,1736.0,833.2202380952381,0.9438202247191011,0.6235343738979111,8.0,6.220238095238095,1728,827,1745,841,0.93,0.95,109.62254165624319
287,481,358.0,384.0,73.24217534834445,-0.5810269403398873,16.533693718580885,27.70258024391575,1740.3854748603353,1006.2178770949721,0.9322916666666666,0.802368715786041,12.385474860335195,10.217877094972067,1728,996,1754,1018,0.84,0.92,123.29039146487503
288,482,166.0,183.0,50.67931812312895,0.7937602894306023,12.581538134648834,17.72238392738689,1736.0180722891566,1362.987951807229,0.907103825136612,0.7042787227440189,8.018072289156626,6.9879518072289155,1728,1356,1743,1373,0.81,0.85,44.5208854705438
289,484,2198.0,2358.0,183.01015359584665,-0.6319235759615534,44.50973144873626,65.22483652331458,1757.6096451319381,1214.5932666060055,0.9321458863443596,0.7309746231792518,28.609645131938127,27.59326660600546,1729,1187,1793,1245,0.82,0.87,126.2065538774117
290,485,714.0,781.0,108.38775147073626,1.0401078803060209,25.538853899106496,36.38322815864882,1743.0826330532213,1751.7871148459383,0.9142125480153649,0.712235791398914,13.082633053221288,16.787114845938376,1730,1735,1759,1769,0.76,0.8,30.40620822016681
291,486,2557.0,2639.0,190.42040792038293,-1.0867932910312512,50.466202107710515,65.75039483731386,1756.0774344935471,2029.4618693781777,0.9689276241000379,0.6409984283505201,26.077434493547127,32.46186937817755,1730,1997,1782,2059,0.89,0.91,152.26866877922367
292,487,1422.0,1481.0,144.22344098151103,0.20870254229078122,34.90073978806769,52.77182978691429,1757.3931082981717,1410.3270042194092,0.9601620526671168,0.7500759413011149,26.39310829817159,20.327004219409282,1731,1390,1784,1428,0.86,0.92,78.04222515308766
293,489,1362.0,1419.0,148.1504317984983,0.43333749340516653,28.969032746418883,60.95118191866648,1758.5455212922172,1694.6982378854625,0.959830866807611,0.8798332252406867,27.545521292217327,18.698237885462554,1731,1676,1788,1715,0.78,0.95,65.1715905231058
294,490,443.0,473.0,79.16056983828322,0.02304623644517374,22.022350015262973,26.027998645984674,1746.155756207675,1624.8148984198644,0.9365750528541226,0.5330205114767836,14.155756207674944,10.81489841986456,1732,1614,1760,1638,0.89,0.9,88.67954791803096
295,491,751.0,775.0,102.60411000191066,-1.0150477495604255,24.05060210852227,40.256871500745504,1746.7962716378163,569.3075898801598,0.9690322580645161,0.8019221874438835,13.796271637816245,18.30758988015979,1733,551,1762,589,0.9,0.99,148.15795205406454
296,492,2452.0,2534.0,185.2315950649258,-1.0530419697218,48.35526747530067,65.29522588347609,1761.6598694942904,2314.3115823817293,0.9676400947119179,0.671986276565616,28.659869494290376,33.3115823817292,1733,2281,1790,2346,0.9,0.93,150.33486051520217
297,493,676.0,711.0,96.45567771584422,0.47403828162959105,28.71462759590437,30.76524911521562,1747.2041420118344,2463.362426035503,0.9507735583684951,0.35897759947870905,14.20414201183432,16.36242603550296,1733,2447,1764,2478,0.91,0.91,62.83960713499053
298,497,1195.0,1329.0,146.25431290056125,-0.9326713880811504,27.975043290062004,57.7157099510104,1757.2794979079497,1272.586610878661,0.8991723100075244,0.8746781700365925,21.27949790794979,26.586610878661087,1736,1246,1778,1299,0.7,0.85,143.43813420965802
299,498,384.0,405.0,73.24217534834445,0.7672727121250962,20.20613410264739,24.50994103889271,1748.375,1851.8203125,0.9481481481481482,0.5659993894359086,12.375,11.8203125,1736,1840,1760,1864,0.9,0.91,46.0385118596758
300,499,819.0,884.0,111.7593819204537,-1.1579752282511389,28.130365982982216,38.21970245634005,1754.4322344322345,1162.2954822954823,0.9264705882352942,0.6769626198946815,17.43223443223443,18.295482295482294,1737,1144,1771,1183,0.82,0.85,156.34709335948844
301,500,1245.0,1448.0,146.4843506966889,0.18762648809216695,32.86358537696151,52.723469693314016,1761.4787148594378,1381.4522088353413,0.8598066298342542,0.7819669819765879,24.47871485943775,18.452208835341366,1737,1363,1787,1402,0.73,0.79,79.24979410745723
302,501,1667.0,1928.0,179.54323837111468,0.6631569073201082,31.500485206068852,71.17134006740737,1766.502099580084,1734.9292141571686,0.8646265560165975,0.896718805965836,29.502099580083982,27.929214157168566,1737,1707,1801,1762,0.65,0.82,52.00390805560951
303,502,179.0,190.0,49.56859738858936,0.9813882496251475,15.013396921993403,15.664632852000548,1746.4972067039107,841.5586592178771,0.9421052631578948,0.2853400208855198,8.497206703910615,7.558659217877095,1738,834,1754,850,0.92,0.92,33.77059523274775
304,503,686.0,759.0,106.39634779778474,1.034352616952382,23.35231610923378,39.00639739381584,1752.7026239067056,1793.6851311953353,0.9038208168642952,0.8009889497823218,14.70262390670554,17.685131195335277,1738,1776,1767,1816,0.76,0.84,30.735960520316624
305,504,524.0,585.0,94.0041984506374,0.8069472593479958,27.236856524076067,27.847999660022477,1754.145038167939,2074.3454198473282,0.8957264957264958,0.20835003327555487,16.14503816793893,13.345419847328245,1738,2061,1767,2092,0.75,0.75,43.765327749711176
306,506,209.0,232.0,60.3899504089418,-1.1636047553411442,15.878249495200645,18.84153808432036,1751.0956937799042,1641.0861244019138,0.9008620689655172,0.5383431006447762,10.095693779904305,9.086124401913876,1741,1632,1759,1652,0.72,0.73,156.66964150240028
307,507,3312.0,3424.0,230.12727171922916,0.7012005130868366,49.24566913774945,88.71254943095423,1782.833031400966,2500.0733695652175,0.9672897196261683,0.8317735920828876,41.833031400966185,36.07336956521739,1741,2464,1819,2538,0.79,0.89,49.82417000771641
308,509,1086.0,1139.0,135.5282446552233,-0.5753859811316406,24.776747177608424,56.94125813766345,1766.9364640883978,1874.5294659300184,0.9534679543459175,0.9003685074918285,22.93646408839779,18.529465930018418,1744,1856,1791,1896,0.74,0.95,122.96718830983703
309,510,467.0,512.0,85.86436249161945,-0.7788707291296996,18.084592335798913,33.62612038842808,1759.1884368308351,2112.0620985010705,0.912109375,0.8430636349200223,14.188436830835117,13.062098501070663,1745,2099,1774,2127,0.8,0.92,134.62600556540895
310,513,359.0,378.0,71.67137902154955,-1.3452250190571007,17.24577085254456,26.761038411969317,1754.1727019498608,1601.3091922005572,0.9497354497354498,0.7646584311370379,8.172701949860723,13.309192200557103,1746,1588,1764,1616,0.88,0.94,167.0757160873776
311,516,2194.0,2376.0,181.85996461520836,-0.8824387416848685,46.91666683362368,61.18257706040206,1775.3951686417502,1455.2762078395624,0.9234006734006734,0.6418496454364302,27.395168641750228,27.276207839562442,1748,1428,1808,1485,0.83,0.86,140.56001557737804
312,520,679.0,704.0,96.78100028698637,-1.111646222864792,23.560943863703788,36.82285690254129,1764.8232695139911,956.0382916053019,0.9644886363636364,0.7685034658677019,13.823269513991164,17.038291605301914,1751,939,1778,973,0.91,0.98,153.6926368818119
313,521,392.0,452.0,93.21880028723993,1.3274399565841313,14.239305658359008,38.060290028782376,1759.2729591836735,988.8775510204082,0.8672566371681416,0.9273782891730319,8.27295918367347,18.877551020408163,1751,970,1769,1009,0.57,0.79,13.94329293070004
314,522,184.0,200.0,54.60630894011619,-0.531655577567539,12.221141112874843,20.63292111909416,1761.5760869565217,1241.2717391304348,0.92,0.8057081800462302,10.576086956521738,8.271739130434783,1751,1233,1771,1249,0.78,0.86,120.46162074921016
315,523,312.0,335.0,69.54522232748485,1.192355682372325,17.44613551992704,24.45910005846854,1762.4583333333333,1775.9615384615386,0.9313432835820895,0.7008813292577631,11.458333333333334,10.961538461538462,1751,1765,1771,1789,0.81,0.85,21.68305172162445
316,524,392.0,419.0,78.37517167488576,0.7256273108661354,16.686937115573414,31.011382665328455,1763.8494897959183,843.2729591836735,0.9355608591885441,0.842886932454284,11.849489795918368,12.27295918367347,1752,831,1779,855,0.8,0.92,48.42461758794306
317,525,345.0,397.0,75.36833204240914,-0.7790481102648424,20.795702275971077,22.774207567865787,1763.1855072463768,1668.7391304347825,0.8690176322418136,0.40767930334280267,11.185507246376812,10.73913043478261,1752,1658,1777,1683,0.76,0.77,134.63616875581786
318,526,677.0,737.0,111.2040215531839,-0.7971874620247063,20.160727942194658,45.718650378595804,1769.8153618906942,898.9542097488921,0.9185888738127544,0.8975199659687837,16.815361890694238,18.954209748892172,1753,880,1789,917,0.69,0.87,135.67547705476125
319,527,586.0,621.0,91.28321314320424,-0.7287263357847843,25.044747884737316,30.613003696125528,1769.6467576791808,740.7201365187714,0.9436392914653784,0.5750643889441726,13.646757679180887,11.720136518771332,1756,729,1784,755,0.88,0.9,131.7529434605014
320,532,348.0,382.0,78.70049424602792,1.450052652638031,14.800829819345942,30.907741029580478,1764.4913793103449,1642.7385057471265,0.9109947643979057,0.8778851220783311,7.491379310344827,17.738505747126435,1757,1625,1774,1658,0.71,0.86,6.918102932091216
321,533,700.0,821.0,112.50531183775249,-1.336074547263148,23.079651381220074,42.53592952181263,1771.1585714285713,2388.537142857143,0.8526187576126675,0.8399964378929423,14.15857142857143,17.537142857142857,1757,2371,1787,2410,0.69,0.8,166.5514326730306
322,534,444.0,459.0,78.37517167488576,-0.4224765684316251,19.450029133425907,29.62426274121958,1771.6711711711712,711.25,0.9673202614379085,0.7542760576517007,13.67117117117117,11.25,1758,700,1786,723,0.91,0.97,114.20612431430203
323,535,1431.0,1720.0,168.12705673739376,-1.0988551362340402,32.12068493211317,65.54356895544093,1777.7589098532494,1043.4025157232704,0.8319767441860465,0.8716852425568554,19.758909853249477,30.40251572327044,1758,1013,1805,1072,0.64,0.76,152.9597616024836
324,536,334.0,352.0,68.10917902180313,0.20086666492620442,18.069996996321247,23.911179191930938,1770.4820359281437,1180.7155688622754,0.9488636363636364,0.6549025528255005,11.482035928143713,9.715568862275449,1759,1171,1784,1191,0.9,0.93,78.49118785486
325,537,504.0,531.0,89.52184726638036,-1.3178014541168475,19.569533713418167,35.000625798314736,1770.8353174603174,2221.251984126984,0.9491525423728814,0.8290870537107122,11.83531746031746,19.251984126984127,1759,2202,1780,2237,0.79,0.89,165.50446155709818
326,539,236.0,255.0,61.9607467357367,1.5290178491083328,16.486887823871562,20.180408571790256,1768.5296610169491,1570.8771186440679,0.9254901960784314,0.5766731902222721,8.529661016949152,7.877118644067797,1760,1563,1778,1584,0.77,0.78,2.393730445921591
327,541,464.0,494.0,83.5081680014271,-1.2471732265190276,18.544231390109687,32.49767107704609,1771.3491379310344,1013.5625,0.9392712550607287,0.8212054590571326,10.349137931034482,14.5625,1761,999,1783,1031,0.84,0.94,161.45776220125367
328,542,2011.0,2325.0,208.17559139019926,-1.4533168697054808,30.38161504208038,91.2497769234616,1779.6414719045251,1522.1810044753854,0.8649462365591398,0.9429444756993502,18.641471904525112,43.18100447538538,1761,1479,1799,1566,0.58,0.88,173.26892292928824
329,543,406.0,426.0,75.00354122516833,0.12432377669907467,20.371871437303387,26.151429909837166,1774.9926108374384,761.179802955665,0.9530516431924883,0.6270283155803484,12.992610837438423,9.179802955665025,1762,752,1787,772,0.91,0.93,82.87677230201614
330,544,830.0,1024.0,129.6098501652845,-0.12639618443074277,25.852463293764888,47.949312379533524,1789.9253012048193,1604.9963855421686,0.810546875,0.8422018611667704,27.925301204819277,15.996385542168674,1762,1589,1811,1618,0.62,0.71,97.24196791443873
331,545,415.0,435.0,80.04125277669516,-0.5361138181487608,17.05658268566319,31.698172222229406,1775.7373493975904,2436.286746987952,0.9540229885057471,0.8428851101032946,13.73734939759036,9.286746987951807,1762,2427,1792,2448,0.81,0.94,120.71705911856812
332,546,375.0,401.0,74.4876491039972,-0.6576962065077326,17.728536336242072,27.854812634984643,1774.728,922.5413333333333,0.9351620947630923,0.7713078646032274,11.728,11.541333333333334,1763,911,1789,936,0.85,0.92,127.68321683465771
333,547,3014.0,3158.0,224.39944677931936,0.6802971816162912,43.59181756274171,91.33809489497531,1805.0461181154612,1644.0116124751162,0.954401519949335,0.8787633351864492,42.046118115461184,30.011612475116124,1763,1614,1839,1683,0.75,0.91,51.02184267874166
334,548,533.0,553.0,84.84892653209434,0.5407484172533259,22.26369533786676,30.777842124995818,1778.7110694183864,646.1519699812383,0.9638336347197106,0.6904630638673359,13.711069418386492,13.151969981238274,1765,633,1794,659,0.93,0.97,59.0173979130052
335,549,357.0,385.0,78.14513387875812,1.020121716555931,14.32656898895596,32.19263021191787,1774.4817927170868,1802.8543417366948,0.9272727272727272,0.8955174707244341,9.481792717086835,14.854341736694678,1765,1788,1786,1817,0.73,0.93,31.55133105170431
336,551,615.0,671.0,96.68571551197189,1.4000181991323783,25.837443129834078,31.471686871186456,1780.821138211382,1145.3235772357723,0.9165424739195231,0.5709652823437654,13.821138211382113,15.323577235772358,1767,1130,1794,1163,0.83,0.84,9.784865948208662
337,553,1300.0,1408.0,143.70754886033993,0.3287142901947545,35.70336481033599,48.49134559923858,1793.396923076923,1681.6184615384616,0.9232954545454546,0.67667347943159,25.396923076923077,20.61846153846154,1768,1661,1820,1704,0.79,0.82,71.16605850620199
338,554,1096.0,1209.0,132.7514428188743,0.6973784499277441,33.992650653374646,44.23710125952713,1791.5766423357663,1721.072080291971,0.9065343258891646,0.6399464759628418,23.576642335766422,22.072080291970803,1768,1699,1813,1741,0.78,0.8,50.04315809576485
339,555,1078.0,1128.0,122.35069714467849,1.4075950294950175,32.62534164678737,43.00214211956082,1783.9294990723563,1837.5222634508348,0.9556737588652482,0.6514505699867378,15.929499072356215,22.52226345083488,1768,1815,1802,1858,0.9,0.93,9.350745546342864
340,556,678.0,722.0,98.67711918492341,0.4985489849878627,25.87844424351155,34.11993621694526,1784.268436578171,1236.7890855457226,0.9390581717451524,0.6517251387022575,15.268436578171091,14.789085545722713,1769,1222,1802,1251,0.87,0.9,61.43524727966443
341,557,1051.0,1322.0,146.02427510443357,0.42957213471405237,29.627234762605372,51.91570856770231,1794.4167459562323,1580.3101807802093,0.7950075642965204,0.8211728301227125,25.41674595623216,19.310180780209325,1769,1561,1818,1603,0.62,0.69,65.38732968445956
342,559,968.0,1027.0,125.3017202482393,0.8418093081014769,25.688180209563512,50.185291917400434,1788.4545454545455,1911.5030991735537,0.9425511197663097,0.8590648824781958,19.454545454545453,23.503099173553718,1769,1888,1809,1934,0.77,0.91,41.76787949095739
343,560,1021.0,1147.0,130.39524832868196,-0.26098421677474753,30.124530155031845,45.35492919966582,1791.8942213516161,1119.7257590597453,0.8901482127288579,0.7475591097239865,21.894221351616064,15.725759059745348,1770,1104,1815,1138,0.75,0.8,104.95329414072042
344,563,493.0,516.0,85.17424910323648,-1.4747586552373897,20.283246404852203,31.5642619372905,1781.2576064908721,1779.1115618661258,0.9554263565891473,0.7662004539187616,10.257606490872211,17.11156186612576,1771,1762,1792,1795,0.85,0.92,174.4974467454913
345,565,332.0,360.0,74.02757351174189,1.064965522487986,15.658684452206632,28.663202076280754,1780.563253012048,1655.698795180723,0.9222222222222223,0.8375901030372913,8.563253012048193,14.698795180722891,1772,1641,1793,1668,0.76,0.87,28.981970234493843
346,568,1073.0,1328.0,144.08868796039786,-0.1259757014453406,32.83146113104625,47.06376018127876,1794.4492078285182,1263.676607642125,0.8079819277108434,0.7164919411390233,21.449207828518173,15.676607642124884,1773,1248,1818,1283,0.65,0.68,97.21787601401812
347,569,581.0,599.0,88.64116432796841,1.2605415612173627,26.757158101657264,28.390090288668176,1784.5679862306367,2114.907056798623,0.9699499165275459,0.3342560102365385,11.567986230636834,13.907056798623064,1773,2101,1800,2131,0.93,0.93,17.776288641413416
348,572,1049.0,1148.0,131.7360068593492,0.29251398935269307,30.9363337886575,45.67809034646067,1798.184938036225,994.5433746425167,0.9137630662020906,0.7357359022870216,22.184938036224978,17.54337464251668,1776,977,1821,1013,0.76,0.8,73.24018296155599
349,573,3866.0,4013.0,255.42746253469497,0.2491577557358304,48.39728330323967,103.34083796542463,1829.5116399379203,1312.5059493016038,0.9633690505855969,0.88355532610983,53.51163993792033,27.505949301603724,1776,1285,1880,1344,0.74,0.91,75.72431216338543
350,575,437.0,470.0,91.55271918543056,-1.0775408256713201,14.124424355447337,39.831945280078514,1789.695652173913,895.3386727688787,0.9297872340425531,0.9350179384202891,12.695652173913043,17.33867276887872,1777,878,1802,913,0.66,0.95,151.73854156400864
351,576,314.0,325.0,68.56925461405842,-0.9423923239791968,14.850222731127964,27.409858267592295,1787.9108280254777,1397.6942675159235,0.9661538461538461,0.8405177536507139,10.910828025477707,11.694267515923567,1777,1386,1798,1412,0.84,0.96,143.9951028095333
352,577,224.0,288.0,68.66453938907291,0.30853977633055757,13.120817023036992,25.4439615833727,1789.25,1190.5357142857142,0.7777777777777778,0.8567842248162966,11.25,7.535714285714286,1778,1183,1802,1201,0.6,0.7,72.32197300434864
353,578,2225.0,2335.0,184.63676645155735,-0.9556582504586288,41.31834015255468,69.78712255385997,1803.5941573033708,2030.6314606741573,0.9528907922912205,0.8058920298412694,25.594157303370785,31.631460674157303,1778,1999,1831,2061,0.82,0.91,144.75518440813562
354,581,456.0,480.0,79.62064543053853,0.011696187273527133,22.784494184490907,26.187324236007534,1794.1754385964912,1798.155701754386,0.95,0.49294914719143823,14.175438596491228,13.155701754385966,1780,1785,1808,1811,0.9,0.91,89.32985783283227
355,582,167.0,184.0,53.59087298059108,1.0926146156522887,12.44638326576499,18.887406985058032,1789.4311377245508,1201.2275449101796,0.907608695652174,0.7521623255616441,8.431137724550899,7.227544910179641,1781,1194,1797,1213,0.73,0.78,27.39779388881528
356,583,1356.0,1430.0,144.913554369894,-0.6939643692692349,30.70447236526082,56.963971173306405,1804.151179941003,2381.571533923304,0.9482517482517483,0.8422957444800017,23.15117994100295,21.571533923303836,1781,2360,1829,2404,0.81,0.93,129.7612294915853
357,585,570.0,597.0,100.20844726561964,0.0670680028477015,16.209699288821323,45.50378333480641,1802.1842105263158,964.680701754386,0.9547738693467337,0.9343992526621773,20.18421052631579,7.680701754385965,1782,957,1825,973,0.71,1.03,86.15728649645531
358,586,1020.0,1091.0,128.82445200188707,0.1520668584838884,27.297971099061332,48.35816580733065,1808.6156862745097,1164.714705882353,0.9349220898258478,0.8254360874506829,26.615686274509805,13.714705882352941,1782,1151,1833,1180,0.77,0.87,81.28721080506004
359,588,882.0,949.0,120.35929347172697,-0.45315879798674963,29.866864784522175,40.47089995198724,1803.3140589569161,1410.1009070294785,0.9293993677555321,0.6748185294973157,20.3140589569161,20.100907029478456,1783,1390,1824,1425,0.77,0.79,115.96408657386222
360,589,168.0,185.0,53.03551261332129,-0.18665383721015666,12.663724165589638,18.12326274753356,1794.5119047619048,1221.1607142857142,0.9081081081081082,0.7153608630059947,10.511904761904763,5.160714285714286,1784,1216,1805,1230,0.75,0.79,100.6944771020639
361,590,251.0,264.0,59.18394489938772,-0.8878747374134697,16.99051957892143,19.51369073229673,1794.2270916334662,864.5498007968127,0.9507575757575758,0.49181912938085703,9.227091633466136,10.549800796812749,1785,854,1805,874,0.9,0.91,140.87147519007803
362,592,506.0,539.0,86.51500763390374,0.19757710091857947,20.292878988077696,32.22563308162289,1801.092885375494,917.1343873517786,0.9387755102040817,0.7768283994031489,15.09288537549407,10.134387351778656,1786,907,1819,929,0.85,0.92,78.67966598893506
363,593,341.0,432.0,83.83349057256923,-1.5530276415528126,18.300720947991405,28.293314034924293,1796.7976539589442,1765.6480938416423,0.7893518518518519,0.7626415138438934,9.79765395894428,17.64809384164223,1787,1748,1808,1778,0.61,0.65,178.9819293281322
364,595,9915.0,10750.0,393.3119016801105,-1.0577855585738987,101.32482068962294,127.45247716392761,1844.6618255168935,1041.0801815431164,0.9223255813953488,0.6066083874338437,56.66182551689359,59.08018154311649,1788,982,1903,1106,0.81,0.82,150.60664813617274
365,597,1617.0,2045.0,180.93981343069777,1.0966442739620585,42.59237053442175,58.49954433266788,1806.6685219542362,1543.9641311069884,0.7907090464547677,0.6854917640603982,18.66852195423624,31.96413110698825,1788,1512,1837,1571,0.62,0.64,27.16691147478565
366,598,375.0,395.0,72.22673938881934,0.6360467709132274,18.870470782445956,25.922606641993397,1799.952,815.16,0.9493670886075949,0.6856257434627089,10.952,11.16,1789,804,1813,826,0.9,0.94,53.557204453747744
367,599,403.0,433.0,80.59661314396496,-1.2483390378136414,16.61765649664621,31.457602991926187,1799.0992555831265,1866.5260545905708,0.930715935334873,0.8490853719686428,10.099255583126551,15.52605459057072,1789,1851,1809,1882,0.78,0.9,161.52455826814372
368,601,1449.0,1535.0,148.61050739075358,-1.208456358122295,40.53703745814803,47.20246967984194,1809.886818495514,1474.4057971014493,0.9439739413680782,0.5123267493140301,19.88681849551415,22.405797101449274,1790,1452,1834,1505,0.82,0.83,159.23944904615746
369,602,1193.0,1369.0,150.1418354714498,-1.285311898475385,28.65099256967196,56.60535619915039,1809.8030176026823,1358.5540653813914,0.8714390065741418,0.8624434777291934,17.803017602682313,28.55406538139145,1792,1330,1826,1386,0.67,0.79,163.6429471405869
370,603,1612.0,1710.0,156.98038114589917,1.4924411802093163,37.56658624482225,57.417832434818045,1813.4305210918114,2298.591811414392,0.9426900584795321,0.7562637410707878,21.430521091811414,31.59181141439206,1792,2267,1835,2327,0.82,0.88,4.489419202482651
371,606,256.0,278.0,61.730708939609045,0.1017861387295329,14.944978136099751,22.156859820499168,1803.69140625,1183.30078125,0.920863309352518,0.7382675822105659,10.69140625,8.30078125,1793,1175,1815,1192,0.84,0.89,84.16808383786467
372,607,624.0,668.0,99.6925551444485,-1.195398893538492,23.54528556450621,35.85404246870804,1805.820512820513,2246.4423076923076,0.9341317365269461,0.7541534717835323,12.820512820512821,20.442307692307693,1793,2226,1819,2263,0.79,0.84,158.491311434364
373,608,237.0,257.0,59.049191878274556,-0.48775049030855716,17.05409308107527,18.693022516293453,1803.295358649789,900.1181434599156,0.9221789883268483,0.40946906885440737,9.29535864978903,9.118143459915611,1794,891,1812,909,0.85,0.86,117.94604455011688
374,609,738.0,824.0,107.18174596118217,1.0891413485789037,28.096895103294194,35.43639963869695,1810.6883468834687,941.3306233062331,0.8956310679611651,0.6093747707106201,15.688346883468835,16.33062330623306,1795,925,1827,959,0.81,0.82,27.596797433241996
375,610,462.0,533.0,89.06177167412505,-0.17506687597056533,20.68648494900626,30.276860708669798,1807.8095238095239,1817.2099567099567,0.8667917448405253,0.7301900898851752,12.80952380952381,11.20995670995671,1795,1806,1824,1828,0.73,0.77,100.03059312565364
376,611,322.0,341.0,70.65594306202445,1.4334751568850204,15.287970936575391,27.701653484342977,1803.8229813664595,849.9534161490683,0.9442815249266863,0.8339239572047865,7.8229813664596275,11.953416149068323,1796,838,1812,866,0.81,0.92,7.867923473634775
377,612,2702.0,2845.0,206.54897853448855,-0.6694801475779221,45.964821915420686,76.8574078423328,1834.7301998519615,1126.462990377498,0.9497363796133568,0.8014563743514421,38.73019985196151,29.462990377498148,1796,1097,1869,1156,0.8,0.88,128.35838692401043
378,613,249.0,285.0,67.32378085840566,-1.1497770735422748,17.305065084575368,20.981366966643886,1805.3453815261043,1782.570281124498,0.8736842105263158,0.5654500561704011,9.345381526104418,8.570281124497992,1796,1774,1817,1796,0.69,0.7,155.87737369487522
379,614,923.0,975.0,120.12925567559932,0.9800303439587984,29.46363011856789,42.38371681963419,1815.394366197183,736.967497291441,0.9466666666666667,0.7188512671883337,18.3943661971831,21.967497291440953,1797,715,1835,755,0.8,0.84,33.848397496406456
380,615,759.0,791.0,104.50022889984771,-1.370284136514936,26.540231586942955,37.49979587227202,1809.7140974967062,769.4822134387351,0.9595448798988622,0.7064696272486515,12.714097496706191,17.48221343873518,1797,752,1826,791,0.87,0.91,168.51149775603417
381,618,568.0,592.0,86.18968506276158,1.1650921030827914,25.84539427322836,28.088234046060332,1811.181338028169,1203.4542253521126,0.9594594594594594,0.3915655794533611,13.181338028169014,13.454225352112676,1798,1190,1826,1218,0.96,0.96,23.245139749334996
382,619,534.0,611.0,96.68571551197188,-1.0515865388815162,20.838035601642222,35.69256412161632,1810.0917602996255,1229.1779026217228,0.8739770867430442,0.8118830676105063,11.091760299625468,16.177902621722847,1799,1213,1827,1247,0.72,0.8,150.25147047068072
383,620,1222.0,1285.0,131.7360068593492,1.1375077271171266,38.13522918411561,41.612637471924145,1820.392798690671,1757.0253682487726,0.9509727626459143,0.4001862259509562,19.392798690671032,20.025368248772505,1801,1737,1842,1781,0.88,0.89,24.82560807266971
384,621,959.0,1012.0,117.21770081813716,0.06049422816577206,30.143056291450776,41.34450194488147,1822.5787278415016,2077.3524504692386,0.9476284584980237,0.6844386171323837,21.578727841501564,15.352450469238791,1801,2062,1845,2093,0.88,0.91,86.53393604119982
385,622,2493.0,2585.0,189.80923102419732,-0.838984761523737,48.03383989958717,67.71754320224397,1834.1058965102286,2120.8235058162854,0.9644100580270794,0.7048801913627996,31.10589651022864,32.823505816285596,1803,2088,1863,2152,0.87,0.91,138.07028591109997
386,623,2322.0,2451.0,183.52604571701772,-1.2618381587893912,47.41726830411578,64.05795639603373,1829.7605512489233,1707.8130921619293,0.9473684210526315,0.6723597993428281,25.760551248923342,28.813092161929372,1804,1679,1856,1742,0.87,0.9,162.2980009271907
387,625,2636.0,2750.0,201.74130477908938,-1.0514385421522257,42.078206814365245,81.25064284424825,1833.4916540212444,1502.5751138088012,0.9585454545454546,0.8554523517876199,28.491654021244308,39.57511380880121,1805,1463,1860,1539,0.81,0.95,150.24299088271064
388,629,354.0,400.0,84.94421130710883,0.13945687904492599,13.767226956989242,34.729078626442174,1821.316384180791,978.7401129943503,0.885,0.9180701944371711,15.31638418079096,6.740112994350283,1806,972,1842,988,0.62,0.83,82.00970940665933
389,630,1050.0,1086.0,118.0030989815346,-1.3782561853839856,33.42245326433791,40.16174103218706,1822.4257142857143,2175.7209523809524,0.9668508287292817,0.5544810887913421,16.425714285714285,19.72095238095238,1806,2156,1841,2197,0.95,0.96,168.96826251030274
390,634,785.0,827.0,107.73710632845197,-1.3934133042973529,26.636558300047607,38.46954579798803,1821.7057324840764,1436.6929936305733,0.9492140266021766,0.7215077464561989,12.705732484076433,20.69299363057325,1809,1416,1838,1456,0.85,0.89,169.83670145361663
391,637,5046.0,5323.0,300.13256963896936,0.8109964805863412,54.2984942367395,123.7879459307861,1858.998810939358,1423.5531113753468,0.9479616757467594,0.8986622780283186,48.99881093935791,49.55311137534681,1810,1374,1911,1472,0.7,0.9,43.533324462439246
392,639,352.0,365.0,68.8551089391019,1.4795008349550607,18.688452665753143,24.58250573476133,1819.3522727272727,1923.4886363636363,0.9643835616438357,0.6496495305848313,8.352272727272727,11.488636363636363,1811,1912,1829,1935,0.93,0.96,5.230846370993646
393,641,810.0,870.0,122.445981919693,1.3123657044573231,19.405657626373728,53.59597650740413,1824.683950617284,1873.7617283950617,0.9310344827586207,0.9321497308497659,11.683950617283951,24.761728395061727,1813,1849,1837,1900,0.68,0.97,14.806983956882249
394,642,1749.0,1817.0,162.99406041085246,0.9855681979807678,38.088230867382755,60.2335381193687,1836.6174957118353,1584.4373927958834,0.9625756741882223,0.7746888808672339,22.617495711835335,29.437392795883362,1814,1555,1863,1611,0.83,0.89,33.531101833388064
395,644,5488.0,5802.0,285.0752515133046,-0.09386796447475014,75.59724297451292,94.3688371275543,1860.7817055393587,1256.3052113702624,0.9458807307824888,0.5985536780531638,45.7817055393586,40.30521137026239,1815,1216,1909,1295,0.85,0.86,95.37823819588712
396,645,1764.0,1852.0,168.1270567373938,0.23963744063076167,34.15954563807116,66.50654637899419,1851.7919501133788,942.2783446712018,0.9524838012958964,0.8580136911619243,32.79195011337868,19.278344671201815,1819,923,1886,962,0.78,0.92,76.26978603854053
397,646,1097.0,1519.0,170.34849820647295,1.211204382221466,36.86064081704041,48.57205710211767,1836.8787602552416,1622.0273473108477,0.7221856484529295,0.651223813201059,17.878760255241566,24.027347310847766,1819,1598,1863,1658,0.48,0.49,20.6031007709598
398,647,605.0,667.0,99.04191000216423,0.5041407306632925,22.49432157048317,36.26641556891855,1837.0462809917356,965.3371900826446,0.9070464767616192,0.7844025069818157,17.046280991735536,14.337190082644629,1820,951,1856,981,0.78,0.84,61.114863852351775
399,648,322.0,356.0,73.24217534834445,-0.5654034448617854,15.315282945008326,27.7955306451621,1834.6770186335405,1176.7950310559006,0.9044943820224719,0.8345065358517557,14.677018633540373,9.79503105590062,1820,1167,1847,1187,0.75,0.86,122.39523111273806
400,650,6570.0,8247.0,389.48019563813784,-1.0856931143461455,88.67862855171128,118.8685187859405,1879.4319634703197,1345.2925418569255,0.7966533284830848,0.6659203706276487,57.43196347031964,62.29254185692542,1822,1283,1923,1396,0.54,0.56,152.20563329844842
401,651,1346.0,1459.0,155.63962261523196,-0.9863661991312557,32.86553742039516,56.46713436306272,1842.7592867756316,1780.87147102526,0.9225496915695682,0.8131676780720416,20.7592867756315,28.87147102526003,1822,1752,1866,1809,0.7,0.78,146.51462026458148
402,652,2186.0,2346.0,184.3114438804152,-1.1739547787803615,44.65059159661468,64.19798501515021,1847.7900274473925,2221.6161939615736,0.9317988064791134,0.7185126306915914,25.790027447392497,35.61619396157365,1822,2186,1875,2251,0.81,0.85,157.26265416332893
403,655,358.0,381.0,71.34605645040742,-1.0743144444848698,21.499727504977127,22.04453642356034,1836.2988826815642,1454.4608938547485,0.9396325459317585,0.22094623762080814,11.298882681564246,12.460893854748603,1825,1442,1848,1466,0.88,0.88,151.55368353892462
404,659,3881.0,4424.0,273.41268380063894,1.550540799354536,51.126535057153816,104.9794432393304,1864.1167224942026,1548.624581293481,0.8772603978300181,0.8733937566370011,34.11672249420253,50.624581293481064,1830,1498,1892,1608,0.65,0.79,1.1605562341440958
405,660,1003.0,1173.0,147.59507143122846,-1.307886042234982,24.083789027388764,56.898643652226596,1844.3808574277168,1824.2382851445664,0.855072463768116,0.9060011267911173,13.38085742771685,26.2382851445663,1831,1798,1861,1855,0.58,0.75,164.9363503041334
406,661,935.0,965.0,115.64690449134228,0.013387858721938803,27.49527799998663,44.68931762343886,1852.7197860962567,2345.6866310160426,0.9689119170984456,0.7883289984475407,21.719786096256684,11.686631016042782,1831,2334,1876,2361,0.88,0.96,89.2329321985155
407,662,399.0,445.0,82.72276983802965,-0.8965349385609948,18.2858097565101,30.099764827362552,1845.5538847117793,727.8421052631579,0.8966292134831461,0.7943145289409539,10.553884711779448,13.842105263157896,1835,714,1860,742,0.73,0.8,141.36766816556556
408,663,170.0,185.0,50.58403334811446,-0.7852356809257875,13.66093606517204,16.5380886439846,1843.764705882353,1742.9352941176471,0.918918918918919,0.5636280392138465,8.764705882352942,6.935294117647059,1835,1736,1853,1752,0.84,0.85,134.990690440129
409,664,655.0,702.0,99.1371947771787,-1.4776279714260094,25.84665842561406,34.19986485877583,1848.424427480916,1899.151145038168,0.9330484330484331,0.6548565119420864,13.42442748091603,15.15114503816794,1835,1884,1864,1919,0.84,0.86,174.66184645318776
410,666,1148.0,1204.0,132.1960824516045,1.3427280340834242,34.038731880539764,44.852735763705056,1854.1663763066201,1664.4425087108013,0.9534883720930233,0.6512074204032549,17.166376306620208,26.442508710801395,1837,1638,1874,1687,0.83,0.85,13.067350613121633
411,667,709.0,767.0,105.15087404213199,0.39722583391928734,23.112185687916547,39.697645324317634,1854.200282087447,1945.509167842031,0.924380704041721,0.8130417008398796,17.200282087447107,14.50916784203103,1837,1931,1874,1959,0.81,0.9,67.24063620286026
412,668,456.0,492.0,85.07896432822199,0.8916049696672862,19.996553946736608,30.960267831695443,1851.8004385964912,1164.969298245614,0.926829268292683,0.76344069135624,13.800438596491228,13.969298245614034,1838,1151,1865,1180,0.79,0.85,38.914798245174715
413,670,2422.0,2640.0,203.5421389020119,-0.6281668718550311,46.794037331667916,71.36721088007512,1877.942196531792,1715.369529314616,0.9174242424242425,0.755039086654652,36.94219653179191,34.36952931461602,1841,1681,1911,1741,0.73,0.78,125.9913105872285
414,671,865.0,915.0,118.32842155267677,0.30747468334195127,25.605306513941258,45.582984912689504,1863.6335260115607,2405.891329479769,0.9453551912568307,0.8273209708346658,22.633526011560694,12.891329479768785,1841,2393,1886,2423,0.78,0.88,72.38299833738475
415,672,193.0,208.0,52.020076653796195,0.6102412029709798,14.213855945653123,17.565386356530077,1850.4559585492227,1208.9844559585492,0.9278846153846154,0.5875375726432924,8.455958549222798,7.984455958549223,1842,1201,1859,1217,0.9,0.91,55.03575458477662
416,673,1564.0,1613.0,146.57963547170337,0.16714358739551083,42.84133491566274,48.046696948169085,1864.1227621483376,463.05434782608694,0.9696218226906386,0.45270499131122605,21.122762148337596,22.054347826086957,1843,441,1892,486,0.91,0.92,80.42337786956121
417,674,1191.0,1228.0,129.51456539027,0.5601258647824636,31.003762400991516,49.22981065248389,1869.9269521410579,1755.3711167086483,0.9698697068403909,0.7767766443912892,23.926952141057935,17.371116708648195,1846,1738,1893,1776,0.89,0.97,57.9071519518494
418,676,320.0,336.0,68.20446379681762,-0.03183350974111337,16.339806266829502,25.54487069183321,1862.596875,1880.896875,0.9523809523809523,0.7686653294285085,13.596875,7.896875,1849,1873,1875,1890,0.86,0.93,91.8239257552544
419,677,736.0,778.0,103.15947036918044,-0.4819670598048061,27.407395491834667,35.439967640128664,1868.0801630434783,1144.9619565217392,0.9460154241645244,0.6339828812879346,17.08016304347826,16.96195652173913,1851,1128,1885,1160,0.87,0.89,117.61467839114474
420,678,403.0,419.0,74.90825645015383,1.368823415985354,19.285237077854877,26.908620693441794,1860.7543424317619,1189.4863523573201,0.9618138424821002,0.6973881550935556,9.754342431761787,14.486352357320099,1851,1175,1871,1203,0.9,0.94,11.572195365358994
421,679,1687.0,1732.0,154.2988640845647,1.417128272318337,43.20668298869742,51.22093889335401,1873.2080616478956,1918.036158861885,0.9740184757505773,0.5370733391983195,22.208061647895672,30.036158861885003,1851,1888,1898,1942,0.89,0.9,8.804530967493278
422,680,962.0,1067.0,127.34894045010665,-0.1466778699690443,32.796786870132124,40.8301718604197,1874.6351351351352,973.0862785862786,0.901593252108716,0.59564364575582,22.635135135135137,15.086278586278587,1852,958,1894,993,0.75,0.76,98.40402289719492
423,681,519.0,604.0,98.12175881765363,1.2120563705270868,18.411935778939977,38.6553933392471,1865.6974951830443,1481.3506743737958,0.859271523178808,0.8792776263813644,12.697495183044316,19.350674373795762,1853,1462,1878,1499,0.68,0.82,20.55428543685322
424,682,1215.0,1339.0,144.45347877763868,1.429926244865998,28.20976300887647,58.488104886556435,1869.2106995884774,1633.7259259259258,0.90739357729649,0.8759971699392757,16.210699588477365,26.725925925925925,1853,1607,1885,1665,0.73,0.89,8.071261154188022
425,683,595.0,691.0,117.67777641039245,-0.8452791040069146,17.269126404487775,48.195240804697576,1870.0941176470587,1687.687394957983,0.8610709117221418,0.9336003624167507,17.094117647058823,18.687394957983194,1853,1669,1887,1712,0.54,0.78,138.43092517019596
426,684,1367.0,1460.0,144.77880134878083,-0.2960156801938731,37.06014842086655,50.04817474866135,1880.448427212875,2089.379663496708,0.9363013698630137,0.6720679168395396,26.448427212874908,20.37966349670812,1854,2069,1902,2109,0.82,0.85,106.96044914480325
427,688,2059.0,2176.0,177.05229085980918,0.4877683485081567,49.3219837118175,56.02560694598384,1888.7702768334143,1798.9844584749878,0.9462316176470589,0.47432993343005564,30.77027683341428,27.984458474987857,1858,1771,1915,1825,0.83,0.83,62.05293225041636
428,689,1571.0,1664.0,163.64470555313673,0.3546232956641826,33.503262958200104,62.95768334002567,1891.6390833863782,1213.3182686187142,0.9441105769230769,0.8466467793115736,32.639083386378104,19.318268618714196,1859,1194,1920,1236,0.74,0.85,69.6815818414224
429,690,1330.0,1435.0,143.9934031853834,0.3496223962754895,37.2922312224018,47.853059259507425,1884.0127819548873,1839.1834586466166,0.926829268292683,0.6266421356854197,25.012781954887217,17.18345864661654,1859,1822,1906,1859,0.81,0.83,69.96811227016406
430,692,559.0,595.0,89.98192285863567,-0.1076827273179902,26.461612427322976,27.675396693319883,1875.3076923076924,789.6296958855098,0.9394957983193277,0.2929031393611637,14.307692307692308,13.62969588550984,1861,776,1889,803,0.87,0.87,96.16976580177894
431,695,205.0,221.0,55.717029674655784,0.9360850768293435,12.687236587239552,21.06408849983979,1869.790243902439,1858.5024390243902,0.9276018099547512,0.7982577841742459,8.790243902439025,8.502439024390243,1861,1850,1878,1869,0.83,0.91,36.366275832499205
432,696,1304.0,1593.0,158.37695620548226,0.16711922571382187,41.632788330428674,44.23397668331607,1885.6211656441717,1178.1150306748466,0.8185812931575643,0.33786442552932966,23.62116564417178,19.115030674846626,1862,1159,1907,1201,0.65,0.65,80.42477369110382
433,697,897.0,969.0,123.5567026542326,1.4056148027292859,22.409278571924407,52.113066252096566,1874.6878483835005,2053.168338907469,0.9256965944272446,0.9028228545838815,12.687848383500558,24.16833890746934,1862,2029,1888,2078,0.74,0.95,9.464204182498136
434,701,145.0,152.0,43.65020289865059,0.7831302954588816,12.66328965743241,14.699032175453231,1870.4,2198.1310344827584,0.9539473684210527,0.5077490931972207,6.4,6.13103448275862,1864,2192,1878,2206,0.96,0.96,45.129939261372904
435,702,709.0,787.0,124.841644655984,-0.6559593304399624,16.786740732280812,57.67771898993769,1886.7644569816644,2263.2990126939353,0.9008894536213469,0.9567097388571298,22.764456981664317,18.29901269393512,1864,2245,1909,2284,0.57,0.95,127.5837011664372
436,704,1551.0,1638.0,151.29202445208807,0.9193359565848526,37.51797650835834,53.93062107270405,1888.6350741457125,2471.487427466151,0.9468864468864469,0.7183604028850928,23.635074145712444,24.48742746615087,1865,2447,1913,2498,0.85,0.89,37.325929733065664
437,706,684.0,738.0,104.5002288998477,0.7986863155867038,22.601517235815837,40.31745902060801,1888.7865497076023,1117.264619883041,0.926829268292683,0.828094295447735,16.78654970760234,15.264619883040936,1872,1102,1904,1137,0.79,0.89,44.23864496202813
438,707,258.0,265.0,56.827750409195374,1.1502580684153174,17.187415048884002,19.142616548532523,1880.7170542635658,1399.984496124031,0.9735849056603774,0.44027836870119935,8.717054263565892,8.984496124031008,1872,1391,1890,1410,1.0,1.01,24.095067328932018
439,708,747.0,816.0,116.10698008359759,-1.040879370442998,22.230905927749433,45.19538988571582,1889.8340026773762,1590.2583668005354,0.9154411764705882,0.8706605340364396,17.834002677376173,19.258366800535477,1872,1571,1907,1610,0.7,0.83,149.63799490861794
440,709,14930.0,15383.0,489.99761719208243,0.3939655775974713,118.08841291495612,174.39358423071428,1964.9551239115874,1064.7511721366377,0.9705519079503347,0.7358566318132945,90.9551239115874,75.75117213663765,1874,989,2054,1124,0.78,0.83,67.42743513023116
441,711,238.0,264.0,61.5006711434814,-0.40835966935149787,13.848462146721609,22.623747816130315,1884.4453781512605,1472.8781512605042,0.9015151515151515,0.7907644199435903,9.445378151260504,8.878151260504202,1875,1464,1895,1482,0.79,0.86,113.39728557719863
442,712,745.0,777.0,101.91399661352769,1.4725942128610239,27.959931638502873,35.15176256990169,1887.6885906040268,2017.8711409395974,0.9588159588159588,0.6060766435262916,12.688590604026846,16.871140939597314,1875,2001,1904,2036,0.9,0.92,5.626566667673757
443,713,1474.0,1687.0,171.1338963698704,1.10253258997806,33.65682226188231,59.42849010891343,1898.2109905020352,1509.089552238806,0.8737403675163011,0.8241706538516648,21.21099050203528,26.08955223880597,1877,1483,1919,1540,0.63,0.71,26.829535818629473
444,714,3415.0,3929.0,251.27043392158004,-0.8527868875889364,53.748755806588036,86.25039874549512,1912.1200585651538,1616.8980966325037,0.8691779078645966,0.7820855329954151,32.120058565153734,38.89809663250366,1880,1578,1954,1659,0.68,0.74,138.8610894829434
445,715,476.0,518.0,87.6257283684433,0.00783472275295922,21.363122841026698,30.12410374134062,1895.6008403361345,1150.6638655462184,0.918918918918919,0.7050371175467091,14.600840336134453,11.663865546218487,1881,1139,1912,1161,0.78,0.81,89.55110345260032
446,717,1818.0,1898.0,162.30394702246946,0.5478922417048046,39.532838171146345,59.72681572287802,1907.9147414741474,1556.9158415841584,0.9578503688092729,0.7495971927842134,24.914741474147416,23.915841584158414,1883,1533,1938,1580,0.87,0.92,58.60808692235311
447,718,522.0,552.0,88.18108873571312,1.2881619252079373,21.467053413100373,32.105498594369486,1894.2701149425288,2050.4904214559388,0.9456521739130435,0.74358535678037,11.270114942528735,14.490421455938698,1883,2036,1906,2068,0.84,0.9,16.19375835613839
448,720,186.0,207.0,54.701593715130684,1.0450323223290192,13.351617333976943,18.835186758445058,1890.3655913978494,1661.6666666666667,0.8985507246376812,0.7053435034898995,6.365591397849462,9.666666666666666,1884,1652,1900,1671,0.78,0.82,30.12405847579214
449,723,468.0,502.0,83.5081680014271,-1.319152137184351,20.87435855480658,29.555173619176827,1896.8632478632478,987.4230769230769,0.9322709163346613,0.7079281905526438,10.863247863247864,14.423076923076923,1886,973,1909,1004,0.84,0.88,165.5818499963259
450,724,447.0,541.0,96.68571551197189,-1.1533494008095366,22.656338698689567,28.709312461843908,1900.6286353467563,1673.3601789709173,0.8262476894639557,0.6141832988179247,14.628635346756152,16.360178970917225,1886,1657,1912,1688,0.6,0.61,156.08205297032882
451,725,2190.0,2307.0,194.80747432962548,1.1672698917209803,36.8513818892957,78.55928632562006,1909.088584474886,2352.6602739726027,0.9492847854356307,0.8831503252899515,22.088584474885845,40.66027397260274,1887,2312,1937,2387,0.73,0.89,23.120361651695234
452,727,891.0,956.0,118.78849714493207,-1.1369462517516904,25.952579833934276,44.91220695503571,1905.7676767676767,453.381593714927,0.9320083682008368,0.8161420260365939,15.767676767676768,21.38159371492705,1890,432,1922,477,0.79,0.89,155.14222175859024
453,728,1577.0,1656.0,154.16411106345154,-0.9448626490107761,36.23896875519437,57.09761629597638,1910.7526949904882,1745.4996829422955,0.9522946859903382,0.7727714142671761,19.75269499048827,23.499682942295497,1891,1722,1936,1773,0.83,0.9,144.13664200786832
454,729,327.0,346.0,79.29532285939638,0.9692055409772933,13.342895408582175,33.004176330294456,1902.8318042813455,1422.902140672783,0.9450867052023122,0.914635714376661,10.831804281345565,13.902140672782874,1892,1409,1916,1439,0.65,0.87,34.46861302130733
455,730,513.0,549.0,91.78275698155821,0.8050181036593702,19.491881250302317,35.17383162465209,1905.093567251462,1480.4697855750487,0.9344262295081968,0.8324111047367865,13.09356725146199,17.469785575048732,1892,1463,1921,1495,0.77,0.87,43.87586022869308
456,732,270.0,284.0,62.9761826952618,0.9147472424494664,13.967536393706242,25.25816764364815,1904.2851851851851,645.3444444444444,0.9507042253521126,0.8331873047702237,10.285185185185185,10.344444444444445,1894,635,1914,657,0.86,0.97,37.588843686415316
457,734,1040.0,1083.0,127.118902653979,0.07255604964823183,26.473398135984464,50.97870252617261,1919.4096153846153,2211.6201923076924,0.9602954755309326,0.8545901314500564,25.409615384615385,12.620192307692308,1894,2199,1944,2226,0.81,0.94,85.84284457701466
458,736,188.0,196.0,50.9093559192566,-0.50514063969755,14.556156142409238,16.950709642371432,1903.186170212766,1104.840425531915,0.9591836734693877,0.5124210819308969,7.1861702127659575,6.840425531914893,1896,1098,1913,1114,0.91,0.92,118.94242671520819
459,737,10222.0,12236.0,497.9074153549728,0.6598416220075239,86.21110831484845,183.16052148572112,1984.7345920563491,1456.3234200743495,0.8354037267080745,0.8823007490658054,88.73459205634906,67.32342007434944,1896,1389,2069,1526,0.52,0.63,52.1938599119023
460,738,379.0,398.0,73.70225094059975,0.5880449824240781,20.33323610327833,24.828092060944453,1908.2664907651715,1867.1846965699208,0.9522613065326633,0.5738493515963164,12.266490765171504,13.184696569920844,1896,1854,1922,1878,0.88,0.89,56.30750434325565
461,739,496.0,531.0,86.18968506276158,-1.1312220010813556,20.85318666711033,31.106674926346184,1908.2439516129032,2026.3407258064517,0.9340866290018832,0.7420210424364203,12.243951612903226,15.340725806451612,1896,2011,1922,2041,0.84,0.89,154.8142463543051
462,740,208.0,218.0,53.130797388335786,1.2902074562683477,13.163678013711955,20.35370787710639,1904.5721153846155,934.5576923076923,0.9541284403669725,0.7627055027949787,6.572115384615385,8.557692307692308,1898,926,1912,945,0.93,0.99,16.076558059513943
463,741,2847.0,2980.0,210.99186147264692,0.9498581176165475,51.22923870487043,75.7483422903954,1934.9964875307342,1467.6101159114858,0.9553691275167785,0.7366186084929474,35.99648753073411,32.61011591148578,1899,1435,1963,1506,0.8,0.85,35.57713872433088
464,742,615.0,651.0,95.99560212358892,1.3051630948533042,21.3628093588712,37.28039187936073,1910.7528455284553,889.3934959349593,0.9447004608294931,0.8195338965003605,10.752845528455284,17.39349593495935,1900,872,1924,908,0.84,0.94,15.219663088672931
465,743,1275.0,1354.0,136.17888979750757,0.8319717414774668,37.92634920071266,44.30157286091684,1920.5333333333333,1703.5788235294117,0.9416543574593796,0.5168187069163307,20.533333333333335,21.578823529411764,1900,1682,1942,1725,0.86,0.87,42.33153053919194
466,744,867.0,922.0,116.10698008359758,1.1524225312665524,30.250205658267266,38.323094406057585,1915.9942329873127,1127.4094579008074,0.940347071583514,0.6139477892433798,13.994232987312571,20.409457900807382,1902,1107,1935,1147,0.81,0.83,23.971052742643394
467,745,3316.0,4015.0,261.2111040035205,-0.912654849660984,59.88566491307648,74.79891196460257,1932.816646562123,1173.5024125452353,0.8259028642590286,0.5991695837501193,30.81664656212304,32.502412545235224,1902,1141,1967,1224,0.61,0.62,142.29127103772103
468,746,17819.0,19858.0,572.1650266628424,-0.0701157985140972,146.93688321053222,165.94516514749972,2009.2761658903419,1350.9172231887312,0.8973209789505489,0.46472619399713677,107.27616589034177,85.91722318873113,1902,1265,2099,1423,0.68,0.69,94.01733933204741
469,747,2144.0,2268.0,176.07632314638275,1.358445119925644,49.05335444863476,57.13559193186068,1928.066697761194,1842.5466417910447,0.9453262786596119,0.5127418056255325,26.06669776119403,30.546641791044777,1902,1812,1956,1874,0.87,0.88,12.166827928117627
470,748,1355.0,1523.0,149.72122812529318,1.5663005074551335,36.71776562420269,51.40566223676586,1923.979335793358,1788.3143911439115,0.8896913985554826,0.6998654206621655,20.979335793357933,24.31439114391144,1903,1764,1946,1818,0.76,0.79,0.25759147362171575
471,749,1096.0,1143.0,129.51456539027004,-0.9419638777429825,26.889217618470926,52.54125801562307,1921.5912408759125,947.7326642335767,0.9588801399825022,0.8591204801721564,17.59124087591241,20.732664233576642,1904,927,1943,973,0.82,0.97,143.97055464844996
472,750,2197.0,2451.0,218.80637486052268,1.228176505498242,32.310163200186935,91.3092147467489,1925.1461083295403,1277.9590350477924,0.8963688290493677,0.9353005378710327,21.146108329540283,43.95903504779245,1904,1234,1952,1324,0.58,0.84,19.63066973782479
473,751,775.0,829.0,119.20910449108871,-1.3640677771319725,20.132667229484657,51.00148042094445,1913.4,2530.701935483871,0.9348612786489746,0.9187899788417109,9.4,22.70193548387097,1904,2508,1928,2558,0.69,0.93,168.15532659945382
474,752,1396.0,1463.0,144.68351657376635,-1.4629744955583128,33.37405876440901,54.61517345631991,1923.9720630372492,2295.2184813753584,0.9542036910457963,0.7915714077688513,18.972063037249285,29.218481375358166,1905,2266,1942,2321,0.84,0.92,173.82226413077194
475,753,2911.0,3072.0,212.61847432835762,0.7638885995066594,54.22001410917686,71.29092808104387,1938.10271384404,1665.55822741326,0.9475911458333334,0.6492843175028584,32.10271384403985,30.55822741326005,1906,1635,1969,1699,0.81,0.83,46.232407230109196
476,755,428.0,483.0,89.75188506250801,-0.8411166148281807,18.679043281053,34.05630773558581,1918.3341121495328,988.5584112149533,0.8861283643892339,0.8361667630520762,10.33411214953271,10.55841121495327,1908,978,1935,1007,0.67,0.76,138.19243210798564
477,756,621.0,650.0,96.78100028698637,0.6047790766351328,21.748017260876615,37.152707846942164,1928.988727858293,406.5394524959742,0.9553846153846154,0.8107675121583539,16.988727858293075,12.539452495974235,1912,394,1945,422,0.83,0.93,55.348711370987914
478,759,482.0,508.0,82.16740947075985,1.5643414808547875,22.037908007117665,28.105061130595093,1923.890041493776,2067.719917012448,0.9488188976377953,0.6206017085720685,10.890041493775934,14.719917012448132,1913,2053,1936,2083,0.9,0.92,0.3698354297754065
479,760,1351.0,1417.0,144.03287143148208,-0.9921029990462364,30.477853612188742,57.12652398053085,1934.8941524796446,572.0125832716507,0.9534227240649259,0.8457906456681574,20.894152479644706,25.01258327165063,1914,547,1957,598,0.82,0.94,146.84331468762088
480,761,359.0,381.0,75.92369240967894,-0.6369424552686649,16.406532846932567,29.370634219007542,1927.874651810585,968.5208913649025,0.9422572178477691,0.8294349682625175,13.874651810584957,12.520891364902507,1914,956,1941,979,0.78,0.89,126.49411447959471
481,763,702.0,819.0,117.21770081813719,0.47226644005626467,22.850188604180243,45.85036625156558,1932.1894586894587,1504.2663817663818,0.8571428571428571,0.8669676816090761,17.18945868945869,18.266381766381766,1915,1486,1955,1520,0.64,0.76,62.941126179107954
482,764,2913.0,3013.0,203.2331646136869,1.4567325786433845,55.04834060529347,69.23601960808365,1938.7833848266391,1952.1637487126673,0.9668104878858281,0.6065014245042154,23.783384826639203,32.163748712667356,1915,1920,1968,1989,0.89,0.9,6.535371364524792
483,765,1391.0,1449.0,150.60191106370513,0.5337463595621295,28.8946450051369,61.527323323174556,1942.02228612509,2046.5406182602444,0.9599723947550034,0.8828670655969831,27.022286125089863,20.54061826024443,1915,2026,1970,2067,0.77,0.95,59.41858626661787
484,766,1089.0,1163.0,130.7205708998241,0.5326403682287814,30.116513686517234,47.576940265467464,1939.9430670339761,887.1340679522498,0.9363714531384351,0.7741464575511623,23.943067033976124,15.13406795224977,1916,872,1963,908,0.8,0.86,59.48195490219676
485,767,1387.0,1441.0,138.86040685884205,0.7768586199114336,35.855326550038086,50.06970552532231,1937.661139149243,440.4448449891853,0.9625260235947258,0.6979892908439304,20.66113914924297,22.44484498918529,1917,418,1961,461,0.9,0.94,45.48927980071708
486,768,273.0,287.0,65.84826930662527,0.1363291913304371,13.474530947182595,26.87916090034792,1930.7655677655678,1344.4175824175825,0.9512195121951219,0.8652733827938404,13.765567765567766,5.417582417582418,1917,1339,1943,1353,0.79,0.94,82.18891271233446
487,769,1014.0,1049.0,125.26225200214063,-0.3117368586018342,27.962921165515493,48.021742669146526,1941.423076923077,2453.4861932938857,0.9666348903717826,0.8129760730047104,23.423076923076923,17.486193293885602,1918,2436,1967,2468,0.81,0.9,107.86120631655162
488,772,167.0,175.0,47.44244069452466,-1.0313969629642181,12.50104468489056,17.194384611637073,1925.6706586826347,911.1077844311377,0.9542857142857143,0.6865926850562464,6.6706586826347305,8.107784431137725,1919,903,1933,919,0.93,0.97,149.0946929804606
489,773,573.0,616.0,95.44024175631912,-1.0260180986944112,21.10053627919581,36.00176577559511,1930.134380453752,1886.2443280977313,0.9301948051948052,0.8102407060399953,11.13438045375218,14.24432809773124,1919,1872,1945,1904,0.79,0.88,148.78650675922694
490,774,3762.0,4036.0,254.68153261739616,1.169866261179535,49.47148997571391,100.94674760548826,1951.0680489101542,1245.0754917597023,0.9321110009910802,0.8716802003127488,30.06804891015417,48.07549175970229,1921,1197,1989,1295,0.73,0.87,22.971600639663393
491,775,762.0,789.0,101.58867404238555,1.5587291038595077,29.858490075170625,33.318550928329564,1937.1167979002626,516.6784776902887,0.9657794676806084,0.4437469734568132,15.116797900262467,18.678477690288712,1922,498,1953,532,0.93,0.93,0.691400944641245
492,776,565.0,594.0,96.78100028698637,0.07949282274936406,18.528273878485077,39.71072581976117,1942.4814159292036,1116.3221238938054,0.9511784511784511,0.8844784243527503,18.48141592920354,9.32212389380531,1924,1107,1965,1126,0.76,0.93,85.44539675487991
493,777,1793.0,1881.0,166.50044388168305,-0.5972574011930069,36.182320558163845,64.67899705143817,1953.266034578918,1748.4015616285556,0.9532163742690059,0.8288885640522288,28.266034578918013,23.401561628555495,1925,1725,1985,1777,0.81,0.92,124.22032837131107
494,778,1425.0,1519.0,154.39414885957916,-0.40082033273547707,30.67262386296469,61.573294243132906,1956.4077192982456,1577.678596491228,0.9381171823568137,0.8670919215890203,30.407719298245613,21.67859649122807,1926,1556,1985,1596,0.75,0.89,112.96531340877219
495,782,493.0,524.0,86.18968506276158,-1.4223369739762732,24.296725899451168,27.810430739324694,1944.1744421906694,600.3752535496957,0.9408396946564885,0.48654566862151843,13.174442190669371,16.375253549695742,1931,584,1957,613,0.83,0.84,171.49390565424926
496,783,358.0,420.0,87.76048138955649,-1.2154060364279198,13.833012979373581,36.44555322955621,1941.4245810055866,1803.5949720670392,0.8523809523809524,0.9251700637959007,10.424581005586592,18.594972067039105,1931,1785,1952,1822,0.58,0.81,159.6376362820434
497,784,2311.0,2449.0,186.953492695651,0.10887272901470037,44.813254461313,69.06756592597685,1961.5395932496754,2398.617914322804,0.9436504695794202,0.7609315963783928,30.539593249675466,22.61791432280398,1931,2376,1997,2424,0.83,0.89,83.76205212338617
498,785,1151.0,1384.0,143.8028336353544,0.2763978026236648,36.67168784026036,43.83265872823639,1958.070373588184,1627.3258036490008,0.8316473988439307,0.5477694465867895,26.07037358818419,18.325803649000868,1932,1609,1980,1653,0.7,0.71,74.16357244297406
499,786,1197.0,1263.0,134.64756171681137,0.8435466131944948,32.996147539784666,48.5634021618586,1956.187134502924,486.36006683375103,0.9477434679334917,0.733726694697527,21.18713450292398,24.360066833751045,1935,462,1977,508,0.83,0.88,41.668339241400886
500,787,553.0,579.0,94.88488138904933,-1.2199148192251479,20.025618358890416,36.43780427524646,1945.7070524412297,1320.998191681736,0.9550949913644214,0.8354387503273987,10.707052441229656,17.998191681735985,1935,1303,1957,1341,0.77,0.88,159.89597050706575
501,788,837.0,881.0,121.3352611851534,-1.1560841923877747,24.142462104287905,46.79820151046475,1947.7861409796894,1713.6798088410992,0.9500567536889898,0.8566582083323331,12.786140979689367,19.679808841099163,1935,1694,1966,1738,0.71,0.84,156.2387449856098
502,789,831.0,899.0,120.2245404506138,0.02387281189018283,22.028063995910983,49.140522178289274,1957.7701564380266,1914.8038507821902,0.9243604004449388,0.8938998196302574,22.770156438026476,11.803850782190132,1935,1903,1984,1928,0.72,0.91,88.6321886335828
503,791,391.0,467.0,89.75188506250801,1.4855839325300202,14.990799639390648,37.34952960699047,1945.1611253196932,939.838874680307,0.8372591006423983,0.915918126533004,8.161125319693095,18.838874680306905,1937,921,1954,956,0.61,0.82,4.882310553582201
504,794,1339.0,1416.0,142.19256906246085,1.1920820511462107,34.625427811350484,51.004409742201524,1958.8700522778192,2187.570575056012,0.9456214689265536,0.734257321991905,19.87005227781927,20.57057505601195,1939,2167,1976,2213,0.83,0.88,21.698729636023785
505,795,845.0,960.0,127.02361787896453,1.4682012343744426,27.726803935989647,41.317376986793384,1951.792899408284,2288.2437869822484,0.8802083333333334,0.74139505128058,12.792899408284024,21.24378698224852,1939,2267,1966,2309,0.66,0.7,5.878265794446634
506,796,282.0,356.0,76.24901498082109,0.48452854836080983,17.240120185652543,25.11238309039583,1954.985815602837,1826.77304964539,0.7921348314606742,0.727112162481767,14.98581560283688,7.773049645390071,1940,1819,1966,1840,0.61,0.64,62.238559125325196
507,797,812.0,871.0,118.09838375654911,1.3136778294548062,22.94337900251115,46.912007802507674,1954.646551724138,2104.169950738916,0.9322617680826636,0.8722430643192154,14.64655172413793,20.169950738916256,1940,2084,1968,2130,0.73,0.88,14.731804732332861
508,799,454.0,482.0,81.05668873622025,1.132647062902003,22.86659438517125,25.953260535485658,1953.1453744493392,1890.988986784141,0.941908713692946,0.47298911398522864,12.145374449339206,12.98898678414097,1941,1878,1967,1905,0.87,0.87,25.104103617826553
509,801,167.0,180.0,48.227838857922116,1.2907339065881214,13.101713853104702,16.913381498783668,1948.6706586826347,916.6766467065868,0.9277777777777778,0.6324073832800352,6.6706586826347305,8.676646706586826,1942,908,1956,925,0.9,0.92,16.0463946780676
510,802,3219.0,3357.0,215.93428824915924,-0.17110087418188383,56.07695142635043,74.78935584247859,1980.6865486175832,1859.251630941286,0.9588918677390528,0.6616661674663105,37.6865486175831,28.251630941286113,1943,1831,2023,1892,0.87,0.89,99.80335796162086
511,804,4078.0,4393.0,249.96914363701148,-0.8465585449896161,66.90769296044604,81.21159668500314,1987.7314860225601,1776.5311427170182,0.9282950147962667,0.5667806961770222,43.73148602256008,40.53114271701815,1944,1736,2024,1814,0.82,0.83,138.50423173864084
512,805,492.0,516.0,85.40428689936414,-0.20928315870630884,24.679554461102384,27.358566170886057,1956.4105691056911,1809.1544715447155,0.9534883720930233,0.431573505124388,12.410569105691057,15.154471544715447,1944,1794,1972,1821,0.85,0.85,101.99104171703809
513,806,1589.0,1665.0,155.27483179799114,-1.3985360134807556,40.997580095055454,52.61438378589909,1964.530522341095,2331.7356828193833,0.9543543543543543,0.6267646804306403,17.53052234109503,27.73568281938326,1947,2304,1989,2360,0.83,0.85,170.1302110694985
514,807,994.0,1048.0,121.7953367774087,-0.39675519163831713,28.130053768342197,46.02316533573421,1969.0442655935615,2469.6740442655937,0.9484732824427481,0.7914645267731414,22.044265593561367,17.67404426559356,1947,2452,1990,2485,0.84,0.92,112.73239798077974
515,810,1436.0,1511.0,146.48435069668886,-1.2650689724885054,37.662623790027205,50.8281839474108,1969.032033426184,861.5055710306407,0.9503639973527466,0.6715280493439852,19.032033426183844,23.50557103064067,1950,838,1993,891,0.84,0.87,162.483112916543
516,813,647.0,687.0,100.47795330784598,-0.18692283472865592,21.20651981837086,39.6063251408206,1970.1236476043277,1127.8639876352395,0.9417758369723436,0.8445779254381102,18.123647604327665,11.863987635239567,1952,1116,1992,1141,0.81,0.93,100.7098895245734
517,814,212.0,227.0,55.67756142855711,-1.4002390276809722,16.19755074700057,17.538524281033585,1959.6603773584907,1601.551886792453,0.933920704845815,0.3834990847880503,6.660377358490566,7.55188679245283,1953,1594,1968,1610,0.86,0.86,170.22778659562175
518,815,369.0,424.0,82.16740947075985,-0.9612868223614691,18.82710571235892,26.558889470850758,1964.0135501355014,1192.7371273712738,0.8702830188679245,0.7053275853294989,10.013550135501355,12.737127371273713,1954,1180,1977,1209,0.69,0.72,145.07767782285427
519,816,1986.0,2343.0,195.95766331026374,0.4328696142197314,40.99179858808973,71.23137664615957,1987.899798590131,1534.690332326284,0.8476312419974392,0.817820140905414,33.899798590130914,27.690332326283986,1954,1507,2024,1561,0.65,0.73,65.19839802575326
520,817,866.0,931.0,124.57213861375769,1.2204210388698988,21.293945497711817,53.516947940777996,1969.296766743649,2003.296766743649,0.9301825993555317,0.9174324242266061,15.296766743648961,22.29676674364896,1954,1981,1984,2029,0.7,0.94,20.0750252437834
521,818,509.0,527.0,83.69873755145608,-0.5283987526433032,23.32591807022879,28.257533176991437,1966.3889980353636,2629.6188605108055,0.9658444022770398,0.5644370830610699,12.388998035363457,11.6188605108055,1954,2618,1980,2641,0.91,0.93,120.27501842643842
522,821,181.0,194.0,53.45611995947793,-1.316021029808106,12.080893336289993,20.102972077776897,1959.9502762430939,2073.6298342541436,0.9329896907216495,0.7992861591076865,4.9502762430939224,7.629834254143646,1955,2066,1968,2085,0.8,0.88,165.4024507584648
523,822,496.0,532.0,88.1810887357131,-0.01566081832553965,19.998650702469668,33.34591101972078,1970.820564516129,916.8245967741935,0.9323308270676691,0.8002000129790814,14.820564516129032,10.824596774193548,1956,906,1989,927,0.8,0.88,90.89729879377455
524,823,765.0,805.0,125.26225200214064,1.1506311700191394,17.139661860317567,57.51620488868179,1970.313725490196,792.1869281045751,0.9503105590062112,0.9545667774081849,13.313725490196079,25.186928104575163,1957,767,1986,819,0.61,1.0,24.073690181703455
525,824,324.0,374.0,76.47905277694872,0.44138159937588045,15.350117882553437,29.299623231951518,1973.9537037037037,988.7716049382716,0.8663101604278075,0.8517788275276899,14.953703703703704,8.771604938271604,1959,980,1987,1002,0.7,0.81,64.71069720102793
526,825,240.0,282.0,64.96758636821332,-1.200876509891688,15.564601449740303,21.159811581278,1968.8833333333334,1898.1083333333333,0.851063829787234,0.6774446792020667,8.883333333333333,11.108333333333333,1960,1887,1979,1908,0.71,0.74,158.805155733194
527,826,4815.0,6320.0,374.9224213508271,0.08606439078454169,53.93413979336396,140.87662565269997,2024.2182762201453,1230.8801661474558,0.7618670886075949,0.9238119216077085,63.21827622014538,26.880166147455867,1961,1204,2109,1266,0.43,0.59,85.06887364168115
528,828,457.0,489.0,85.40428689936412,-0.7839978922713462,18.327043431131,31.973221331560097,1975.0218818380745,1146.770240700219,0.934560327198364,0.819415652938141,13.021881838074398,12.77024070021882,1962,1134,1989,1161,0.79,0.88,134.91977037430033
529,829,170.0,178.0,47.99780106179446,0.46678955524744226,12.434800962129657,17.499538751638816,1970.4235294117648,936.7588235294118,0.9550561797752809,0.7036176462399701,7.423529411764706,5.758823529411765,1963,931,1979,945,0.93,0.97,63.254928563532786
530,830,2688.0,3068.0,225.3754144927458,-1.0403665823706127,42.32468845892592,87.56471102774718,1990.0271577380952,1649.1309523809523,0.8761408083441982,0.8754253976785726,27.027157738095237,33.13095238095238,1963,1616,2027,1691,0.66,0.8,149.60861431628564
531,831,310.0,327.0,67.74438820456231,0.21651237658397007,16.24340590931118,24.907121658563245,1975.2064516129033,1823.8709677419354,0.9480122324159022,0.758082129695373,11.206451612903226,7.870967741935484,1964,1816,1989,1832,0.85,0.91,77.5947546093914
532,832,1332.0,1385.0,137.05957273591952,-0.7183723432901767,40.419464151246906,43.26995527994406,1987.638888888889,1171.0773273273273,0.9617328519855596,0.3569510617131583,21.63888888888889,20.07732732732733,1966,1151,2008,1193,0.89,0.89,131.15970338945024
533,833,1964.0,2058.0,166.65154518561337,-0.33167262340074866,42.40900213217599,59.539482048614055,1995.3299389002036,1594.199083503055,0.9543245869776482,0.701891687642752,29.329938900203665,22.19908350305499,1966,1572,2025,1616,0.89,0.93,109.00344150089488
534,834,764.0,846.0,118.78849714493208,1.0998573618005005,19.500050271684362,52.56344232470587,1980.8075916230366,2089.7329842931936,0.9030732860520094,0.9286403663540026,14.807591623036648,23.732984293193716,1966,2066,1997,2112,0.68,0.96,26.98281510243811
535,836,715.0,753.0,100.11316249060515,-0.0014827480552688265,26.88902872286078,34.2416047817043,1983.8909090909092,956.2335664335665,0.949535192563081,0.6191488930476216,16.89090909090909,13.233566433566434,1967,943,2001,970,0.9,0.92,90.08495520564813
536,837,1098.0,1180.0,132.3866520016335,1.2355633421303907,29.21569392161896,48.87382190436371,1982.532786885246,1711.1703096539163,0.9305084745762712,0.8016617126816061,15.532786885245901,24.17030965391621,1967,1687,2001,1735,0.79,0.87,19.207435174850033
537,838,355.0,374.0,72.91685277720231,0.04522536663921859,18.60937128346781,25.24375688270012,1982.1859154929577,1200.6281690140845,0.9491978609625669,0.6756886985315391,12.185915492957747,10.628169014084508,1970,1190,1998,1211,0.84,0.87,87.40877736464103
538,839,889.0,950.0,124.15153126760103,-0.9028954612762322,26.27112736538134,46.30143216988257,1986.992125984252,2671.386951631046,0.9357894736842105,0.8234468539397305,16.992125984251967,20.38695163104612,1970,2651,2008,2694,0.72,0.81,141.73209927264577
539,841,1011.0,1052.0,123.13609530807595,1.0439123779858632,27.021037573507414,48.119041670556975,1986.3709198813056,480.4876360039565,0.9610266159695817,0.8274457718445686,15.370919881305637,22.487636003956478,1971,458,2004,504,0.84,0.95,30.188226559944525
540,845,265.0,277.0,59.60455224554435,-0.4393178020606454,15.694227285916586,21.65785489867811,1983.2981132075472,723.8754716981132,0.9566787003610109,0.689123764683363,9.29811320754717,7.875471698113207,1974,716,1994,733,0.94,0.97,115.17105592303868
541,847,2190.0,2297.0,182.8359323286348,0.4376999070345749,42.43075804811405,67.8775032031218,2008.8214611872147,1915.4059360730594,0.9534175010883762,0.7805384125650967,33.82146118721461,22.40593607305936,1975,1893,2040,1942,0.82,0.89,64.92164263365036
542,848,799.0,828.0,107.50706853232431,0.671261420317023,24.488166387715548,41.84123483592875,1993.8948685857322,750.4518147684606,0.964975845410628,0.8108428382969265,17.894868585732166,14.451814768460576,1976,736,2012,769,0.87,0.96,51.53955366587737
543,849,571.0,598.0,87.85576616457098,0.979194237394742,24.047172276867546,30.426736740270286,1989.3012259194395,884.8949211908931,0.9548494983277592,0.6126809947026148,13.30122591943958,13.89492119089317,1976,871,2003,900,0.93,0.95,33.896302873750074
544,850,204.0,218.0,55.256954082400476,0.2684152192354409,12.190898885472038,22.053485553101567,1985.3823529411766,902.7549019607843,0.9357798165137615,0.8333220216766096,9.382352941176471,6.754901960784314,1976,896,1997,910,0.84,0.95,74.62094078073052
545,852,517.0,539.0,82.72276983802965,-0.10823941119682322,24.15128485682814,27.51238033201966,1994.2069632495165,934.2205029013539,0.9591836734693877,0.47896619749051705,14.206963249516441,12.220502901353965,1980,922,2008,947,0.95,0.96,96.20166143855904
546,853,1496.0,1563.0,146.5796354717034,0.17538188882318467,41.442910463251714,48.13131392827438,2007.6697860962568,981.7673796791444,0.9571337172104927,0.508539910432815,27.669786096256683,18.767379679144383,1980,963,2032,1005,0.87,0.88,79.95135796739889
547,855,1166.0,1213.0,126.46825751169473,0.960170154863809,36.32470044675592,41.30521647955372,2002.1500857632934,2279.336192109777,0.9612530915086562,0.4760437079703214,18.150085763293312,19.336192109777016,1984,2260,2023,2299,0.92,0.92,34.98630251188109
548,856,392.0,413.0,80.04125277669516,-0.5710011975080034,16.552251506278854,32.04305140485267,2000.7015306122448,1884.515306122449,0.9491525423728814,0.8562492464397128,15.701530612244898,12.51530612244898,1985,1872,2013,1895,0.77,0.9,122.71595871412453
549,858,367.0,383.0,70.4259052658968,0.13210382767924486,18.220340074786186,25.921851375169926,1999.2888283378747,2355.3378746594008,0.95822454308094,0.7112936101651248,12.288828337874659,8.337874659400544,1987,2347,2012,2365,0.93,0.97,82.43100821645577
550,859,871.0,898.0,111.62462889934054,-0.49493989642911074,25.890556943189914,43.28872768212902,2006.9575200918484,1136.3432835820895,0.9699331848552338,0.8014289126658226,18.95752009184845,13.343283582089553,1988,1123,2028,1153,0.88,0.97,118.35796717803012
551,860,158.0,166.0,46.10168216385742,1.3225170450466,12.721729358744549,16.06159827315099,1994.7974683544303,671.3164556962025,0.9518072289156626,0.6104448752102574,5.7974683544303796,8.316455696202532,1989,663,2002,679,0.93,0.95,14.225354984716844
552,861,566.0,592.0,87.6257283684433,-0.06959012192594846,23.399516798349154,31.03121994510302,2003.7809187279152,2309.6749116607775,0.956081081081081,0.6568012813401908,14.780918727915195,11.674911660777385,1989,2298,2020,2322,0.93,0.95,93.98722028215766
553,862,11366.0,12594.0,447.0375276818148,0.1793694171562187,101.44077184222628,151.58699928768755,2072.046454337498,1689.4116663733944,0.9024932507543274,0.743089752019376,81.0464543374978,57.41166637339433,1991,1632,2145,1751,0.71,0.76,79.7228894232272
554,863,1845.0,2023.0,202.20138037134467,1.0398197278887193,28.93743654047011,88.3287513251089,2017.3853658536586,2182.3528455284554,0.912011863568957,0.9448128306516748,26.385365853658538,34.35284552845528,1991,2148,2047,2225,0.57,0.87,30.42271813753468
555,865,773.0,806.0,104.50022889984768,0.20866950078030164,26.70820796675912,37.506367875078496,2013.0116429495472,800.751617076326,0.9590570719602978,0.7020801226050044,19.01164294954722,12.751617076326003,1994,788,2032,817,0.89,0.93,78.04411829218688
556,866,4328.0,4521.0,254.0308874751119,-0.8021910993384356,74.10953495912544,76.26045648084767,2039.2255083179298,633.6411737523106,0.9573103295731032,0.23582696915218132,44.22550831792976,40.641173752310536,1995,593,2080,673,0.84,0.84,135.96216435505212
557,867,470.0,515.0,86.74504543003138,1.0868501079171764,18.510143543617904,33.03941690574073,2006.7063829787235,915.9936170212766,0.912621359223301,0.8283274555386214,11.706382978723404,14.993617021276595,1995,901,2019,932,0.78,0.89,27.72807585300773
558,868,4568.0,5126.0,275.1740496774628,-1.4549321278246823,66.48174870438334,91.97098863927978,2033.7467162872153,1818.9185639229422,0.8911431915723761,0.6909990668280434,38.74671628721541,46.918563922942205,1995,1772,2067,1871,0.76,0.79,173.36147040234272
559,869,481.0,504.0,83.04809240917179,-0.21693831521815976,20.143170936912856,31.107162847098724,2009.2827442827443,2336.108108108108,0.9543650793650794,0.7620304041963095,14.282744282744282,10.108108108108109,1995,2326,2026,2347,0.88,0.94,102.42964987667924
560,870,784.0,869.0,112.8701026549933,-0.47798182203974504,26.948150781345333,38.62607485143694,2016.6913265306123,1560.704081632653,0.9021864211737629,0.7164218637422389,20.691326530612244,14.704081632653061,1996,1546,2036,1578,0.77,0.81,117.38634108685059
561,871,1510.0,1576.0,164.48592024545,0.18014839666790447,28.066161970944705,71.36085138289037,2031.0761589403974,2557.612582781457,0.9581218274111675,0.9194105617447375,34.07615894039735,13.612582781456954,1997,2544,2062,2576,0.7,0.95,79.67825718488045
562,872,1814.0,1955.0,170.90385857374275,-1.2937851258373507,45.72125528927921,53.17420493191688,2018.5898566703418,866.4917309812569,0.9278772378516624,0.5105652661632252,20.589856670341785,24.49173098125689,1998,842,2045,897,0.78,0.79,164.12842730728232
563,873,508.0,545.0,88.08580396069863,0.8431251911167653,22.52314292324571,31.077513109427258,2013.498031496063,1421.5433070866143,0.9321100917431193,0.6890215645141471,15.498031496062993,12.543307086614174,1998,1409,2026,1438,0.82,0.86,41.69248494784842
564,876,1756.0,1910.0,165.54082445107377,1.2495404714774812,45.11584401313575,53.09325852745069,2022.2779043280182,489.32744874715263,0.9193717277486911,0.5271904934939622,22.277904328018224,25.32744874715262,2000,464,2048,518,0.81,0.81,18.406604653553302
565,880,287.0,313.0,68.43450159294527,-0.5822393326711781,14.594279977461948,25.82336827331238,2013.8118466898954,1948.2020905923346,0.9169329073482428,0.8249827723221211,10.81184668989547,9.202090592334494,2003,1939,2027,1958,0.77,0.87,123.35985642857202
566,881,604.0,636.0,95.34495698130463,-0.4176151135222038,23.23859361864447,34.76049617752677,2017.4470198675497,2400.57119205298,0.949685534591195,0.7436810599709843,14.447019867549669,11.571192052980132,2003,2389,2038,2416,0.84,0.89,113.92758346569903
567,883,2655.0,2729.0,194.2521139623557,0.6846354195519468,47.39439109123682,72.9698047280804,2039.0580037664784,1267.401506591337,0.9728838402345181,0.7603557042745099,34.05800376647834,28.4015065913371,2005,1239,2069,1300,0.88,0.95,50.77327995450504
568,885,463.0,491.0,81.93737167463219,-1.3722168933706724,22.088082730029832,27.86984226075261,2015.244060475162,1171.8099352051836,0.9429735234215886,0.6098144310778494,9.244060475161987,13.809935205183585,2006,1158,2028,1188,0.87,0.88,168.62223656669283
569,886,882.0,939.0,122.25541236966401,-0.5076366842575507,23.776280174420922,49.52898118944225,2025.9410430839002,1644.5521541950113,0.939297124600639,0.8772423133940307,19.941043083900226,15.552154195011338,2006,1629,2051,1663,0.74,0.9,119.08543953397282
570,888,389.0,402.0,72.456777184947,1.3660536905868983,21.731230893324224,23.74735500846632,2016.9408740359897,1026.0334190231363,0.9676616915422885,0.4032244550305698,8.940874035989717,11.033419023136247,2008,1015,2030,1040,0.93,0.93,11.730888941100687
571,889,350.0,379.0,75.59836983853678,-0.8266502109507262,18.99608253640461,25.420013634301274,2022.6342857142856,1609.8114285714287,0.9234828496042217,0.6644997934655879,13.634285714285713,13.811428571428571,2009,1596,2035,1621,0.77,0.79,137.3635682210758
572,892,536.0,594.0,108.2529984496231,0.00996205847258754,13.983233450254847,50.029218260071346,2033.2014925373135,1190.509328358209,0.9023569023569024,0.9601453025312022,23.20149253731343,6.509328358208955,2010,1184,2057,1199,0.57,0.98,89.4292160942582
573,893,912.0,962.0,123.2708483291891,-0.6987722013898202,23.15389954004634,51.08588443589781,2031.9714912280701,1510.9736842105262,0.9480249480249481,0.891391179642939,21.971491228070175,17.973684210526315,2010,1493,2054,1531,0.75,0.94,130.0366979807023
574,895,978.0,1024.0,121.37472943125208,0.877975076951516,27.074992126493616,46.4443726833244,2028.653374233129,909.8108384458078,0.955078125,0.8125042433271678,17.653374233128833,20.81083844580777,2011,889,2050,931,0.83,0.93,39.69573357300445
575,896,437.0,515.0,87.53044359342883,-1.2138359477225775,19.526086561281396,32.01349317237848,2024.4096109839818,1737.7437070938215,0.8485436893203884,0.7924529711588035,12.409610983981693,13.743707093821511,2012,1724,2038,1753,0.72,0.78,159.54767682576613
576,897,468.0,486.0,81.4772960823769,1.5133460997355845,18.340255289158147,32.67599839745914,2020.9380341880342,1882.871794871795,0.9629629629629629,0.8276286585322015,8.938034188034187,15.871794871794872,2012,1867,2030,1899,0.89,1.0,3.2916555425668577
577,899,394.0,405.0,70.65594306202445,1.2631386325680487,21.337659912722785,23.626474808185527,2022.5786802030457,2641.9060913705584,0.9728395061728395,0.42937774246195964,9.578680203045685,10.906091370558375,2013,2631,2034,2654,0.99,1.0,17.62748741392477
578,900,185.0,197.0,52.34539922493833,0.3772631005007694,12.25771159258171,19.5471019116816,2022.5243243243244,464.1027027027027,0.9390862944162437,0.7789501266578859,8.524324324324324,6.102702702702703,2014,458,2032,471,0.85,0.92,68.3844165752861
579,902,506.0,532.0,84.52360396095219,-0.35473610347873347,23.19543267085525,28.38676938585341,2026.99604743083,1150.3241106719368,0.9511278195488722,0.5764658290330978,12.996047430830039,12.32411067193676,2014,1138,2044,1164,0.89,0.9,110.32488157024747
580,904,264.0,281.0,63.856865633673735,0.40956488532629926,15.462290227933627,23.24079931121819,2025.9583333333333,1046.0416666666667,0.9395017793594306,0.7465689756321748,10.958333333333334,8.041666666666666,2015,1038,2038,1056,0.81,0.87,66.53366063404351
581,905,1000.0,1052.0,123.00134228696278,-1.483131287583038,28.9990732641333,45.61974000168598,2031.041,2269.694,0.9505703422053232,0.7719613978145524,14.041,20.694,2017,2249,2048,2294,0.83,0.9,174.97716324231163
582,906,167.0,175.0,46.33171995998507,0.5744197681160604,14.370054857728295,14.854939377626854,2027.4670658682635,2028.994011976048,0.9542857142857143,0.2534110176494678,7.467065868263473,6.994011976047904,2020,2022,2035,2037,0.98,0.98,57.088171618066326
583,907,1721.0,1819.0,166.74682996062785,-0.135008288009646,36.69755836194202,64.12049609715625,2046.995932597327,711.5996513654852,0.9461242440901594,0.8200291130195508,25.995932597327137,17.599651365485183,2021,694,2083,733,0.78,0.87,97.7354051022394
584,908,2579.0,2695.0,188.56375726854458,-1.309502899520293,57.55826479968845,58.32507644646839,2050.5075610701824,1585.7964327258628,0.9569573283858999,0.16162165064870446,29.50756107018224,28.796432725862736,2021,1557,2081,1619,0.91,0.91,165.0289894026567
585,909,245.0,262.0,59.374514449416694,-0.9274493936212953,15.450414022282782,20.688070074313107,2028.9469387755103,1764.1469387755103,0.9351145038167938,0.6650181138928751,7.946938775510204,8.146938775510204,2021,1756,2039,1774,0.87,0.9,143.13893596646764
586,911,314.0,353.0,71.76666379656405,-0.0844396670017107,18.832396092288345,23.33913263077305,2034.0891719745223,782.8375796178344,0.8895184135977338,0.5906851399960282,12.089171974522293,9.837579617834395,2022,773,2044,793,0.77,0.78,94.83803654268812
587,912,1139.0,1181.0,125.49228979826829,-1.1625285373947654,33.70407105060875,43.90758685043053,2041.5162423178226,954.1158911325724,0.9644369178662151,0.6409126329052114,19.516242317822652,22.115891132572433,2022,932,2059,977,0.91,0.93,156.60797875623655
588,913,369.0,405.0,77.03441314421852,-1.1285054557098104,16.902130632660832,29.093150882532868,2031.9376693766937,1535.6368563685637,0.9111111111111111,0.813927847729278,9.937669376693767,12.636856368563686,2022,1523,2044,1550,0.78,0.87,154.6585997696598
589,914,1166.0,1231.0,131.60125383823606,-0.7661802973104989,36.00968702229383,44.02909597880834,2041.1818181818182,2051.1492281303604,0.9471974004874086,0.5754156246736679,19.181818181818183,17.149228130360207,2022,2034,2063,2075,0.85,0.86,133.8988973819702
590,915,1913.0,1997.0,165.17603363383296,-1.5225425903127032,43.51550023387205,57.12955509944409,2043.2519602718244,2602.215368531103,0.9579369053580371,0.647931550033939,21.25196027182436,29.21536853110298,2022,2573,2064,2628,0.88,0.91,177.23526455383387
591,916,451.0,480.0,85.72960947050628,-1.1209965046759274,17.640827293145307,33.65472339673866,2034.0066518847007,990.2815964523281,0.9395833333333333,0.8516130856353087,10.006651884700664,14.28159645232816,2024,976,2045,1008,0.77,0.9,154.2283685668479
592,917,311.0,332.0,66.86370526615036,1.295530058060984,19.112986016400388,21.985207342332465,2033.0771704180065,2129.8681672025723,0.9367469879518072,0.49418521830526524,8.07717041800643,11.868167202572348,2025,2118,2044,2141,0.87,0.88,15.771595440767115
593,918,274.0,293.0,62.190784531864345,-1.1033526392270947,16.1943630269436,21.983311150591717,2034.602189781022,1168.1423357664235,0.9351535836177475,0.6762565048128687,8.602189781021897,10.142335766423358,2026,1158,2045,1179,0.89,0.92,153.2174495423331
594,919,1247.0,1293.0,134.18748612455605,1.0150004245902127,33.83866003752619,47.53290638946927,2044.7890938251805,1436.2558139534883,0.9644238205723125,0.7022811900491106,18.789093825180434,21.25581395348837,2026,1415,2064,1461,0.87,0.91,31.844759466994233
595,920,374.0,395.0,72.78209975608914,0.6668558535869211,18.497114098527337,26.149107847178836,2038.5935828877004,1131.7245989304813,0.9468354430379747,0.7068427111600776,11.593582887700535,9.724598930481283,2027,1122,2051,1144,0.89,0.93,51.79197404587546
596,921,986.0,1317.0,144.58823179875185,-0.05195943304267949,29.982774400553225,51.72458384906568,2052.895537525355,1623.7474645030427,0.7486712224753227,0.8148570398537146,25.89553752535497,18.747464503042597,2027,1605,2075,1642,0.59,0.66,92.97705621923812
597,923,595.0,672.0,102.73886302302381,-0.6057593018828413,20.09151443384659,40.76927979069966,2047.0890756302522,1867.3310924369748,0.8854166666666666,0.8701368668558388,19.0890756302521,16.33109243697479,2028,1851,2065,1883,0.71,0.85,124.70745139867796
598,925,880.0,915.0,108.94311183800606,-1.2294947114125234,30.05455487024508,37.467169818336366,2045.5806818181818,1740.5647727272728,0.9617486338797814,0.59711309445563,15.580681818181818,17.56477272727273,2030,1723,2061,1759,0.93,0.95,160.44485789759273
599,927,373.0,413.0,77.81981130761596,0.0054149382865768085,18.013178141746707,28.124965541428114,2044.0697050938338,1007.3887399463807,0.9031476997578692,0.7679837390408728,12.06970509383378,9.388739946380698,2032,998,2062,1019,0.77,0.83,89.68974688985534
600,929,2667.0,2791.0,203.1773480847711,-0.6191385105746839,50.522825438259076,69.67835498008151,2069.4994375703036,1536.5403074615674,0.9555714797563597,0.688657938973036,36.49943757030371,34.5403074615673,2033,1502,2101,1563,0.81,0.84,125.47402358994529
601,930,196.0,207.0,52.57543702106599,-0.7230496392307121,14.530049546344012,18.127932408310663,2043.6683673469388,1178.2908163265306,0.9468599033816425,0.5979569375846947,8.668367346938776,8.290816326530612,2035,1170,2052,1186,0.89,0.91,131.4276927063766
602,933,1022.0,1122.0,131.1806464920794,0.3520386084236559,26.45081482446337,50.78477528922043,2060.4647749510764,1771.7622309197652,0.910873440285205,0.8536534472871186,24.464774951076322,16.762230919765166,2036,1755,2086,1790,0.75,0.87,69.82967351166589
603,934,962.0,1059.0,125.4922897982683,-0.8680376222701955,29.520762838065878,44.27468302679819,2058.142411642412,523.9428274428275,0.9084041548630784,0.7452689621882803,21.14241164241164,19.942827442827443,2037,504,2079,544,0.77,0.82,139.73489221465337
604,935,463.0,483.0,78.93053204215556,-1.0803616647165377,22.09575395963194,26.95587377985991,2047.2397408207344,814.7775377969763,0.9585921325051759,0.5727917918848138,10.239740820734342,12.777537796976242,2037,802,2061,829,0.93,0.95,151.9001637359853
605,936,436.0,463.0,82.62748506301516,0.7670312982910065,17.585445297996788,32.01165102070203,2051.587155963303,1160.8004587155963,0.9416846652267818,0.8355955384613953,14.587155963302752,13.80045871559633,2037,1147,2064,1175,0.8,0.91,46.05234385348521
606,937,5225.0,5357.0,264.8685887782815,-0.11624907023766959,77.29002306399022,86.95670335157196,2080.7772248803826,1902.7376076555024,0.9753593429158111,0.45823047833843367,43.777224880382775,38.737607655502394,2037,1864,2124,1941,0.94,0.94,96.66058109693833
607,939,1265.0,1313.0,130.49053310369646,0.2011137399087707,36.05526808495515,44.8521869630053,2060.778656126482,1029.4260869565217,0.9634424980959635,0.5948068207958007,21.778656126482215,18.42608695652174,2039,1011,2083,1049,0.93,0.95,78.47703150113568
608,940,373.0,419.0,91.97332653158719,0.23891182108693526,12.234307010228477,41.12940311320242,2058.828418230563,1207.5469168900804,0.8902147971360382,0.9547346242670568,19.828418230563003,7.546916890080429,2039,1200,2077,1218,0.55,0.91,76.31136097593398
609,941,592.0,657.0,96.78100028698637,1.4485558190267742,26.338424504304573,30.64196422113582,2052.420608108108,901.8952702702703,0.9010654490106544,0.5110448433068963,12.420608108108109,13.89527027027027,2040,888,2067,919,0.79,0.8,7.003865180649569
610,942,3006.0,4029.0,296.9909769853795,-1.4147321818422522,49.949956489903,107.22756976199997,2075.0874916833,1472.994011976048,0.746090841399851,0.8848735587391973,35.087491683300065,55.9940119760479,2040,1417,2106,1528,0.43,0.53,171.05818316089557
611,943,388.0,419.0,78.93053204215556,1.506589962711173,17.198079825984145,29.80412532898757,2049.2886597938145,852.6159793814433,0.9260143198090692,0.8167180824172969,8.288659793814434,14.6159793814433,2041,838,2060,869,0.78,0.87,3.6787536798777154
612,944,1125.0,1262.0,136.4089275936352,-1.5566156901377088,32.505972242199896,48.67697501680707,2060.4417777777776,1084.6977777777777,0.8914421553090333,0.7443501858759496,18.441777777777776,20.697777777777777,2042,1064,2077,1115,0.76,0.81,179.18750936873465
613,946,369.0,395.0,75.13829424628148,0.3765950749320015,16.250241432490917,29.46369151010474,2057.810298102981,835.9295392953929,0.9341772151898734,0.8341521025736189,13.81029810298103,8.929539295392955,2044,827,2073,847,0.82,0.93,68.42269162098333
614,947,1299.0,1350.0,137.5591165742735,-0.8109468551655195,31.724488838580946,53.32556733045369,2066.8229407236336,869.1678214010777,0.9622222222222222,0.8037843300733437,22.822940723633565,24.167821401077752,2044,845,2088,892,0.86,0.95,136.4638322103911
615,949,589.0,682.0,114.90097457404349,-0.8939722477099463,17.21015018786668,49.19536132809847,2063.3361629881156,976.3972835314091,0.8636363636363636,0.9368121602543652,18.33616298811545,20.39728353140917,2045,956,2080,996,0.56,0.82,141.2208367956037
616,950,949.0,1001.0,118.65374412381891,1.4802606502295375,29.991506309129846,42.125312065125,2059.027397260274,784.7576396206533,0.948051948051948,0.7022207643080057,13.027397260273972,21.75763962065332,2046,763,2077,806,0.85,0.88,5.187312162556552
617,951,433.0,501.0,88.41112653184076,0.38560084166886344,17.860168058222907,33.45561647535643,2060.944572748268,1057.364896073903,0.8642714570858283,0.8455813250587884,12.944572748267898,11.364896073903003,2048,1046,2078,1070,0.7,0.8,67.90669919568184
618,952,159.0,178.0,52.57543702106599,0.5106441405204972,12.728918134376704,16.667949342985256,2059.012578616352,390.67295597484275,0.8932584269662921,0.6455993229308903,7.012578616352202,7.672955974842767,2052,383,2068,398,0.72,0.74,60.742245915090166
619,953,1368.0,1435.0,137.84497089931696,0.6422228395196463,41.828746248550196,42.28011621648962,2071.433479532164,2116.91081871345,0.9533101045296167,0.14573069536539882,19.433479532163744,19.910818713450293,2052,2097,2094,2140,0.9,0.9,53.20334178861669
620,954,1198.0,1224.0,124.24681604261554,0.9676832819806864,36.09524996694261,42.46605415225184,2070.643572621035,2512.9015025041735,0.9787581699346405,0.5268167335087544,18.64357262103506,18.901502504173624,2052,2494,2090,2535,0.98,0.98,34.55583203713872
621,957,459.0,479.0,82.72276983802963,1.561668274181822,20.16633014966396,30.586425539405163,2066.6797385620916,998.9760348583878,0.9582463465553236,0.7518599211451176,11.679738562091503,15.9760348583878,2055,983,2076,1015,0.84,0.9,0.5229988899025386
622,958,952.0,1002.0,125.032214206013,1.4536733463977571,30.093530130693534,44.88693538725032,2066.8214285714284,2230.4495798319326,0.9500998003992016,0.7419731475122543,11.821428571428571,25.449579831932773,2055,2205,2086,2254,0.77,0.81,6.710652460749557
623,959,261.0,273.0,59.50926747052986,0.8772256158967263,16.215732550998336,20.727412781709006,2064.551724137931,1147.4750957854405,0.9560439560439561,0.6228607916096873,8.551724137931034,10.475095785440613,2056,1137,2075,1157,0.93,0.95,39.73867452835333
624,960,787.0,922.0,118.46317457378993,1.1139865686849921,29.927422407429287,36.972201536263455,2075.964421855146,1299.9542566709022,0.8535791757049892,0.5871785974828118,19.964421855146124,22.95425667090216,2056,1277,2094,1317,0.7,0.72,26.173271180089557
625,962,1581.0,1674.0,151.1572714309749,-0.7125996879510095,39.85217069992944,51.24482509748458,2082.111321948134,814.2732447817837,0.9444444444444444,0.6286580394888882,25.11132194813409,23.27324478178368,2057,791,2106,838,0.87,0.89,130.8289546019323
626,963,646.0,705.0,102.60411000191064,1.1310241768878166,25.753572060273747,34.14103565674901,2070.312693498452,1748.1609907120744,0.9163120567375886,0.6564966214071974,13.312693498452012,18.1609907120743,2057,1730,2088,1765,0.77,0.79,25.19708813707024
627,965,1249.0,1664.0,166.9210512278397,1.3408774551629532,32.947913490124904,57.25941252018441,2082.709367493995,1117.9031224979983,0.7506009615384616,0.8178617280435048,23.709367493995195,25.9031224979984,2059,1092,2106,1152,0.56,0.63,13.173380974920505
628,969,354.0,374.0,72.78209975608914,1.3151721360648385,17.037503177815534,27.033462662992417,2071.268361581921,473.364406779661,0.946524064171123,0.7764023668063711,8.268361581920903,12.364406779661017,2063,461,2081,488,0.84,0.91,14.646187270279512
629,970,2063.0,2117.0,164.8901793087895,0.4121856296050601,47.83707774287387,55.2712633456377,2090.434318952981,1839.6572952011634,0.9744922059518186,0.5009151974365522,27.434318952981094,24.657295201163354,2063,1815,2118,1866,0.95,0.96,66.38350304768746
630,971,5099.0,5813.0,326.92462028903265,0.11521630887764654,53.31031671808661,129.69336694300696,2126.7750539321437,1278.2396548342813,0.8771718561844143,0.911613293075012,62.77505393214356,27.239654834281232,2064,1251,2193,1310,0.6,0.79,83.39859177023517
631,972,724.0,765.0,101.81871183851321,0.533898971169787,25.758629290052493,36.4477322822832,2080.9447513812156,1988.0676795580112,0.9464052287581699,0.7074854596226753,16.944751381215468,14.067679558011049,2064,1974,2099,2005,0.88,0.92,59.40984226559439
632,973,283.0,312.0,72.55206195996149,1.3296461907592787,12.731259772866157,29.59025209341885,2071.2932862190814,1181.9434628975266,0.907051282051282,0.9027089080557922,6.293286219081272,14.943462897526501,2065,1167,2080,1196,0.68,0.87,13.816885023846567
633,974,1902.0,2086.0,177.14757563482368,-0.23954430045935254,38.0511800328605,66.13358922563809,2092.925341745531,1799.269716088328,0.9117929050814957,0.817894344521343,27.92534174553102,19.269716088328074,2065,1780,2127,1824,0.76,0.85,103.72487742273461
634,975,712.0,745.0,98.12175881765361,-1.5353621503837882,28.830985277122394,31.87355455501569,2082.4859550561796,497.4508426966292,0.9557046979865772,0.42638343557625485,14.485955056179776,15.450842696629213,2068,482,2097,515,0.93,0.93,177.96977124112146
635,976,459.0,478.0,81.05668873622027,-1.0627462877882439,19.9662745738101,30.35535090512253,2079.2156862745096,528.5098039215686,0.9602510460251046,0.7532350861433735,11.215686274509803,14.509803921568627,2068,514,2092,543,0.88,0.94,150.89087698346196
636,978,861.0,928.0,119.01853494105973,0.0448821824987469,25.242581270711714,44.77786683576121,2095.5180023228804,983.9500580720093,0.927801724137931,0.8259598266712656,25.51800232288037,12.950058072009291,2070,971,2118,999,0.76,0.86,87.42844036748588
637,979,415.0,446.0,92.52868689885699,-1.5016664185014441,16.788788746288102,35.46475139618902,2079.378313253012,1164.8168674698795,0.9304932735426009,0.8808509721554567,9.378313253012049,14.816867469879519,2070,1150,2089,1188,0.61,0.74,176.03914801665874
638,980,716.0,795.0,113.00485567610646,1.198026361532414,25.878018126555556,37.894259614272556,2086.3896648044692,1413.2067039106146,0.9006289308176101,0.7305111719251175,16.389664804469273,22.206703910614525,2070,1391,2103,1434,0.7,0.74,21.35814573877856
639,981,1090.0,1196.0,132.48193677664798,1.3430837793586787,31.449468657046566,45.752318739405275,2087.994495412844,1614.069724770642,0.9113712374581939,0.7262930056341905,16.994495412844035,21.069724770642203,2071,1593,2103,1640,0.78,0.82,13.046967910267838
640,983,369.0,387.0,76.11426195970792,1.4393134321157717,15.45831978372453,31.471951464641606,2081.945799457995,1006.2845528455284,0.9534883720930233,0.8710594105529436,6.94579945799458,16.284552845528456,2075,990,2091,1020,0.8,0.96,7.533414943276966
641,984,15221.0,16201.0,492.0448373939498,0.45236828195656026,119.47539555231667,171.10118322014333,2148.8210367255765,1200.8714933315814,0.9395099067958768,0.715831220028,72.8210367255765,76.87149333158136,2076,1124,2237,1268,0.79,0.83,64.08120665830506
642,985,383.0,432.0,83.08756065527047,0.18548534978943082,20.929195640467547,25.958880149311835,2092.8433420365536,1320.237597911227,0.8865740740740741,0.5915829164329133,16.843342036553526,11.237597911227153,2076,1309,2107,1334,0.7,0.71,79.37247229555783
643,989,976.0,1014.0,115.32158192020013,-0.4768327547640089,31.741301987850843,39.60748094861406,2096.7120901639346,2153.564549180328,0.9625246548323472,0.5981332894950991,18.712090163934427,17.56454918032787,2078,2136,2116,2171,0.92,0.94,117.32050438157431
644,990,1216.0,1271.0,130.9111404498531,0.12629017800441453,34.40025613829271,46.1861471106429,2102.295230263158,467.5419407894737,0.956726986624705,0.6672680974638796,22.295230263157894,15.541940789473685,2080,452,2124,487,0.89,0.92,82.76410580639114
645,991,1351.0,1473.0,161.78805490129835,0.886755295374617,25.873041715029036,68.10004947563753,2103.6506291635824,736.7586972612879,0.9171758316361168,0.925016507521429,23.650629163582533,29.758697261287935,2080,707,2128,764,0.65,0.9,39.19266411415776
646,992,554.0,597.0,88.41112653184076,0.8003379963438865,26.02005416720399,27.87592081205337,2095.7617328519855,767.8249097472924,0.9279731993299832,0.3587751274571026,14.76173285198556,13.824909747292418,2081,754,2110,781,0.89,0.89,44.14401062553859
647,993,370.0,404.0,75.92369240967892,1.0705777606854336,17.207708069453915,28.802245543926563,2091.2,1033.9486486486487,0.9158415841584159,0.8019111711029091,9.2,13.948648648648648,2082,1020,2104,1048,0.81,0.89,28.66041267215798
648,995,426.0,481.0,84.52360396095219,-0.868693403755151,18.483703909871256,31.694156303512393,2097.786384976526,1555.1173708920187,0.8856548856548857,0.812336034266513,15.786384976525822,14.11737089201878,2082,1541,2111,1568,0.75,0.83,139.77246572602414
649,996,626.0,660.0,94.09948322565188,-0.6088174782739775,25.667361663238534,31.753584667601412,2097.3785942492013,2218.0367412140577,0.9484848484848485,0.5887302395106647,15.378594249201278,14.036741214057509,2082,2204,2113,2231,0.89,0.9,124.8826719988966
650,997,1800.0,1903.0,175.15617196187213,1.1379998308478168,33.98363633858476,70.44602617903084,2105.302777777778,1394.645,0.9458749343142406,0.8759473487013297,22.302777777777777,30.645,2083,1364,2125,1431,0.74,0.89,24.797412605818508
651,1000,810.0,1072.0,130.95060869595176,1.1970801077286852,31.95124017722171,40.803109099617146,2101.4395061728396,1765.4716049382716,0.7555970149253731,0.621947477789588,16.439506172839508,18.471604938271604,2085,1747,2122,1784,0.59,0.61,21.412362088080414
652,1001,734.0,779.0,102.9294325730528,0.4833745499217887,26.929664141098286,36.0386440374978,2103.7438692098094,590.7356948228883,0.9422336328626444,0.6645496629404998,17.743869209809265,14.735694822888284,2086,576,2120,608,0.87,0.9,62.304678365445795
653,1003,217.0,227.0,53.59087298059109,1.160466356197656,15.498093347040282,17.99553439798627,2093.884792626728,854.2396313364055,0.9559471365638766,0.5082342975851913,7.88479262672811,9.23963133640553,2086,845,2102,864,0.95,0.96,23.51017552294904
654,1004,3630.0,3809.0,236.6010265764377,0.9182796007410009,52.72320562076457,88.80286286338692,2123.336914600551,1460.9727272727273,0.9530060383302704,0.8046786076185786,36.33691460055096,38.972727272727276,2087,1422,2158,1503,0.81,0.9,37.38645446458234
655,1005,438.0,512.0,96.87628506200085,1.2577183620903685,15.701987242402284,39.018992429826,2096.12100456621,1584.0251141552512,0.85546875,0.9154555586140518,9.121004566210045,17.025114155251142,2087,1567,2107,1606,0.59,0.78,17.93804603611521
656,1006,1414.0,1454.0,137.5591165742735,-0.7650393881050718,37.20762116904437,48.782928137294036,2109.1025459688826,2284.340169731259,0.9724896836313618,0.6467311142101559,22.102545968882602,22.34016973125884,2087,2262,2133,2307,0.94,0.97,133.8335280996916
657,1007,491.0,585.0,95.34495698130463,-0.7562037835375098,20.749953311494618,33.877421886273645,2103.8207739307536,1497.8574338085539,0.8393162393162393,0.7904698464836434,15.820773930753564,18.85743380855397,2088,1479,2118,1511,0.68,0.74,133.3272852485238
658,1009,491.0,525.0,91.87804175657271,1.2864914520487516,16.191139280569494,39.203492768561524,2098.3421588594706,1015.5947046843177,0.9352380952380952,0.9107299057093743,9.342158859470468,18.59470468431772,2089,997,2109,1035,0.73,0.96,16.289469417949604
659,1011,361.0,383.0,73.01213755221679,-0.5768897952786666,18.369980672374616,26.34832277908885,2099.925207756233,1053.9639889196676,0.9425587467362925,0.7168792526552195,9.925207756232687,9.96398891966759,2090,1044,2115,1066,0.85,0.89,123.05335051363369
660,1015,1630.0,1711.0,155.7349073902464,-0.7857252887331373,40.1021681290038,54.725244427764125,2117.4815950920247,825.2196319018404,0.9526592635885447,0.6804537523513593,25.48159509202454,26.21963190184049,2092,799,2142,848,0.84,0.88,135.01874290110678
661,1016,593.0,636.0,93.5441228583821,0.9485916139490198,25.63343751139658,31.22036533653902,2109.273187183811,539.910623946037,0.9323899371069182,0.5708582860437418,16.273187183811128,12.910623946037099,2093,527,2122,557,0.85,0.86,35.64970403921806
662,1017,749.0,775.0,100.7079911039736,0.6335591927756967,28.49272937230985,34.001502464135825,2109.3150867823765,708.5327102803739,0.9664516129032258,0.5456941536562757,16.3150867823765,14.532710280373832,2093,694,2126,727,0.93,0.94,53.69973218223726
663,1019,722.0,794.0,113.65550081839075,0.49629617681370836,20.970263378736018,47.09435762526711,2115.648199445983,968.0096952908588,0.9093198992443325,0.8953904517010984,21.64819944598338,14.009695290858726,2094,954,2136,985,0.7,0.89,61.564323680096045
664,1020,751.0,797.0,111.2040215531839,0.5686140227898737,23.08903989281017,43.238444340415704,2114.069241011984,1363.982689747004,0.9422835633626098,0.845488703551846,20.069241011984023,14.982689747003995,2094,1349,2135,1381,0.76,0.88,57.42081632218463
665,1021,1823.0,2133.0,180.28916828841346,0.9431385720493369,46.65537635380087,54.613847903965336,2122.3823368074604,1534.2885353812396,0.8546647913736521,0.5198173838105385,27.38233680746023,23.288535381239715,2095,1511,2154,1565,0.7,0.71,35.962140325577884
666,1022,1287.0,1360.0,136.50421236864975,1.3234019017591907,39.48879914520092,42.99697061440737,2114.2626262626263,505.7917637917638,0.9463235294117647,0.39563259427132474,18.262626262626263,18.791763791763792,2096,487,2135,528,0.87,0.87,14.174656429611574
667,1023,243.0,263.0,61.730708939609045,0.8861815146780572,14.070039471846561,23.242448991247382,2106.106995884774,1113.641975308642,0.9239543726235742,0.7959521107657774,10.106995884773662,8.641975308641975,2096,1105,2115,1125,0.8,0.88,39.22553932643671
668,1024,1505.0,1622.0,162.62926959361164,0.29683999514979575,33.68334522605576,58.86389180947307,2124.6146179401994,1336.602657807309,0.9278668310727497,0.8200972073011572,27.614617940199334,18.60265780730897,2097,1318,2156,1355,0.72,0.8,72.99232108723288
669,1026,1374.0,1410.0,134.83813126684035,-1.3368038591791824,39.523248217806284,44.860094080708365,2115.8216885007278,1967.8551673944687,0.9744680851063829,0.47305377380579944,17.821688500727802,22.855167394468705,2098,1945,2137,1990,0.95,0.96,166.59321916776798
670,1027,985.0,1009.0,115.64690449134227,-0.1105973476769474,30.457338247396272,41.672660126581086,2121.6934010152286,1066.1187817258883,0.9762140733399405,0.6825156408603922,22.693401015228428,14.118781725888326,2099,1052,2141,1082,0.93,0.96,96.33676124723009
671,1028,2603.0,2743.0,200.07522367727995,1.1808269335349757,50.945748320090914,68.16732192063743,2126.494045332309,1589.0372646945832,0.94896099161502,0.6644157109002211,27.494045332308875,35.03726469458317,2099,1554,2157,1627,0.82,0.84,22.343600373070913
672,1029,837.0,924.0,124.15153126760104,1.5009174279194935,24.9648585363385,45.62031944440363,2111.7443249701314,1632.5436081242533,0.9058441558441559,0.8369815413349154,12.744324970131421,27.543608124253286,2099,1605,2127,1656,0.68,0.78,4.003765982582067
673,1031,908.0,945.0,111.16455330708524,0.25843765499071725,30.318456939889064,38.645058052388165,2117.444933920705,1094.5770925110132,0.9608465608465608,0.6200826937050767,17.444933920704845,15.577092511013216,2100,1079,2136,1110,0.92,0.94,75.19261310177383
674,1034,1086.0,1116.0,118.32842155267679,0.9296579254452957,34.20242516585137,40.52059253162758,2121.8453038674033,1008.7265193370166,0.9731182795698925,0.5362248999962589,18.845303867403317,18.726519337016576,2103,990,2140,1028,0.97,0.99,36.73452448109681
675,1035,587.0,712.0,111.29930632819841,-0.41104865321644635,18.313855514325795,47.65791187341262,2123.1788756388414,314.8160136286201,0.824438202247191,0.9232177031553553,19.178875638841568,9.816013628620102,2104,305,2149,331,0.6,0.82,113.55135300383895
676,1036,161.0,168.0,47.11711812338252,-1.0135066592538335,12.369612037428395,16.816969167724146,2110.136645962733,616.1490683229814,0.9583333333333334,0.6774775183829737,6.136645962732919,8.149068322981366,2104,608,2118,625,0.91,0.94,148.0696540836483
677,1039,2161.0,2276.0,180.19388351339896,-0.4437680731908118,42.59596699132522,66.00490295799916,2140.6783896344286,1757.2258213789912,0.9494727592267135,0.7638908219056036,32.678389634428505,26.225821378991206,2108,1731,2172,1782,0.84,0.9,115.42603767648613
678,1040,216.0,233.0,56.827750409195374,-1.0130608815737734,13.417730725784057,20.990023826806663,2119.7175925925926,890.1064814814815,0.927038626609442,0.7690046079143188,7.717592592592593,9.106481481481481,2112,881,2129,901,0.84,0.9,148.04411290397974
679,1041,407.0,418.0,73.89282049062874,-1.489554107837959,18.853676678213496,27.777458935866107,2119.97542997543,2573.7813267813267,0.9736842105263158,0.7343785176205477,7.975429975429975,12.781326781326781,2112,2561,2131,2588,0.94,0.99,175.34516373548973
680,1042,1414.0,1479.0,151.02251840986176,0.18485841434041836,31.704344007676756,59.589315911049034,2144.238330975955,777.3380480905233,0.9560513860716701,0.8467145346990708,31.23833097595474,16.338048090523337,2113,761,2172,796,0.78,0.9,79.40839305081337
681,1043,299.0,317.0,67.18902783729251,0.3291670357863853,15.511488944314598,25.501497698401323,2123.5785953177256,1044.5886287625417,0.943217665615142,0.7937394126396833,10.578595317725753,8.588628762541806,2113,1036,2137,1053,0.83,0.91,71.1401180946084
682,1044,379.0,405.0,80.04125277669516,0.4253218605404634,16.420825742474573,31.43713887136474,2129.456464379947,1122.796833773087,0.9358024691358025,0.8527382747279634,15.45646437994723,9.796833773087071,2114,1113,2143,1135,0.74,0.87,65.63085245637966
683,1045,6605.0,8459.0,410.74176257878474,-1.36899968557778,62.32283527036209,157.43180493890767,2156.5096139288416,1658.6192278576837,0.7808251566379004,0.9183057230178281,42.50961392884179,71.61922785768357,2114,1587,2191,1745,0.49,0.66,168.43790413834353
684,1048,1152.0,1249.0,155.46540134802012,-0.0022679266970282042,23.006057609262715,66.28437623671391,2151.386284722222,1313.404513888889,0.922337870296237,0.9378350998432047,35.38628472222222,13.40451388888889,2116,1300,2183,1325,0.6,0.88,90.12994262798476
685,1052,1450.0,1567.0,161.19322628792992,1.1179888524614,29.551539654707184,64.22251339666754,2141.191724137931,1418.4696551724137,0.9253350350989151,0.8878448199090375,19.191724137931036,27.469655172413795,2122,1391,2162,1451,0.7,0.87,25.94395721128771
686,1055,1262.0,1428.0,150.46715804259196,0.4820811365936604,39.316124919385665,46.919636177316896,2148.5998415213944,421.9167987321712,0.8837535014005602,0.5457530369920746,23.599841521394612,23.916798732171156,2125,398,2170,445,0.7,0.71,62.37878549031351
687,1059,1337.0,1391.0,137.84497089931696,-1.3497406723190075,38.728109500620015,45.87977746894438,2151.720269259536,2421.715033657442,0.9611790079079798,0.5361518307791644,20.720269259536277,23.715033657442035,2131,2398,2171,2443,0.88,0.89,167.33444396102936
688,1060,796.0,839.0,113.75078559340523,1.092207123567154,29.217774657351406,38.411837255657666,2147.2399497487436,2704.893216080402,0.9487485101311085,0.6491679880620723,16.23994974874372,21.89321608040201,2131,2683,2165,2721,0.77,0.79,27.421141465478485
689,1061,166.0,171.0,45.87164436772977,1.49792160230988,13.792634900400564,15.429454180146994,2139.265060240964,1906.3855421686746,0.9707602339181286,0.44823465735850165,6.265060240963855,7.385542168674699,2133,1899,2146,1914,0.99,1.0,4.175414146170127
690,1064,1714.0,1969.0,174.2754890234602,-0.9244695609020235,41.19517315773023,56.84538512368015,2160.4399066511087,959.8413068844808,0.8704926358557643,0.6890770513802263,25.43990665110852,25.841306884480748,2135,934,2188,987,0.71,0.74,142.96820412799838
691,1065,301.0,319.0,65.75298453161076,1.133097466748567,17.797583350391218,22.296670214479402,2142.9634551495014,1091.252491694352,0.9435736677115988,0.6023698760386608,7.9634551495016614,11.252491694352159,2135,1080,2154,1102,0.87,0.89,25.078297378341986
692,1066,484.0,516.0,85.95964726663394,1.3251534965676803,20.502996785701438,31.09210381775279,2148.3946280991736,617.2231404958678,0.937984496124031,0.7517679242210542,12.394628099173554,15.223140495867769,2136,602,2160,633,0.82,0.88,14.0742974396681
693,1067,3736.0,3943.0,238.2276394321484,1.488938595337658,63.32379402463684,80.0494373977469,2163.2550856531047,1021.9973233404711,0.9475019021049962,0.6117404090046756,27.255085653104924,41.99732334047109,2136,980,2199,1063,0.83,0.84,4.69010253301505
694,1068,1888.0,2044.0,175.5767793080288,-0.33690768955418743,38.27995610824849,65.28236358150271,2164.9231991525426,1549.2425847457628,0.923679060665362,0.8100396143408659,28.923199152542374,21.242584745762713,2136,1528,2197,1571,0.77,0.85,109.3033886969587
695,1069,1347.0,1430.0,147.82510922735614,0.5220136314004896,32.36212132416969,55.51392561723129,2164.92279138827,1509.3236822568672,0.941958041958042,0.8125044312726932,27.92279138827023,22.323682256867112,2137,1487,2191,1530,0.77,0.86,60.09082207245412
696,1070,774.0,841.0,116.10698008359756,-1.3683879983682514,24.472481357597427,42.508592649443756,2153.859173126615,1117.4728682170542,0.920332936979786,0.8176562859959633,12.859173126614987,23.472868217054263,2141,1094,2169,1141,0.72,0.81,168.40285704285537
697,1072,1234.0,1315.0,137.65440134928798,-1.0874688459135566,33.97852130269839,49.44032591122237,2161.0,465.55996758508917,0.938403041825095,0.726408399619498,19.0,20.55996758508914,2142,445,2183,493,0.82,0.86,152.30737522280924
698,1073,224.0,237.0,57.938471143734965,-0.07518010463455731,13.504303002611916,22.0542191785815,2153.3571428571427,1329.6473214285713,0.9451476793248945,0.7906077982680645,10.357142857142858,5.647321428571429,2143,1324,2165,1339,0.84,0.92,94.30750269891206
699,1074,2439.0,2571.0,192.77660241057532,1.110091000781032,45.623618038277044,69.40314086787481,2167.7363673636737,1385.3854038540385,0.9486581096849475,0.753567021677382,24.736367363673637,32.38540385403854,2143,1353,2193,1419,0.82,0.88,26.39647077979309
700,1075,715.0,737.0,100.70799110397363,-0.8849591067736396,23.48907450812543,38.945032888465505,2159.467132867133,1070.4377622377622,0.9701492537313433,0.7976398596925306,14.467132867132866,17.43776223776224,2145,1053,2175,1088,0.89,0.97,140.70442185979672
701,1078,1164.0,1231.0,129.93517273642664,-1.5593491573651852,33.01241845424043,46.34787206533064,2162.7242268041236,1972.1829896907216,0.9455727051177905,0.7019007742760485,16.72422680412371,21.182989690721648,2146,1951,2182,1997,0.87,0.9,179.34412550430636
702,1079,598.0,616.0,88.87120212409607,0.5463749870534628,26.344146908959978,29.451125894402406,2162.4632107023413,822.4498327759197,0.9707792207792207,0.447060148872768,15.463210702341136,13.449832775919733,2147,809,2176,838,0.95,0.96,58.69501921032159
703,1080,389.0,427.0,85.30900212434963,0.8758789351747506,15.817487404876822,32.71696167145922,2164.3084832904883,1148.8097686375322,0.9110070257611241,0.8753640040765783,13.308483290488432,13.809768637532134,2151,1135,2177,1165,0.67,0.81,39.81583365007417
704,1081,585.0,645.0,96.55096249085872,-0.8317612351925286,27.046316057362183,29.10241792095427,2166.9247863247865,1342.5350427350427,0.9069767441860465,0.36920130250849154,14.924786324786325,14.535042735042735,2152,1328,2180,1358,0.79,0.79,137.65640833912013
705,1082,3329.0,3685.0,238.5529620032906,-0.6701165073785385,61.90389604334516,72.67810745267624,2189.3006908981674,1455.0570741964555,0.9033921302578019,0.5239412976728854,36.300690898167616,37.05707419645539,2153,1418,2224,1488,0.74,0.74,128.39484765483755
706,1083,187.0,207.0,54.701593715130684,-0.4776005844969459,14.179444647825221,17.961803445736088,2160.609625668449,1529.5614973262032,0.9033816425120773,0.613850750157671,7.609625668449198,6.561497326203209,2153,1523,2173,1538,0.79,0.8,117.36449778465627
707,1084,378.0,395.0,72.78209975608914,1.291732162318545,19.41648336810131,25.310305226870685,2161.830687830688,1580.126984126984,0.9569620253164557,0.6414827442168525,8.83068783068783,12.126984126984127,2153,1568,2174,1593,0.9,0.92,15.98919883783958
708,1086,207.0,223.0,57.05778820532302,0.5561075964892653,13.912302122880483,20.189003965054983,2167.473429951691,1134.280193236715,0.9282511210762332,0.7246634590450283,10.473429951690822,8.280193236714975,2157,1126,2177,1144,0.8,0.84,58.1373817660009
709,1087,1721.0,1826.0,168.1270567373938,-0.8041870244782161,37.77726378225711,61.163937836994855,2187.466008134805,1752.454968041836,0.9424972617743702,0.786461348133255,30.466008134805346,26.454968041836143,2157,1726,2213,1778,0.77,0.83,136.0765224417856
710,1088,1399.0,1449.0,139.22519767608287,-0.7952284488531932,37.156402261232444,48.74272174835999,2179.5918513223733,2226.2208720514654,0.9654934437543133,0.6472280656381478,22.591851322373124,22.22087205146533,2157,2204,2203,2249,0.91,0.93,135.56323386802302
711,1089,747.0,793.0,105.05558926711748,-0.5143253878583472,25.680533654034463,37.96206494624568,2175.759036144578,649.7349397590361,0.9419924337957125,0.736462069086763,16.759036144578314,13.734939759036145,2159,636,2195,667,0.85,0.9,119.46867402071241
712,1090,318.0,334.0,66.21306012386609,-0.11214846431481788,18.27756061046773,22.741637442584057,2170.3616352201257,2482.4150943396226,0.9520958083832335,0.5950283821317566,11.361635220125786,8.415094339622641,2159,2474,2183,2494,0.91,0.93,96.42563368411258
713,1091,1335.0,1514.0,151.84738481935787,-0.37808023538828456,34.24640907362434,53.508752941621665,2187.6194756554305,1078.8696629213482,0.881770145310436,0.7683623433631926,27.619475655430712,21.869662921348315,2160,1057,2217,1100,0.73,0.78,111.66240180506142
714,1092,337.0,364.0,75.92369240967894,-0.9472720431076072,13.679658209668546,31.92316569837023,2172.4629080118693,505.1305637982196,0.9258241758241759,0.9035331390197032,10.462908011869436,12.130563798219585,2162,493,2184,519,0.73,0.95,144.27469012080047
715,1093,898.0,980.0,119.24857273718737,-1.0745300155764999,28.691905218548232,41.6643779823835,2178.3452115812916,1717.3975501113587,0.9163265306122449,0.7251000339160256,15.345211581291759,21.397550111358573,2163,1696,2198,1740,0.79,0.84,151.56603485266004
716,1094,1975.0,2092.0,167.99230371628062,-0.6976624023167862,44.52829078478608,58.0586116699087,2191.3027848101265,1927.2946835443038,0.9440726577437859,0.6417019515653085,27.30278481012658,23.294683544303798,2164,1904,2219,1953,0.88,0.9,129.9731111777099
717,1095,4558.0,5440.0,290.01767828981696,-1.1713419168240233,68.47780596888536,91.61705805872347,2210.6230802983764,1561.7531812198333,0.8378676470588236,0.6643348212258369,45.62308029837648,46.75318121983326,2165,1515,2248,1606,0.68,0.7,157.11294820078047
718,1096,729.0,773.0,107.37231551121116,1.1129577647866378,23.98032251205845,39.74291185052002,2178.5061728395062,1114.6145404663923,0.943078913324709,0.7974491556119712,12.506172839506172,17.614540466392317,2166,1097,2194,1133,0.79,0.87,26.232217301411865
719,1098,723.0,805.0,124.89746118489984,0.12285505636895823,18.328328270313982,54.076370423836856,2197.15214384509,1301.9183955739973,0.8981366459627329,0.940810101272677,28.152143845089903,10.918395573997234,2169,1291,2222,1313,0.58,0.87,82.96092377821687
720,1099,931.0,968.0,118.32842155267677,0.1431320556148524,28.39435351644773,44.22969723178265,2192.5102040816328,921.3458646616541,0.9617768595041323,0.7667256902662554,22.510204081632654,16.345864661654137,2170,905,2216,934,0.84,0.9,81.79913730023718
721,1100,638.0,684.0,100.70799110397361,-0.9478408649564201,21.31772615375667,39.90036735358973,2183.7147335423197,976.4984326018808,0.9327485380116959,0.8453114015547085,13.714733542319749,14.498432601880877,2170,962,2201,997,0.79,0.91,144.30728121203228
722,1102,368.0,405.0,76.80437534809087,-1.5498607974976215,17.014652452391854,28.73349686341588,2181.3940217391305,1151.421195652174,0.908641975308642,0.8058248876020103,8.394021739130435,12.421195652173912,2173,1139,2192,1168,0.78,0.87,178.80048252939366
723,1103,1460.0,1636.0,155.04479400186347,0.28721002767135284,37.52722420981449,53.779053775067055,2198.8191780821917,1497.1746575342465,0.8924205378973105,0.7162890179671899,25.81917808219178,18.174657534246574,2173,1479,2225,1518,0.76,0.8,73.5440775805959
724,1104,2766.0,2851.0,206.5095102883899,-1.2020346817348981,43.7910259383522,82.36410599622008,2197.4132321041216,1988.2404193781633,0.9701858996843213,0.8469477752226715,23.413232104121477,34.240419378163416,2174,1954,2226,2031,0.82,0.94,158.8715140917608
725,1105,1973.0,2084.0,171.1338963698704,1.5535257143204346,40.252899982951995,63.96196279361422,2195.6183476938672,1339.8991383679675,0.9467370441458733,0.7771417512709085,20.618347693867207,30.899138367967563,2175,1309,2218,1374,0.85,0.92,0.9895332043926572
726,1107,1187.0,1248.0,131.1806464920794,0.8164574890945235,34.933695542179855,45.287718587287095,2198.3487784330246,1692.190395956192,0.9511217948717948,0.6363840366873382,22.34877843302443,20.19039595619208,2176,1672,2219,1714,0.87,0.89,43.22043172303536
727,1108,562.0,614.0,93.54412285838208,-1.5406129526366246,21.921343878816792,33.87589648806153,2191.5035587188613,670.8754448398577,0.9153094462540716,0.762398839660591,13.50355871886121,15.875444839857652,2178,655,2203,689,0.81,0.87,178.27062004926677
728,1112,683.0,722.0,105.80151918441626,0.11101286104668008,20.052906253710734,43.93529999643386,2203.181551976574,581.9472913616398,0.945983379501385,0.8897649603730087,22.18155197657394,9.947291361639824,2181,572,2224,593,0.77,0.95,83.63943159035297
729,1113,784.0,818.0,103.3895081653081,-0.09043271667694797,28.93166889811331,35.054054421060904,2200.497448979592,996.2729591836735,0.9584352078239609,0.5646295743208269,19.497448979591837,13.27295918367347,2181,983,2219,1013,0.92,0.93,95.18141299549146
730,1114,564.0,599.0,91.09264359317525,-0.26563425567429905,21.609051292724114,34.34966027881082,2195.313829787234,2498.5939716312055,0.9415692821368948,0.7773319180614247,14.313829787234043,11.593971631205674,2181,2487,2214,2512,0.85,0.92,105.21972174423638
731,1115,517.0,552.0,86.84033020504586,1.5508450857586862,21.272528934783693,31.818682685827078,2194.25918762089,820.2920696324952,0.9365942028985508,0.743662996174731,10.25918762088975,14.292069632495165,2184,806,2206,837,0.86,0.91,1.1431219074230654
732,1116,1991.0,2173.0,194.99804387965446,-1.2947886909578599,33.78341108746652,79.51497274165416,2203.0482169763936,1635.7780010045203,0.9162448228255867,0.9052550558404251,19.04821697639377,36.77800100452034,2184,1599,2227,1676,0.66,0.85,164.18592735315403
733,1117,616.0,666.0,98.35179661378126,-1.5126822254725325,20.906938595162075,38.499441147513906,2196.089285714286,732.9464285714286,0.924924924924925,0.8397034344318639,11.089285714285714,17.946428571428573,2185,715,2208,754,0.8,0.92,176.67030726403289
734,1120,683.0,722.0,98.90715698105107,0.05937749669838227,25.046338476710243,34.96243128194269,2203.3279648609077,794.4699853587116,0.945983379501385,0.6977117345176134,17.32796486090776,12.469985358711567,2186,782,2221,808,0.88,0.91,86.59792004113072
735,1121,1462.0,1537.0,153.24395987894093,1.4194985746152382,33.10997160397003,57.9662893192435,2204.8885088919287,1112.1135430916552,0.9512036434612883,0.8208153922721786,18.888508891928865,27.113543091655266,2186,1085,2221,1143,0.78,0.88,8.668722649710674
736,1122,846.0,933.0,118.74902889883339,-1.4210718917177987,23.70828055638497,47.62661603254365,2201.371158392435,1388.0177304964539,0.9067524115755627,0.8672948536362051,13.371158392434989,24.0177304964539,2188,1364,2213,1409,0.75,0.9,171.4214217801018
737,1123,5597.0,7306.0,368.75764078194356,0.9584121651061502,65.54195484210435,134.82483785541086,2250.4016437377168,1205.9413971770591,0.7660826717766219,0.8738883349162372,61.40164373771663,54.94139717705914,2189,1151,2299,1264,0.52,0.62,35.08702790542216
738,1124,2440.0,2676.0,204.938713961595,-0.20965901202693366,43.77636805071768,73.88240655278257,2221.8963114754097,1269.2602459016393,0.9118086696562033,0.8055600750187516,32.89631147540984,25.260245901639344,2189,1244,2263,1295,0.73,0.81,102.01257652602587
739,1125,1332.0,1374.0,134.64756171681134,0.21120910948307725,35.6472068766375,48.01608401349198,2214.334084084084,1052.5615615615616,0.9694323144104804,0.6699553685391432,23.334084084084083,17.56156156156156,2191,1035,2241,1073,0.92,0.95,77.89860943190314
740,1126,283.0,295.0,64.18218820481589,0.17538788517312862,14.217929286101882,25.625515670618174,2203.1024734982334,1144.922261484099,0.9593220338983051,0.8319605056977288,12.102473498233216,7.92226148409894,2191,1137,2216,1152,0.86,0.98,79.95101440185462
741,1127,441.0,468.0,84.61888873596669,0.8784400648134931,21.864196949705953,28.318491879769642,2206.9160997732424,1417.7460317460318,0.9423076923076923,0.6355229612155825,13.91609977324263,12.746031746031745,2193,1405,2218,1433,0.77,0.79,39.669091730988356
742,1128,1613.0,1678.0,149.72122812529318,1.4632637422419084,40.006062081247514,52.09296143073766,2212.7222566646,2465.0867947923125,0.9612634088200238,0.6404805095689415,18.722256664600124,26.08679479231246,2194,2439,2236,2494,0.9,0.93,6.1611632550199005
743,1129,167.0,188.0,52.57543702106599,-1.348789817453771,12.659017193953487,18.025905331768662,2201.1556886227545,1719.3532934131736,0.8882978723404256,0.7119126357758742,6.155688622754491,7.3532934131736525,2195,1712,2210,1730,0.76,0.8,167.27996399032182
744,1131,607.0,639.0,92.20336432771484,-1.299215101932869,22.904542749476505,33.89175869486745,2209.5485996705106,956.0329489291598,0.9499217527386542,0.7370717264723607,11.548599670510708,16.0329489291598,2198,940,2223,973,0.9,0.95,164.43954202041243
745,1132,677.0,714.0,98.67711918492341,-0.5400715011455802,25.96252181245976,34.0903843947836,2215.127031019202,770.6528803545052,0.9481792717086834,0.648072051602937,16.127031019202363,15.65288035450517,2199,755,2231,785,0.87,0.9,120.94381765093655
746,1134,482.0,494.0,79.39060763441087,-1.038079047757596,23.380271998890223,26.569071449573546,2211.4460580912864,643.1639004149378,0.9757085020242915,0.47500930659237955,11.446058091286307,13.163900414937759,2200,630,2225,658,0.96,0.97,149.47754823746968
747,1136,1973.0,2083.0,171.6892567371402,-1.5072952454429644,44.64035074094351,57.60764176786547,2226.704510897111,724.0765331981754,0.9471915506481037,0.6320798222930558,23.704510897111,26.07653319817537,2203,698,2251,757,0.84,0.86,176.3616560440174
748,1137,706.0,743.0,100.47795330784598,-0.02848685523215726,26.573349997680605,34.658451442789186,2219.1614730878186,818.8767705382436,0.9502018842530283,0.6419808902682229,16.161473087818695,13.876770538243626,2203,805,2239,833,0.88,0.9,91.63217657640278
749,1138,2963.0,3182.0,216.12485779918825,-0.8298470027596517,55.64347971233942,71.64031394282381,2240.0293621329733,1708.9902126223421,0.9311753614079196,0.6298629998559507,36.02936213297334,34.99021262234222,2204,1674,2270,1739,0.8,0.82,137.54673089970922
750,1139,431.0,458.0,82.492732041902,-0.2752599563351486,16.438859268786,33.64389348452644,2219.91879350348,1025.1345707656612,0.9410480349344978,0.8725003637856223,14.918793503480279,9.134570765661254,2205,1016,2238,1035,0.8,0.96,105.77123376695934
751,1140,1331.0,1380.0,137.65440134928798,1.430628215297409,37.9419141767686,46.105976950775116,2224.1502629601805,496.01728024042075,0.9644927536231884,0.568145209723136,18.150262960180317,24.017280240420735,2206,472,2247,520,0.88,0.9,8.031041211125185
752,1141,845.0,976.0,124.61160685985635,1.2949771296911579,30.590660341724902,39.62265174447165,2220.7526627218936,1668.101775147929,0.8657786885245902,0.6355620401102233,14.752662721893492,24.101775147928993,2206,1644,2244,1689,0.68,0.7,15.803275902731201
753,1142,371.0,385.0,71.11601865427974,-1.134263210674264,18.45909883440816,25.83449774677331,2216.3072776280324,845.6873315363881,0.9636363636363636,0.6996215972181963,9.307277628032345,12.68733153638814,2207,833,2227,859,0.92,0.96,154.98849482859347
754,1143,3490.0,4823.0,312.58053551503247,0.25727937227244607,67.98476559628905,88.9583850466779,2245.2664756446993,1348.8120343839541,0.7236160066348746,0.6449424828949011,36.26647564469914,33.812034383954156,2209,1315,2299,1392,0.45,0.46,75.2589778130137
755,1144,511.0,579.0,96.22563991971657,-1.1936450638158707,18.7630798389633,38.65253790766629,2222.8414872798435,1002.5988258317026,0.8825561312607945,0.8742758481072832,12.841487279843443,18.598825831702545,2210,984,2234,1018,0.69,0.84,158.3908243932732
756,1146,2099.0,2173.0,181.0745664518109,0.841168273284483,37.7419927346892,72.0042467668973,2236.884707003335,1408.1524535493093,0.965945697192821,0.8516176970504902,24.88470700333492,32.15245354930919,2212,1376,2266,1438,0.8,0.94,41.80460808049209
757,1147,1632.0,1819.0,166.32622261447122,0.3634975314461377,38.766999801469545,57.61310723505462,2237.5747549019607,1756.1200980392157,0.897196261682243,0.739747037898021,25.574754901960784,22.120098039215687,2212,1734,2266,1779,0.74,0.79,69.17312558471238
758,1149,870.0,978.0,133.07676539001645,1.1791011259159498,23.44512945436059,52.04985746412439,2228.022988505747,1827.0471264367816,0.8895705521472392,0.8928087210415064,14.022988505747126,25.04712643678161,2214,1802,2247,1849,0.62,0.77,22.442481865892617
759,1150,928.0,966.0,112.87010265499329,-1.0905853160810877,31.88208931568881,37.702011588698255,2231.925646551724,600.4256465517242,0.9606625258799172,0.533763754834996,16.92564655172414,18.42564655172414,2215,582,2249,621,0.92,0.93,152.4859358103872
760,1151,708.0,735.0,97.6616832253983,-1.0083166388469624,28.173596317965732,32.81868546279337,2229.9449152542375,969.9844632768362,0.963265306122449,0.5128770731000046,14.944915254237289,15.984463276836157,2215,954,2244,985,0.93,0.94,147.77228781874783
761,1152,875.0,966.0,117.63830816429382,1.5645641545509126,29.30234735822564,40.306545112298124,2229.3245714285713,1085.2251428571428,0.9057971014492754,0.6866508801418771,14.324571428571428,21.225142857142856,2215,1064,2245,1104,0.79,0.83,0.3570771667788648
762,1153,1991.0,2285.0,194.30793049127152,-1.5136654528198294,42.28850297069629,64.62987028424882,2237.152184831743,1130.0557508789552,0.8713347921225383,0.7562193074148579,22.152184831742844,30.055750878955298,2215,1100,2259,1164,0.66,0.71,176.72664204133486
763,1154,204.0,216.0,53.03551261332129,1.4627981403535613,15.544915305925798,16.929665851176097,2222.774509803922,1476.6617647058824,0.9444444444444444,0.39610394274718563,7.7745098039215685,8.661764705882353,2215,1468,2231,1487,0.91,0.91,6.187840278155505
764,1155,1518.0,1592.0,149.81651290030766,-0.23027253323726327,37.1005785900931,53.021224906354696,2244.6396574440055,1299.3715415019763,0.9535175879396985,0.714406714349958,26.63965744400527,21.371541501976285,2218,1278,2271,1319,0.85,0.89,103.19364429228116
765,1156,734.0,783.0,106.95170816505453,1.111743896567434,28.365689458322834,35.02587268096122,2232.0708446866483,1445.141689373297,0.9374201787994891,0.5866375399477315,14.0708446866485,17.141689373297,2218,1428,2250,1464,0.81,0.82,26.301766827257303
766,1157,3099.0,3206.0,221.81321449299935,0.5644673836191614,44.03363343465522,90.52931534902535,2257.890287189416,1654.1697321716683,0.9666250779787897,0.8737351803736197,38.89028718941594,30.16973217166828,2219,1624,2300,1684,0.79,0.95,57.65840124583007
767,1158,2863.0,2985.0,224.39944677931936,1.1265617852386378,41.48512552801009,91.75309461362461,2249.898009081383,1808.841075794621,0.9591289782244556,0.8919476385785815,29.898009081383165,41.84107579462103,2220,1767,2278,1854,0.71,0.89,25.452764345102608
768,1159,3600.0,3757.0,226.85092604452618,1.4652132347165903,59.36593790271979,79.07392530164054,2250.361388888889,1497.0222222222221,0.9582113388341762,0.6605693526816191,29.36138888888889,42.022222222222226,2221,1455,2284,1535,0.88,0.91,6.049465564028111
769,1160,1406.0,1453.0,143.8028336353544,0.5417830705464872,31.256814568526643,58.01014579822451,2245.662162162162,2025.083214793741,0.9676531314521679,0.8424232602415912,24.66216216216216,22.08321479374111,2221,2003,2272,2046,0.85,0.98,58.95811664604774
770,1161,1358.0,1501.0,162.30394702246952,1.3589696403014053,27.467963162524804,65.91978709882383,2239.6148748159058,788.8328424153167,0.90473017988008,0.9090497110757962,15.614874815905743,34.83284241531664,2224,754,2256,819,0.65,0.85,12.136775124317893
771,1162,257.0,282.0,67.55381865453333,1.107412945772924,12.422564268975917,27.263031675148802,2233.6459143968873,934.9727626459144,0.9113475177304965,0.8901559410397963,8.645914396887159,12.972762645914397,2225,922,2243,949,0.71,0.88,26.549912029061552
772,1163,356.0,403.0,86.09440028774708,-0.8889825393005358,14.063436822703856,36.140703303936824,2238.6067415730336,1590.564606741573,0.8833746898263027,0.921182792170511,13.606741573033707,18.564606741573034,2225,1572,2250,1605,0.6,0.82,140.93494756274356
773,1165,1610.0,1683.0,152.2679921655145,0.1908852760808868,37.38848244845693,55.84722649268211,2256.3596273291923,1036.1627329192547,0.9566250742721331,0.7428319975122079,28.359627329192545,20.16273291925466,2228,1016,2284,1055,0.87,0.93,79.06307930937567
774,1167,856.0,890.0,109.63322522638902,-0.1546945162716329,28.40424885028329,38.94399258787539,2253.341121495327,923.6623831775701,0.9617977528089887,0.6841284983851402,19.3411214953271,13.662383177570094,2234,910,2275,940,0.9,0.93,98.8633428961824
775,1168,1239.0,1307.0,131.8312916343637,-1.019235855547929,38.318595418773434,41.95983316832351,2254.880548829701,1607.6577885391446,0.9479724560061209,0.40746489376109285,20.88054882970137,21.657788539144473,2234,1586,2274,1629,0.9,0.9,148.39791285130195
776,1170,757.0,789.0,104.27019110372004,-0.6365284496550107,26.72709467219078,36.97920157390431,2254.461030383091,1074.655217965654,0.9594423320659062,0.6910989155046983,15.461030383091149,13.655217965653897,2239,1061,2274,1093,0.87,0.91,126.47039370523761
777,1174,1438.0,1563.0,154.62418665570686,1.0439271617196062,43.12409371090973,46.57118222080303,2270.538942976356,1448.78859527121,0.9200255918106206,0.3775667483761449,27.53894297635605,20.788595271210013,2243,1428,2292,1477,0.76,0.76,30.18737951439561
778,1175,1818.0,2055.0,185.61273416498375,-0.6416771351532324,35.610825655420804,70.84154622922814,2274.0852585258526,1537.9708470847086,0.8846715328467153,0.8644709474807802,30.085258525852584,28.97084708470847,2244,1509,2301,1565,0.66,0.79,126.76539165432592
779,1176,202.0,218.0,54.70159371513068,-0.43768674732337,14.059446269724372,18.846836809328146,2253.8811881188117,1095.8118811881188,0.926605504587156,0.6659634174069312,8.881188118811881,8.811881188118813,2245,1087,2263,1104,0.85,0.88,115.07760337043798
780,1178,1663.0,1803.0,183.6607987381309,-0.9769751183694216,28.30563572959694,77.69236230182773,2269.674684305472,951.5904990980156,0.9223516361619523,0.9312700270713428,23.674684305472038,29.590499098015634,2246,922,2298,988,0.62,0.88,145.97655097186188
781,1179,1323.0,1370.0,134.18748612455605,-1.3223059799338328,41.10958720566135,41.37646485157582,2268.921390778534,761.0680272108843,0.9656934306569344,0.11339475725138298,21.921390778533635,20.068027210884352,2247,741,2290,784,0.92,0.92,165.76255187511913
782,1180,1627.0,1724.0,164.06531289929336,-0.31517138612408924,33.79203636249032,63.30526162372746,2276.537799631223,1570.1886908420406,0.9437354988399071,0.8456138755787165,29.53779963122311,22.188690842040565,2247,1548,2305,1590,0.76,0.88,108.05799024819835
783,1182,2583.0,2678.0,197.35423836984683,1.2343632190655487,42.743415500584504,78.25906972014623,2273.7847464188926,1389.118079752226,0.9645257654966393,0.8376688649119063,22.78474641889276,36.118079752226095,2251,1353,2302,1426,0.83,0.95,19.276197161361793
784,1183,934.0,1116.0,131.1806464920794,-0.5437698723866924,25.177529693823075,51.313276542879244,2272.5792291220555,1116.7858672376874,0.8369175627240143,0.8713493867411829,19.579229122055676,15.785867237687366,2253,1101,2300,1139,0.68,0.82,121.15571871412484
785,1186,616.0,640.0,91.32268138930291,1.3973554814884541,24.881041150724148,31.97996821558408,2267.871753246753,842.1980519480519,0.9625,0.6282400394654892,12.871753246753247,14.198051948051948,2255,828,2282,860,0.93,0.95,9.937428431240548
786,1188,4232.0,4388.0,242.28938327024883,1.4130438070081754,68.80319466723776,79.67328617169301,2293.138468809074,1158.195652173913,0.9644484958979034,0.5042346688424368,37.13846880907372,41.19565217391305,2256,1117,2331,1202,0.91,0.91,9.038553591333127
787,1191,716.0,763.0,109.30790265524688,0.710784039047091,22.755636767016256,41.92291791877252,2275.495810055866,1324.4245810055866,0.9384010484927916,0.8398638860835839,17.49581005586592,17.424581005586592,2258,1307,2293,1344,0.75,0.86,49.27507441733978
788,1193,1477.0,1543.0,147.92039400237064,1.567376125667907,36.93613620164907,52.673511346363476,2278.1090047393363,1777.0419769803657,0.9572261827608555,0.7129371782684155,18.10900473933649,25.041976980365607,2260,1752,2301,1806,0.85,0.89,0.19596308966238496
789,1196,1256.0,1386.0,142.7873976758293,-1.1303396157166445,35.72818071370257,47.227436103240706,2281.6608280254777,1270.56449044586,0.9062049062049062,0.6539783768391859,20.660828025477706,25.56449044585987,2261,1245,2301,1292,0.77,0.8,154.76368939700308
790,1197,1178.0,1281.0,140.06641236839616,0.07493098941903287,33.46867366311961,46.777752415107344,2286.6748726655346,1723.764855687606,0.9195940671350508,0.6986304269172934,25.674872665534807,16.76485568760611,2261,1707,2312,1740,0.75,0.79,85.70677055155
791,1198,1199.0,1257.0,133.4020879611586,-0.8017098180383635,38.16094923471888,42.54043431889067,2282.7097581317767,1084.7139282735614,0.9538583929992045,0.44192655263645025,20.709758131776482,22.7139282735613,2262,1062,2306,1103,0.85,0.85,135.9345889677994
792,1199,277.0,296.0,67.18902783729251,0.14416364041207522,14.143102208138332,26.048797995663207,2272.812274368231,1741.9386281588447,0.9358108108108109,0.8397673251374449,10.812274368231048,6.938628158844765,2262,1735,2288,1750,0.77,0.88,81.74003184514646
793,1201,1979.0,2379.0,199.2108890216852,-0.5116231046832564,46.57328420554233,64.18371299719911,2301.5952501263264,1689.7842344618493,0.8318621269440941,0.6880907418211244,34.59525012632643,27.78423446184942,2267,1662,2328,1716,0.63,0.65,119.3138445997305
794,1204,855.0,977.0,125.58757457328278,0.9748921144198265,24.643983284643813,47.37844334204953,2287.6233918128655,1307.6105263157895,0.8751279426816786,0.8540738197643486,16.623391812865496,18.610526315789475,2271,1289,2304,1335,0.68,0.8,34.142796363159
795,1205,2972.0,3081.0,212.1025822071865,1.5242669189387958,50.19954158888316,77.43021029314193,2296.423283983849,1617.1682368775234,0.9646218760142811,0.7613681004512318,25.42328398384926,36.168236877523555,2271,1581,2325,1661,0.83,0.89,2.665938693397422
796,1206,729.0,766.0,103.58007771533708,0.34792053137106527,24.123083360413272,39.11359516925827,2289.4938271604938,646.9739368998628,0.9516971279373369,0.7871636292380982,16.493827160493826,13.973936899862826,2273,633,2310,660,0.85,0.93,70.065621946489
797,1208,249.0,261.0,59.049191878274556,0.5729899432633385,16.344135768208638,20.096157964157737,2286.293172690763,485.13253012048193,0.9540229885057471,0.5818494098165021,10.293172690763052,7.132530120481928,2276,478,2296,495,0.9,0.91,57.17009454757021
798,1209,2806.0,3000.0,212.79269559556946,0.08452207038624394,49.44826304746169,74.27450734446282,2315.5324305060585,860.0598717034925,0.9353333333333333,0.7461747530737741,39.532430506058446,25.059871703492515,2276,835,2353,888,0.78,0.83,85.15724209116054
799,1210,669.0,699.0,95.34495698130463,-0.7244201136606024,25.06431069691135,34.269324177898234,2295.01644245142,1017.0448430493274,0.9570815450643777,0.6819572518440236,15.01644245142003,15.044843049327355,2280,1002,2311,1033,0.92,0.96,131.50621510713992
800,1211,1895.0,2222.0,184.86680424768497,-0.2792047800544479,43.454723369366775,58.65670654468004,2315.35092348285,1419.5614775725594,0.8528352835283528,0.6716911529808977,35.3509234828496,23.561477572559365,2280,1396,2345,1442,0.7,0.72,105.9972555169983
801,1212,557.0,593.0,90.86260579704759,1.0899333170529784,26.506224178531628,27.239772335925135,2293.2639138240575,1496.116696588869,0.93929173693086,0.23050688484982998,13.26391382405745,13.11669658886894,2280,1483,2308,1511,0.85,0.85,27.5514209821701
802,1215,1422.0,1590.0,155.50486959411876,-0.9424855182701272,34.647541028172775,55.24971354684081,2303.7144866385374,1461.7777777777778,0.8943396226415095,0.7789322647906456,21.71448663853727,23.77777777777778,2282,1438,2329,1489,0.74,0.8,144.00044244907832
803,1217,2512.0,2624.0,190.91995175873691,-1.0949389066102948,50.82936881011962,64.97548906082922,2312.372611464968,1799.6042993630574,0.9573170731707317,0.6229203295077858,28.372611464968152,30.604299363057326,2284,1769,2342,1835,0.87,0.89,152.7353781734389
804,1220,1519.0,1730.0,169.83260608530185,0.7712796294459168,31.484144309410848,64.90286141802908,2312.0579328505596,1247.874259381172,0.8780346820809248,0.8744606820285038,24.057932850559578,29.874259381171825,2288,1218,2342,1276,0.66,0.8,45.80893240833492
805,1221,1228.0,1285.0,130.95060869595176,1.5023198431232119,35.90245447237293,44.47640870645146,2307.5887622149835,1060.5537459283387,0.9556420233463035,0.5902442946520149,18.588762214983714,21.553745928338763,2289,1039,2326,1086,0.9,0.92,3.9234135102840213
806,1222,5022.0,5269.0,276.0942008619734,-1.398671994139992,70.08191972124291,94.00851580704062,2330.6352050975706,1343.6352050975706,0.9531220345416588,0.6665226261131211,40.63520509757069,50.63520509757069,2290,1293,2365,1396,0.83,0.85,170.13800218736816
807,1223,716.0,762.0,103.61954596143576,0.8033997910357057,25.011102748142214,37.76642377796053,2309.8072625698323,1109.2472067039107,0.9396325459317585,0.7492761947086619,17.807262569832403,16.247206703910614,2292,1093,2325,1129,0.84,0.89,43.968582711961794
808,1224,179.0,191.0,51.69475408265405,1.2932327496411382,12.155881049913898,19.12259689429276,2300.3798882681563,1374.7877094972066,0.93717277486911,0.7719514443295012,6.379888268156424,10.787709497206704,2294,1364,2308,1384,0.84,0.91,15.903221517464146
809,1225,1645.0,1759.0,159.622429961135,-0.20264729827106084,35.097135762075844,61.55962457679601,2325.252887537994,1891.4674772036474,0.9351904491188175,0.8215528346951171,30.25288753799392,19.467477203647416,2295,1872,2354,1912,0.81,0.91,101.61083492066054
810,1226,1323.0,1363.0,134.18748612455605,1.319961995315328,36.568600168048704,46.80174340491917,2313.7014361300076,1287.0302343159485,0.9706529713866471,0.6240915335693592,17.701436130007558,22.0302343159486,2296,1265,2334,1313,0.92,0.94,14.371748550764764
811,1228,5778.0,6492.0,333.4378433923399,-1.3343530405446145,61.7606554371067,125.29681759374373,2329.754586362063,1515.8222568362755,0.890018484288355,0.8700775842860456,31.754586362062998,61.82225683627553,2298,1454,2379,1584,0.65,0.78,166.45279760365523
812,1229,1374.0,1481.0,154.48943363459367,-1.4743062849611286,30.772987852286573,59.02584677042712,2316.721979621543,1746.0152838427948,0.9277515192437542,0.8533443642543368,16.72197962154294,31.01528384279476,2300,1715,2333,1775,0.72,0.84,174.47152783788434
813,1232,2486.0,2586.0,187.45303653400498,-0.07330812921636215,50.93576729410593,63.32828985056527,2337.778358809332,1219.5297666934835,0.9613302397525135,0.59420584425121,35.77835880933226,25.52976669348351,2302,1194,2370,1248,0.89,0.9,94.20024640809723
814,1234,550.0,585.0,93.44883808336759,0.3785142368842685,22.338224099811853,33.969335738469574,2318.8618181818183,1654.2436363636364,0.9401709401709402,0.7533675524318637,16.861818181818183,15.243636363636364,2302,1639,2336,1666,0.79,0.84,68.31273174091635
815,1237,206.0,220.0,57.61314857259282,0.8806370533165315,12.387592280636342,22.28644749727955,2312.3883495145633,1389.9174757281553,0.9363636363636364,0.831292497583913,7.388349514563107,10.91747572815534,2305,1379,2323,1399,0.78,0.88,39.54321356212549
816,1239,429.0,461.0,80.50132836895047,-0.879211286647754,22.96760873806837,24.853137958981343,2319.4918414918416,1088.1165501165501,0.93058568329718,0.38207056411835655,13.491841491841491,11.116550116550117,2306,1077,2332,1104,0.83,0.83,140.37509602518313
817,1240,733.0,763.0,102.9294325730528,0.4839037271498651,24.94584426694866,38.31793622039095,2329.7585266030014,896.1500682128241,0.9606815203145478,0.7590583067546718,18.758526603001364,13.15006821282401,2311,883,2347,913,0.87,0.93,62.274358743662575
818,1241,677.0,711.0,97.33636065425617,1.0151352141786585,23.85958257766633,36.637466302966416,2324.9483013293943,1034.8892171344166,0.9521800281293952,0.7588765428041472,13.948301329394386,14.889217134416544,2311,1020,2339,1053,0.9,0.96,31.837036592453984
819,1244,543.0,650.0,101.3586362462579,-1.2693267735946467,20.141100829524728,37.6076842673592,2328.390423572744,1124.8342541436464,0.8353846153846154,0.8444983694188389,12.390423572744014,19.834254143646408,2316,1105,2341,1143,0.66,0.77,162.72706694993104
820,1245,2138.0,2475.0,194.90275910463998,1.509747352346265,48.06428323485187,62.74550831847818,2339.2689429373245,1610.7249766136576,0.8638383838383838,0.642817328385341,23.268942937324603,29.724976613657624,2316,1581,2367,1642,0.71,0.73,3.4978485795085845
821,1246,5197.0,5567.0,288.02627461686546,-1.009771379964746,64.95608370165542,104.63514972738793,2361.856455647489,1685.3784875889937,0.933536913957248,0.7839797043834393,42.856455647488936,47.37848758899365,2319,1638,2402,1734,0.79,0.86,147.85563834508096
822,1247,623.0,810.0,121.00993861401125,-0.2280844747405199,20.796725571739497,49.05883416967418,2346.086677367576,1188.7913322632423,0.7691358024691358,0.9057024560315934,26.086677367576243,12.791332263242376,2320,1176,2365,1201,0.53,0.69,103.06827777509002
823,1248,453.0,516.0,89.2918094702527,1.3184849411194104,21.100440914261775,31.411379312105723,2333.5275938189848,1153.01766004415,0.877906976744186,0.7407823481888718,12.527593818984547,12.01766004415011,2321,1141,2346,1171,0.71,0.76,14.45637752230293
824,1249,333.0,361.0,71.34605645040742,0.5610577233376567,17.92837965793055,24.32120542972117,2335.3693693693695,1101.5165165165165,0.9224376731301939,0.6757290071286288,12.36936936936937,10.516516516516516,2323,1091,2348,1113,0.82,0.85,57.85376038953368
825,1251,3409.0,3735.0,236.98216567649567,-1.2993214792629686,51.83807402452813,86.69736730271413,2352.4100909357585,2257.8374889997067,0.9127175368139223,0.8015559194406225,29.410090935758287,39.83748899970666,2323,2218,2381,2301,0.76,0.84,164.445636992463
826,1254,1635.0,1766.0,161.55801710517073,0.741425906374972,33.71165011814271,63.13842558414996,2356.251376146789,1455.9155963302753,0.9258210645526613,0.8455271781027007,27.251376146788992,23.91559633027523,2329,1432,2384,1482,0.79,0.91,47.51942474305239
827,1255,301.0,325.0,69.7752601236125,-0.011449686917453182,17.156150617900074,24.085608465611102,2342.265780730897,1567.4318936877075,0.9261538461538461,0.7018763305630832,13.26578073089701,10.43189368770764,2329,1557,2355,1576,0.78,0.81,90.65601873711623
828,1256,1581.0,1674.0,154.71947143072134,-1.0969846691139875,37.919600122825976,54.527592461431105,2352.9848197343454,1071.3415559772295,0.9444444444444444,0.7186031368053325,21.98481973434535,28.3415559772296,2331,1043,2373,1098,0.83,0.87,152.8525917307866
829,1258,1680.0,1862.0,176.72696828866702,0.533673134938291,32.41707033139605,68.92435686676131,2360.0142857142855,1756.0696428571428,0.9022556390977443,0.8824915648536128,29.014285714285716,24.069642857142856,2331,1732,2393,1779,0.68,0.83,59.42278172852025
830,1259,927.0,1004.0,119.3043892661032,-0.5116268026236097,31.289636067037765,39.64960268587439,2350.284789644013,1278.133764832794,0.9233067729083665,0.6141955899097358,18.284789644012946,17.133764832793958,2332,1261,2369,1295,0.82,0.84,119.31405647610563
831,1261,561.0,704.0,116.66234045086736,-0.3818790846434291,14.698463959863204,53.79828711425993,2356.1960784313724,1246.5561497326203,0.796875,0.9619531796398283,23.19607843137255,12.556149732620321,2333,1234,2380,1261,0.52,0.9,111.88005983438762
832,1263,284.0,313.0,70.10058269475465,1.465654627697563,16.311935296827603,24.61321741048568,2345.211267605634,1404.2605633802816,0.9073482428115016,0.7488577920553241,10.211267605633802,10.26056338028169,2335,1394,2354,1418,0.73,0.77,6.024175609111666
833,1264,327.0,398.0,82.81805461304415,-1.1384883608496636,13.72494769936402,34.24335769450578,2344.862385321101,1123.348623853211,0.821608040201005,0.9161628925040654,8.862385321100918,14.34862385321101,2336,1109,2356,1140,0.6,0.8,155.23057810145283
834,1265,292.0,316.0,68.43450159294527,-0.43243770916055735,15.924155636754008,23.836710466191473,2347.417808219178,1642.4486301369864,0.9240506329113924,0.7441148349524677,10.417808219178083,8.448630136986301,2337,1634,2361,1653,0.78,0.83,114.77685563720571
835,1266,565.0,595.0,91.4179661643174,1.3987710389823549,20.189637879943835,36.10464588790725,2349.070796460177,307.10796460176994,0.9495798319327731,0.8290342823070397,11.070796460176991,17.10796460176991,2338,290,2360,325,0.85,0.96,9.856322961181917
836,1268,209.0,227.0,56.827750409195374,-0.6083354134466723,15.53715742314416,18.349506349332785,2351.7033492822966,1386.0191387559807,0.920704845814978,0.532015913365768,9.703349282296651,8.019138755980862,2342,1378,2361,1396,0.81,0.82,124.85505171884031
837,1269,324.0,391.0,80.13653755170965,-0.02267038155454815,13.607971245805617,33.58052260453188,2357.3086419753085,1039.4351851851852,0.8286445012787724,0.9142129746615276,14.308641975308642,6.435185185185185,2343,1033,2373,1048,0.63,0.84,91.29891718302684
838,1270,1507.0,1823.0,173.68066041009175,1.0254544249653337,31.517389910185074,69.4524597900806,2363.349701393497,1159.8433974784339,0.8266593527153044,0.8911045627261266,19.349701393497014,34.84339747843398,2344,1125,2389,1187,0.63,0.78,31.24578936647162
839,1272,811.0,910.0,115.41686669521462,-0.36560976268146256,27.858310671550434,39.83668072762581,2365.6276202219483,1105.2971639950679,0.8912087912087913,0.7148155420467758,18.627620221948213,13.297163995067818,2347,1092,2385,1126,0.77,0.8,110.94789635042743
840,1274,317.0,351.0,70.56065828700996,-0.9870952759635256,18.371989592792755,22.493959261998775,2357.9905362776026,1425.416403785489,0.9031339031339032,0.5769886699174408,10.990536277602523,10.416403785488958,2347,1415,2369,1438,0.8,0.81,146.55639329001133
841,1277,1981.0,2115.0,175.76734885805774,-1.220530047248092,45.21106740659717,59.39502009191397,2376.0222110045434,1391.3432609793033,0.9366430260047282,0.6485255381811232,25.02221100454316,28.34326097930338,2351,1363,2398,1418,0.81,0.83,159.93122047621864
842,1278,7465.0,7677.0,322.6164903719874,-1.2222424091896362,93.3226684091337,103.87966936938659,2395.6277294038846,1538.0851975887474,0.9723850462420216,0.4392337987387295,43.62772940388479,53.08519758874749,2352,1485,2450,1590,0.9,0.91,160.02933158846793
843,1279,1419.0,1501.0,154.29886408456468,0.6658973585406818,29.631016023983058,61.94297134135249,2379.828752642706,1603.525017618041,0.9453697534976683,0.8781640377368835,26.82875264270613,23.525017618040874,2353,1580,2407,1627,0.75,0.91,51.84689176670917
844,1280,505.0,600.0,97.47111367536934,0.08775096461714245,26.07048943531566,29.35565733149569,2370.910891089109,1629.5049504950496,0.8416666666666667,0.45966805083965434,15.910891089108912,16.504950495049506,2355,1613,2389,1642,0.67,0.67,84.97224007923592
845,1281,648.0,702.0,108.06242889959412,1.3284975856891104,19.9491062538484,42.84255434527304,2367.3981481481483,1319.1944444444443,0.9230769230769231,0.8849754688443568,11.398148148148149,21.194444444444443,2356,1298,2382,1341,0.7,0.86,13.882695246694539
846,1282,6010.0,6182.0,289.2717483725182,0.18618355756601704,77.02410747443768,100.4996184241879,2408.3336106489187,2148.177870216306,0.9721772889032676,0.6423493901358711,52.333610648918466,38.177870216306154,2356,2110,2462,2191,0.9,0.93,79.33246793673622
847,1283,1273.0,1343.0,143.01743547195696,1.2263028252532977,31.4614377908904,53.95528820861545,2377.83896307934,1137.1374705420267,0.9478778853313478,0.8123989345994274,19.838963079340143,25.13747054202671,2358,1112,2396,1166,0.78,0.87,19.73802370801714
848,1287,327.0,347.0,73.10742232723129,-0.615529519591017,14.842625856613306,28.912493453707995,2372.308868501529,1353.7859327217125,0.9423631123919308,0.858171117815533,10.308868501529052,8.785932721712538,2362,1345,2386,1366,0.77,0.9,125.2672436382804
849,1288,753.0,811.0,109.17314963413372,0.15822386858399035,25.968991701012662,39.39412616439276,2379.265604249668,2360.8061088977424,0.9284833538840938,0.7519591195864852,17.265604249667994,14.806108897742364,2362,2346,2401,2376,0.79,0.85,80.93444011190478
850,1289,5860.0,6180.0,304.11537698487234,1.056449877533949,69.29554321065167,109.78083524218097,2404.1668941979524,1295.0310580204778,0.948220064724919,0.775606176486126,41.16689419795222,55.031058020477815,2363,1240,2447,1349,0.8,0.86,29.469880750192033
851,1290,1799.0,1869.0,158.97178481885075,1.271779785361426,43.54594100298148,53.516068506623036,2389.1256253474153,1439.816564758199,0.9625468164794008,0.5812872462061566,24.12562534741523,25.816564758199,2365,1414,2411,1469,0.89,0.91,17.132385828736574
852,1291,1978.0,2082.0,193.84785489901623,-0.012243636431528171,29.716789010336573,86.075444653806,2408.232052578362,1743.9863498483317,0.9500480307396734,0.9385139957292454,41.23205257836198,13.986349848331647,2367,1730,2451,1761,0.66,0.97,90.70150869341919
853,1292,1023.0,1118.0,136.04413677639442,-1.5202983772723333,24.191609510849105,56.258313156807645,2379.5327468230694,1207.6168132942325,0.9150268336314848,0.9028243593321014,11.532746823069404,24.61681329423265,2368,1183,2393,1238,0.69,0.89,177.10668061829244
854,1293,471.0,520.0,88.41112653184076,-1.5423552541755507,18.84771677966272,33.522224321157154,2378.707006369427,1042.0212314225053,0.9057692307692308,0.8269704336870436,8.707006369426752,16.02123142250531,2370,1026,2389,1060,0.76,0.85,178.3704465740864
855,1294,219.0,240.0,57.613148572592834,-0.7140458694528132,13.875370652337901,20.873041058228726,2380.675799086758,1337.2648401826484,0.9125,0.7470651776139595,9.67579908675799,9.264840182648403,2371,1328,2391,1346,0.83,0.88,130.91181469839555
856,1295,591.0,655.0,101.9139966135277,0.28773960456607556,19.59775615625637,40.74871513215958,2397.035532994924,1479.6937394247038,0.9022900763358779,0.8767525792755957,19.03553299492386,11.693739424703892,2378,1468,2416,1493,0.72,0.87,73.51373505960063
857,1297,1044.0,1072.0,118.55845934880443,-0.36578546543980345,34.039312166476925,39.62524233825955,2398.9300766283527,1016.7365900383141,0.9738805970149254,0.5119235434678235,17.93007662835249,16.736590038314176,2381,1000,2421,1034,0.93,0.94,110.95796337692917
858,1298,1965.0,2050.0,166.69101343171204,-1.1603838317938067,43.53024379696414,59.051045170773065,2407.141475826972,1097.3933842239185,0.9585365853658536,0.675714996672077,24.14147582697201,30.393384223918574,2383,1067,2433,1126,0.89,0.92,156.48509617700356
859,1299,1262.0,1371.0,138.5350842876999,0.5604929300862759,35.38215525333419,47.303946802334465,2407.2916006339146,1052.6164817749604,0.9204959883296864,0.66372724320806,23.29160063391442,19.61648177496038,2384,1033,2428,1076,0.83,0.85,57.88612065913527
860,1300,1645.0,1727.0,152.40274518662767,0.741470265774529,37.974806830496775,55.73464446392965,2408.7544072948326,1234.3258358662613,0.952518818760857,0.731957656309607,23.754407294832827,23.325835866261396,2385,1211,2436,1260,0.89,0.94,47.516883136676036
861,1301,658.0,740.0,104.27019110372004,0.5229274990150083,25.24932901782878,37.017697519124724,2400.837386018237,1350.130699088146,0.8891891891891892,0.7312700565977067,14.837386018237082,16.130699088145896,2386,1334,2422,1365,0.76,0.8,60.038461315108506
862,1302,1597.0,1666.0,159.52714518612052,-0.9875352917532811,33.499325851829745,62.229273037154904,2409.713838447088,1705.9987476518472,0.9585834333733494,0.8427398634268256,23.71383844708829,29.998747651847214,2386,1676,2431,1733,0.79,0.91,146.58160433768342
863,1303,1889.0,1970.0,168.6429488585649,1.0360138609318987,39.74383146377181,62.39744211827337,2412.822128110111,1189.0439385918476,0.9588832487309644,0.7709080195206583,24.82212811011117,24.04393859184754,2388,1165,2434,1221,0.83,0.9,30.640778251548795
864,1304,635.0,671.0,97.01103808311403,-1.2501151679942093,23.97126580655583,34.54264781836581,2404.859842519685,1638.7543307086614,0.9463487332339792,0.7200121612552228,14.859842519685039,16.754330708661417,2390,1622,2418,1656,0.85,0.89,161.6263230313561
865,1305,673.0,697.0,94.88488138904933,-0.23431967614897117,26.53233005277581,33.043340593479996,2407.4294205052006,1150.037147102526,0.9655667144906743,0.5960390616020527,15.429420505200595,12.037147102526003,2392,1138,2425,1165,0.94,0.96,103.4255285002083
866,1306,184.0,193.0,50.12395775585915,0.5181588113476082,14.938236787158068,16.298298252431202,2399.983695652174,911.070652173913,0.9533678756476683,0.3999156810445259,6.983695652173913,7.070652173913044,2393,904,2409,920,0.92,0.92,60.31168699226662
867,1307,948.0,1045.0,142.74792942973062,-1.3770951352486993,18.747767841234214,65.92397857254377,2407.2605485232066,1389.132911392405,0.907177033492823,0.9587102630773301,11.26054852320675,29.132911392405063,2396,1360,2421,1421,0.58,0.99,168.90173923774776
868,1308,1582.0,1803.0,165.67557747218694,-0.6030445495444604,41.67710369515437,53.38350749308801,2433.336915297092,1585.089127686473,0.877426511369939,0.6248919733204632,28.33691529709229,25.089127686472818,2405,1560,2456,1609,0.72,0.74,124.55190754726544
869,1309,1768.0,2028.0,176.49693049253938,1.1988885426281706,38.85028282934282,63.394136773786556,2430.385746606335,1627.5984162895927,0.8717948717948718,0.7902092214198781,25.38574660633484,27.59841628959276,2405,1600,2454,1663,0.71,0.78,21.308746400815735
870,1310,2196.0,2317.0,182.60589453250714,-0.7150186938624753,47.532800618369635,60.65408502583059,2436.6748633879783,1436.5487249544626,0.9477772982304704,0.6211770877451813,27.674863387978142,26.54872495446266,2409,1410,2463,1463,0.83,0.85,130.96755343127649
871,1311,703.0,794.0,110.60919293981544,-0.3947316177058884,23.065052575537226,41.75900228438729,2431.8790896159317,1402.7994310099573,0.8853904282115869,0.8336207530131652,20.879089615931722,12.799431009957326,2411,1390,2451,1418,0.72,0.82,112.61645573491889
872,1313,260.0,300.0,70.33062049088231,0.8803614661901658,15.107783233360928,26.168101962694802,2422.392307692308,1486.1807692307693,0.8666666666666667,0.8165067808630131,7.392307692307693,12.180769230769231,2415,1474,2436,1496,0.66,0.74,39.559003541354386
873,1315,504.0,533.0,88.54587955295392,0.7068281247416675,18.9928209284964,34.21345010582907,2433.1488095238096,1939.857142857143,0.9455909943714822,0.8317653855118533,14.148809523809524,12.857142857142858,2419,1927,2449,1954,0.81,0.92,49.501731611155975
874,1317,617.0,652.0,93.54412285838208,-0.6409680698362569,24.854762480037905,32.323811251671906,2436.158833063209,1718.839546191248,0.946319018404908,0.6393324448397606,15.158833063209077,14.839546191247974,2421,1704,2451,1733,0.89,0.91,126.72476520426412
875,1318,426.0,464.0,81.3820113073624,1.2348014861074827,17.93136032686679,30.949162414367684,2433.737089201878,1680.237089201878,0.9181034482758621,0.8150567586848916,10.737089201877934,14.237089201877934,2423,1666,2445,1696,0.81,0.9,19.251086309559284
876,1319,430.0,463.0,79.16056983828322,-1.0515632165274005,20.42547597113829,27.523889550388432,2437.393023255814,1254.874418604651,0.9287257019438445,0.6702892829815645,13.393023255813954,12.874418604651163,2424,1242,2449,1269,0.86,0.89,150.2501341982216
877,1320,1694.0,1846.0,167.43694334901085,1.0618184898895904,40.09897202618469,57.047211987939406,2450.112160566706,1191.0855962219598,0.9176598049837487,0.7112802512462221,24.11216056670602,26.085596221959857,2426,1165,2476,1218,0.76,0.8,29.162281920371996
878,1323,210.0,221.0,53.82091077671874,-1.4094302942483032,15.9459438062412,17.286096832480553,2434.852380952381,1081.5904761904762,0.9502262443438914,0.38606351399266814,7.852380952380952,7.59047619047619,2427,1074,2445,1092,0.91,0.91,170.7544073783095
879,1324,1387.0,1471.0,150.6971958387196,0.4705844033927181,31.049025937655536,58.82939972236343,2455.238644556597,1846.3806777217014,0.9428959891230455,0.8493806319062112,28.23864455659697,17.380677721701513,2427,1829,2480,1868,0.77,0.89,63.03749978091543
880,1325,642.0,676.0,95.44024175631912,-1.333944361984294,24.534205034215777,34.53007023746865,2441.0607476635514,1131.7040498442368,0.9497041420118343,0.7036799445350139,13.060747663551401,15.70404984423676,2428,1116,2454,1150,0.89,0.92,166.42938204697137
881,1326,650.0,744.0,104.50022889984768,-0.8128655450721592,26.187953595758316,34.074790488298504,2444.7584615384617,1340.4292307692308,0.8736559139784946,0.6397977186773844,15.758461538461539,16.42923076923077,2429,1324,2460,1358,0.75,0.77,136.57376504423593
882,1327,468.0,533.0,90.8626057970476,0.606285059415569,19.034325672030864,34.13730988568844,2444.8952991452993,1513.3482905982905,0.8780487804878049,0.8301223357672918,15.895299145299145,10.348290598290598,2429,1503,2458,1531,0.71,0.81,55.26242491364955
883,1328,379.0,403.0,77.12969791923301,-0.329310545669201,15.745018355584062,31.13406010916025,2444.0211081794196,1657.6728232189973,0.9404466501240695,0.8626995318546393,15.021108179419524,9.672823218997362,2429,1648,2458,1667,0.8,0.95,108.86810441599536
884,1329,1126.0,1197.0,136.92481971480635,-1.4095076354730887,28.461247714804486,52.37704641856317,2449.380994671403,1479.47513321492,0.9406850459482038,0.8394793358942166,13.380994671403197,26.47513321492007,2436,1453,2464,1506,0.75,0.86,170.7588387040721
885,1331,1405.0,1523.0,155.60015436913326,-0.21152471824615102,30.8330498624526,61.652834549194786,2464.982206405694,1046.5793594306049,0.922521339461589,0.8659632837582044,27.98220640569395,14.579359430604983,2437,1032,2497,1068,0.73,0.87,102.11947361819833
886,1332,699.0,828.0,112.17998926661035,1.1421561171763497,23.492372832804257,42.8480308592352,2457.942775393419,1622.3419170243205,0.8442028985507246,0.836300116106249,16.94277539341917,16.34191702432046,2441,1606,2471,1643,0.7,0.8,24.559274940745652
887,1334,485.0,518.0,85.17424910323648,1.349297334574225,21.244169438626425,29.92922330429926,2453.6474226804125,1311.9030927835051,0.9362934362934363,0.7043895708302834,9.64742268041237,15.903092783505155,2444,1296,2466,1327,0.84,0.88,12.690957420645532
888,1335,1341.0,1405.0,140.43120318563695,-1.2677236143184423,34.8432161388877,50.73024472403167,2463.625652498136,1267.1133482475764,0.9544483985765124,0.7268150798503451,18.625652498135718,28.113348247576436,2445,1239,2482,1291,0.85,0.9,162.6352126895173
889,1336,731.0,777.0,103.35003991920944,-0.4164566718887383,25.641665902712912,37.8438580266378,2461.5950752393983,1539.1340629274966,0.9407979407979408,0.7354630845176068,16.595075239398085,13.13406292749658,2445,1526,2480,1554,0.86,0.91,113.86120964928922
890,1339,193.0,204.0,51.4647162865264,0.3469491274868702,15.306467077107955,16.30073942926027,2456.3108808290153,1098.896373056995,0.946078431372549,0.3439049550962453,8.310880829015543,7.896373056994818,2448,1091,2465,1107,0.92,0.92,70.121279289256
891,1340,1137.0,1182.0,131.60125383823603,-1.0314348696320697,28.526624675415515,51.62338245499282,2466.1539138082676,1673.0782761653475,0.9619289340101523,0.8334524656073907,17.15391380826737,23.078276165347404,2449,1650,2485,1696,0.83,0.94,149.09686487254388
892,1341,1587.0,1648.0,152.45856171554348,1.4841757179576218,35.20781652062665,58.62056354305989,2470.7460617517327,1576.882797731569,0.9629854368932039,0.799545726355989,17.746061751732828,28.882797731569,2453,1548,2489,1604,0.86,0.94,4.962995305229441
893,1343,1483.0,1548.0,144.4534787776387,-0.34315210994473216,42.79839220636695,45.53507341653681,2479.455158462576,1502.6729602157789,0.9580103359173127,0.3414512436524421,23.45515846257586,20.672960215778826,2456,1482,2503,1527,0.89,0.89,109.66116763084236
894,1345,1570.0,1653.0,165.12021710491715,-0.4228853609979423,30.0580039008161,68.30681572365032,2489.1585987261146,1414.6471337579617,0.9497882637628554,0.8979762161279166,29.15859872611465,21.647133757961782,2460,1393,2523,1437,0.72,0.92,114.22954640304832
895,1346,3151.0,3271.0,228.55647539243427,-0.7394159865387282,42.626722143539055,95.03455672255022,2500.2780069819105,1449.9882576959694,0.9633139712626109,0.8937631699780667,37.27800698191051,37.98825769596953,2463,1412,2540,1485,0.76,0.95,132.36541533317123
896,1351,805.0,907.0,120.35929347172697,-0.7630683975225219,24.67522099385467,44.07049611749127,2494.823602484472,1532.5391304347827,0.8875413450937155,0.828557887575795,18.82360248447205,19.53913043478261,2476,1513,2515,1551,0.7,0.79,133.72059865785147
897,1352,401.0,429.0,76.15373020580658,-0.742490360002861,18.79552181291035,27.926583196812903,2489.511221945137,1247.8753117206982,0.9347319347319347,0.7396121356754031,12.511221945137157,12.875311720698255,2477,1235,2503,1260,0.87,0.92,132.54156395731303
898,1354,246.0,258.0,57.38311077646517,-1.3144449335069994,16.97984161686215,18.784341353568617,2488.8048780487807,1390.138211382114,0.9534883720930233,0.4276678406279071,7.804878048780488,9.138211382113822,2481,1381,2499,1400,0.94,0.94,165.3121470923052
899,1356,679.0,709.0,101.68395881740003,1.465557715524589,21.306271064376272,41.31897168544706,2494.577319587629,1309.8365243004419,0.9576868829337094,0.8567972341376116,10.577319587628866,18.836524300441827,2484,1291,2506,1332,0.83,0.97,6.029728267606529
900,1358,1123.0,1163.0,124.01677824648789,1.240126826527794,34.53591716124373,42.47558296839265,2502.373107747106,1591.0694568121105,0.9656061908856406,0.5821562371143016,15.373107747105966,21.069456812110417,2487,1570,2522,1611,0.92,0.93,18.94596677900502
901,1359,1970.0,2035.0,166.23093783945671,0.4190895476494261,41.680591700659384,60.706871119917416,2518.081725888325,1867.1248730964467,0.9680589680589681,0.7270469824787013,30.081725888324872,22.124873096446702,2488,1845,2548,1892,0.9,0.94,65.98793768164107
902,1360,791.0,830.0,104.92083624600433,-0.8908365354856075,29.383904197408576,34.98811746527206,2503.2869785082175,1366.0037926675095,0.9530120481927711,0.5428568539303796,14.286978508217446,16.003792667509483,2489,1350,2521,1383,0.9,0.91,141.0411737193815
903,1361,992.0,1026.0,114.53618375680269,0.2567444485979726,33.88723689576981,37.67523635685652,2510.2278225806454,1280.7127016129032,0.9668615984405458,0.43701026627382283,18.22782258064516,15.712701612903226,2492,1265,2530,1300,0.95,0.95,75.28962668192267
904,1362,266.0,330.0,74.35289608288403,0.7429353973238095,18.57516779359965,22.80622421164606,2503.312030075188,1342.3233082706768,0.806060606060606,0.580194444935372,11.31203007518797,11.323308270676693,2492,1331,2514,1354,0.6,0.61,47.432937282470796
905,1363,1322.0,1386.0,138.5350842876999,-0.3759315207344914,37.54003358429639,46.42721326231502,2519.484114977307,1547.498487140696,0.9538239538239538,0.5883886961731769,25.48411497730711,21.498487140695914,2494,1526,2540,1566,0.87,0.88,111.53928952402116
906,1364,865.0,896.0,114.86150632794482,0.06738357331647628,29.04222243823922,40.818060321155606,2518.321387283237,1128.435838150289,0.9654017857142857,0.7026818167533322,22.321387283236994,11.435838150289017,2496,1117,2539,1146,0.82,0.86,86.13920564045556
907,1365,2327.0,2407.0,181.20931947292408,-0.2446853256281653,47.288842319679745,63.702005002448416,2530.9252256123764,1501.9630425440482,0.9667636061487329,0.6700182291046171,31.92522561237645,25.96304254404813,2499,1476,2566,1528,0.89,0.92,104.01943646727811
908,1366,530.0,636.0,105.74570265550044,-0.8195470169230824,18.071578783811606,42.26585809848899,2519.520754716981,1471.0830188679245,0.8333333333333334,0.9039826250024401,19.52075471698113,20.08301886792453,2500,1451,2534,1486,0.6,0.77,136.95658518222928
909,1368,2186.0,2304.0,183.6607987381309,-0.7119940611110407,38.74050772632786,73.49065548380091,2536.216834400732,1304.7726440988106,0.9487847222222222,0.8497730211436464,32.21683440073193,28.772644098810613,2504,1276,2568,1332,0.81,0.94,130.79425474004225
910,1369,2515.0,2700.0,195.13279690076766,0.4107556232836262,50.91849243984086,64.74662085636328,2539.1542743538766,964.5117296222664,0.9314814814814815,0.6176831986061154,34.15427435387674,28.5117296222664,2505,936,2572,991,0.83,0.85,66.46543637458265
911,1371,1296.0,1360.0,140.7565257567791,-0.2381730247878201,33.480351879155606,51.662169443981455,2533.8449074074074,1342.5609567901236,0.9529411764705882,0.7615865433133018,24.84490740740741,15.560956790123457,2509,1327,2561,1362,0.82,0.88,103.64630911420683
912,1373,251.0,265.0,62.841429674148635,-1.4974969417290291,12.461393438960336,25.881363124647336,2525.7131474103585,998.0199203187251,0.9471698113207547,0.8764563410223499,5.713147410358566,12.0199203187251,2520,986,2533,1012,0.8,0.97,175.80025459482152
913,1374,1294.0,1372.0,140.7565257567791,1.4625989037212699,37.62300771759923,47.70953311620216,2546.058732612056,1817.1715610510046,0.9431486880466472,0.614926154606783,21.058732612055643,20.171561051004637,2525,1797,2566,1844,0.82,0.84,6.199255696310203
914,1376,2034.0,2092.0,166.78629820672654,0.5110390747902327,43.0067563163635,60.65057832114775,2560.9655850540807,1461.656342182891,0.9722753346080306,0.7051173587132387,27.96558505408063,24.656342182890857,2533,1437,2590,1487,0.92,0.96,60.71961784824924
915,1377,1768.0,1812.0,153.05339032891195,-0.8220713418169087,41.091080803439766,55.081803958281284,2559.518099547511,824.0955882352941,0.9757174392935982,0.6659448241748362,23.518099547511312,25.095588235294116,2536,799,2584,849,0.95,0.98,137.10121834476533
916,1378,818.0,853.0,105.05558926711748,0.7542118020791773,27.408330463759647,38.30290937843535,2553.117359413203,1572.682151589242,0.958968347010551,0.6985432369394995,16.117359413202934,15.682151589242054,2537,1557,2571,1591,0.93,0.97,46.786846881906975
917,1379,1121.0,1197.0,138.34451473767092,-0.8956321253572176,26.76452347284214,55.76879559766604,2556.7832292595895,1529.9313113291703,0.9365079365079365,0.877312617523786,18.783229259589653,21.931311329170384,2538,1508,2580,1558,0.74,0.89,141.31594077930043
918,1380,1283.0,1353.0,137.0990409820182,-0.5995805630820502,35.79895552084741,47.746337311547485,2561.6453624318005,1363.2120031176928,0.9482631189948263,0.6616941606155621,19.645362431800468,21.21200311769291,2542,1342,2588,1385,0.86,0.88,124.3534357426789
919,1381,483.0,502.0,81.28672653234791,-0.7859510929815776,20.668998886226177,30.07502432182878,2559.6128364389233,1192.6832298136646,0.9621513944223108,0.7264229152498022,12.612836438923395,12.683229813664596,2547,1180,2574,1207,0.92,0.97,135.03168053153854
920,1382,1606.0,1685.0,153.18814335002511,-0.6985866296858274,39.974831944935346,53.044757818877514,2577.052926525529,1391.5124533001244,0.9531157270029673,0.6573267423107584,27.052926525529266,24.512453300124534,2550,1367,2601,1417,0.86,0.89,130.02606550526644
921,1383,499.0,522.0,81.61204910349005,-0.3410123096285818,23.037329238798495,27.800472413674946,2564.6392785571143,1317.1763527054109,0.9559386973180076,0.5597421650550869,13.639278557114228,12.176352705410821,2551,1305,2579,1330,0.94,0.95,109.53856610372618
922,1384,192.0,197.0,49.56859738858935,-0.9929649349668671,13.448677652284662,18.197861117891033,2566.6354166666665,1145.5260416666667,0.9746192893401016,0.6736777999356762,6.635416666666667,7.526041666666667,2560,1138,2575,1155,0.98,1.02,146.89269997808375
923,1385,1757.0,1921.0,168.35709453352143,-0.3730763733637431,42.08144188911788,56.31394201055058,2593.5219123505976,1492.7484348321002,0.9146277980218636,0.6645260817180046,29.52191235059761,25.74843483210017,2564,1467,2622,1516,0.78,0.8,111.3757016297894
924,1388,1164.0,1205.0,128.49912943074492,1.0751892265769498,30.504508515942927,48.94677313527596,2583.7972508591065,1568.541237113402,0.9659751037344398,0.782048185082634,16.79725085910653,22.54123711340206,2567,1546,2604,1592,0.89,0.96,28.396195139205574
925,1389,2675.0,2776.0,195.59287249302295,0.8284286487608135,49.72456609846819,70.51523033909864,2600.0856074766357,1293.9794392523365,0.9636167146974063,0.7090475646516814,32.085607476635516,28.979439252336448,2568,1265,2630,1329,0.88,0.92,42.534534798279715
926,1390,1946.0,2081.0,184.3114438804152,0.1334896163851508,37.528100321977114,69.52752104211746,2611.516443987667,1345.2512846865366,0.9351273426237385,0.8418196351511484,31.51644398766701,24.251284686536486,2580,1321,2653,1364,0.72,0.83,82.35160837231045
927,1395,406.0,430.0,77.81981130761596,-0.011428830776381647,18.42258506057517,29.057705703081705,2611.1428571428573,998.731527093596,0.9441860465116279,0.7733330559978918,15.142857142857142,8.731527093596059,2596,990,2627,1010,0.84,0.91,90.6548237682559
928,1396,1281.0,1386.0,147.17446408507186,-0.8937115222479005,29.09500089751255,58.92416408561936,2620.1779859484777,1581.0179547228727,0.9242424242424242,0.8695923828409506,24.17798594847775,25.017954722872755,2596,1556,2644,1607,0.74,0.89,141.20589832701688
929,1397,1016.0,1073.0,123.69145567534574,1.0233076923749012,28.41896485059163,46.56878542435388,2613.593503937008,1526.1358267716535,0.9468779123951537,0.7922028840167523,16.593503937007874,20.135826771653544,2597,1506,2630,1551,0.83,0.91,31.368788083646592
930,1401,789.0,860.0,115.32158192020015,-0.0939909144963056,27.43419222737131,39.830553296725235,2636.575411913815,1460.7908745247148,0.9174418604651163,0.7249774881159411,21.575411913814957,11.790874524714829,2615,1449,2657,1480,0.75,0.78,95.3852827132133
931,1403,1357.0,1423.0,146.67492024671787,-1.2754312459466575,34.71563050858287,53.410673376202794,2644.1680176860723,1838.8585114222549,0.9536191145467322,0.7599551407290833,19.16801768607222,26.858511422254974,2625,1812,2664,1864,0.79,0.85,163.07682745185556
932,1404,1114.0,1149.0,121.00993861401125,1.5075516114940488,34.58228083938473,41.27014821495243,2648.7881508078995,1504.762118491921,0.9695387293298521,0.5457484915485081,17.788150807899463,20.762118491921004,2631,1484,2666,1525,0.96,0.97,3.623655263245041
933,1406,268.0,283.0,62.19078453186435,-0.370392412511997,15.053157153599148,23.22387408219372,2646.313432835821,1477.436567164179,0.9469964664310954,0.7614905839879347,12.313432835820896,8.436567164179104,2634,1469,2658,1486,0.87,0.93,111.22192200060601
934,1408,1343.0,1479.0,146.0242751044336,0.13639232276116775,40.89285536235632,45.003780154715535,2678.3670886075947,1772.132539091586,0.9080459770114943,0.417550346085144,28.367088607594937,21.132539091586,2650,1751,2699,1795,0.79,0.79,82.18529554779897
935,1409,638.0,667.0,93.86944542952423,-0.3259528604688501,27.694387522115015,30.1290111282021,2663.4404388714734,1894.398119122257,0.9565217391304348,0.39380646692308,13.440438871473354,12.398119122257054,2650,1882,2679,1910,0.91,0.91,108.67572322508173
936,1413,1546.0,1616.0,147.55560318512983,-0.06562980381909234,40.849422443278435,49.87072141867366,2700.1442432082795,1806.7626131953427,0.9566831683168316,0.5736417505814179,25.14424320827943,20.76261319534282,2675,1786,2723,1828,0.89,0.91,93.76031076910556
937,1414,266.0,275.0,59.2792296744022,0.45590745048837,17.51437090511068,19.792208563190734,2688.4172932330825,1458.6353383458647,0.9672727272727273,0.46575748327223365,8.417293233082706,8.635338345864662,2680,1450,2700,1468,0.95,0.96,63.87842723844686
938,1415,1283.0,1315.0,129.0544897980147,-1.0918397256703474,38.67122123795429,42.50300476355839,2704.71628994544,1141.0795011691348,0.9756653992395438,0.41494441868282483,18.716289945440373,21.07950116913484,2686,1120,2726,1163,0.97,0.97,152.5578081856325
939,1416,606.0,635.0,93.77416065450974,0.6040309640372266,22.517618807783073,34.79608602301594,2704.2194719471945,380.96534653465346,0.9543307086614173,0.7623789964846459,15.21947194719472,14.965346534653465,2689,366,2721,394,0.87,0.93,55.39157506544851
940,1417,207.0,230.0,57.383110776465166,1.4423892152794606,12.81118858254276,22.45570960069415,2695.5314009661834,1833.4830917874397,0.9,0.8212912210953027,6.531400966183575,9.483091787439614,2689,1824,2704,1846,0.79,0.89,7.357185549300198
941,1418,3124.0,3276.0,221.48789192185723,-1.3660082776055025,50.77035680727683,80.53468757418824,2721.0153649167733,1928.5528169014085,0.9536019536019537,0.7762574624896443,28.01536491677337,38.55281690140845,2693,1890,2750,1975,0.8,0.87,168.26650908673022
942,1419,1624.0,1697.0,150.37187326757748,-0.9326273074522945,37.95019601294249,55.2297226317352,2719.0344827586205,1471.8546798029556,0.9569829110194461,0.7265311202225528,23.03448275862069,25.854679802955665,2696,1446,2741,1497,0.9,0.95,143.4356085756663
943,1420,178.0,182.0,47.99780106179446,-1.4384910352988134,13.41690290489475,17.224520403605613,2720.5842696629215,1248.3820224719102,0.978021978021978,0.6270959356098058,6.584269662921348,8.382022471910112,2714,1240,2727,1257,0.97,0.99,172.41946519002633
944,1423,1415.0,1473.0,139.83637457226848,0.8465003513134961,41.56933429797998,44.317134429523826,2739.65371024735,1565.895406360424,0.9606245756958588,0.34664366878231584,18.653710247349824,19.89540636042403,2721,1546,2761,1587,0.91,0.91,41.4991025133952
945,1432,2721.0,2840.0,197.58427616597447,1.163816111906246,54.110297897441725,65.43487328002713,2783.024255788313,1497.6798970966556,0.9580985915492958,0.5622995253626027,29.02425578831312,30.67989709665564,2754,1467,2813,1533,0.88,0.89,23.31824865844699
946,1434,325.0,377.0,76.80437534809087,-0.19705580006903006,15.96077525200454,29.199086495497898,2768.5415384615385,687.8892307692307,0.8620689655172413,0.8373814403645775,12.541538461538462,7.889230769230769,2756,680,2784,698,0.69,0.79,101.29046567252918
947,1435,1902.0,2116.0,208.36616094022824,-0.23629104842306528,32.816161496157186,80.07631310901324,2798.212933753943,1425.9947423764459,0.8988657844990549,0.912170415578005,33.21293375394322,15.994742376445846,2765,1410,2849,1449,0.55,0.73,103.538479811363
948,1436,600.0,627.0,91.09264359317525,1.4671006357389067,23.901140335657214,32.363342458708814,2778.4383333333335,663.3566666666667,0.9569377990430622,0.6742259965836427,11.438333333333333,16.356666666666666,2767,647,2792,680,0.91,0.94,5.941325451200697
949,1437,864.0,895.0,112.08470449159586,-0.06792390424332852,25.777427413558744,43.44887891192097,2799.769675925926,1247.25,0.9653631284916201,0.8049948767165495,21.769675925925927,11.25,2778,1236,2824,1262,0.86,0.96,93.89175304119347
950,1442,742.0,768.0,101.3586362462579,0.09387294717820038,27.00497214878377,36.25576917021191,2809.6509433962265,1720.288409703504,0.9661458333333334,0.6672361859925096,16.650943396226417,14.288409703504042,2793,1706,2830,1733,0.91,0.94,84.6214763162346
951,1444,740.0,763.0,98.1217588176536,-0.37057491065073983,29.90354946556535,31.666336501361542,2841.55,1521.418918918919,0.9698558322411533,0.32899271103474065,15.55,14.41891891891892,2826,1507,2857,1537,0.97,0.97,111.23237837372497
952,1448,430.0,471.0,87.85576616457097,-1.4987890670372952,17.631627347825606,32.51890668476975,2870.8372093023254,697.9023255813953,0.9129511677282378,0.8402519206779719,9.837209302325581,18.90232558139535,2861,679,2881,713,0.7,0.8,175.8742879215872
953,1456,599.0,627.0,90.76732102203312,0.11194623326314056,27.184217501335837,28.79963595625235,2934.7729549248747,1645.3372287145241,0.9553429027113237,0.330207487048493,15.77295492487479,14.337228714524207,2919,1631,2949,1660,0.91,0.91,83.58595330163502
954,1458,2935.0,3092.0,206.50951028838986,0.7258886208789119,57.21663083204761,66.78976463677373,2987.5022146507667,1586.5713798977854,0.9492238033635187,0.5158687182337496,29.50221465076661,28.57137989778535,2958,1558,3019,1621,0.86,0.87,48.40964562706645
955,1460,673.0,717.0,100.3432002867328,0.43296590107996435,29.018296273988494,30.028030535705145,3269.4680534918275,942.6790490341754,0.9386331938633193,0.2571420728654442,13.468053491827638,14.679049034175334,3256,928,3285,957,0.84,0.84,65.19288119503935
956,1461,380.0,399.0,70.3306204908823,-1.2477047036358948,20.89996849232241,23.186397856324863,3319.2736842105264,872.8631578947368,0.9523809523809523,0.4330098377983986,10.273684210526316,10.863157894736842,3309,862,3331,885,0.97,0.97,161.48821359695796
957,1463,598.0,617.0,88.18108873571312,-0.3859351534703803,26.257017570523022,29.382914868484495,3353.4665551839466,851.7274247491639,0.9692058346839546,0.44883402541574036,14.466555183946488,13.72742474916388,3339,838,3367,865,0.97,0.97,112.1124554595865
958,1464,257.0,273.0,60.61998820506946,0.861274120932655,14.51772515788439,22.825164687910604,3353.498054474708,918.704280155642,0.9413919413919414,0.7716558205843052,8.498054474708171,9.704280155642023,3345,909,3363,930,0.88,0.95,40.6526278667188
959,1465,253.0,268.0,58.493831511004764,0.17807308786479104,16.179730865321076,20.107004806336803,3360.1383399209485,989.8616600790514,0.9440298507462687,0.5937069963662513,10.138339920948617,7.861660079051384,3350,982,3370,999,0.93,0.95,79.7971636204852
960,1466,171.0,181.0,49.01323702131956,0.33673758905707285,12.591049520772303,17.542428660686536,3362.029239766082,909.5438596491229,0.9447513812154696,0.6963025793198444,9.029239766081872,5.543859649122807,3353,904,3371,918,0.89,0.93,70.70635734361903
961,1467,255.0,267.0,59.50926747052986,-1.4002896953859234,15.11488375390468,21.76060844635603,3359.470588235294,940.8509803921569,0.9550561797752809,0.719397710790054,6.470588235294118,10.850980392156863,3353,930,3369,953,0.9,0.95,170.23068964127307
962,1468,365.0,377.0,69.77526012361251,0.5745674440690636,18.165375547954298,25.84539374752838,3378.1287671232876,841.517808219178,0.9681697612732095,0.7113403621142222,12.128767123287671,9.517808219178082,3366,832,3390,853,0.94,0.99,57.07971040922367
963,1469,942.0,1030.0,124.34210081763004,0.331244749797559,27.401138383206547,46.421381740621385,3428.176220806794,376.4416135881104,0.9145631067961165,0.8072060437682925,23.176220806794056,13.441613588110403,3405,363,3448,396,0.77,0.85,71.02107385073293
964,1473,13040.0,13280.0,434.23434759086365,0.19515692386039937,114.43677738828501,149.2290908536689,3511.188957055215,1296.2703220858896,0.9819277108433735,0.641822765418369,68.18895705521473,52.27032208588957,3443,1244,3577,1351,0.87,0.89,78.81833192004316
965,1474,295.0,305.0,62.74614489913415,-0.7470084699095932,15.950658136946892,23.64700166415118,3491.240677966102,524.0169491525423,0.9672131147540983,0.7382456561615894,10.240677966101694,10.016949152542374,3481,514,3502,534,0.94,1.0,132.80043258634504
